=== START ./_examples/basic/main.go ===
// Command basic demonstrates a typical go-mms client session:
// connect to an MMS server, identify it, browse its name list,
// read a variable, write a value, and disconnect.
//
// Usage:
//
//	go run . -addr 10.0.0.1:102 -domain MyDomain -var MyVariable
//	go run . -addr 10.0.0.1:102 -domain MyDomain -var MyVariable -write -write-val 42
package main

import (
	"context"
	"flag"
	"fmt"
	"log"
	"log/slog"
	"os"
	"time"

	mms "github.com/otfabric/go-mms"
	"github.com/otfabric/go-mms/transport/iso"
)

func main() {
	addr := flag.String("addr", "127.0.0.1:102", "MMS server address (host:port)")
	domain := flag.String("domain", "", "MMS domain to browse")
	varName := flag.String("var", "", "variable name to read/write")
	doWrite := flag.Bool("write", false, "write -write-val to the variable")
	writeVal := flag.Int("write-val", 0, "integer value to write (requires -write)")
	verbose := flag.Bool("v", false, "enable verbose logging")
	flag.Parse()

	logger := slog.New(slog.NewTextHandler(os.Stderr, &slog.HandlerOptions{
		Level: slog.LevelWarn,
	}))
	if *verbose {
		logger = slog.New(slog.NewTextHandler(os.Stderr, &slog.HandlerOptions{
			Level: slog.LevelDebug,
		}))
	}

	ctx, cancel := context.WithTimeout(context.Background(), 30*time.Second)
	defer cancel()

	fmt.Printf("Connecting to %s...\n", *addr)
	client, err := iso.Dial(ctx, *addr,
		iso.WithCalledTSelector([]byte{0x00, 0x01}),
		iso.WithClientDialOptions(mms.DialOptions{
			ISO: mms.ISOOptions{
				LocalAPTitle:  mms.APTitle{1, 1, 1, 1},
				RemoteAPTitle: mms.APTitle{1, 1, 1, 1},
			},
			MMS: mms.MMSOptions{
				MaxPDUSize: 65000,
			},
			Logger: logger,
		}),
	)
	if err != nil {
		log.Fatalf("Dial: %v", err)
	}
	defer client.Close(ctx)

	// Identify
	id, err := client.Identify(ctx)
	if err != nil {
		log.Fatalf("Identify: %v", err)
	}
	fmt.Printf("Server: %s %s (rev %s)\n", id.Vendor, id.Model, id.Revision)

	// Status
	status, err := client.Status(ctx)
	if err != nil {
		log.Fatalf("Status: %v", err)
	}
	fmt.Printf("Status: logical=%s physical=%s\n", status.Logical, status.Physical)

	// Browse names (VMD-level domains or domain-level variables)
	if *domain == "" {
		names, err := client.GetNameListAll(ctx, mms.NameListRequest{
			ObjectClass: mms.ObjectClassDomain,
			Scope:       mms.ObjectScopeVMD,
		})
		if err != nil {
			log.Fatalf("GetNameList (domains): %v", err)
		}
		fmt.Printf("Domains (%d):\n", len(names))
		for _, name := range names {
			fmt.Printf("  %s\n", name)
		}
	} else {
		names, err := client.GetNameListAll(ctx, mms.NameListRequest{
			ObjectClass: mms.ObjectClassNamedVariable,
			Scope:       mms.ObjectScopeDomain,
			DomainID:    mms.DomainID(*domain),
		})
		if err != nil {
			log.Fatalf("GetNameList (variables): %v", err)
		}
		fmt.Printf("Variables in %s (%d):\n", *domain, len(names))
		for _, name := range names {
			fmt.Printf("  %s\n", name)
		}
	}

	if *varName == "" || *domain == "" {
		return
	}

	// Read
	result, err := client.Read(ctx, mms.ReadRequest{
		DomainID: mms.DomainID(*domain),
		ItemID:   mms.ItemID(*varName),
	})
	if err != nil {
		log.Fatalf("Read: %v", err)
	}
	fmt.Printf("Read %s/%s: type=%s value=%v\n", *domain, *varName, result.Value.Type(), formatValue(result.Value))

	// Write (optional)
	if *doWrite {
		_, err := client.Write(ctx, mms.WriteRequest{
			DomainID: mms.DomainID(*domain),
			ItemID:   mms.ItemID(*varName),
			Value:    mms.NewInteger(int64(*writeVal)),
		})
		if err != nil {
			log.Fatalf("Write: %v", err)
		}
		fmt.Printf("Wrote %d to %s/%s\n", *writeVal, *domain, *varName)
	}
}

func formatValue(v *mms.Value) string {
	switch v.Type() {
	case mms.ValueTypeBoolean:
		b, _ := v.Bool()
		return fmt.Sprintf("%v", b)
	case mms.ValueTypeInteger:
		i, _ := v.Int64()
		return fmt.Sprintf("%d", i)
	case mms.ValueTypeUnsigned:
		u, _ := v.Uint64()
		return fmt.Sprintf("%d", u)
	case mms.ValueTypeFloat:
		f, _ := v.Float64()
		return fmt.Sprintf("%g", f)
	case mms.ValueTypeVisibleString:
		s, _ := v.VisibleString()
		return s
	case mms.ValueTypeMmsString:
		s, _ := v.MmsString()
		return s
	default:
		return fmt.Sprintf("(%s)", v.Type())
	}
}

=== END ./_examples/basic/main.go ===
=== START ./_examples/loopback/main.go ===
// Command loopback demonstrates a fully runnable in-process MMS
// client↔server session using channel-based transports.
//
// This is the recommended starting point for understanding go-mms
// since it runs without any external dependencies or network.
//
// Usage:
//
//	go run .
package main

import (
	"context"
	"errors"
	"fmt"
	"log"
	"log/slog"
	"os"
	"sync"

	mms "github.com/otfabric/go-mms"
)

func main() {
	logger := slog.New(slog.NewTextHandler(os.Stderr, &slog.HandlerOptions{Level: slog.LevelInfo}))

	srv := mms.NewServer(mms.ServerOptions{
		Logger: logger,
		MMS:    mms.ServerMMSOptions{MaxPDUSize: 65000},
	})

	srv.HandleIdentify(func(_ context.Context, _ mms.IdentifyRequest) (*mms.ServerIdentity, error) {
		return &mms.ServerIdentity{Vendor: "OTfabric", Model: "go-mms loopback", Revision: "dev"}, nil
	})
	srv.HandleStatus(func(_ context.Context, _ mms.StatusRequest) (*mms.ServerStatus, error) {
		return &mms.ServerStatus{
			Logical:  mms.VMDLogicalStatusStateChangesAllowed,
			Physical: mms.VMDPhysicalStatusOperational,
		}, nil
	})

	if err := srv.RegisterDomain("demo"); err != nil {
		log.Fatal(err)
	}

	var (
		temp float64 = 21.5
		mu   sync.Mutex
	)
	if err := srv.RegisterVariable(mms.Variable{
		Name:     mms.ObjectName{Scope: mms.ObjectScopeDomain, Domain: "demo", ItemID: "temperature"},
		TypeSpec: mms.TypeSpec{Type: mms.ValueTypeFloat, FormatWidth: 32, ExponentWidth: 8},
		Read: func(_ context.Context) (*mms.Value, error) {
			mu.Lock()
			defer mu.Unlock()
			return mms.NewFloat(temp), nil
		},
		Write: func(_ context.Context, v *mms.Value) error {
			f, ok := v.Float64()
			if !ok {
				return errors.New("expected float")
			}
			mu.Lock()
			temp = f
			mu.Unlock()
			return nil
		},
	}); err != nil {
		log.Fatal(err)
	}

	clientConn, serverConn := channelPair()
	ctx := context.Background()

	go func() {
		if err := srv.Serve(ctx, serverConn); err != nil {
			logger.Info("server done", "error", err)
		}
	}()

	client, err := mms.NewClient(ctx, clientConn, mms.DialOptions{
		Logger: logger,
		MMS:    mms.MMSOptions{MaxPDUSize: 65000},
	})
	if err != nil {
		log.Fatalf("NewClient: %v", err)
	}
	defer client.Close(ctx)

	ident, err := client.Identify(ctx)
	if err != nil {
		log.Fatalf("Identify: %v", err)
	}
	fmt.Printf("Identify: %s / %s / %s\n", ident.Vendor, ident.Model, ident.Revision)

	status, err := client.Status(ctx)
	if err != nil {
		log.Fatalf("Status: %v", err)
	}
	fmt.Printf("Status: logical=%d physical=%d\n", status.Logical, status.Physical)

	nl, err := client.GetNameList(ctx, mms.NameListRequest{
		ObjectClass: mms.ObjectClassDomain,
		Scope:       mms.ObjectScopeVMD,
	})
	if err != nil {
		log.Fatalf("GetNameList: %v", err)
	}
	fmt.Printf("Domains: %v\n", nl.Names)

	rr, err := client.Read(ctx, mms.ReadRequest{DomainID: "demo", ItemID: "temperature"})
	if err != nil {
		log.Fatalf("Read: %v", err)
	}
	f, _ := rr.Value.Float64()
	fmt.Printf("Read temperature: %v\n", f)

	if _, err := client.Write(ctx, mms.WriteRequest{DomainID: "demo", ItemID: "temperature", Value: mms.NewFloat(99.9)}); err != nil {
		log.Fatalf("Write: %v", err)
	}
	fmt.Println("Write temperature: 99.9")

	rr, err = client.Read(ctx, mms.ReadRequest{DomainID: "demo", ItemID: "temperature"})
	if err != nil {
		log.Fatalf("Read: %v", err)
	}
	f, _ = rr.Value.Float64()
	fmt.Printf("Read temperature: %v\n", f)

	fmt.Println("Done.")
}

func channelPair() (mms.Transport, mms.Transport) {
	c2s := make(chan []byte, 16)
	s2c := make(chan []byte, 16)
	return &chanTransport{send: c2s, recv: s2c}, &chanTransport{send: s2c, recv: c2s}
}

type chanTransport struct {
	send chan []byte
	recv chan []byte
	mu   sync.Mutex
	done bool
}

func (t *chanTransport) Send(_ context.Context, data []byte) error {
	t.mu.Lock()
	if t.done {
		t.mu.Unlock()
		return errors.New("transport closed")
	}
	t.mu.Unlock()
	cp := make([]byte, len(data))
	copy(cp, data)
	t.send <- cp
	return nil
}

func (t *chanTransport) Receive(ctx context.Context) ([]byte, error) {
	select {
	case d := <-t.recv:
		if d == nil {
			return nil, errors.New("closed")
		}
		return d, nil
	case <-ctx.Done():
		return nil, ctx.Err()
	}
}

func (t *chanTransport) Close() error {
	t.mu.Lock()
	defer t.mu.Unlock()
	if !t.done {
		t.done = true
		close(t.send)
	}
	return nil
}

=== END ./_examples/loopback/main.go ===
=== START ./_examples/server-basic/main.go ===
// Command server-basic demonstrates a minimal MMS server using go-mms.
//
// This example registers a domain with a few variables and serves them
// via the MMS protocol. In a real deployment the server would accept
// connections via go-tpkt/go-cotp; here we show the Server.Serve API
// which handles a single transport connection.
//
// Usage:
//
//	go run .
package main

import (
	"context"
	"errors"
	"fmt"
	"log/slog"
	"os"
	"sync"

	mms "github.com/otfabric/go-mms"
)

func main() {
	logger := slog.New(slog.NewTextHandler(os.Stderr, &slog.HandlerOptions{Level: slog.LevelDebug}))

	srv := mms.NewServer(mms.ServerOptions{
		Logger: logger,
		MMS: mms.ServerMMSOptions{
			MaxPDUSize:                65000,
			MaxOutstandingCalling:     5,
			MaxOutstandingCalled:      5,
			DataStructureNestingLevel: 10,
		},
	})

	srv.HandleIdentify(func(_ context.Context, _ mms.IdentifyRequest) (*mms.ServerIdentity, error) {
		return &mms.ServerIdentity{
			Vendor:   "OTfabric",
			Model:    "go-mms example server",
			Revision: "dev",
		}, nil
	})

	srv.HandleStatus(func(_ context.Context, _ mms.StatusRequest) (*mms.ServerStatus, error) {
		return &mms.ServerStatus{
			Logical:  mms.VMDLogicalStatusStateChangesAllowed,
			Physical: mms.VMDPhysicalStatusOperational,
		}, nil
	})

	if err := srv.RegisterDomain("process"); err != nil {
		fmt.Fprintf(os.Stderr, "register domain: %v\n", err)
		os.Exit(1)
	}

	var (
		temperature float64 = 21.5
		mu          sync.Mutex
	)

	if err := srv.RegisterVariable(mms.Variable{
		Name: mms.ObjectName{
			Scope:  mms.ObjectScopeDomain,
			Domain: "process",
			ItemID: "temperature",
		},
		TypeSpec: mms.TypeSpec{Type: mms.ValueTypeFloat, FormatWidth: 32, ExponentWidth: 8},
		Read: func(_ context.Context) (*mms.Value, error) {
			mu.Lock()
			defer mu.Unlock()
			return mms.NewFloat(temperature), nil
		},
		Write: func(_ context.Context, v *mms.Value) error {
			f, ok := v.Float64()
			if !ok {
				return errors.New("expected float value")
			}
			mu.Lock()
			temperature = f
			mu.Unlock()
			logger.Info("temperature updated", "value", f)
			return nil
		},
	}); err != nil {
		fmt.Fprintf(os.Stderr, "register variable: %v\n", err)
		os.Exit(1)
	}

	// In production, you would accept connections from a go-tpkt/go-cotp
	// listener and call srv.Serve(ctx, conn) per accepted connection.
	// This example simply prints the server configuration.
	fmt.Println("MMS server configured with:")
	fmt.Println("  Domain: process")
	fmt.Println("  Variable: process/temperature (float32)")
	fmt.Println("")
	fmt.Println("To serve connections, call srv.Serve(ctx, transport) for each")
	fmt.Println("accepted COTP connection from go-tpkt/go-cotp.")
}

=== END ./_examples/server-basic/main.go ===
=== START ./auth_types.go ===
package mms

import (
	"context"
	"crypto/x509"
	"encoding/asn1"
	"net"
)

// AuthMechanism identifies the authentication mechanism used during
// association establishment.
//
// The zero value is [AuthMechanismUnknown]. It indicates that an
// authentication mechanism was presented but could not be classified.
// Absence of authentication is represented by [AuthMechanismNone].
type AuthMechanism int

const (
	// AuthMechanismUnknown indicates the peer presented an ACSE
	// authentication mechanism that this library does not recognize.
	// The raw OID is available in [AuthContext].MechanismOID.
	AuthMechanismUnknown AuthMechanism = iota

	// AuthMechanismNone indicates no authentication was provided —
	// no ACSE auth fields and no TLS peer certificate.
	AuthMechanismNone

	// AuthMechanismACSEPassword indicates ACSE password authentication
	// (mechanism OID 2.2.3.1). The password is available in
	// [AuthContext].Password.
	//
	// SECURITY: ACSE password auth transmits credentials inside the
	// AARQ. Without TLS, the password travels in the clear. Password
	// auth should normally be combined with TLS transport security.
	AuthMechanismACSEPassword

	// AuthMechanismTLSCertificate indicates TLS-level peer certificate
	// authentication. This mechanism is inferred when no ACSE
	// authentication is present but the TLS transport provides peer
	// certificates. The leaf certificate is available in
	// [AuthContext].PeerCertificate.
	AuthMechanismTLSCertificate
)

func (m AuthMechanism) String() string {
	switch m {
	case AuthMechanismUnknown:
		return "Unknown"
	case AuthMechanismNone:
		return "None"
	case AuthMechanismACSEPassword:
		return "ACSEPassword"
	case AuthMechanismTLSCertificate:
		return "TLSCertificate"
	default:
		return "AuthMechanism(?)"
	}
}

// ApplicationReference identifies a calling or called application by
// its AP-title (Application Process title) and optional AE-qualifier
// (Application Entity qualifier).
//
// In MMS/IEC 61850, these are carried in the ACSE AARQ and are the
// primary identity for association-level access control decisions.
type ApplicationReference struct {
	// APTitle is the application process title as an OID.
	APTitle asn1.ObjectIdentifier

	// AEQualifier is the application entity qualifier. Nil when absent.
	AEQualifier *int
}

// AuthContext holds all authentication-relevant information for an
// incoming association. It is passed to the [Authenticator] callback
// during association establishment.
//
// Fields are populated from the ACSE AARQ and, where available, from
// TLS transport state. Absent optional fields are nil/zero.
type AuthContext struct {
	// Mechanism is the normalized authentication mechanism.
	//
	// [AuthMechanismTLSCertificate] is transport-derived: the server
	// infers it when no ACSE mechanism is present but the TLS transport
	// provides a peer certificate. It does not correspond to an ACSE
	// mechanism-name OID; [MechanismOID] will be nil in that case.
	Mechanism AuthMechanism

	// MechanismOID is the ACSE mechanism OID from the AARQ, decoded
	// from BER into a structured OID. Nil when no mechanism was
	// presented. For password auth this is {2, 2, 3, 1}.
	MechanismOID asn1.ObjectIdentifier

	// Password is the ACSE password bytes, populated when Mechanism
	// is [AuthMechanismACSEPassword]. This is a defensive copy; the
	// caller's original slice is not shared.
	Password []byte

	// CallingApplication is the calling AP-title and AE-qualifier
	// from the AARQ. Nil when not present. This is the primary
	// association identity for access control alongside the mechanism.
	CallingApplication *ApplicationReference

	// PeerCertificate is the leaf TLS peer certificate, populated when
	// the transport is TLS-secured and the peer presented a certificate.
	// Nil when TLS is not active or no peer certificate was provided.
	PeerCertificate *x509.Certificate

	// RemoteAddr is the network address of the remote peer. Nil when
	// the transport does not expose address information.
	RemoteAddr net.Addr
}

// HasTLSCertificate reports whether a TLS peer certificate is available.
func (a *AuthContext) HasTLSCertificate() bool {
	return a.PeerCertificate != nil
}

// HasCallingApplication reports whether the AARQ contained a calling
// AP-title / AE-qualifier.
func (a *AuthContext) HasCallingApplication() bool {
	return a.CallingApplication != nil
}

// AuthResult is the outcome of an [Authenticator] callback.
type AuthResult struct {
	// Accept indicates whether the association should be accepted.
	Accept bool

	// Token is an opaque application security token or principal that
	// the authenticator attaches to the association. It is stored on
	// the [ServerConn] and can be retrieved by upper layers (e.g.
	// go-iec61850) via [ServerConn.AuthToken].
	Token any
}

// Authenticator is a server callback invoked during association
// establishment to decide whether to accept or reject the peer.
//
// It receives a [context.Context] (with the Serve deadline if any) and
// the [AuthContext] describing the association's authentication material.
//
// Return an [AuthResult] with Accept=true to accept, or Accept=false to
// reject. The error return is reserved for internal failures (e.g.
// backend lookup errors); returning a non-nil error also rejects the
// association.
//
// If not set on [ServerOptions], all associations are accepted with a
// nil token.
//
// Example authenticator for ACSE password policy:
//
//	func myAuth(_ context.Context, auth *mms.AuthContext) (mms.AuthResult, error) {
//	    if auth.Mechanism != mms.AuthMechanismACSEPassword {
//	        return mms.AuthResult{}, nil // reject: wrong mechanism
//	    }
//	    if !bytes.Equal(auth.Password, []byte("secret")) {
//	        return mms.AuthResult{}, nil // reject: wrong password
//	    }
//	    return mms.AuthResult{Accept: true, Token: "operator"}, nil
//	}
//
// Example authenticator for TLS client certificate policy:
//
//	func tlsAuth(_ context.Context, auth *mms.AuthContext) (mms.AuthResult, error) {
//	    if auth.PeerCertificate == nil {
//	        return mms.AuthResult{}, nil // reject: no peer cert
//	    }
//	    cn := auth.PeerCertificate.Subject.CommonName
//	    if !isAllowedOperator(cn) {
//	        return mms.AuthResult{}, nil
//	    }
//	    return mms.AuthResult{Accept: true, Token: cn}, nil
//	}
//
// Example authenticator for AP-title policy:
//
//	func apTitleAuth(_ context.Context, auth *mms.AuthContext) (mms.AuthResult, error) {
//	    if auth.CallingApplication == nil {
//	        return mms.AuthResult{}, nil
//	    }
//	    if !auth.CallingApplication.APTitle.Equal(allowedTitle) {
//	        return mms.AuthResult{}, nil
//	    }
//	    return mms.AuthResult{Accept: true}, nil
//	}
type Authenticator func(ctx context.Context, auth *AuthContext) (AuthResult, error)

=== END ./auth_types.go ===
=== START ./client_file.go ===
package mms

import (
	"context"
	"fmt"
	"time"

	"github.com/otfabric/go-mms/internal/pdu"
)

// FileOpenResult holds the result of a [Client.FileOpen] call.
type FileOpenResult struct {
	FrsmID       int32
	Size         int64
	LastModified time.Time
}

// FileReadResult holds one chunk from a [Client.FileRead] call.
type FileReadResult struct {
	Data        []byte
	MoreFollows bool
}

// FileDirectoryEntry describes one file entry returned by [Client.FileDirectory].
type FileDirectoryEntry struct {
	Name         string
	Size         int64
	LastModified time.Time
}

// FileOpen opens a file on the remote MMS server and returns a file
// handle (frsmId) that can be used with [Client.FileRead] and
// [Client.FileClose]. The optional [FileOpenOptions] configures the
// initial read position; the zero value starts at position 0.
func (c *Client) FileOpen(ctx context.Context, fileName string, opts ...FileOpenOptions) (*FileOpenResult, error) {
	var opt FileOpenOptions
	if len(opts) > 0 {
		opt = opts[0]
	}

	invokeID := c.nextInvokeID()

	reqBytes, err := pdu.MarshalFileOpenRequest(invokeID, fileName, opt.InitialPosition)
	if err != nil {
		return nil, fmt.Errorf("mms: marshal file-open request: %w", err)
	}

	confirmed, err := c.sendConfirmed(ctx, invokeID, reqBytes)
	if err != nil {
		return nil, err
	}

	if confirmed.ServiceKind != pdu.ServiceFileOpen {
		return nil, &ProtocolError{
			Phase:   "mms",
			Message: fmt.Sprintf("expected FileOpen response, got %s", confirmed.ServiceKind),
		}
	}

	result, err := pdu.UnmarshalFileOpenResponse(confirmed.ServiceData.Bytes)
	if err != nil {
		return nil, fmt.Errorf("mms: %w", err)
	}

	return &FileOpenResult{
		FrsmID:       result.FrsmID,
		Size:         result.Size,
		LastModified: result.LastModified,
	}, nil
}

// FileRead reads a chunk of data from a previously opened file handle.
// Repeat until [FileReadResult.MoreFollows] is false.
func (c *Client) FileRead(ctx context.Context, frsmID int32) (*FileReadResult, error) {
	invokeID := c.nextInvokeID()

	reqBytes, err := pdu.MarshalFileReadRequest(invokeID, frsmID)
	if err != nil {
		return nil, fmt.Errorf("mms: marshal file-read request: %w", err)
	}

	confirmed, err := c.sendConfirmed(ctx, invokeID, reqBytes)
	if err != nil {
		return nil, err
	}

	if confirmed.ServiceKind != pdu.ServiceFileRead {
		return nil, &ProtocolError{
			Phase:   "mms",
			Message: fmt.Sprintf("expected FileRead response, got %s", confirmed.ServiceKind),
		}
	}

	result, err := pdu.UnmarshalFileReadResponse(confirmed.ServiceData.Bytes)
	if err != nil {
		return nil, fmt.Errorf("mms: %w", err)
	}

	return &FileReadResult{
		Data:        result.Data,
		MoreFollows: result.MoreFollows,
	}, nil
}

// FileClose closes a previously opened file handle on the remote server.
func (c *Client) FileClose(ctx context.Context, frsmID int32) error {
	invokeID := c.nextInvokeID()

	reqBytes, err := pdu.MarshalFileCloseRequest(invokeID, frsmID)
	if err != nil {
		return fmt.Errorf("mms: marshal file-close request: %w", err)
	}

	confirmed, err := c.sendConfirmed(ctx, invokeID, reqBytes)
	if err != nil {
		return err
	}

	if confirmed.ServiceKind != pdu.ServiceFileClose {
		return &ProtocolError{
			Phase:   "mms",
			Message: fmt.Sprintf("expected FileClose response, got %s", confirmed.ServiceKind),
		}
	}

	return nil
}

// FileDelete deletes a file on the remote MMS server.
func (c *Client) FileDelete(ctx context.Context, fileName string) error {
	invokeID := c.nextInvokeID()

	reqBytes, err := pdu.MarshalFileDeleteRequest(invokeID, fileName)
	if err != nil {
		return fmt.Errorf("mms: marshal file-delete request: %w", err)
	}

	confirmed, err := c.sendConfirmed(ctx, invokeID, reqBytes)
	if err != nil {
		return err
	}

	if confirmed.ServiceKind != pdu.ServiceFileDelete {
		return &ProtocolError{
			Phase:   "mms",
			Message: fmt.Sprintf("expected FileDelete response, got %s", confirmed.ServiceKind),
		}
	}

	return nil
}

// FileRename renames a file on the remote MMS server.
func (c *Client) FileRename(ctx context.Context, currentName, newName string) error {
	invokeID := c.nextInvokeID()

	reqBytes, err := pdu.MarshalFileRenameRequest(invokeID, currentName, newName)
	if err != nil {
		return fmt.Errorf("mms: marshal file-rename request: %w", err)
	}

	confirmed, err := c.sendConfirmed(ctx, invokeID, reqBytes)
	if err != nil {
		return err
	}

	if confirmed.ServiceKind != pdu.ServiceFileRename {
		return &ProtocolError{
			Phase:   "mms",
			Message: fmt.Sprintf("expected FileRename response, got %s", confirmed.ServiceKind),
		}
	}

	return nil
}

// ObtainFile requests the remote MMS server to copy a file from
// sourceFile to destinationFile. This is a two-party file transfer
// where the server fetches the source file.
func (c *Client) ObtainFile(ctx context.Context, sourceFile, destinationFile string) error {
	invokeID := c.nextInvokeID()

	reqBytes, err := pdu.MarshalObtainFileRequest(invokeID, sourceFile, destinationFile)
	if err != nil {
		return fmt.Errorf("mms: marshal obtain-file request: %w", err)
	}

	confirmed, err := c.sendConfirmed(ctx, invokeID, reqBytes)
	if err != nil {
		return err
	}

	if confirmed.ServiceKind != pdu.ServiceObtainFile {
		return &ProtocolError{
			Phase:   "mms",
			Message: fmt.Sprintf("expected ObtainFile response, got %s", confirmed.ServiceKind),
		}
	}

	return nil
}

// FileDirectory lists files on the remote MMS server with pagination support.
// Use [FileDirectoryRequest.ContinueAfter] to page through large directories.
func (c *Client) FileDirectory(ctx context.Context, req FileDirectoryRequest) (*FileDirectoryResult, error) {
	invokeID := c.nextInvokeID()
	reqBytes, err := pdu.MarshalFileDirectoryRequest(invokeID, req.FileSpec, req.ContinueAfter)
	if err != nil {
		return nil, fmt.Errorf("mms: marshal file-directory request: %w", err)
	}

	confirmed, err := c.sendConfirmed(ctx, invokeID, reqBytes)
	if err != nil {
		return nil, err
	}

	if confirmed.ServiceKind != pdu.ServiceFileDirectory {
		return nil, &ProtocolError{
			Phase:   "mms",
			Message: fmt.Sprintf("expected FileDirectory response, got %s", confirmed.ServiceKind),
		}
	}

	wireEntries, moreFollows, err := pdu.UnmarshalFileDirectoryResponse(confirmed.ServiceData.Bytes)
	if err != nil {
		return nil, fmt.Errorf("mms: %w", err)
	}

	entries := make([]FileDirectoryEntry, len(wireEntries))
	for i, we := range wireEntries {
		entries[i] = FileDirectoryEntry{
			Name:         we.FileName,
			Size:         we.Size,
			LastModified: we.LastModified,
		}
	}
	var continueAfter string
	if len(entries) > 0 {
		continueAfter = entries[len(entries)-1].Name
	}
	return &FileDirectoryResult{
		Entries:       entries,
		MoreFollows:   moreFollows,
		ContinueAfter: continueAfter,
	}, nil
}

// FileReadAll reads all remaining data from a previously opened file handle.
// It repeatedly calls [Client.FileRead] until MoreFollows is false and
// returns the concatenated data.
func (c *Client) FileReadAll(ctx context.Context, frsmID int32) ([]byte, error) {
	var buf []byte
	for {
		chunk, err := c.FileRead(ctx, frsmID)
		if err != nil {
			return nil, err
		}
		buf = append(buf, chunk.Data...)
		if !chunk.MoreFollows {
			return buf, nil
		}
	}
}

// DownloadFile is a convenience method that opens a file, reads all its
// content, and closes the handle. It returns the file data and metadata.
func (c *Client) DownloadFile(ctx context.Context, fileName string) ([]byte, *FileOpenResult, error) {
	openResult, err := c.FileOpen(ctx, fileName)
	if err != nil {
		return nil, nil, fmt.Errorf("mms: download %q: open: %w", fileName, err)
	}

	data, err := c.FileReadAll(ctx, openResult.FrsmID)
	if err != nil {
		_ = c.FileClose(ctx, openResult.FrsmID)
		return nil, nil, fmt.Errorf("mms: download %q: read: %w", fileName, err)
	}

	if err := c.FileClose(ctx, openResult.FrsmID); err != nil {
		return data, openResult, fmt.Errorf("mms: download %q: close: %w", fileName, err)
	}

	return data, openResult, nil
}

// FileDirectoryAll retrieves all file directory entries by automatically
// handling continuation. It repeatedly calls [Client.FileDirectory]
// until MoreFollows is false.
func (c *Client) FileDirectoryAll(ctx context.Context, fileSpec string) ([]FileDirectoryEntry, error) {
	var all []FileDirectoryEntry
	req := FileDirectoryRequest{FileSpec: fileSpec}
	prevToken := ""
	for {
		result, err := c.FileDirectory(ctx, req)
		if err != nil {
			return nil, err
		}
		all = append(all, result.Entries...)
		if !result.MoreFollows || len(result.Entries) == 0 {
			return all, nil
		}
		if result.ContinueAfter == prevToken {
			return nil, &ProtocolError{
				Phase:   "mms",
				Message: fmt.Sprintf("file directory: pagination stalled (continuation token %q did not advance)", result.ContinueAfter),
			}
		}
		prevToken = result.ContinueAfter
		req.ContinueAfter = result.ContinueAfter
	}
}

=== END ./client_file.go ===
=== START ./client_journal.go ===
package mms

import (
	"context"
	"fmt"
	"time"

	"github.com/otfabric/go-mms/internal/codec"
	"github.com/otfabric/go-mms/internal/pdu"
)

// JournalEntry is a single entry returned by a ReadJournal call.
// These types are shared between client results and server-side
// [JournalProvider] implementations; the journal entry shape is
// defined by the MMS protocol and is the same on both sides.
type JournalEntry struct {
	EntryID        []byte
	OccurrenceTime time.Time
	Variables      []JournalVariable
}

// JournalVariable is one variable inside a journal entry.
type JournalVariable struct {
	Tag   string
	Value *Value
}

// JournalResult holds the result of a ReadJournal call, including
// continuation state for paging. When MoreFollows is true, use
// [Client.ReadJournalStartAfter] with the last entry's OccurrenceTime
// and EntryID to retrieve the next page.
type JournalResult struct {
	Entries     []JournalEntry
	MoreFollows bool
}

// ReadJournalTimeRange reads journal entries from the remote server
// within the given time range [start, stop].
func (c *Client) ReadJournalTimeRange(ctx context.Context, domain, journal string, start, stop time.Time) (*JournalResult, error) {
	invokeID := c.nextInvokeID()
	reqBytes, err := pdu.MarshalReadJournalTimeRange(invokeID, domain, journal, start, stop)
	if err != nil {
		return nil, fmt.Errorf("mms: marshal read-journal request: %w", err)
	}
	return c.sendJournalRequest(ctx, invokeID, reqBytes)
}

// ReadJournalStartAfter reads journal entries from the remote server
// starting after the given (afterTime, afterID) cursor. Use the last
// entry's OccurrenceTime and EntryID from a previous result to page
// through journal data.
func (c *Client) ReadJournalStartAfter(ctx context.Context, domain, journal string, afterTime time.Time, afterID []byte) (*JournalResult, error) {
	invokeID := c.nextInvokeID()
	reqBytes, err := pdu.MarshalReadJournalStartAfter(invokeID, domain, journal, afterTime, afterID)
	if err != nil {
		return nil, fmt.Errorf("mms: marshal read-journal request: %w", err)
	}
	return c.sendJournalRequest(ctx, invokeID, reqBytes)
}

func (c *Client) sendJournalRequest(ctx context.Context, invokeID codec.InvokeID, reqBytes []byte) (*JournalResult, error) {
	confirmed, err := c.sendConfirmed(ctx, invokeID, reqBytes)
	if err != nil {
		return nil, err
	}

	if confirmed.ServiceKind != pdu.ServiceReadJournal {
		return nil, &ProtocolError{
			Phase:   "mms",
			Message: fmt.Sprintf("expected ReadJournal response, got %s", confirmed.ServiceKind),
		}
	}

	wireEntries, moreFollows, err := pdu.UnmarshalReadJournalResponse(confirmed.ServiceData.Bytes)
	if err != nil {
		return nil, fmt.Errorf("mms: %w", err)
	}

	entries := make([]JournalEntry, len(wireEntries))
	for i, we := range wireEntries {
		vars := make([]JournalVariable, len(we.Variables))
		for j, wv := range we.Variables {
			val, vErr := dataValueToValue(wv.Value)
			if vErr != nil {
				return nil, fmt.Errorf("mms: journal entry %d variable %q: %w", i, wv.Tag, vErr)
			}
			vars[j] = JournalVariable{Tag: wv.Tag, Value: val}
		}
		entries[i] = JournalEntry{
			EntryID:        we.EntryID,
			OccurrenceTime: we.OccurrenceTime,
			Variables:      vars,
		}
	}

	return &JournalResult{
		Entries:     entries,
		MoreFollows: moreFollows,
	}, nil
}

=== END ./client_journal.go ===
=== START ./doc.go ===
// Package mms implements the Manufacturing Message Specification (MMS)
// protocol — ISO 9506.
//
// This package provides both client-side and server-side MMS
// implementations for communicating over the ISO/OSI stack
// (TPKT → COTP → Session → Presentation → ACSE → MMS).
//
// The library is designed as a generic MMS implementation. It does not
// contain any IEC 61850 domain logic — that belongs in a separate
// higher-level package built on top of go-mms.
//
// # Client quick start
//
// For real TCP connections, use the transport/iso subpackage:
//
//	import "github.com/otfabric/go-mms/transport/iso"
//
//	client, err := iso.Dial(ctx, "10.0.0.1:102",
//	    iso.WithCalledTSelector([]byte{0x00, 0x01}),
//	    iso.WithClientDialOptions(mms.DialOptions{
//	        MMS: mms.MMSOptions{MaxPDUSize: 65000},
//	    }),
//	)
//
// Or use [NewClient] with an already-established [Transport]:
//
//	client, err := mms.NewClient(ctx, conn, mms.DialOptions{...})
//
// Supported client services: [Client.Identify], [Client.Status],
// [Client.Read], [Client.ReadMultiple], [Client.Write],
// [Client.GetNameList], [Client.GetNameListAll],
// [Client.GetVariableAccessAttributes],
// [Client.DefineNamedVariableList],
// [Client.GetNamedVariableListAttributes],
// [Client.DeleteNamedVariableList], and [Client.Close].
//
// Incoming InformationReport PDUs from the server are delivered via
// a registered callback:
//
//	client.OnInformationReport(func(r *mms.InformationReportIndication) {
//	    fmt.Println("report:", r.Values)
//	})
//
//	defer client.Close(ctx)
//
//	result, _ := client.Read(ctx, mms.ReadRequest{
//	    DomainID: "MyDomain",
//	    ItemID:   "MyVariable",
//	})
//	fmt.Println(result.Value.Type())
//
// # Server quick start
//
// Create a [Server] with [NewServer], register domains, variables, and
// handlers, then use [Server.ListenAndServe] with a
// [TransportListener] (or call [Server.Serve] per connection):
//
//	import "github.com/otfabric/go-mms/transport/iso"
//
//	srv := mms.NewServer(mms.ServerOptions{
//	    MMS: mms.ServerMMSOptions{MaxPDUSize: 65000},
//	})
//	srv.HandleIdentify(func(ctx context.Context, _ mms.IdentifyRequest) (*mms.ServerIdentity, error) {
//	    return &mms.ServerIdentity{Vendor: "My Corp", Model: "Device", Revision: "1.0"}, nil
//	})
//	srv.RegisterDomain("process")
//	srv.RegisterVariable(mms.Variable{...})
//
//	ln, _ := iso.Listen(":102")
//	srv.ListenAndServe(ctx, ln) // owns ln; closes it on return
//
// Supported server services: Identify, Status, GetNameList,
// GetVariableAccessAttributes, Read, Write, DefineNamedVariableList,
// GetNamedVariableListAttributes, DeleteNamedVariableList.
//
// The server can send InformationReport to connected clients:
//
//	for _, sc := range srv.Connections() {
//	    sc.SendInformationReport(ctx, &mms.InformationReportRequest{
//	        Variables: []mms.ObjectName{{Scope: mms.ObjectScopeDomain, Domain: "dom", ItemID: "temp"}},
//	        Values:    []*mms.Value{mms.NewFloat(21.5)},
//	    })
//	}
//
// Or broadcast to all connected clients:
//
//	srv.Broadcast(ctx, &mms.InformationReportRequest{...})
//
// # Concurrency
//
// A [Client] is safe for concurrent use from multiple goroutines.
// Service calls are serialized internally via a send mutex — only
// one confirmed request send is in flight at a time per client.
// A background reader goroutine dispatches confirmed responses by
// invoke ID and delivers unconfirmed PDUs (InformationReport) to
// the registered handler.
//
// A [Server] is safe for concurrent use. Each [Server.Serve] call
// handles one association; multiple connections are served in parallel
// by calling Serve in separate goroutines. Within a single connection,
// confirmed requests are handled serially. Unconfirmed PDUs
// (InformationReport) can be sent concurrently via [ServerConn].
//
// # Supported services
//
// Client services:
//   - Identify, Status
//   - Read, ReadMultiple, Write
//   - GetNameList, GetNameListAll
//   - GetVariableAccessAttributes
//   - DefineNamedVariableList, GetNamedVariableListAttributes, DeleteNamedVariableList
//   - InformationReport (receive via [Client.OnInformationReport])
//
// Server services:
//   - Identify, Status
//   - Read, Write
//   - GetNameList (Domain+VMD scope, NamedVariable+Domain/VMD scope, NamedVariableList+Domain/VMD scope)
//   - GetVariableAccessAttributes
//   - DefineNamedVariableList, GetNamedVariableListAttributes, DeleteNamedVariableList
//   - InformationReport (send via [ServerConn.SendInformationReport] or [Server.Broadcast])
//
// Named variable list services (DefineNamedVariableList,
// GetNamedVariableListAttributes, DeleteNamedVariableList) are
// supported on both client and server.
//
// # Transport
//
// The transport/iso subpackage provides real TCP+TPKT+COTP transport.
// It offers DialTCP (transport-only), Dial (transport + MMS client),
// and Listen (server-side accept with COTP handshake).
//
// For testing or custom transports, implement [Transport] directly
// and pass it to [NewClient] or [Server.Serve].
//
// Still out of scope:
//   - TLS / authentication (planned Phase 11)
//   - File services (planned Phase 12), journal services (planned Phase 13)
//   - IEC 61850 object-model or naming helpers
//
// # Server GetNameList combinations
//
// The server supports these ObjectClass+Scope combinations:
//   - ObjectClassDomain + ObjectScopeVMD → list domain names
//   - ObjectClassNamedVariable + ObjectScopeDomain → list variables in a domain
//   - ObjectClassNamedVariable + ObjectScopeVMD → list VMD-scoped variables
//   - ObjectClassNamedVariableList + ObjectScopeDomain → list NVLs in a domain
//   - ObjectClassNamedVariableList + ObjectScopeVMD → list VMD-scoped NVLs
//
// All other combinations return a service error.
//
// # Architecture
//
// The public API exposes MMS concepts only. All ISO stack internals
// (session, presentation, ACSE) are handled transparently. Transport
// is delegated to the transport/iso subpackage, which uses
// otfabric/go-tpkt and otfabric/go-cotp internally.
package mms

=== END ./doc.go ===
=== START ./errors.go ===
package mms

import (
	"errors"
	"fmt"
)

// Sentinel errors for major failure categories.
//
// Use [errors.Is] to test against these values. All errors returned by the
// library wrap one of these sentinels or a typed error struct that can be
// inspected with [errors.As].
var (
	ErrClosed               = errors.New("mms: connection closed")
	ErrInvokeTimeout        = errors.New("mms: invoke timeout")
	ErrConnectionRejected   = errors.New("mms: connection rejected")
	ErrAssociationFailed    = errors.New("mms: association failed")
	ErrNegotiationFailed    = errors.New("mms: negotiation failed")
	ErrInvalidPDU           = errors.New("mms: invalid PDU")
	ErrDecodeFailed         = errors.New("mms: decode failed")
	ErrUnsupported          = errors.New("mms: unsupported")
	ErrServiceRejected      = errors.New("mms: service rejected")
	ErrDataAccess           = errors.New("mms: data access error")
	ErrProtocol             = errors.New("mms: protocol error")
	ErrServerConnClosed     = errors.New("mms: server connection closed")
	ErrAuthenticationFailed = errors.New("mms: authentication failed")
)

// ServiceError represents a remote MMS service error received via
// ConfirmedErrorPDU. Use [errors.As] to extract it from wrapped errors.
type ServiceError struct {
	Class    ErrorClass
	Code     int
	InvokeID InvokeID
}

func (e *ServiceError) Error() string {
	return fmt.Sprintf("mms: service error: class=%s code=%d invokeID=%d", e.Class, e.Code, e.InvokeID)
}

func (e *ServiceError) Unwrap() error { return ErrServiceRejected }

// DecodeError indicates a failure to decode a protocol data unit.
// Use [errors.As] to extract it from wrapped errors.
type DecodeError struct {
	Offset  int
	Tag     byte
	Message string
}

func (e *DecodeError) Error() string {
	return fmt.Sprintf("mms: decode error at offset %d (tag 0x%02x): %s", e.Offset, e.Tag, e.Message)
}

func (e *DecodeError) Unwrap() error { return ErrDecodeFailed }

// DataAccessError is returned when an MMS read or write operation
// encounters a per-variable access error from the server. This is
// distinct from [ServiceError] (ConfirmedErrorPDU) — a DataAccessError
// is a normal MMS access-result outcome within a successful response.
type DataAccessError struct {
	Code DataAccessErrorCode
}

func (e *DataAccessError) Error() string {
	return fmt.Sprintf("mms: data access error: %s", e.Code)
}

func (e *DataAccessError) Unwrap() error { return ErrDataAccess }

// ProtocolError indicates a protocol-level violation at a specific ISO
// stack layer.
type ProtocolError struct {
	Phase   string // "session", "presentation", "acse", "mms"
	Message string
}

func (e *ProtocolError) Error() string {
	return fmt.Sprintf("mms: protocol error [%s]: %s", e.Phase, e.Message)
}

func (e *ProtocolError) Unwrap() error { return ErrProtocol }

// AuthenticationError indicates an authentication failure during
// association establishment. Use [errors.As] to extract it and
// [errors.Is] with [ErrAuthenticationFailed] to classify.
type AuthenticationError struct {
	// Reason describes why authentication failed.
	Reason string
}

func (e *AuthenticationError) Error() string {
	return fmt.Sprintf("mms: authentication failed: %s", e.Reason)
}

func (e *AuthenticationError) Unwrap() error { return ErrAuthenticationFailed }

=== END ./errors.go ===
=== START ./internal/acse/acse.go ===
// Package acse implements ACSE (Association Control Service Element)
// PDU construction and parsing per ISO 8650 / X.217.
//
// Only the subset needed by MMS is implemented: AARQ, AARE, RLRQ,
// RLRE, and ABRT APDUs.
// This is internal protocol plumbing — users interact with mms.Client.
package acse

import (
	"encoding/asn1"
	"fmt"

	"github.com/otfabric/go-mms/internal/berutil"
)

// ACSE APDU tags ([APPLICATION n] constructed).
const (
	TagAARQ byte = 0x60 // [APPLICATION 0]
	TagAARE byte = 0x61 // [APPLICATION 1]
	TagRLRQ byte = 0x62 // [APPLICATION 2]
	TagRLRE byte = 0x63 // [APPLICATION 3]
	TagABRT byte = 0x64 // [APPLICATION 4]
)

// appContextMmsEncoded is the BER/DER encoding of the MMS application
// context OID 1.0.9506.2.3 (iso(1) standard(0) 9506 part(2) mms(3)).
// Hardcoded to avoid a package-init panic from asn1.Marshal.
var appContextMmsEncoded = []byte{0x06, 0x05, 0x28, 0xca, 0x22, 0x02, 0x03}

// AssociateResult values in AARE.
const (
	ResultAccepted          = 0
	ResultRejectedPerm      = 1
	ResultRejectedTransient = 2
)

// ApduType classifies a parsed ACSE APDU.
type ApduType byte

const (
	ApduAARQ ApduType = ApduType(TagAARQ)
	ApduAARE ApduType = ApduType(TagAARE)
	ApduRLRQ ApduType = ApduType(TagRLRQ)
	ApduRLRE ApduType = ApduType(TagRLRE)
	ApduABRT ApduType = ApduType(TagABRT)
)

func (t ApduType) String() string {
	switch t {
	case ApduAARQ:
		return "AARQ"
	case ApduAARE:
		return "AARE"
	case ApduRLRQ:
		return "RLRQ"
	case ApduRLRE:
		return "RLRE"
	case ApduABRT:
		return "ABRT"
	default:
		return fmt.Sprintf("ApduType(0x%02x)", byte(t))
	}
}

// AARQParams holds parameters for building an AARQ (Associate Request).
//
// AP-title and AE-qualifier are treated as a pair: if an AP-title is
// provided, the corresponding AE-qualifier is always included. If the
// AP-title is nil/empty, the AE-qualifier is silently omitted
// (an AE-qualifier without an AP-title has no meaning per ISO 8650).
type AARQParams struct {
	CalledAPTitle      asn1.ObjectIdentifier
	CalledAEQualifier  int
	CallingAPTitle     asn1.ObjectIdentifier
	CallingAEQualifier int
	Password           []byte // if non-nil, includes ACSE password authentication
}

// AuthMechanism identifies the ACSE authentication mechanism parsed
// from an AARQ. Only protocol-level mechanisms are represented here;
// transport-level mechanisms (TLS) are classified at the server layer.
type AuthMechanism int

const (
	AuthNone     AuthMechanism = iota // no authentication fields in AARQ
	AuthPassword                      // ACSE password (OID 2.2.3.1)
	AuthUnknown                       // unknown/unsupported mechanism OID
)

// authMechPasswordOID is the BER-encoded OID 2.2.3.1 used in the AARQ
// to indicate password-based ACSE authentication.
var authMechPasswordOID = []byte{0x52, 0x03, 0x01}

// tagAuthValueGraphicString is the CHOICE tag for graphicString [0]
// inside authentication-value, used for password auth.
const tagAuthValueGraphicString byte = 0x80

// AuthInfo holds the authentication and identity information extracted
// from an AARQ.
type AuthInfo struct {
	Mechanism    AuthMechanism
	MechanismOID asn1.ObjectIdentifier // decoded mechanism OID; nil when AuthNone
	Password     []byte                // populated when Mechanism == AuthPassword

	CallingAPTitle     asn1.ObjectIdentifier // calling AP-title; nil when absent
	CallingAEQualifier *int                  // calling AE-qualifier; nil when absent
}

// ParsedAARE holds the parsed result of an AARE (Associate Response).
type ParsedAARE struct {
	Result   int    // 0=accepted, 1=rejected-permanent, 2=rejected-transient
	UserData []byte // MMS Initiate Response payload
}

// ParsedAPDU holds the result of parsing any ACSE APDU.
type ParsedAPDU struct {
	Type     ApduType
	AARE     *ParsedAARE // populated only when Type == ApduAARE
	Auth     AuthInfo    // populated for AARQ: authentication mechanism + value
	UserData []byte      // for AARQ: MMS payload; for RLRQ/RLRE: nil
}

// EncodeAARQ builds an AARQ APDU (Associate Request) containing
// the application context, AP-titles, AE-qualifiers, and the given
// MMS payload (typically MMS Initiate Request) as user-information.
func EncodeAARQ(p AARQParams, mmsPayload []byte) ([]byte, error) {
	var content []byte

	// [1] application-context-name
	content = berutil.AppendTLV(content, 0xa1, appContextMmsEncoded)

	// [2] called-AP-title + [3] called-AE-qualifier (paired)
	if len(p.CalledAPTitle) > 0 {
		oid, err := marshalOID(p.CalledAPTitle)
		if err != nil {
			return nil, fmt.Errorf("acse: marshal called AP-title: %w", err)
		}
		content = berutil.AppendTLV(content, 0xa2, oid)
		content = berutil.AppendTLV(content, 0xa3, encodeAEQualifier(p.CalledAEQualifier))
	}

	// [6] calling-AP-title + [7] calling-AE-qualifier (paired)
	if len(p.CallingAPTitle) > 0 {
		oid, err := marshalOID(p.CallingAPTitle)
		if err != nil {
			return nil, fmt.Errorf("acse: marshal calling AP-title: %w", err)
		}
		content = berutil.AppendTLV(content, 0xa6, oid)
		content = berutil.AppendTLV(content, 0xa7, encodeAEQualifier(p.CallingAEQualifier))
	}

	// ACSE authentication fields
	if len(p.Password) > 0 {
		// [10] sender-acse-requirements: authentication functional unit
		content = berutil.AppendTLV(content, 0x8a, []byte{0x04, 0x80})

		// [11] mechanism-name: password OID 2.2.3.1
		content = berutil.AppendTLV(content, 0x8b, authMechPasswordOID)

		// [12] authentication-value: graphicString [0]
		authVal := berutil.EncodeTLV(0x80, p.Password)
		content = berutil.AppendTLV(content, 0xac, authVal)
	}

	// [30] user-information (EXTERNAL containing MMS payload)
	if len(mmsPayload) > 0 {
		content = append(content, encodeUserInformation(mmsPayload)...)
	}

	return berutil.EncodeTLV(TagAARQ, content), nil
}

// EncodeAARE builds an AARE APDU (Associate Response).
func EncodeAARE(result int, mmsPayload []byte) []byte {
	var content []byte

	// [1] application-context-name
	content = berutil.AppendTLV(content, 0xa1, appContextMmsEncoded)

	// [2] result
	resultEnc := berutil.EncodeTLV(0x02, []byte{byte(result)})
	content = berutil.AppendTLV(content, 0xa2, resultEnc)

	// [3] result-source-diagnostic
	diag := berutil.EncodeTLV(0xa1, berutil.EncodeTLV(0x02, []byte{0x00}))
	content = berutil.AppendTLV(content, 0xa3, diag)

	// [30] user-information
	if len(mmsPayload) > 0 {
		content = append(content, encodeUserInformation(mmsPayload)...)
	}

	return berutil.EncodeTLV(TagAARE, content)
}

// EncodeRLRQ builds a RLRQ APDU (Release Request): reason=normal.
func EncodeRLRQ() []byte {
	return berutil.EncodeTLV(TagRLRQ, []byte{0x80, 0x01, 0x00})
}

// EncodeRLRE builds a RLRE APDU (Release Response): empty.
func EncodeRLRE() []byte {
	return []byte{TagRLRE, 0x00}
}

// EncodeABRT builds an ABRT APDU with the given source (0=user, 1=provider).
func EncodeABRT(source int) []byte {
	return berutil.EncodeTLV(TagABRT, []byte{0x80, 0x01, byte(source)})
}

// Parse parses an ACSE APDU from raw bytes.
func Parse(data []byte) (*ParsedAPDU, error) {
	if len(data) < 2 {
		return nil, fmt.Errorf("acse: APDU too short (%d bytes)", len(data))
	}

	tag := data[0]
	_, content, err := berutil.DecodeTLV(data)
	if err != nil {
		return nil, fmt.Errorf("acse: APDU outer: %w", err)
	}

	result := &ParsedAPDU{Type: ApduType(tag)}

	switch tag {
	case TagAARQ:
		result.UserData, result.Auth, err = parseAARQ(content)
		if err != nil {
			return nil, err
		}
	case TagAARE:
		aare, err := parseAARE(content)
		if err != nil {
			return nil, err
		}
		result.AARE = aare
		result.UserData = aare.UserData
	case TagRLRQ:
		if err := validateRLRQ(content); err != nil {
			return nil, err
		}
	case TagRLRE:
		// RLRE may be empty — nothing to validate beyond the outer TLV
	case TagABRT:
		if err := validateABRT(content); err != nil {
			return nil, err
		}
	default:
		return nil, fmt.Errorf("acse: unknown APDU tag 0x%02x", tag)
	}

	return result, nil
}

func parseAARE(content []byte) (*ParsedAARE, error) {
	aare := &ParsedAARE{Result: -1}

	offset := 0
	for offset < len(content) {
		tag, inner, n, err := berutil.DecodeTLVAt(content, offset)
		if err != nil {
			return nil, fmt.Errorf("acse: AARE field: %w", err)
		}
		offset += n

		switch tag {
		case 0xa2: // result
			_, resultInner, err := berutil.DecodeTLV(inner)
			if err != nil {
				return nil, fmt.Errorf("acse: AARE result: %w", err)
			}
			val, err := berutil.DecodeInteger(resultInner)
			if err != nil {
				return nil, fmt.Errorf("acse: AARE result value: %w", err)
			}
			aare.Result = val
		case 0xbe: // user-information
			userData, err := parseExternalPayload(inner)
			if err != nil {
				return nil, fmt.Errorf("acse: AARE user-information: %w", err)
			}
			aare.UserData = userData
		}
	}

	if aare.Result == -1 {
		return nil, fmt.Errorf("acse: AARE missing required result field")
	}
	if aare.Result < ResultAccepted || aare.Result > ResultRejectedTransient {
		return nil, fmt.Errorf("acse: AARE invalid result value %d", aare.Result)
	}

	return aare, nil
}

func parseAARQ(content []byte) (userData []byte, auth AuthInfo, err error) {
	var mechOIDRaw []byte
	var rawAuthValue []byte
	hasMechanism := false
	hasAuthValue := false

	offset := 0
	for offset < len(content) {
		tag, inner, n, parseErr := berutil.DecodeTLVAt(content, offset)
		if parseErr != nil {
			return nil, AuthInfo{}, fmt.Errorf("acse: AARQ field: %w", parseErr)
		}
		offset += n

		switch tag {
		case 0xa6: // [6] calling-AP-title (EXPLICIT, contains OID)
			var oid asn1.ObjectIdentifier
			if _, oidErr := asn1.Unmarshal(inner, &oid); oidErr != nil {
				return nil, AuthInfo{}, fmt.Errorf("acse: AARQ calling-AP-title: %w", oidErr)
			}
			auth.CallingAPTitle = oid
		case 0xa7: // [7] calling-AE-qualifier (EXPLICIT, contains INTEGER)
			var val int
			if _, oidErr := asn1.Unmarshal(inner, &val); oidErr != nil {
				return nil, AuthInfo{}, fmt.Errorf("acse: AARQ calling-AE-qualifier: %w", oidErr)
			}
			auth.CallingAEQualifier = &val
		case 0x8b: // mechanism-name (OID, implicit)
			mechOIDRaw = inner
			hasMechanism = true
		case 0xac: // authentication-value (CHOICE, [12] explicit)
			rawAuthValue = inner
			hasAuthValue = true
		case 0xbe: // user-information
			userData, err = parseExternalPayload(inner)
			if err != nil {
				return nil, AuthInfo{}, err
			}
		}
	}

	// Strict validation of auth field pairing.
	if hasAuthValue && !hasMechanism {
		return nil, AuthInfo{}, fmt.Errorf("acse: AARQ authentication-value without mechanism-name")
	}

	if hasMechanism {
		auth.MechanismOID, err = decodeImplicitOID(mechOIDRaw)
		if err != nil {
			return nil, AuthInfo{}, fmt.Errorf("acse: AARQ mechanism OID: %w", err)
		}
		auth.Mechanism = classifyMechanism(mechOIDRaw)

		switch auth.Mechanism {
		case AuthPassword:
			if !hasAuthValue {
				return nil, AuthInfo{}, fmt.Errorf("acse: AARQ password mechanism without authentication-value")
			}
			pw, parseErr := parsePasswordAuthValue(rawAuthValue)
			if parseErr != nil {
				return nil, AuthInfo{}, parseErr
			}
			auth.Password = pw
		}
	}

	return userData, auth, nil
}

// decodeImplicitOID decodes raw OID value bytes (from an implicitly
// tagged field) into an asn1.ObjectIdentifier.
func decodeImplicitOID(raw []byte) (asn1.ObjectIdentifier, error) {
	der := berutil.EncodeTLV(0x06, raw)
	var oid asn1.ObjectIdentifier
	_, err := asn1.Unmarshal(der, &oid)
	return oid, err
}

func classifyMechanism(oid []byte) AuthMechanism {
	if len(oid) == len(authMechPasswordOID) {
		match := true
		for i := range oid {
			if oid[i] != authMechPasswordOID[i] {
				match = false
				break
			}
		}
		if match {
			return AuthPassword
		}
	}
	return AuthUnknown
}

// parsePasswordAuthValue strictly parses the authentication-value for
// password auth. Expects a single graphicString [0] CHOICE and rejects
// malformed or trailing data.
func parsePasswordAuthValue(data []byte) ([]byte, error) {
	if len(data) == 0 {
		return nil, fmt.Errorf("acse: empty authentication-value")
	}

	tag, inner, n, err := berutil.DecodeTLVAt(data, 0)
	if err != nil {
		return nil, fmt.Errorf("acse: malformed authentication-value: %w", err)
	}
	if tag != tagAuthValueGraphicString {
		return nil, fmt.Errorf("acse: authentication-value: expected graphicString tag 0x%02x, got 0x%02x",
			tagAuthValueGraphicString, tag)
	}
	if n != len(data) {
		return nil, fmt.Errorf("acse: authentication-value: %d trailing bytes after graphicString", len(data)-n)
	}

	return inner, nil
}

// parseExternalPayload extracts the MMS payload from EXTERNAL encoding:
// 0x28 (EXTERNAL) → 0x02 (indirect-reference) → 0xa0 (single-ASN1-type)
func parseExternalPayload(data []byte) ([]byte, error) {
	if len(data) == 0 {
		return nil, fmt.Errorf("acse: empty user-information")
	}

	tag, extContent, err := berutil.DecodeTLV(data)
	if err != nil {
		return nil, fmt.Errorf("acse: EXTERNAL: %w", err)
	}
	if tag != 0x28 {
		return nil, fmt.Errorf("acse: expected EXTERNAL (0x28), got 0x%02x", tag)
	}

	var payload []byte
	offset := 0
	for offset < len(extContent) {
		tag, inner, n, err := berutil.DecodeTLVAt(extContent, offset)
		if err != nil {
			return nil, fmt.Errorf("acse: EXTERNAL field: %w", err)
		}
		offset += n

		if tag == 0xa0 { // single-ASN1-type encoding
			payload = inner
		}
	}

	if payload == nil {
		return nil, fmt.Errorf("acse: EXTERNAL missing single-ASN1-type (0xa0) encoding")
	}
	return payload, nil
}

func validateRLRQ(content []byte) error {
	if len(content) == 0 {
		return nil // RLRQ with no content is tolerated
	}
	// Expect at least a [0] reason field
	tag, _, _, err := berutil.DecodeTLVAt(content, 0)
	if err != nil {
		return fmt.Errorf("acse: RLRQ field: %w", err)
	}
	if tag != 0x80 {
		return fmt.Errorf("acse: RLRQ unexpected field tag 0x%02x, expected 0x80 (reason)", tag)
	}
	return nil
}

func validateABRT(content []byte) error {
	if len(content) == 0 {
		return fmt.Errorf("acse: ABRT missing abort-source")
	}
	tag, _, _, err := berutil.DecodeTLVAt(content, 0)
	if err != nil {
		return fmt.Errorf("acse: ABRT field: %w", err)
	}
	if tag != 0x80 {
		return fmt.Errorf("acse: ABRT unexpected field tag 0x%02x, expected 0x80 (abort-source)", tag)
	}
	return nil
}

func encodeUserInformation(payload []byte) []byte {
	indirectRefTLV := berutil.EncodeTLV(0x02, berutil.EncodeInt(3))
	singleASN1 := berutil.EncodeTLV(0xa0, payload)

	extContent := make([]byte, 0, len(indirectRefTLV)+len(singleASN1))
	extContent = append(extContent, indirectRefTLV...)
	extContent = append(extContent, singleASN1...)
	external := berutil.EncodeTLV(0x28, extContent)

	return berutil.EncodeTLV(0xbe, external)
}

func encodeAEQualifier(val int) []byte {
	return berutil.EncodeTLV(0x02, berutil.EncodeInt(val))
}

func marshalOID(oid asn1.ObjectIdentifier) ([]byte, error) {
	b, err := asn1.Marshal(oid)
	if err != nil {
		return nil, err
	}
	return b, nil
}

=== END ./internal/acse/acse.go ===
=== START ./internal/asn1util/doc.go ===
// Package asn1util provides thin helpers for gaps in [encoding/asn1].
//
// This package must remain minimal. It exists only for MMS wire
// requirements that cannot be expressed cleanly through the stdlib
// ASN.1 API (e.g., raw tag inspection, specific tag constants).
//
// If this package starts growing into generic BER/TLV infrastructure,
// stop and reassess the codec strategy.
//
// # Tag number limitation
//
// All helpers in this package (WrapConstructed, WrapPrimitive,
// TagNumber, tag constants) assume the single-byte BER tag form,
// which supports tag numbers 0–30. Tag number 31 and above require
// multi-byte encoding, which is not implemented. This is sufficient
// for all known MMS ASN.1 tag values.
//
// This package is internal — its types and functions are not part of the
// public API contract.
package asn1util

=== END ./internal/asn1util/doc.go ===
=== START ./internal/asn1util/raw.go ===
// Package asn1util provides helpers for working with stdlib encoding/asn1
// types at the boundary between Go struct marshaling and raw BER data.
//
// It handles tag inspection, RawValue manipulation, and ASN.1 struct tag
// constants used by MMS PDU definitions. Unlike berutil, this package
// operates on encoding/asn1 types rather than raw byte slices.
//
// Boundary with internal/berutil: berutil handles raw TLV encoding/decoding
// and integer primitives. asn1util bridges the gap between encoding/asn1
// and MMS-specific needs.
package asn1util

import (
	"encoding/asn1"
	"fmt"
)

// PeekTag returns the first tag byte from raw BER-encoded data without
// consuming the input. Returns an error if data is empty.
func PeekTag(data []byte) (byte, error) {
	if len(data) == 0 {
		return 0, fmt.Errorf("asn1util: empty data")
	}
	return data[0], nil
}

// UnmarshalRaw parses raw BER data into an asn1.RawValue, returning
// the value and any remaining bytes.
func UnmarshalRaw(data []byte) (asn1.RawValue, []byte, error) {
	var raw asn1.RawValue
	rest, err := asn1.Unmarshal(data, &raw)
	if err != nil {
		return asn1.RawValue{}, nil, fmt.Errorf("asn1util: unmarshal raw: %w", err)
	}
	return raw, rest, nil
}

// WrapConstructed wraps content bytes in a context-specific constructed
// tag with the given tag number. This produces the BER TLV envelope.
//
// Only tag numbers 0–30 are supported (single-byte tag form).
func WrapConstructed(tagNum int, content []byte) []byte {
	tag := byte(ClassContext | ConstructedFlag | (tagNum & 0x1f))
	return encodeTLV(tag, content)
}

// WrapPrimitive wraps content bytes in a context-specific primitive
// tag with the given tag number.
//
// Only tag numbers 0–30 are supported (single-byte tag form).
func WrapPrimitive(tagNum int, content []byte) []byte {
	tag := byte(ClassContext | (tagNum & 0x1f))
	return encodeTLV(tag, content)
}

// WrapContextTag wraps content in a context-specific BER tag. It handles
// both short-form tags (0–30, single-byte encoding) and long-form tags
// (>30, multi-byte encoding used by MMS file services).
func WrapContextTag(tagNum int, constructed bool, content []byte) []byte {
	if tagNum <= 30 {
		if constructed {
			return WrapConstructed(tagNum, content)
		}
		return WrapPrimitive(tagNum, content)
	}

	lead := byte(ClassContext)
	if constructed {
		lead |= ConstructedFlag
	}
	lead |= 0x1f // long-form indicator

	tagBytes := encodeTagNumber(tagNum)

	l := len(content)
	size := 1 + len(tagBytes) + lengthSize(l) + l
	buf := make([]byte, 0, size)
	buf = append(buf, lead)
	buf = append(buf, tagBytes...)
	buf = appendLength(buf, l)
	buf = append(buf, content...)
	return buf
}

func encodeTagNumber(n int) []byte {
	if n < 0x80 {
		return []byte{byte(n)}
	}
	if n < 0x4000 {
		return []byte{byte(n>>7) | 0x80, byte(n & 0x7f)}
	}
	return []byte{byte(n>>14) | 0x80, byte(n>>7) | 0x80, byte(n & 0x7f)}
}

func lengthSize(l int) int {
	if l < 128 {
		return 1
	}
	if l < 256 {
		return 2
	}
	if l < 65536 {
		return 3
	}
	return 4
}

func appendLength(buf []byte, l int) []byte {
	if l < 128 {
		return append(buf, byte(l))
	}
	if l < 256 {
		return append(buf, 0x81, byte(l))
	}
	if l < 65536 {
		return append(buf, 0x82, byte(l>>8), byte(l))
	}
	return append(buf, 0x83, byte(l>>16), byte(l>>8), byte(l))
}

func encodeTLV(tag byte, content []byte) []byte {
	l := len(content)
	size := 1 + lengthSize(l) + l
	buf := make([]byte, 0, size)
	buf = append(buf, tag)
	buf = appendLength(buf, l)
	buf = append(buf, content...)
	return buf
}

=== END ./internal/asn1util/raw.go ===
=== START ./internal/asn1util/tags.go ===
package asn1util

// MMS PDU top-level CHOICE tags (first byte of the BER encoding).
// These are context-specific, implicitly tagged.
const (
	TagConfirmedRequest  byte = 0xa0 // context 0, constructed
	TagConfirmedResponse byte = 0xa1 // context 1, constructed
	TagConfirmedError    byte = 0xa2 // context 2, constructed
	TagUnconfirmed       byte = 0xa3 // context 3, constructed
	TagReject            byte = 0xa4 // context 4, constructed
	TagInitiateRequest   byte = 0xa8 // context 8, constructed
	TagInitiateResponse  byte = 0xa9 // context 9, constructed
	TagInitiateError     byte = 0xaa // context 10, constructed
	TagConcludeRequest   byte = 0x8b // context 11, primitive (NULL)
	TagConcludeResponse  byte = 0x8c // context 12, primitive (NULL)
	TagConcludeError     byte = 0x8d // context 13, primitive
)

// ConfirmedServiceRequest CHOICE tags within a ConfirmedRequestPdu.
const (
	TagServiceGetNameList                 byte = 0xa1 // context 1, constructed
	TagServiceIdentify                    byte = 0x82 // context 2, primitive (empty)
	TagServiceRead                        byte = 0xa4 // context 4, constructed
	TagServiceWrite                       byte = 0xa5 // context 5, constructed
	TagServiceGetVariableAccessAttributes byte = 0xa6 // context 6, constructed (explicit)
	TagServiceStatus                      byte = 0x80 // context 0, primitive (empty)
	TagServiceDefineNamedVariableList     byte = 0xab // context 11, constructed
	TagServiceGetNamedVariableListAttrs   byte = 0xac // context 12, constructed (explicit)
	TagServiceDeleteNamedVariableList     byte = 0xad // context 13, constructed
)

// ConfirmedServiceResponse CHOICE tags within a ConfirmedResponsePdu.
const (
	TagRespGetNameList                 byte = 0xa1
	TagRespIdentify                    byte = 0xa2 // context 2, constructed
	TagRespRead                        byte = 0xa4
	TagRespWrite                       byte = 0xa5
	TagRespGetVariableAccessAttributes byte = 0xa6
	TagRespStatus                      byte = 0xa0 // context 0, constructed
	TagRespDefineNamedVariableList     byte = 0xab
	TagRespGetNamedVariableListAttrs   byte = 0xac
	TagRespDeleteNamedVariableList     byte = 0xad
)

// Service CHOICE tag numbers within ConfirmedServiceRequest /
// ConfirmedServiceResponse. These are the integer tag numbers, not
// the raw single-byte tag values. For tags 0–30, the number is
// derived via TagNumber(); for tags >30 (file services) multi-byte
// BER encoding is used on the wire.
const (
	TagNumStatus                      = 0  // 0x00
	TagNumGetNameList                 = 1  // 0x01
	TagNumIdentify                    = 2  // 0x02
	TagNumRead                        = 4  // 0x04
	TagNumWrite                       = 5  // 0x05
	TagNumGetVariableAccessAttributes = 6  // 0x06
	TagNumDefineNamedVariableList     = 11 // 0x0b
	TagNumGetNamedVariableListAttrs   = 12 // 0x0c
	TagNumDeleteNamedVariableList     = 13 // 0x0d

	TagNumObtainFile = 46 // 0x2e

	TagNumReadJournal = 65 // 0x41

	TagNumFileOpen      = 72 // 0x48
	TagNumFileRead      = 73 // 0x49
	TagNumFileClose     = 74 // 0x4a
	TagNumFileRename    = 75 // 0x4b
	TagNumFileDelete    = 76 // 0x4c
	TagNumFileDirectory = 77 // 0x4d
)

// BER tag class and construction bits for building tags.
const (
	ClassUniversal   = 0x00
	ClassApplication = 0x40
	ClassContext     = 0x80
	ClassPrivate     = 0xc0
	ConstructedFlag  = 0x20
)

// TagNumber extracts the tag number from a single-byte BER tag.
// Only valid for tag numbers 0–30 (single-byte form).
func TagNumber(tag byte) int {
	return int(tag & 0x1f)
}

// IsConstructed returns true if the tag indicates a constructed encoding.
func IsConstructed(tag byte) bool {
	return tag&ConstructedFlag != 0
}

// TagClass returns the class bits from a BER tag byte.
func TagClass(tag byte) byte {
	return tag & 0xc0
}

=== END ./internal/asn1util/tags.go ===
=== START ./internal/berutil/berutil.go ===
// Package berutil provides minimal BER TLV encoding and decoding helpers.
//
// It is used by:
//   - ISO upper-layer packages (session, presentation, ACSE) for SPDU/PPDU framing
//   - internal/pdu for manual MMS PDU encoding/decoding where encoding/asn1
//     struct-based marshaling does not fit the wire format
//
// Boundary with internal/asn1util: berutil handles raw tag-length-value
// operations and integer codec primitives. asn1util provides stdlib
// encoding/asn1 boundary helpers (tag inspection, RawValue manipulation).
//
// This is not a generic ASN.1 library. It provides only the focused
// operations needed by the protocol layers.
//
// This package is internal — it is not part of the public API contract.
package berutil

import "fmt"

// EncodeTLV returns a BER TLV (tag + length + content) as a new byte slice.
func EncodeTLV(tag byte, content []byte) []byte {
	buf := make([]byte, 0, TLVSize(len(content)))
	return AppendTLV(buf, tag, content)
}

// AppendTLV appends a BER TLV (tag + length + content) to buf.
func AppendTLV(buf []byte, tag byte, content []byte) []byte {
	buf = append(buf, tag)
	buf = AppendLength(buf, len(content))
	buf = append(buf, content...)
	return buf
}

// AppendLength appends a BER definite-form length to buf.
func AppendLength(buf []byte, l int) []byte {
	if l < 128 {
		return append(buf, byte(l))
	}
	if l < 256 {
		return append(buf, 0x81, byte(l))
	}
	if l < 65536 {
		return append(buf, 0x82, byte(l>>8), byte(l))
	}
	return append(buf, 0x83, byte(l>>16), byte(l>>8), byte(l))
}

// LengthSize returns the number of bytes needed to encode the given
// length in BER definite form.
func LengthSize(l int) int {
	if l < 128 {
		return 1
	}
	if l < 256 {
		return 2
	}
	if l < 65536 {
		return 3
	}
	return 4
}

// TLVSize returns the total encoded size of a TLV with the given
// content length (tag + length + content).
func TLVSize(contentLen int) int {
	return 1 + LengthSize(contentLen) + contentLen
}

// DecodeTLV decodes tag + length + value from the start of data.
func DecodeTLV(data []byte) (tag byte, content []byte, err error) {
	tag, content, _, err = DecodeTLVAt(data, 0)
	return
}

// DecodeTLVAt decodes a TLV at a given offset, returning the tag,
// content, and the total number of bytes consumed (tag + length + value).
func DecodeTLVAt(data []byte, offset int) (tag byte, content []byte, consumed int, err error) {
	if offset >= len(data) {
		return 0, nil, 0, fmt.Errorf("offset %d beyond data length %d", offset, len(data))
	}
	tag = data[offset]
	l, lSize, err := DecodeLength(data[offset+1:])
	if err != nil {
		return 0, nil, 0, fmt.Errorf("tag 0x%02x length: %w", tag, err)
	}
	start := offset + 1 + lSize
	end := start + l
	if end > len(data) {
		return 0, nil, 0, fmt.Errorf("tag 0x%02x content truncated (need %d, have %d)", tag, l, len(data)-start)
	}
	return tag, data[start:end], end - offset, nil
}

// DecodeLength decodes a BER definite-form length from the start of data,
// returning the length value and how many bytes were consumed.
func DecodeLength(data []byte) (length int, consumed int, err error) {
	if len(data) == 0 {
		return 0, 0, fmt.Errorf("missing length byte")
	}
	b := data[0]
	if b < 128 {
		return int(b), 1, nil
	}
	numBytes := int(b & 0x7f)
	if numBytes == 0 || numBytes > 3 {
		return 0, 0, fmt.Errorf("unsupported length form 0x%02x", b)
	}
	if len(data) < 1+numBytes {
		return 0, 0, fmt.Errorf("truncated multi-byte length")
	}
	var l int
	for i := 0; i < numBytes; i++ {
		l = (l << 8) | int(data[1+i])
	}
	return l, 1 + numBytes, nil
}

// EncodeInt encodes a signed integer as BER INTEGER content bytes
// (no tag/length wrapper). Produces the minimal two's complement encoding.
func EncodeInt(v int) []byte {
	if v == 0 {
		return []byte{0}
	}
	if v >= -128 && v <= 127 {
		return []byte{byte(v)}
	}
	if v >= -32768 && v <= 32767 {
		return []byte{byte(v >> 8), byte(v)}
	}
	buf := make([]byte, 4)
	buf[0] = byte(v >> 24)
	buf[1] = byte(v >> 16)
	buf[2] = byte(v >> 8)
	buf[3] = byte(v)
	for len(buf) > 1 && ((buf[0] == 0x00 && buf[1]&0x80 == 0) || (buf[0] == 0xff && buf[1]&0x80 != 0)) {
		buf = buf[1:]
	}
	return buf
}

// EncodeUint32 encodes an unsigned 32-bit integer as BER INTEGER content
// bytes with a leading 0x00 pad when the high bit is set.
func EncodeUint32(v uint32) []byte {
	if v == 0 {
		return []byte{0}
	}
	buf := make([]byte, 0, 5)
	for shift := 24; shift >= 0; shift -= 8 {
		b := byte(v >> uint(shift))
		if len(buf) > 0 || b != 0 {
			buf = append(buf, b)
		}
	}
	if buf[0]&0x80 != 0 {
		buf = append([]byte{0}, buf...)
	}
	return buf
}

// DecodeInteger decodes a BER INTEGER value (content bytes only, no tag/length)
// into a Go int. Handles multi-byte signed encoding correctly.
func DecodeInteger(data []byte) (int, error) {
	if len(data) == 0 {
		return 0, fmt.Errorf("empty INTEGER content")
	}
	if len(data) > 4 {
		return 0, fmt.Errorf("INTEGER too large (%d bytes)", len(data))
	}
	var val int
	if data[0]&0x80 != 0 {
		val = -1 // sign extend
	}
	for _, b := range data {
		val = (val << 8) | int(b)
	}
	return val, nil
}

// EncodeObjectIdentifier encodes an OID (slice of int arcs) to BER content bytes.
func EncodeObjectIdentifier(oid []int) ([]byte, error) {
	if len(oid) < 2 {
		return nil, fmt.Errorf("OID must have at least 2 arcs")
	}
	first := oid[0]*40 + oid[1]
	var buf []byte
	buf = appendBase128(buf, first)
	for _, arc := range oid[2:] {
		buf = appendBase128(buf, arc)
	}
	return buf, nil
}

// DecodeObjectIdentifier decodes BER-encoded OID content bytes to a slice of int arcs.
func DecodeObjectIdentifier(data []byte) ([]int, error) {
	if len(data) == 0 {
		return nil, fmt.Errorf("empty OID content")
	}
	first, n, err := decodeBase128(data, 0)
	if err != nil {
		return nil, fmt.Errorf("OID first component: %w", err)
	}
	oid := []int{first / 40, first % 40}
	offset := n
	for offset < len(data) {
		arc, n, err := decodeBase128(data, offset)
		if err != nil {
			return nil, fmt.Errorf("OID arc at offset %d: %w", offset, err)
		}
		offset += n
		oid = append(oid, arc)
	}
	return oid, nil
}

func appendBase128(buf []byte, v int) []byte {
	if v < 0x80 {
		return append(buf, byte(v))
	}
	var tmp [10]byte
	i := len(tmp) - 1
	tmp[i] = byte(v & 0x7f)
	v >>= 7
	for v > 0 {
		i--
		tmp[i] = byte(v&0x7f) | 0x80
		v >>= 7
	}
	return append(buf, tmp[i:]...)
}

func decodeBase128(data []byte, offset int) (int, int, error) {
	v := 0
	n := 0
	for i := offset; i < len(data); i++ {
		n++
		v = (v << 7) | int(data[i]&0x7f)
		if data[i]&0x80 == 0 {
			return v, n, nil
		}
		if n > 5 {
			return 0, 0, fmt.Errorf("base128 integer too large")
		}
	}
	return 0, 0, fmt.Errorf("truncated base128 integer")
}

// DecodeUnsigned decodes a BER INTEGER value as an unsigned quantity
// (content bytes only, no tag/length). Rejects negative encodings.
func DecodeUnsigned(data []byte) (uint32, error) {
	if len(data) == 0 {
		return 0, fmt.Errorf("empty unsigned INTEGER content")
	}
	// BER encodes integers as signed. A high bit on the first byte
	// without a leading 0x00 pad means negative — reject that.
	if data[0]&0x80 != 0 {
		return 0, fmt.Errorf("unsigned INTEGER has negative encoding")
	}
	// Leading 0x00 is BER sign-padding for positive values > 0x7f.
	if data[0] == 0x00 && len(data) > 1 {
		data = data[1:]
	}
	if len(data) > 4 {
		return 0, fmt.Errorf("unsigned INTEGER too large (%d bytes)", len(data))
	}
	var val uint32
	for _, b := range data {
		val = (val << 8) | uint32(b)
	}
	return val, nil
}

=== END ./internal/berutil/berutil.go ===
=== START ./internal/codec/choice.go ===
package codec

import (
	"encoding/asn1"
	"fmt"
)

// ServiceTag reconstructs the single-byte BER tag from an asn1.RawValue
// parsed from inside a confirmed request/response envelope.
func ServiceTag(raw asn1.RawValue) byte {
	tag := byte(raw.Class<<6) | byte(raw.Tag&0x1f)
	if raw.IsCompound {
		tag |= 0x20
	}
	return tag
}

// UnmarshalInner unmarshals the inner content bytes of a constructed
// asn1.RawValue into the target struct. Use this after CHOICE dispatch
// when the selected branch is a constructed (SEQUENCE) value and you
// want to decode the content within the outer tag.
//
// This is the common case for MMS service response bodies.
func UnmarshalInner(raw asn1.RawValue, target any) error {
	if !raw.IsCompound {
		return fmt.Errorf("codec: UnmarshalInner called on primitive value (tag 0x%02x)", ServiceTag(raw))
	}
	rest, err := asn1.Unmarshal(raw.Bytes, target)
	if err != nil {
		return fmt.Errorf("codec: unmarshal inner: %w", err)
	}
	if len(rest) != 0 {
		return fmt.Errorf("codec: unmarshal inner: %d trailing bytes", len(rest))
	}
	return nil
}

// UnmarshalFull unmarshals the full TLV (tag + length + value) of an
// asn1.RawValue into the target. Use this for primitive CHOICE branches
// where the tag itself carries meaning and the stdlib needs the complete
// encoding to determine the type.
func UnmarshalFull(raw asn1.RawValue, target any) error {
	rest, err := asn1.Unmarshal(raw.FullBytes, target)
	if err != nil {
		return fmt.Errorf("codec: unmarshal full: %w", err)
	}
	if len(rest) != 0 {
		return fmt.Errorf("codec: unmarshal full: %d trailing bytes", len(rest))
	}
	return nil
}

=== END ./internal/codec/choice.go ===
=== START ./internal/codec/doc.go ===
// Package codec provides MMS-specific marshal/unmarshal wrappers built
// on top of [encoding/asn1].
//
// This package is the primary interface between MMS protocol logic and
// ASN.1 encoding. It uses the stdlib as the default implementation tool,
// adding only thin helpers for patterns that encoding/asn1 cannot express
// directly (e.g., CHOICE dispatch).
//
// This package is internal — its types and functions are not part of the
// public API contract.
package codec

=== END ./internal/codec/doc.go ===
=== START ./internal/codec/marshal.go ===
package codec

import (
	"encoding/asn1"
	"fmt"

	"github.com/otfabric/go-mms/internal/asn1util"
)

// MarshalMmsPdu marshals a PDU payload and wraps it in the appropriate
// top-level MMS PDU tag. The pduTag must be one of the asn1util.Tag*
// constants (e.g., TagInitiateRequest, TagConfirmedRequest).
func MarshalMmsPdu(pduTag byte, payload any) ([]byte, error) {
	content, err := asn1.Marshal(payload)
	if err != nil {
		return nil, fmt.Errorf("codec: marshal PDU content: %w", err)
	}

	tagNum := asn1util.TagNumber(pduTag)
	if asn1util.IsConstructed(pduTag) {
		return asn1util.WrapConstructed(tagNum, content), nil
	}
	return asn1util.WrapPrimitive(tagNum, content), nil
}

// MarshalConfirmedRequest builds a ConfirmedRequestPdu wrapping an
// invoke ID and a pre-encoded service request. The tagNum/constructed
// pair describes the service CHOICE tag; extended tags (>30) are
// encoded automatically using multi-byte BER tag form.
func MarshalConfirmedRequest(invokeID InvokeID, tagNum int, constructed bool, servicePayload []byte) ([]byte, error) {
	invokeIDBytes, err := asn1.Marshal(int(invokeID))
	if err != nil {
		return nil, fmt.Errorf("codec: marshal invoke ID: %w", err)
	}

	serviceBytes := asn1util.WrapContextTag(tagNum, constructed, servicePayload)

	content := make([]byte, 0, len(invokeIDBytes)+len(serviceBytes))
	content = append(content, invokeIDBytes...)
	content = append(content, serviceBytes...)

	return asn1util.WrapConstructed(0, content), nil
}

// MarshalConcludeRequest produces a ConcludeRequestPDU (context 11, NULL).
func MarshalConcludeRequest() []byte {
	return asn1util.WrapPrimitive(11, nil)
}

=== END ./internal/codec/marshal.go ===
=== START ./internal/codec/response.go ===
package codec

import (
	"github.com/otfabric/go-mms/internal/asn1util"
	"github.com/otfabric/go-mms/internal/berutil"
)

// MarshalConfirmedResponse builds a ConfirmedResponsePdu wrapping an
// invoke ID and a pre-encoded service response. The tagNum/constructed
// pair describes the service CHOICE tag; extended tags (>30) are
// encoded automatically using multi-byte BER tag form.
func MarshalConfirmedResponse(invokeID InvokeID, tagNum int, constructed bool, servicePayload []byte) ([]byte, error) {
	invokeIDBytes := berutil.EncodeTLV(0x02, berutil.EncodeInt(int(invokeID)))

	serviceBytes := asn1util.WrapContextTag(tagNum, constructed, servicePayload)

	content := make([]byte, 0, len(invokeIDBytes)+len(serviceBytes))
	content = append(content, invokeIDBytes...)
	content = append(content, serviceBytes...)

	return asn1util.WrapConstructed(1, content), nil // context 1 = ConfirmedResponse
}

// MarshalConfirmedError builds a ConfirmedErrorPdu.
//
//	ConfirmedErrorPDU ::= SEQUENCE {
//	    invokeID       [0] IMPLICIT Unsigned32,
//	    serviceError   [2] IMPLICIT ServiceError
//	}
//
//	ServiceError ::= SEQUENCE {
//	    errorClass     [0] IMPLICIT CHOICE { ... }
//	}
func MarshalConfirmedError(invokeID InvokeID, errorClass, errorCode int) []byte {
	invokeIDTLV := berutil.EncodeTLV(0x80, berutil.EncodeUint32(uint32(invokeID)))

	errorCodeTLV := berutil.EncodeTLV(byte(0x80+errorClass), berutil.EncodeInt(errorCode))
	errorClassTLV := berutil.EncodeTLV(0xa0, errorCodeTLV)
	serviceErrorTLV := berutil.EncodeTLV(0xa2, errorClassTLV)

	content := make([]byte, 0, len(invokeIDTLV)+len(serviceErrorTLV))
	content = append(content, invokeIDTLV...)
	content = append(content, serviceErrorTLV...)

	return asn1util.WrapConstructed(2, content) // context 2 = ConfirmedError
}

// MarshalRejectPDU builds a RejectPDU.
//
//	RejectPDU ::= SEQUENCE {
//	    originalInvokeID  [0] IMPLICIT Unsigned32 OPTIONAL,
//	    rejectReason      CHOICE { ... }
//	}
func MarshalRejectPDU(invokeID InvokeID, rejectType, rejectReason int) []byte {
	invokeIDTLV := berutil.EncodeTLV(0x80, berutil.EncodeUint32(uint32(invokeID)))
	reasonTLV := berutil.EncodeTLV(byte(0x80+rejectType), berutil.EncodeInt(rejectReason))

	content := make([]byte, 0, len(invokeIDTLV)+len(reasonTLV))
	content = append(content, invokeIDTLV...)
	content = append(content, reasonTLV...)

	return asn1util.WrapConstructed(4, content) // context 4 = Reject
}

// MarshalConcludeResponse produces a ConcludeResponsePDU (context 12, NULL).
func MarshalConcludeResponse() []byte {
	return asn1util.WrapPrimitive(12, nil)
}

=== END ./internal/codec/response.go ===
=== START ./internal/codec/unmarshal.go ===
package codec

import (
	"encoding/asn1"
	"fmt"

	"github.com/otfabric/go-mms/internal/asn1util"
)

// PduType identifies the top-level MMS PDU type from raw bytes.
func PduType(data []byte) (byte, error) {
	tag, err := asn1util.PeekTag(data)
	if err != nil {
		return 0, fmt.Errorf("codec: %w", err)
	}
	return tag, nil
}

// UnwrapPdu strips the outer MMS PDU tag and returns the inner content
// bytes along with the tag byte. It validates that the tag matches the
// expected top-level PDU tag format.
func UnwrapPdu(data []byte) (tag byte, content []byte, err error) {
	raw, _, err := asn1util.UnmarshalRaw(data)
	if err != nil {
		return 0, nil, fmt.Errorf("codec: unwrap PDU: %w", err)
	}

	// Reconstruct the tag byte from the parsed RawValue.
	tag = byte(raw.Class<<6) | byte(raw.Tag&0x1f)
	if raw.IsCompound {
		tag |= asn1util.ConstructedFlag
	}

	return tag, raw.Bytes, nil
}

// InvokeID is the internal type for MMS invoke IDs. It mirrors the
// public mms.InvokeID type without creating an import cycle.
type InvokeID = uint32

// UnmarshalConfirmedResponse parses a ConfirmedResponsePdu and returns
// the invoke ID and the inner service response as a RawValue (for
// CHOICE dispatch by the caller).
func UnmarshalConfirmedResponse(content []byte) (invokeID InvokeID, serviceRaw asn1.RawValue, err error) {
	return unmarshalConfirmedEnvelope(content)
}

// UnmarshalConfirmedRequest parses a ConfirmedRequestPdu and returns
// the invoke ID and the inner service request as a RawValue.
func UnmarshalConfirmedRequest(content []byte) (invokeID InvokeID, serviceRaw asn1.RawValue, err error) {
	return unmarshalConfirmedEnvelope(content)
}

func unmarshalConfirmedEnvelope(content []byte) (InvokeID, asn1.RawValue, error) {
	var invokeInt int
	rest, err := asn1.Unmarshal(content, &invokeInt)
	if err != nil {
		return 0, asn1.RawValue{}, fmt.Errorf("codec: unmarshal invoke ID: %w", err)
	}

	var serviceRaw asn1.RawValue
	tail, err := asn1.Unmarshal(rest, &serviceRaw)
	if err != nil {
		return 0, asn1.RawValue{}, fmt.Errorf("codec: unmarshal service: %w", err)
	}
	if len(tail) != 0 {
		return 0, asn1.RawValue{}, fmt.Errorf("codec: %d trailing bytes after confirmed envelope", len(tail))
	}

	return InvokeID(invokeInt), serviceRaw, nil
}

=== END ./internal/codec/unmarshal.go ===
=== START ./internal/invoke/tracker.go ===
// Package invoke manages MMS invoke ID allocation and request/response
// correlation.
//
// The client uses [Tracker.NextID] for invoke ID allocation and
// [Tracker.AllocateWithID]/[Tracker.Complete] for asynchronous
// dispatch via the background reader loop. The tracker correlates
// inbound confirmed responses to waiting callers by invoke ID.
//
// This package is internal — invoke ID management is transparent to
// users of the public mms.Client API.
package invoke

import (
	"fmt"
	"sync"

	"github.com/otfabric/go-mms/internal/codec"
)

// Tracker allocates invoke IDs and optionally tracks outstanding
// confirmed requests. It is safe for concurrent use.
type Tracker struct {
	mu         sync.Mutex
	nextID     codec.InvokeID
	pending    map[codec.InvokeID]chan<- Response
	maxPending int
}

// Response carries the result of an outstanding confirmed request.
type Response struct {
	InvokeID codec.InvokeID
	Kind     int    // PDU kind, opaque to this package; set by the reader
	Data     []byte // raw inner content bytes for further processing
	Err      error  // non-nil if the request failed before a response was received
}

// NewTracker creates a new invoke tracker.
// maxPending limits the number of concurrent outstanding requests
// (0 = no limit, but in practice should match the negotiated value).
func NewTracker(maxPending int) *Tracker {
	return &Tracker{
		pending:    make(map[codec.InvokeID]chan<- Response),
		maxPending: maxPending,
	}
}

// NextID returns the next invoke ID without registering a pending
// request. Use this for the synchronous request/response model where
// the caller manages the send/receive lifecycle directly.
func (t *Tracker) NextID() codec.InvokeID {
	t.mu.Lock()
	defer t.mu.Unlock()
	t.nextID++
	if t.nextID == 0 {
		t.nextID = 1
	}
	return t.nextID
}

// Allocate reserves the next invoke ID and registers a pending request.
// The returned channel will receive exactly one Response when the
// request completes (or is cancelled). The caller must eventually call
// Complete or Cancel for this invoke ID.
func (t *Tracker) Allocate() (codec.InvokeID, <-chan Response, error) {
	t.mu.Lock()
	defer t.mu.Unlock()

	if t.maxPending > 0 && len(t.pending) >= t.maxPending {
		return 0, nil, fmt.Errorf("invoke: outstanding call limit reached (%d)", t.maxPending)
	}

	t.nextID++
	if t.nextID == 0 {
		t.nextID = 1
	}
	id := t.nextID

	ch := make(chan Response, 1)
	t.pending[id] = ch
	return id, ch, nil
}

// AllocateWithID registers a pending request for a specific invoke ID
// (already allocated via [NextID]). Returns the response channel.
func (t *Tracker) AllocateWithID(id codec.InvokeID) (codec.InvokeID, <-chan Response, error) {
	t.mu.Lock()
	defer t.mu.Unlock()

	if t.maxPending > 0 && len(t.pending) >= t.maxPending {
		return 0, nil, fmt.Errorf("invoke: outstanding call limit reached (%d)", t.maxPending)
	}

	if _, exists := t.pending[id]; exists {
		return 0, nil, fmt.Errorf("invoke: ID %d already pending", id)
	}

	ch := make(chan Response, 1)
	t.pending[id] = ch
	return id, ch, nil
}

// Complete delivers a response for the given invoke ID and removes
// the pending entry. Returns false if no pending request exists for
// the ID (e.g., already completed or cancelled).
func (t *Tracker) Complete(id codec.InvokeID, resp Response) bool {
	t.mu.Lock()
	ch, ok := t.pending[id]
	if ok {
		delete(t.pending, id)
	}
	t.mu.Unlock()

	if !ok {
		return false
	}
	resp.InvokeID = id
	ch <- resp
	return true
}

// Cancel removes a pending request without delivering a response.
// The response channel receives an error. Returns false if no pending
// request exists for the ID.
func (t *Tracker) Cancel(id codec.InvokeID, err error) bool {
	return t.Complete(id, Response{Err: err})
}

// CancelAll cancels all pending requests with the given error.
func (t *Tracker) CancelAll(err error) {
	t.mu.Lock()
	pending := t.pending
	t.pending = make(map[codec.InvokeID]chan<- Response)
	t.mu.Unlock()

	for id, ch := range pending {
		ch <- Response{InvokeID: id, Err: err}
	}
}

// PendingCount returns the number of currently pending requests.
func (t *Tracker) PendingCount() int {
	t.mu.Lock()
	defer t.mu.Unlock()
	return len(t.pending)
}

=== END ./internal/invoke/tracker.go ===
=== START ./internal/isostack/client.go ===
// Package isostack orchestrates the ISO upper-layer protocol stack
// (session → presentation → ACSE) for client-side MMS connections.
//
// This package composes internal/session, internal/presentation, and
// internal/acse into a single codec layer. It does not own the transport
// connection — that responsibility belongs to the caller (via go-tpkt /
// go-cotp or a mock transport in tests).
//
// This package is internal — users interact with mms.Client.
package isostack

import (
	"fmt"

	"github.com/otfabric/go-mms/internal/acse"
	"github.com/otfabric/go-mms/internal/presentation"
	"github.com/otfabric/go-mms/internal/session"
)

// Params holds all ISO upper-layer parameters needed for association.
type Params struct {
	CallingSessionSelector      []byte
	CalledSessionSelector       []byte
	CallingPresentationSelector []byte
	CalledPresentationSelector  []byte
	ACSE                        acse.AARQParams
}

// AssociateResult holds the parsed result of a full ISO association response
// (Session ACCEPT + Presentation CPA + ACSE AARE).
type AssociateResult struct {
	ACSEResult int    // 0=accepted, 1=rejected-permanent, 2=rejected-transient
	MmsPayload []byte // inner MMS Initiate Response bytes
}

// EncodeAssociateRequest builds the full ISO upper-layer association
// request: Session CONNECT wrapping Presentation CP wrapping ACSE AARQ
// wrapping the given MMS Initiate Request payload.
//
// The returned bytes are ready to be sent as COTP user data.
func EncodeAssociateRequest(p Params, mmsPayload []byte) ([]byte, error) {
	aarq, err := acse.EncodeAARQ(p.ACSE, mmsPayload)
	if err != nil {
		return nil, fmt.Errorf("isostack: encode AARQ: %w", err)
	}

	cp := presentation.EncodeCP(presentation.ConnectParams{
		CallingSelector: p.CallingPresentationSelector,
		CalledSelector:  p.CalledPresentationSelector,
	}, aarq)

	cn := session.EncodeConnect(session.ConnectParams{
		CallingSelector: p.CallingSessionSelector,
		CalledSelector:  p.CalledSessionSelector,
	}, cp)

	return cn, nil
}

// DecodeAssociateResponse parses a full ISO association response
// (Session ACCEPT → Presentation CPA → ACSE AARE) from the raw
// bytes received as COTP user data.
func DecodeAssociateResponse(data []byte) (*AssociateResult, error) {
	spdu, err := session.Parse(data)
	if err != nil {
		return nil, fmt.Errorf("isostack: session: %w", err)
	}
	if spdu.Type != session.SpduAccept {
		return nil, fmt.Errorf("isostack: expected Session ACCEPT, got %s", spdu.Type)
	}

	ppdu, err := presentation.Parse(spdu.UserData)
	if err != nil {
		return nil, fmt.Errorf("isostack: presentation: %w", err)
	}
	if ppdu.Kind != presentation.PpduCPA {
		return nil, fmt.Errorf("isostack: expected Presentation CPA, got %s", ppdu.Kind)
	}
	if ppdu.ContextID != presentation.ContextIDACSE {
		return nil, fmt.Errorf("isostack: expected ACSE context (%d) in association response, got context %d",
			presentation.ContextIDACSE, ppdu.ContextID)
	}

	apdu, err := acse.Parse(ppdu.UserData)
	if err != nil {
		return nil, fmt.Errorf("isostack: acse: %w", err)
	}
	if apdu.Type != acse.ApduAARE {
		return nil, fmt.Errorf("isostack: expected ACSE AARE, got %s", apdu.Type)
	}

	return &AssociateResult{
		ACSEResult: apdu.AARE.Result,
		MmsPayload: apdu.AARE.UserData,
	}, nil
}

// EncodeDataRequest wraps an MMS PDU in presentation user-data inside
// a session DATA SPDU, ready to be sent as COTP user data.
func EncodeDataRequest(mmsPayload []byte) []byte {
	pres := presentation.EncodeUserData(presentation.ContextIDMMS, mmsPayload)
	return session.EncodeData(pres)
}

// DecodeDataResponse parses session DATA → presentation user-data
// and returns the inner MMS PDU payload.
func DecodeDataResponse(data []byte) ([]byte, error) {
	spdu, err := session.Parse(data)
	if err != nil {
		return nil, fmt.Errorf("isostack: session: %w", err)
	}

	switch spdu.Type {
	case session.SpduData:
		// Normal data transfer
	case session.SpduFinish:
		return nil, fmt.Errorf("isostack: received Session FINISH (server-initiated release)")
	case session.SpduAbort:
		return nil, fmt.Errorf("isostack: received Session ABORT")
	default:
		return nil, fmt.Errorf("isostack: unexpected SPDU type %s during data transfer", spdu.Type)
	}

	ppdu, err := presentation.Parse(spdu.UserData)
	if err != nil {
		return nil, fmt.Errorf("isostack: presentation: %w", err)
	}
	if ppdu.ContextID != presentation.ContextIDMMS {
		return nil, fmt.Errorf("isostack: expected MMS context (%d) in data response, got context %d",
			presentation.ContextIDMMS, ppdu.ContextID)
	}

	return ppdu.UserData, nil
}

// EncodeReleaseRequest builds a release request: Session FINISH wrapping
// Presentation user-data (ACSE context) wrapping ACSE RLRQ.
func EncodeReleaseRequest() []byte {
	rlrq := acse.EncodeRLRQ()
	pres := presentation.EncodeUserData(presentation.ContextIDACSE, rlrq)
	return session.EncodeFinish(pres)
}

// EncodeAbort builds an abort: Session ABORT wrapping Presentation
// user-data (ACSE context) wrapping ACSE ABRT.
func EncodeAbort() []byte {
	abrt := acse.EncodeABRT(0)
	pres := presentation.EncodeUserData(presentation.ContextIDACSE, abrt)
	return session.EncodeAbort(pres)
}

=== END ./internal/isostack/client.go ===
=== START ./internal/isostack/server.go ===
package isostack

import (
	"fmt"

	"github.com/otfabric/go-mms/internal/acse"
	"github.com/otfabric/go-mms/internal/presentation"
	"github.com/otfabric/go-mms/internal/session"
)

// AssociateRequest holds the parsed result of a client's association request
// (Session CONNECT → Presentation CP → ACSE AARQ).
type AssociateRequest struct {
	MmsPayload []byte        // MMS Initiate Request bytes
	Auth       acse.AuthInfo // ACSE authentication information from AARQ
}

// DecodeAssociateRequest parses an incoming association request from a
// client: Session CONNECT → Presentation CP → ACSE AARQ.
// Returns the MMS payload (Initiate Request) from the AARQ user-information.
func DecodeAssociateRequest(data []byte) (*AssociateRequest, error) {
	spdu, err := session.Parse(data)
	if err != nil {
		return nil, fmt.Errorf("isostack: parse session CONNECT: %w", err)
	}
	if spdu.Type != session.SpduConnect {
		return nil, fmt.Errorf("isostack: expected CONNECT, got %s", spdu.Type)
	}

	ppdu, err := presentation.Parse(spdu.UserData)
	if err != nil {
		return nil, fmt.Errorf("isostack: parse presentation CP: %w", err)
	}
	if ppdu.Kind != presentation.PpduCP {
		return nil, fmt.Errorf("isostack: expected CP, got %s", ppdu.Kind)
	}

	apdu, err := acse.Parse(ppdu.UserData)
	if err != nil {
		return nil, fmt.Errorf("isostack: parse ACSE AARQ: %w", err)
	}
	if apdu.Type != acse.ApduAARQ {
		return nil, fmt.Errorf("isostack: expected AARQ, got %s", apdu.Type)
	}

	return &AssociateRequest{
		MmsPayload: apdu.UserData,
		Auth:       apdu.Auth,
	}, nil
}

// EncodeAssociateResponse builds the server's association response:
// Session ACCEPT → Presentation CPA → ACSE AARE with the given MMS payload.
func EncodeAssociateResponse(mmsPayload []byte) []byte {
	aare := acse.EncodeAARE(acse.ResultAccepted, mmsPayload)
	cpa := presentation.EncodeCPA(nil, aare)
	return session.EncodeAccept(session.ConnectParams{}, cpa)
}

// EncodeAssociateReject builds a rejection response for the association.
func EncodeAssociateReject() []byte {
	aare := acse.EncodeAARE(acse.ResultRejectedPerm, nil)
	cpa := presentation.EncodeCPA(nil, aare)
	return session.EncodeAccept(session.ConnectParams{}, cpa)
}

// DecodeReleaseRequest parses a FINISH SPDU containing RLRQ.
func DecodeReleaseRequest(data []byte) error {
	spdu, err := session.Parse(data)
	if err != nil {
		return fmt.Errorf("isostack: parse session: %w", err)
	}
	if spdu.Type != session.SpduFinish {
		return fmt.Errorf("isostack: expected FINISH, got %s", spdu.Type)
	}
	return nil
}

// EncodeReleaseResponse builds a DISCONNECT SPDU with RLRE.
func EncodeReleaseResponse() []byte {
	rlre := acse.EncodeRLRE()
	userData := presentation.EncodeUserData(presentation.ContextIDACSE, rlre)
	return session.EncodeDisconnect(userData)
}

=== END ./internal/isostack/server.go ===
=== START ./internal/pdu/altaccess.go ===
package pdu

import (
	"fmt"

	"github.com/otfabric/go-mms/internal/berutil"
)

// AccessSelectorWire is the internal wire representation of one level
// of alternate access selection.
type AccessSelectorWire struct {
	Component  string
	HasIndex   bool
	Index      int
	IndexRange *IndexRangeWire
}

// IndexRangeWire holds the wire representation of an array index range.
type IndexRangeWire struct {
	LowIndex         int
	NumberOfElements int
}

// VariableSpecWire is an ObjectName with optional alternate access.
type VariableSpecWire struct {
	Name            ObjectNameWire
	AlternateAccess []AccessSelectorWire
}

// BER tags for alternate access encoding.
const (
	tagAltAccessWrapper byte = 0xa5 // [5] CONSTRUCTED — alternateAccess in ListOfVariableSeq

	tagSelectAltAccess byte = 0xa0 // [0] CONSTRUCTED — selectAlternateAccess

	tagSAComponent  byte = 0x80 // [0] IMPLICIT — component (inside selectAlternateAccess)
	tagSAIndex      byte = 0x81 // [1] IMPLICIT — index (inside selectAlternateAccess)
	tagSAIndexRange byte = 0xa2 // [2] CONSTRUCTED — indexRange (inside selectAlternateAccess)

	tagSSComponent  byte = 0x81 // [1] IMPLICIT — component (selectAccess)
	tagSSIndex      byte = 0x82 // [2] IMPLICIT — index (selectAccess)
	tagSSIndexRange byte = 0xa3 // [3] CONSTRUCTED — indexRange (selectAccess)
)

// encodeAlternateAccess encodes a chain of AccessSelectorWire values
// into a BER AlternateAccess (SEQUENCE OF AlternateAccessSelection).
// The last selector uses selectAccess (terminal); preceding selectors
// use selectAlternateAccess (recursive, wrapping the rest).
func encodeAlternateAccess(selectors []AccessSelectorWire) ([]byte, error) {
	if len(selectors) == 0 {
		return nil, fmt.Errorf("empty alternate access chain")
	}

	if len(selectors) == 1 {
		return encodeTerminalSelector(selectors[0])
	}

	return encodeNestedSelector(selectors[0], selectors[1:])
}

// encodeTerminalSelector encodes a single selectAccess choice.
func encodeTerminalSelector(sel AccessSelectorWire) ([]byte, error) {
	switch {
	case sel.Component != "":
		return berutil.EncodeTLV(tagSSComponent, []byte(sel.Component)), nil
	case sel.HasIndex:
		return berutil.EncodeTLV(tagSSIndex, berutil.EncodeUint32(uint32(sel.Index))), nil
	case sel.IndexRange != nil:
		return encodeIndexRange(tagSSIndexRange, sel.IndexRange), nil
	default:
		return nil, fmt.Errorf("empty access selector")
	}
}

// encodeNestedSelector encodes selectAlternateAccess [0] with the
// first selector as the accessSelection, and the remaining selectors
// recursively as a nested AlternateAccess.
func encodeNestedSelector(sel AccessSelectorWire, rest []AccessSelectorWire) ([]byte, error) {
	var accessSel []byte
	switch {
	case sel.Component != "":
		accessSel = berutil.EncodeTLV(tagSAComponent, []byte(sel.Component))
	case sel.HasIndex:
		accessSel = berutil.EncodeTLV(tagSAIndex, berutil.EncodeUint32(uint32(sel.Index)))
	case sel.IndexRange != nil:
		accessSel = encodeIndexRange(tagSAIndexRange, sel.IndexRange)
	default:
		return nil, fmt.Errorf("empty access selector")
	}

	nested, err := encodeAlternateAccess(rest)
	if err != nil {
		return nil, fmt.Errorf("nested alternate access: %w", err)
	}
	nestedWrapped := berutil.EncodeTLV(tagAltAccessWrapper, nested)

	content := make([]byte, 0, len(accessSel)+len(nestedWrapped))
	content = append(content, accessSel...)
	content = append(content, nestedWrapped...)

	return berutil.EncodeTLV(tagSelectAltAccess, content), nil
}

func encodeIndexRange(tag byte, ir *IndexRangeWire) []byte {
	low := berutil.EncodeTLV(0x80, berutil.EncodeUint32(uint32(ir.LowIndex)))
	num := berutil.EncodeTLV(0x81, berutil.EncodeUint32(uint32(ir.NumberOfElements)))
	content := make([]byte, 0, len(low)+len(num))
	content = append(content, low...)
	content = append(content, num...)
	return berutil.EncodeTLV(tag, content)
}

// decodeAlternateAccess decodes an AlternateAccess SEQUENCE OF from
// raw BER content (without the outer [5] wrapper tag).
func decodeAlternateAccess(data []byte) ([]AccessSelectorWire, error) {
	var chain []AccessSelectorWire
	offset := 0

	for offset < len(data) {
		tag, content, n, err := berutil.DecodeTLVAt(data, offset)
		if err != nil {
			return nil, fmt.Errorf("alternate access element: %w", err)
		}
		offset += n

		switch tag {
		case tagSelectAltAccess:
			sels, err := decodeSelectAlternateAccess(content)
			if err != nil {
				return nil, err
			}
			chain = append(chain, sels...)
		case tagSSComponent:
			chain = append(chain, AccessSelectorWire{Component: string(content)})
		case tagSSIndex:
			idx, err := berutil.DecodeUnsigned(content)
			if err != nil {
				return nil, fmt.Errorf("selectAccess index: %w", err)
			}
			chain = append(chain, AccessSelectorWire{HasIndex: true, Index: int(idx)})
		case tagSSIndexRange:
			ir, err := decodeIndexRange(content)
			if err != nil {
				return nil, fmt.Errorf("selectAccess indexRange: %w", err)
			}
			chain = append(chain, AccessSelectorWire{IndexRange: ir})
		default:
			return nil, fmt.Errorf("unexpected alternate access tag 0x%02x", tag)
		}
	}

	return chain, nil
}

// decodeSelectAlternateAccess decodes selectAlternateAccess [0] content.
func decodeSelectAlternateAccess(data []byte) ([]AccessSelectorWire, error) {
	if len(data) == 0 {
		return nil, fmt.Errorf("selectAlternateAccess: empty content")
	}

	offset := 0
	tag, content, n, err := berutil.DecodeTLVAt(data, offset)
	if err != nil {
		return nil, fmt.Errorf("selectAlternateAccess accessSelection: %w", err)
	}
	offset += n

	var sel AccessSelectorWire
	switch tag {
	case tagSAComponent:
		sel = AccessSelectorWire{Component: string(content)}
	case tagSAIndex:
		idx, err := berutil.DecodeUnsigned(content)
		if err != nil {
			return nil, fmt.Errorf("selectAlternateAccess index: %w", err)
		}
		sel = AccessSelectorWire{HasIndex: true, Index: int(idx)}
	case tagSAIndexRange:
		ir, err := decodeIndexRange(content)
		if err != nil {
			return nil, fmt.Errorf("selectAlternateAccess indexRange: %w", err)
		}
		sel = AccessSelectorWire{IndexRange: ir}
	default:
		return nil, fmt.Errorf("selectAlternateAccess: unexpected accessSelection tag 0x%02x", tag)
	}

	chain := []AccessSelectorWire{sel}

	if offset < len(data) {
		tag2, content2, n2, err := berutil.DecodeTLVAt(data, offset)
		if err != nil {
			return nil, fmt.Errorf("selectAlternateAccess nested: %w", err)
		}
		offset += n2
		if tag2 != tagAltAccessWrapper {
			return nil, fmt.Errorf("selectAlternateAccess: expected nested [5] (0xa5), got 0x%02x", tag2)
		}
		nested, err := decodeAlternateAccess(content2)
		if err != nil {
			return nil, fmt.Errorf("selectAlternateAccess nested: %w", err)
		}
		chain = append(chain, nested...)
	}

	if offset != len(data) {
		return nil, fmt.Errorf("selectAlternateAccess: %d trailing bytes", len(data)-offset)
	}

	return chain, nil
}

func decodeIndexRange(data []byte) (*IndexRangeWire, error) {
	offset := 0
	var low, num int
	var gotLow, gotNum bool

	for offset < len(data) {
		tag, content, n, err := berutil.DecodeTLVAt(data, offset)
		if err != nil {
			return nil, fmt.Errorf("indexRange field: %w", err)
		}
		offset += n

		switch tag {
		case 0x80:
			v, err := berutil.DecodeUnsigned(content)
			if err != nil {
				return nil, fmt.Errorf("indexRange lowIndex: %w", err)
			}
			low = int(v)
			gotLow = true
		case 0x81:
			v, err := berutil.DecodeUnsigned(content)
			if err != nil {
				return nil, fmt.Errorf("indexRange numberOfElements: %w", err)
			}
			num = int(v)
			gotNum = true
		default:
			return nil, fmt.Errorf("indexRange: unexpected tag 0x%02x", tag)
		}
	}

	if !gotLow || !gotNum {
		return nil, fmt.Errorf("indexRange: missing required field(s)")
	}

	return &IndexRangeWire{LowIndex: low, NumberOfElements: num}, nil
}

=== END ./internal/pdu/altaccess.go ===
=== START ./internal/pdu/confirmed.go ===
package pdu

import (
	"encoding/asn1"
	"fmt"

	"github.com/otfabric/go-mms/internal/asn1util"
	"github.com/otfabric/go-mms/internal/berutil"
	"github.com/otfabric/go-mms/internal/codec"
)

// ServiceKind identifies which MMS confirmed service is in the PDU.
type ServiceKind int

const (
	ServiceStatus ServiceKind = iota
	ServiceGetNameList
	ServiceIdentify
	ServiceRead
	ServiceWrite
	ServiceGetVariableAccessAttrs
	ServiceDefineNamedVariableList
	ServiceGetNamedVariableListAttrs
	ServiceDeleteNamedVariableList
	ServiceFileOpen
	ServiceFileRead
	ServiceFileClose
	ServiceFileRename
	ServiceFileDelete
	ServiceFileDirectory
	ServiceObtainFile
	ServiceReadJournal
	ServiceUnknown
)

var serviceKindNames = [...]string{
	"Status",
	"GetNameList",
	"Identify",
	"Read",
	"Write",
	"GetVariableAccessAttributes",
	"DefineNamedVariableList",
	"GetNamedVariableListAttributes",
	"DeleteNamedVariableList",
	"FileOpen",
	"FileRead",
	"FileClose",
	"FileRename",
	"FileDelete",
	"FileDirectory",
	"ObtainFile",
	"ReadJournal",
	"Unknown",
}

func (s ServiceKind) String() string {
	if int(s) >= 0 && int(s) < len(serviceKindNames) {
		return serviceKindNames[s]
	}
	return fmt.Sprintf("ServiceKind(%d)", int(s))
}

// ConfirmedResponse holds the parsed envelope of a ConfirmedResponsePdu.
type ConfirmedResponse struct {
	InvokeID    codec.InvokeID
	ServiceKind ServiceKind
	ServiceData asn1.RawValue
}

// ExtractInvokeID reads the invoke ID from the first TLV in a
// ConfirmedResponse (tag 0x02), ConfirmedError (tag 0x80), or Reject
// (tag 0x80) PDU content without fully parsing the rest. Used by the
// reader loop for dispatch.
func ExtractInvokeID(content []byte) (codec.InvokeID, error) {
	if len(content) == 0 {
		return 0, fmt.Errorf("pdu: extract invoke ID: empty content")
	}
	tag, inner, _, err := berutil.DecodeTLVAt(content, 0)
	if err != nil {
		return 0, fmt.Errorf("pdu: extract invoke ID: %w", err)
	}
	switch tag {
	case 0x02, 0x80:
		id, err := berutil.DecodeInteger(inner)
		if err != nil {
			return 0, fmt.Errorf("pdu: extract invoke ID value: %w", err)
		}
		return codec.InvokeID(id), nil
	default:
		return 0, fmt.Errorf("pdu: extract invoke ID: unexpected tag 0x%02x", tag)
	}
}

// DecodeConfirmedResponse parses the inner content of a
// ConfirmedResponsePdu (after the 0xa1 outer tag is stripped).
func DecodeConfirmedResponse(content []byte) (*ConfirmedResponse, error) {
	invokeID, serviceRaw, err := codec.UnmarshalConfirmedResponse(content)
	if err != nil {
		return nil, fmt.Errorf("pdu: %w", err)
	}

	kind := classifyServiceByTagNum(serviceRaw.Tag)

	return &ConfirmedResponse{
		InvokeID:    invokeID,
		ServiceKind: kind,
		ServiceData: serviceRaw,
	}, nil
}

// ClassifyServiceTag maps a BER tag number to a ServiceKind.
// Exported for use by the root package's test mock server dispatch.
func ClassifyServiceTag(tagNum int) ServiceKind {
	return classifyServiceByTagNum(tagNum)
}

func classifyServiceByTagNum(tagNum int) ServiceKind {
	switch tagNum {
	case asn1util.TagNumStatus:
		return ServiceStatus
	case asn1util.TagNumGetNameList:
		return ServiceGetNameList
	case asn1util.TagNumIdentify:
		return ServiceIdentify
	case asn1util.TagNumRead:
		return ServiceRead
	case asn1util.TagNumWrite:
		return ServiceWrite
	case asn1util.TagNumGetVariableAccessAttributes:
		return ServiceGetVariableAccessAttrs
	case asn1util.TagNumDefineNamedVariableList:
		return ServiceDefineNamedVariableList
	case asn1util.TagNumGetNamedVariableListAttrs:
		return ServiceGetNamedVariableListAttrs
	case asn1util.TagNumDeleteNamedVariableList:
		return ServiceDeleteNamedVariableList
	case asn1util.TagNumFileOpen:
		return ServiceFileOpen
	case asn1util.TagNumFileRead:
		return ServiceFileRead
	case asn1util.TagNumFileClose:
		return ServiceFileClose
	case asn1util.TagNumFileRename:
		return ServiceFileRename
	case asn1util.TagNumFileDelete:
		return ServiceFileDelete
	case asn1util.TagNumFileDirectory:
		return ServiceFileDirectory
	case asn1util.TagNumObtainFile:
		return ServiceObtainFile
	case asn1util.TagNumReadJournal:
		return ServiceReadJournal
	default:
		return ServiceUnknown
	}
}

// MarshalConfirmedRequest builds a complete ConfirmedRequestPdu for a
// given service. tagNum is the CHOICE tag number and constructed
// indicates whether the service body is constructed. servicePayload
// is the pre-encoded content for the service (e.g., nil for Identify).
func MarshalConfirmedRequest(invokeID codec.InvokeID, tagNum int, constructed bool, servicePayload []byte) ([]byte, error) {
	return codec.MarshalConfirmedRequest(invokeID, tagNum, constructed, servicePayload)
}

// marshalConfirmedLegacy converts a single-byte tag constant to
// (tagNum, constructed) and delegates to MarshalConfirmedRequest.
func marshalConfirmedLegacy(invokeID codec.InvokeID, tag byte, payload []byte) ([]byte, error) {
	return MarshalConfirmedRequest(invokeID, asn1util.TagNumber(tag), asn1util.IsConstructed(tag), payload)
}

=== END ./internal/pdu/confirmed.go ===
=== START ./internal/pdu/data.go ===
package pdu

import (
	"encoding/binary"
	"fmt"
	"math"
	"time"

	"github.com/otfabric/go-mms/internal/berutil"
)

// MMS Data CHOICE tags (context-specific implicit).
const (
	TagDataAccessError byte = 0x80 // [0] IMPLICIT INTEGER
	TagDataArray       byte = 0xa1 // [1] IMPLICIT SEQUENCE OF Data
	TagDataStructure   byte = 0xa2 // [2] IMPLICIT SEQUENCE OF Data
	TagDataBoolean     byte = 0x83 // [3] IMPLICIT BOOLEAN
	TagDataBitString   byte = 0x84 // [4] IMPLICIT BIT STRING
	TagDataInteger     byte = 0x85 // [5] IMPLICIT INTEGER
	TagDataUnsigned    byte = 0x86 // [6] IMPLICIT unsigned INTEGER
	TagDataFloat       byte = 0x87 // [7] IMPLICIT FloatingPoint
	TagDataOctetString byte = 0x89 // [9] IMPLICIT OCTET STRING
	TagDataVisibleStr  byte = 0x8a // [10] IMPLICIT VisibleString
	TagDataBinaryTime  byte = 0x8c // [12] IMPLICIT TimeOfDay (4 or 6 bytes)
	TagDataObjId       byte = 0x88 // [8] IMPLICIT OBJECT IDENTIFIER
	TagDataMmsString   byte = 0x90 // [16] IMPLICIT MMSString (UTF-8)
	TagDataGenTime     byte = 0x8b // [11] IMPLICIT GeneralizedTime
	TagDataBCD         byte = 0x8d // [13] IMPLICIT INTEGER (BCD encoded)
	TagDataUTCTime     byte = 0x91 // [17] IMPLICIT UtcTime (8 bytes)
)

// DataValue is the internal representation of an MMS Data element.
// Each field is populated based on the Tag value.
type DataValue struct {
	Tag       byte
	Bool      bool
	Int       int64
	Uint      uint64
	Float     float64
	FloatWide bool         // true = float64 (9 bytes), false = float32 (5 bytes)
	Bytes     []byte       // OctetString, BitString data
	BitLen    int          // BitString: number of valid bits
	Str       string       // VisibleString, MmsString
	Time      time.Time    // UTCTime
	BinTimeMs int64        // BinaryTime: ms since Unix epoch (6-byte) or ms since midnight (4-byte)
	OID       []int        // ObjectIdentifier arcs
	Elements  []*DataValue // Array, Structure children
	ErrCode   int          // DataAccessError code
}

// MarshalData encodes a DataValue into BER wire format.
func MarshalData(v *DataValue) ([]byte, error) {
	switch v.Tag {
	case TagDataBoolean:
		b := byte(0x00)
		if v.Bool {
			b = 0xff
		}
		return berutil.EncodeTLV(TagDataBoolean, []byte{b}), nil

	case TagDataInteger:
		return berutil.EncodeTLV(TagDataInteger, encodeSignedInt(v.Int)), nil

	case TagDataUnsigned:
		return berutil.EncodeTLV(TagDataUnsigned, encodeUnsignedInt(v.Uint)), nil

	case TagDataFloat:
		return berutil.EncodeTLV(TagDataFloat, encodeFloat(v.Float, v.FloatWide)), nil

	case TagDataBitString:
		return berutil.EncodeTLV(TagDataBitString, encodeBitString(v.Bytes, v.BitLen)), nil

	case TagDataOctetString:
		return berutil.EncodeTLV(TagDataOctetString, v.Bytes), nil

	case TagDataVisibleStr:
		return berutil.EncodeTLV(TagDataVisibleStr, []byte(v.Str)), nil

	case TagDataMmsString:
		return berutil.EncodeTLV(TagDataMmsString, []byte(v.Str)), nil

	case TagDataUTCTime:
		return berutil.EncodeTLV(TagDataUTCTime, encodeUTCTime(v.Time)), nil

	case TagDataBinaryTime:
		return berutil.EncodeTLV(TagDataBinaryTime, encodeBinaryTime(v.BinTimeMs)), nil

	case TagDataObjId:
		content, err := berutil.EncodeObjectIdentifier(v.OID)
		if err != nil {
			return nil, fmt.Errorf("pdu: object identifier: %w", err)
		}
		return berutil.EncodeTLV(TagDataObjId, content), nil

	case TagDataGenTime:
		ts := v.Time.UTC().Format("20060102150405Z")
		return berutil.EncodeTLV(TagDataGenTime, []byte(ts)), nil

	case TagDataBCD:
		return berutil.EncodeTLV(TagDataBCD, encodeSignedInt(v.Int)), nil

	case TagDataArray, TagDataStructure:
		var inner []byte
		for _, elem := range v.Elements {
			b, err := MarshalData(elem)
			if err != nil {
				return nil, err
			}
			inner = append(inner, b...)
		}
		return berutil.EncodeTLV(v.Tag, inner), nil

	case TagDataAccessError:
		return berutil.EncodeTLV(TagDataAccessError, encodeUnsignedInt(uint64(v.ErrCode))), nil

	default:
		return nil, fmt.Errorf("pdu: unsupported Data tag 0x%02x", v.Tag)
	}
}

// MarshalDataList encodes multiple DataValue elements into a
// concatenated BER byte sequence (for use inside SEQUENCE OF).
func MarshalDataList(values []*DataValue) ([]byte, error) {
	var buf []byte
	for _, v := range values {
		b, err := MarshalData(v)
		if err != nil {
			return nil, err
		}
		buf = append(buf, b...)
	}
	return buf, nil
}

// UnmarshalDataElement decodes a single MMS Data element from data
// at the given offset. Returns the decoded value and bytes consumed.
func UnmarshalDataElement(data []byte, offset int) (*DataValue, int, error) {
	tag, content, consumed, err := berutil.DecodeTLVAt(data, offset)
	if err != nil {
		return nil, 0, fmt.Errorf("pdu: data element: %w", err)
	}

	dv, err := decodeDataContent(tag, content)
	if err != nil {
		return nil, 0, err
	}
	return dv, consumed, nil
}

// UnmarshalAccessResults decodes a sequence of AccessResult elements
// (same encoding as Data). Used for Read response parsing.
func UnmarshalAccessResults(data []byte) ([]*DataValue, error) {
	var results []*DataValue
	offset := 0
	for offset < len(data) {
		dv, n, err := UnmarshalDataElement(data, offset)
		if err != nil {
			return nil, fmt.Errorf("pdu: access result [%d]: %w", len(results), err)
		}
		offset += n
		results = append(results, dv)
	}
	return results, nil
}

func decodeDataContent(tag byte, content []byte) (*DataValue, error) {
	switch tag {
	case TagDataBoolean:
		if len(content) != 1 {
			return nil, fmt.Errorf("pdu: boolean length %d, want 1", len(content))
		}
		return &DataValue{Tag: tag, Bool: content[0] != 0}, nil

	case TagDataInteger:
		v, err := decodeSignedInt(content)
		if err != nil {
			return nil, fmt.Errorf("pdu: integer: %w", err)
		}
		return &DataValue{Tag: tag, Int: v}, nil

	case TagDataUnsigned:
		v, err := decodeUnsignedInt(content)
		if err != nil {
			return nil, fmt.Errorf("pdu: unsigned: %w", err)
		}
		return &DataValue{Tag: tag, Uint: v}, nil

	case TagDataFloat:
		f, wide, err := decodeFloat(content)
		if err != nil {
			return nil, fmt.Errorf("pdu: float: %w", err)
		}
		return &DataValue{Tag: tag, Float: f, FloatWide: wide}, nil

	case TagDataBitString:
		data, bitLen, err := decodeBitString(content)
		if err != nil {
			return nil, fmt.Errorf("pdu: bit string: %w", err)
		}
		return &DataValue{Tag: tag, Bytes: data, BitLen: bitLen}, nil

	case TagDataOctetString:
		b := make([]byte, len(content))
		copy(b, content)
		return &DataValue{Tag: tag, Bytes: b}, nil

	case TagDataVisibleStr:
		return &DataValue{Tag: tag, Str: string(content)}, nil

	case TagDataMmsString:
		return &DataValue{Tag: tag, Str: string(content)}, nil

	case TagDataUTCTime:
		t, err := decodeUTCTime(content)
		if err != nil {
			return nil, fmt.Errorf("pdu: utc time: %w", err)
		}
		return &DataValue{Tag: tag, Time: t}, nil

	case TagDataBinaryTime:
		ms, err := decodeBinaryTime(content)
		if err != nil {
			return nil, fmt.Errorf("pdu: binary time: %w", err)
		}
		return &DataValue{Tag: tag, BinTimeMs: ms}, nil

	case TagDataObjId:
		oid, err := berutil.DecodeObjectIdentifier(content)
		if err != nil {
			return nil, fmt.Errorf("pdu: object identifier: %w", err)
		}
		return &DataValue{Tag: tag, OID: oid}, nil

	case TagDataGenTime:
		t, err := time.Parse("20060102150405Z", string(content))
		if err != nil {
			return nil, fmt.Errorf("pdu: generalized time: %w", err)
		}
		return &DataValue{Tag: tag, Time: t}, nil

	case TagDataBCD:
		v, err := decodeSignedInt(content)
		if err != nil {
			return nil, fmt.Errorf("pdu: bcd integer: %w", err)
		}
		return &DataValue{Tag: tag, Int: v}, nil

	case TagDataArray, TagDataStructure:
		elements, err := UnmarshalAccessResults(content)
		if err != nil {
			return nil, err
		}
		return &DataValue{Tag: tag, Elements: elements}, nil

	case TagDataAccessError:
		code, err := berutil.DecodeInteger(content)
		if err != nil {
			return nil, fmt.Errorf("pdu: data access error: %w", err)
		}
		return &DataValue{Tag: tag, ErrCode: code}, nil

	default:
		return nil, fmt.Errorf("pdu: unknown Data tag 0x%02x", tag)
	}
}

// Integer encoding: BER 2's complement, big-endian, minimum bytes.

func encodeSignedInt(v int64) []byte {
	if v == 0 {
		return []byte{0x00}
	}
	buf := make([]byte, 8)
	binary.BigEndian.PutUint64(buf, uint64(v))
	if v > 0 {
		i := 0
		for i < 7 && buf[i] == 0 && buf[i+1]&0x80 == 0 {
			i++
		}
		return buf[i:]
	}
	i := 0
	for i < 7 && buf[i] == 0xff && buf[i+1]&0x80 != 0 {
		i++
	}
	return buf[i:]
}

func encodeUnsignedInt(v uint64) []byte {
	if v == 0 {
		return []byte{0x00}
	}
	buf := make([]byte, 8)
	binary.BigEndian.PutUint64(buf, v)
	i := 0
	for i < 7 && buf[i] == 0 {
		i++
	}
	if buf[i]&0x80 != 0 {
		return append([]byte{0x00}, buf[i:]...)
	}
	return buf[i:]
}

func decodeSignedInt(data []byte) (int64, error) {
	if len(data) == 0 {
		return 0, fmt.Errorf("empty integer")
	}
	if len(data) > 8 {
		return 0, fmt.Errorf("integer too large (%d bytes)", len(data))
	}
	var v int64
	if data[0]&0x80 != 0 {
		v = -1
	}
	for _, b := range data {
		v = (v << 8) | int64(b)
	}
	return v, nil
}

func decodeUnsignedInt(data []byte) (uint64, error) {
	if len(data) == 0 {
		return 0, fmt.Errorf("empty unsigned integer")
	}
	// BER encodes integers as signed. A high bit on the first byte
	// without a leading 0x00 pad means negative — reject that.
	if data[0]&0x80 != 0 {
		return 0, fmt.Errorf("unsigned integer has negative encoding")
	}
	// Leading 0x00 is BER sign-padding for positive values > 0x7f.
	if data[0] == 0x00 && len(data) > 1 {
		data = data[1:]
	}
	if len(data) > 8 {
		return 0, fmt.Errorf("unsigned integer too large (%d bytes)", len(data))
	}
	var v uint64
	for _, b := range data {
		v = (v << 8) | uint64(b)
	}
	return v, nil
}

// Float encoding: [exponent_width] [IEEE 754 bytes]
// float32: exponent_width=8, 4 bytes; float64: exponent_width=11, 8 bytes

func encodeFloat(f float64, wide bool) []byte {
	if wide {
		buf := make([]byte, 9)
		buf[0] = 11
		binary.BigEndian.PutUint64(buf[1:], math.Float64bits(f))
		return buf
	}
	buf := make([]byte, 5)
	buf[0] = 8
	binary.BigEndian.PutUint32(buf[1:], math.Float32bits(float32(f)))
	return buf
}

func decodeFloat(data []byte) (float64, bool, error) {
	if len(data) == 0 {
		return 0, false, fmt.Errorf("empty float encoding")
	}
	if len(data) == 5 && data[0] == 8 {
		bits := binary.BigEndian.Uint32(data[1:5])
		return float64(math.Float32frombits(bits)), false, nil
	}
	if len(data) == 9 && data[0] == 11 {
		bits := binary.BigEndian.Uint64(data[1:9])
		return math.Float64frombits(bits), true, nil
	}
	return 0, false, fmt.Errorf("unsupported float encoding (len=%d, expWidth=%d)", len(data), data[0])
}

// BitString encoding: [unused_bits] [data_bytes]

func encodeBitString(data []byte, bitLen int) []byte {
	if len(data) == 0 {
		return []byte{0}
	}
	unused := byte(0)
	if bitLen > 0 {
		remainder := bitLen % 8
		if remainder != 0 {
			unused = byte(8 - remainder)
		}
	}
	content := make([]byte, 1+len(data))
	content[0] = unused
	copy(content[1:], data)
	return content
}

func decodeBitString(data []byte) ([]byte, int, error) {
	if len(data) == 0 {
		return nil, 0, fmt.Errorf("empty bit string content (missing unused-bits octet)")
	}
	unused := int(data[0])
	if unused > 7 {
		return nil, 0, fmt.Errorf("invalid unused bits count %d", unused)
	}
	if len(data) == 1 {
		if unused != 0 {
			return nil, 0, fmt.Errorf("empty bit string with non-zero unused bits %d", unused)
		}
		return nil, 0, nil
	}
	rawBytes := make([]byte, len(data)-1)
	copy(rawBytes, data[1:])
	bitLen := len(rawBytes)*8 - unused
	return rawBytes, bitLen, nil
}

// UTCTime encoding: 4 bytes seconds + 3 bytes fraction + 1 byte quality

func encodeUTCTime(t time.Time) []byte {
	buf := make([]byte, 8)
	secs := uint32(t.Unix())
	binary.BigEndian.PutUint32(buf[0:4], secs)
	ns := t.Nanosecond()
	frac := uint32(float64(ns) / 1e9 * float64(1<<24))
	buf[4] = byte(frac >> 16)
	buf[5] = byte(frac >> 8)
	buf[6] = byte(frac)
	buf[7] = 0x00 // quality: no flags
	return buf
}

func decodeUTCTime(data []byte) (time.Time, error) {
	if len(data) != 8 {
		return time.Time{}, fmt.Errorf("UTC time must be 8 bytes, got %d", len(data))
	}
	secs := binary.BigEndian.Uint32(data[0:4])
	frac := uint32(data[4])<<16 | uint32(data[5])<<8 | uint32(data[6])
	nanos := int64(float64(frac) / float64(1<<24) * 1e9)
	return time.Unix(int64(secs), nanos).UTC(), nil
}

// BinaryTime encoding:
//
// Decoder accepts both forms:
//   - 4-byte form: ms since midnight (big-endian uint32), no date info
//   - 6-byte form: 4 bytes ms since midnight + 2 bytes days since 1984-01-01
//
// Encoder always emits the canonical 6-byte form to preserve full
// date+time information.

var epoch1984 = time.Date(1984, 1, 1, 0, 0, 0, 0, time.UTC)

func encodeBinaryTime(msEpoch int64) []byte {
	t := time.UnixMilli(msEpoch).UTC()
	days := uint16(t.Sub(epoch1984).Hours() / 24)
	midnight := time.Date(t.Year(), t.Month(), t.Day(), 0, 0, 0, 0, time.UTC)
	msOfDay := uint32(t.Sub(midnight).Milliseconds())

	buf := make([]byte, 6)
	binary.BigEndian.PutUint32(buf[0:4], msOfDay)
	binary.BigEndian.PutUint16(buf[4:6], days)
	return buf
}

func decodeBinaryTime(data []byte) (int64, error) {
	switch len(data) {
	case 4:
		ms := int64(binary.BigEndian.Uint32(data))
		return ms, nil
	case 6:
		msOfDay := int64(binary.BigEndian.Uint32(data[0:4]))
		days := int64(binary.BigEndian.Uint16(data[4:6]))
		t := epoch1984.AddDate(0, 0, int(days))
		t = t.Add(time.Duration(msOfDay) * time.Millisecond)
		return t.UnixMilli(), nil
	default:
		return 0, fmt.Errorf("binary time must be 4 or 6 bytes, got %d", len(data))
	}
}

=== END ./internal/pdu/data.go ===
=== START ./internal/pdu/doc.go ===
// Package pdu handles MMS PDU construction and parsing.
//
// It defines the internal Go struct representations for MMS protocol
// data units (Initiate, ConfirmedRequest, ConfirmedResponse, Read,
// Write, etc.) and provides encode/decode functions for the wire format.
//
// This package depends on [internal/codec] and [internal/asn1util] for
// ASN.1 encoding details. Its types are not exposed in the public API.
package pdu

=== END ./internal/pdu/doc.go ===
=== START ./internal/pdu/error.go ===
package pdu

import (
	"fmt"

	"github.com/otfabric/go-mms/internal/berutil"
	"github.com/otfabric/go-mms/internal/codec"
)

// ConfirmedError holds the parsed fields of a ConfirmedErrorPDU.
type ConfirmedError struct {
	InvokeID   codec.InvokeID
	ErrorClass int
	ErrorCode  int
}

// DecodeConfirmedError parses the inner content of a ConfirmedErrorPDU
// (after the 0xa2 outer tag is stripped).
//
// Wire format:
//
//	ConfirmedErrorPDU ::= SEQUENCE {
//	    invokeID [0] IMPLICIT Unsigned32,
//	    serviceError [2] IMPLICIT ServiceError
//	}
//
//	ServiceError ::= SEQUENCE {
//	    errorClass [0] IMPLICIT CHOICE { ... }
//	}
func DecodeConfirmedError(content []byte) (*ConfirmedError, error) {
	if len(content) == 0 {
		return nil, fmt.Errorf("pdu: confirmed error: empty content")
	}

	result := &ConfirmedError{}
	offset := 0
	hasInvokeID := false

	for offset < len(content) {
		tag, inner, n, err := berutil.DecodeTLVAt(content, offset)
		if err != nil {
			return nil, fmt.Errorf("pdu: confirmed error field: %w", err)
		}
		offset += n

		switch tag {
		case 0x80: // invokeID
			id, err := berutil.DecodeInteger(inner)
			if err != nil {
				return nil, fmt.Errorf("pdu: confirmed error invokeID: %w", err)
			}
			result.InvokeID = codec.InvokeID(id)
			hasInvokeID = true
		case 0xa2: // serviceError
			if err := parseServiceError(inner, result); err != nil {
				return nil, err
			}
		default:
			return nil, fmt.Errorf("pdu: confirmed error: unexpected tag 0x%02x", tag)
		}
	}

	if !hasInvokeID {
		return nil, fmt.Errorf("pdu: confirmed error: missing invokeID")
	}

	return result, nil
}

func parseServiceError(data []byte, result *ConfirmedError) error {
	offset := 0
	for offset < len(data) {
		tag, inner, n, err := berutil.DecodeTLVAt(data, offset)
		if err != nil {
			return fmt.Errorf("pdu: service error field: %w", err)
		}
		offset += n

		if tag == 0xa0 { // errorClass
			return parseErrorClass(inner, result)
		}
	}
	return nil
}

// parseErrorClass parses the CHOICE inside errorClass [0].
// The tag identifies the error class (0x80=vmd-state, 0x81=app-ref, etc.)
// and the inner value is the error code INTEGER.
func parseErrorClass(data []byte, result *ConfirmedError) error {
	if len(data) == 0 {
		return nil
	}
	tag, inner, n, err := berutil.DecodeTLVAt(data, 0)
	if err != nil {
		return fmt.Errorf("pdu: error class: %w", err)
	}
	if n != len(data) {
		return fmt.Errorf("pdu: error class: %d trailing bytes", len(data)-n)
	}
	result.ErrorClass = int(tag) - 0x80
	if len(inner) > 0 {
		val, err := berutil.DecodeInteger(inner)
		if err != nil {
			return fmt.Errorf("pdu: error code: %w", err)
		}
		result.ErrorCode = val
	}
	return nil
}

// RejectPDU holds the parsed fields of a RejectPDU.
type RejectPDU struct {
	InvokeID     codec.InvokeID
	HasInvokeID  bool
	RejectType   int // 1=confirmedRequest, 2=confirmedResponse, 5=pduError, etc.
	RejectReason int
}

// DecodeRejectPDU parses the inner content of a RejectPDU
// (after the 0xa4 outer tag is stripped).
//
// Wire format:
//
//	RejectPDU ::= SEQUENCE {
//	    originalInvokeID [0] IMPLICIT Unsigned32 OPTIONAL,
//	    rejectReason CHOICE {
//	        confirmedRequestPDU  [1] IMPLICIT INTEGER,
//	        confirmedResponsePDU [2] IMPLICIT INTEGER,
//	        pduError             [5] IMPLICIT INTEGER,
//	        ...
//	    }
//	}
func DecodeRejectPDU(content []byte) (*RejectPDU, error) {
	if len(content) == 0 {
		return nil, fmt.Errorf("pdu: reject: empty content")
	}

	result := &RejectPDU{}
	offset := 0
	hasReason := false

	for offset < len(content) {
		tag, inner, n, err := berutil.DecodeTLVAt(content, offset)
		if err != nil {
			return nil, fmt.Errorf("pdu: reject field: %w", err)
		}
		offset += n

		switch {
		case tag == 0x80: // originalInvokeID
			id, err := berutil.DecodeInteger(inner)
			if err != nil {
				return nil, fmt.Errorf("pdu: reject invokeID: %w", err)
			}
			result.InvokeID = codec.InvokeID(id)
			result.HasInvokeID = true
		case tag >= 0x81 && tag <= 0x8b: // rejectReason CHOICE
			result.RejectType = int(tag) - 0x80
			if len(inner) > 0 {
				val, err := berutil.DecodeInteger(inner)
				if err != nil {
					return nil, fmt.Errorf("pdu: reject reason: %w", err)
				}
				result.RejectReason = val
			}
			hasReason = true
		default:
			return nil, fmt.Errorf("pdu: reject: unexpected tag 0x%02x", tag)
		}
	}

	if !hasReason {
		return nil, fmt.Errorf("pdu: reject: missing rejectReason")
	}

	return result, nil
}

=== END ./internal/pdu/error.go ===
=== START ./internal/pdu/file.go ===
package pdu

import (
	"fmt"
	"math"
	"time"

	"github.com/otfabric/go-mms/internal/asn1util"
	"github.com/otfabric/go-mms/internal/berutil"
	"github.com/otfabric/go-mms/internal/codec"
)

// FileDirectoryEntry is a single entry in a FileDirectory response.
type FileDirectoryEntry struct {
	FileName     string
	Size         int64
	LastModified time.Time
}

// FileOpenRequest holds the parsed FileOpen request fields.
type FileOpenRequest struct {
	FileName        string
	InitialPosition uint32
}

// FileDirectoryRequest holds the parsed FileDirectory request fields.
type FileDirectoryRequest struct {
	FileSpec      string
	ContinueAfter string
}

// --- Client-side request marshalers ---

// MarshalFileOpenRequest builds a ConfirmedRequestPdu for FileOpen.
// The current public client API always opens at position 0;
// seek/open-at-offset support may be added in a future phase.
//
//	FileOpenRequest ::= [72] IMPLICIT SEQUENCE {
//	    fileName   [0] IMPLICIT FileName,
//	    initialPosition [1] IMPLICIT Unsigned32
//	}
func MarshalFileOpenRequest(invokeID codec.InvokeID, fileName string, initialPosition uint32) ([]byte, error) {
	nameBytes := encodeFileName(fileName)
	posBytes := berutil.EncodeTLV(0x81, berutil.EncodeUint32(initialPosition))

	payload := make([]byte, 0, len(nameBytes)+len(posBytes))
	payload = append(payload, nameBytes...)
	payload = append(payload, posBytes...)

	return MarshalConfirmedRequest(invokeID, asn1util.TagNumFileOpen, true, payload)
}

// MarshalFileReadRequest builds a ConfirmedRequestPdu for FileRead.
// The request body is just the frsmId as an integer.
func MarshalFileReadRequest(invokeID codec.InvokeID, frsmID int32) ([]byte, error) {
	payload := berutil.EncodeInt(int(frsmID))
	return MarshalConfirmedRequest(invokeID, asn1util.TagNumFileRead, false, payload)
}

// MarshalFileCloseRequest builds a ConfirmedRequestPdu for FileClose.
func MarshalFileCloseRequest(invokeID codec.InvokeID, frsmID int32) ([]byte, error) {
	payload := berutil.EncodeInt(int(frsmID))
	return MarshalConfirmedRequest(invokeID, asn1util.TagNumFileClose, false, payload)
}

// MarshalFileDeleteRequest builds a ConfirmedRequestPdu for FileDelete.
func MarshalFileDeleteRequest(invokeID codec.InvokeID, fileName string) ([]byte, error) {
	payload := encodeFileName(fileName)
	return MarshalConfirmedRequest(invokeID, asn1util.TagNumFileDelete, true, payload)
}

// MarshalFileDirectoryRequest builds a ConfirmedRequestPdu for FileDirectory.
//
//	FileDirectoryRequest ::= [77] IMPLICIT SEQUENCE {
//	    fileSpecification [0] IMPLICIT FileName OPTIONAL
//	    continueAfter     [1] IMPLICIT FileName OPTIONAL
//	}
func MarshalFileDirectoryRequest(invokeID codec.InvokeID, fileSpec string, continueAfter string) ([]byte, error) {
	var payload []byte
	if fileSpec != "" {
		payload = append(payload, encodeFileNameTag(0xa0, fileSpec)...)
	}
	if continueAfter != "" {
		payload = append(payload, encodeFileNameTag(0xa1, continueAfter)...)
	}
	return MarshalConfirmedRequest(invokeID, asn1util.TagNumFileDirectory, true, payload)
}

// MarshalFileRenameRequest builds a ConfirmedRequestPdu for FileRename.
//
//	FileRenameRequest ::= [75] IMPLICIT SEQUENCE {
//	    currentFileName [0] IMPLICIT FileName,
//	    newFileName     [1] IMPLICIT FileName
//	}
func MarshalFileRenameRequest(invokeID codec.InvokeID, currentName, newName string) ([]byte, error) {
	cur := encodeFileNameTag(0xa0, currentName)
	new_ := encodeFileNameTag(0xa1, newName)

	payload := make([]byte, 0, len(cur)+len(new_))
	payload = append(payload, cur...)
	payload = append(payload, new_...)

	return MarshalConfirmedRequest(invokeID, asn1util.TagNumFileRename, true, payload)
}

// MarshalObtainFileRequest builds a ConfirmedRequestPdu for ObtainFile.
//
//	ObtainFileRequest ::= [46] IMPLICIT SEQUENCE {
//	    sourceFileName      [1] IMPLICIT FileName,
//	    destinationFileName [2] IMPLICIT FileName
//	}
func MarshalObtainFileRequest(invokeID codec.InvokeID, sourceFile, destFile string) ([]byte, error) {
	src := encodeFileNameTag(0xa1, sourceFile)
	dst := encodeFileNameTag(0xa2, destFile)

	payload := make([]byte, 0, len(src)+len(dst))
	payload = append(payload, src...)
	payload = append(payload, dst...)

	return MarshalConfirmedRequest(invokeID, asn1util.TagNumObtainFile, true, payload)
}

// FileRenameRequest holds the parsed FileRename request fields.
type FileRenameRequest struct {
	CurrentFileName string
	NewFileName     string
}

// ObtainFileRequest holds the parsed ObtainFile request fields.
type ObtainFileRequest struct {
	SourceFile      string
	DestinationFile string
}

// --- Server-side request unmarshalers ---

// UnmarshalFileOpenRequest decodes a FileOpen request body.
func UnmarshalFileOpenRequest(data []byte) (*FileOpenRequest, error) {
	req := &FileOpenRequest{}
	offset := 0
	for offset < len(data) {
		tag, inner, n, err := berutil.DecodeTLVAt(data, offset)
		if err != nil {
			return nil, fmt.Errorf("pdu: file-open request: %w", err)
		}
		offset += n
		switch tag {
		case 0xa0: // fileName
			name, nameErr := decodeFileName(inner)
			if nameErr != nil {
				return nil, fmt.Errorf("pdu: file-open fileName: %w", nameErr)
			}
			req.FileName = name
		case 0x81: // initialPosition
			v, err := berutil.DecodeUnsigned(inner)
			if err != nil {
				return nil, fmt.Errorf("pdu: file-open initialPosition: %w", err)
			}
			req.InitialPosition = v
		}
	}
	if req.FileName == "" {
		return nil, fmt.Errorf("pdu: file-open request: missing fileName")
	}
	return req, nil
}

// UnmarshalFileReadRequest decodes a FileRead request body (just frsmId).
func UnmarshalFileReadRequest(data []byte) (int32, error) {
	v, err := berutil.DecodeInteger(data)
	if err != nil {
		return 0, fmt.Errorf("pdu: file-read request: %w", err)
	}
	return int32(v), nil
}

// UnmarshalFileCloseRequest decodes a FileClose request body (just frsmId).
func UnmarshalFileCloseRequest(data []byte) (int32, error) {
	v, err := berutil.DecodeInteger(data)
	if err != nil {
		return 0, fmt.Errorf("pdu: file-close request: %w", err)
	}
	return int32(v), nil
}

// UnmarshalFileDeleteRequest decodes a FileDelete request body.
func UnmarshalFileDeleteRequest(data []byte) (string, error) {
	return decodeFileName(data)
}

// UnmarshalFileDirectoryRequest decodes a FileDirectory request body.
func UnmarshalFileDirectoryRequest(data []byte) (*FileDirectoryRequest, error) {
	req := &FileDirectoryRequest{}
	offset := 0
	for offset < len(data) {
		tag, inner, n, err := berutil.DecodeTLVAt(data, offset)
		if err != nil {
			return nil, fmt.Errorf("pdu: file-directory request: %w", err)
		}
		offset += n
		switch tag {
		case 0xa0: // fileSpecification
			name, nameErr := decodeFileName(inner)
			if nameErr != nil {
				return nil, fmt.Errorf("pdu: file-directory fileSpec: %w", nameErr)
			}
			req.FileSpec = name
		case 0xa1: // continueAfter (FileName)
			name, nameErr := decodeFileName(inner)
			if nameErr != nil {
				return nil, fmt.Errorf("pdu: file-directory continueAfter: %w", nameErr)
			}
			req.ContinueAfter = name
		}
	}
	return req, nil
}

// UnmarshalFileRenameRequest decodes a FileRename request body.
func UnmarshalFileRenameRequest(data []byte) (*FileRenameRequest, error) {
	req := &FileRenameRequest{}
	offset := 0
	for offset < len(data) {
		tag, inner, n, err := berutil.DecodeTLVAt(data, offset)
		if err != nil {
			return nil, fmt.Errorf("pdu: file-rename request: %w", err)
		}
		offset += n
		switch tag {
		case 0xa0: // currentFileName
			name, nameErr := decodeFileName(inner)
			if nameErr != nil {
				return nil, fmt.Errorf("pdu: file-rename currentFileName: %w", nameErr)
			}
			req.CurrentFileName = name
		case 0xa1: // newFileName
			name, nameErr := decodeFileName(inner)
			if nameErr != nil {
				return nil, fmt.Errorf("pdu: file-rename newFileName: %w", nameErr)
			}
			req.NewFileName = name
		}
	}
	if req.CurrentFileName == "" || req.NewFileName == "" {
		return nil, fmt.Errorf("pdu: file-rename request: missing required field(s)")
	}
	return req, nil
}

// UnmarshalObtainFileRequest decodes an ObtainFile request body.
func UnmarshalObtainFileRequest(data []byte) (*ObtainFileRequest, error) {
	req := &ObtainFileRequest{}
	offset := 0
	for offset < len(data) {
		tag, inner, n, err := berutil.DecodeTLVAt(data, offset)
		if err != nil {
			return nil, fmt.Errorf("pdu: obtain-file request: %w", err)
		}
		offset += n
		switch tag {
		case 0xa1: // sourceFileName
			name, nameErr := decodeFileName(inner)
			if nameErr != nil {
				return nil, fmt.Errorf("pdu: obtain-file sourceFileName: %w", nameErr)
			}
			req.SourceFile = name
		case 0xa2: // destinationFileName
			name, nameErr := decodeFileName(inner)
			if nameErr != nil {
				return nil, fmt.Errorf("pdu: obtain-file destinationFileName: %w", nameErr)
			}
			req.DestinationFile = name
		}
	}
	if req.SourceFile == "" || req.DestinationFile == "" {
		return nil, fmt.Errorf("pdu: obtain-file request: missing required field(s)")
	}
	return req, nil
}

// --- Server-side response marshalers ---

// MarshalFileOpenResponse encodes a FileOpen response.
//
//	FileOpenResponse ::= SEQUENCE {
//	    frsmID          [0] IMPLICIT Integer32,
//	    fileAttributes  [1] IMPLICIT FileAttributes
//	}
//
//	FileAttributes ::= SEQUENCE {
//	    sizeOfFile     [0] IMPLICIT Unsigned32,
//	    lastModified   [1] IMPLICIT GeneralizedTime OPTIONAL
//	}
func MarshalFileOpenResponse(frsmID int32, size int64, lastModified time.Time) ([]byte, error) {
	if size < 0 || size > math.MaxUint32 {
		return nil, fmt.Errorf("pdu: file size %d exceeds MMS Unsigned32 range [0, %d]", size, math.MaxUint32)
	}
	frsmBytes := berutil.EncodeTLV(0x80, berutil.EncodeInt(int(frsmID)))

	sizeBytes := berutil.EncodeTLV(0x80, berutil.EncodeUint32(uint32(size)))
	timeStr := lastModified.UTC().Format("20060102150405Z")
	timeBytes := berutil.EncodeTLV(0x81, []byte(timeStr))
	attrInner := append(sizeBytes, timeBytes...)
	attrBytes := berutil.EncodeTLV(0xa1, attrInner)

	payload := make([]byte, 0, len(frsmBytes)+len(attrBytes))
	payload = append(payload, frsmBytes...)
	payload = append(payload, attrBytes...)
	return payload, nil
}

// MarshalFileReadResponse encodes a FileRead response.
//
//	FileReadResponse ::= SEQUENCE {
//	    fileData    [0] IMPLICIT OCTET STRING,
//	    moreFollows [1] IMPLICIT BOOLEAN DEFAULT TRUE
//	}
func MarshalFileReadResponse(data []byte, moreFollows bool) ([]byte, error) {
	dataBytes := berutil.EncodeTLV(0x80, data)

	var payload []byte
	payload = append(payload, dataBytes...)
	if !moreFollows {
		payload = append(payload, berutil.EncodeTLV(0x81, []byte{0x00})...)
	}
	return payload, nil
}

// MarshalFileDirectoryResponse encodes a FileDirectory response.
//
//	FileDirectoryResponse ::= SEQUENCE {
//	    listOfDirectoryEntry [0] IMPLICIT SEQUENCE OF DirectoryEntry,
//	    moreFollows          [1] IMPLICIT BOOLEAN DEFAULT TRUE OPTIONAL
//	}
//
//	DirectoryEntry ::= SEQUENCE {
//	    fileName       [0] IMPLICIT FileName,
//	    fileAttributes [1] IMPLICIT FileAttributes
//	}
func MarshalFileDirectoryResponse(entries []FileDirectoryEntry, moreFollows bool) ([]byte, error) {
	var entriesBytes []byte
	for _, e := range entries {
		if e.Size < 0 || e.Size > math.MaxUint32 {
			return nil, fmt.Errorf("pdu: file %q size %d exceeds MMS Unsigned32 range [0, %d]", e.FileName, e.Size, math.MaxUint32)
		}
		nameBytes := berutil.EncodeTLV(0xa0, encodeFileNameInner(e.FileName))

		sizeBytes := berutil.EncodeTLV(0x80, berutil.EncodeUint32(uint32(e.Size)))
		timeStr := e.LastModified.UTC().Format("20060102150405Z")
		timeBytes := berutil.EncodeTLV(0x81, []byte(timeStr))
		attrInner := append(sizeBytes, timeBytes...)
		attrBytes := berutil.EncodeTLV(0xa1, attrInner)

		entryInner := append(nameBytes, attrBytes...)
		entriesBytes = append(entriesBytes, berutil.EncodeTLV(0x30, entryInner)...)
	}

	listBytes := berutil.EncodeTLV(0xa0, entriesBytes)
	payload := listBytes
	if moreFollows {
		payload = append(payload, berutil.EncodeTLV(0x81, []byte{0xff})...)
	}
	return payload, nil
}

// --- Client-side response unmarshalers ---

// FileOpenResult holds the parsed FileOpen response fields.
type FileOpenResult struct {
	FrsmID       int32
	Size         int64
	LastModified time.Time
}

// UnmarshalFileOpenResponse decodes a FileOpen response. Returns an
// error if the frsmID or file size are missing.
func UnmarshalFileOpenResponse(data []byte) (*FileOpenResult, error) {
	r := &FileOpenResult{}
	var hasFrsmID, hasSize bool
	offset := 0
	for offset < len(data) {
		tag, inner, n, err := berutil.DecodeTLVAt(data, offset)
		if err != nil {
			return nil, fmt.Errorf("pdu: file-open response: %w", err)
		}
		offset += n
		switch tag {
		case 0x80: // frsmID
			v, err := berutil.DecodeInteger(inner)
			if err != nil {
				return nil, fmt.Errorf("pdu: file-open frsmID: %w", err)
			}
			r.FrsmID = int32(v)
			hasFrsmID = true
		case 0xa1: // fileAttributes
			gotSize, err := parseFileAttributes(inner, r)
			if err != nil {
				return nil, err
			}
			hasSize = gotSize
		}
	}
	if !hasFrsmID {
		return nil, fmt.Errorf("pdu: file-open response: missing frsmID")
	}
	if !hasSize {
		return nil, fmt.Errorf("pdu: file-open response: missing file size")
	}
	return r, nil
}

func parseFileAttributes(data []byte, r *FileOpenResult) (hasSize bool, _ error) {
	offset := 0
	for offset < len(data) {
		tag, inner, n, err := berutil.DecodeTLVAt(data, offset)
		if err != nil {
			return false, fmt.Errorf("pdu: file attributes: %w", err)
		}
		offset += n
		switch tag {
		case 0x80: // sizeOfFile
			v, err := berutil.DecodeUnsigned(inner)
			if err != nil {
				return false, fmt.Errorf("pdu: file size: %w", err)
			}
			r.Size = int64(v)
			hasSize = true
		case 0x81: // lastModified
			t, err := time.Parse("20060102150405Z", string(inner))
			if err != nil {
				return false, fmt.Errorf("pdu: file lastModified: %w", err)
			}
			r.LastModified = t
		}
	}
	return hasSize, nil
}

// FileReadResult holds the parsed FileRead response fields.
type FileReadResult struct {
	Data        []byte
	MoreFollows bool
}

// UnmarshalFileReadResponse decodes a FileRead response.
func UnmarshalFileReadResponse(data []byte) (*FileReadResult, error) {
	r := &FileReadResult{MoreFollows: true} // default per spec
	offset := 0
	for offset < len(data) {
		tag, inner, n, err := berutil.DecodeTLVAt(data, offset)
		if err != nil {
			return nil, fmt.Errorf("pdu: file-read response: %w", err)
		}
		offset += n
		switch tag {
		case 0x80: // fileData
			r.Data = inner
		case 0x81: // moreFollows
			if len(inner) > 0 {
				r.MoreFollows = inner[0] != 0
			}
		}
	}
	return r, nil
}

// UnmarshalFileDirectoryResponse decodes a FileDirectory response.
func UnmarshalFileDirectoryResponse(data []byte) ([]FileDirectoryEntry, bool, error) {
	var entries []FileDirectoryEntry
	moreFollows := false
	offset := 0
	for offset < len(data) {
		tag, inner, n, err := berutil.DecodeTLVAt(data, offset)
		if err != nil {
			return nil, false, fmt.Errorf("pdu: file-directory response: %w", err)
		}
		offset += n
		switch tag {
		case 0xa0: // listOfDirectoryEntry
			parsed, err := parseDirectoryEntries(inner)
			if err != nil {
				return nil, false, err
			}
			entries = parsed
		case 0x81: // moreFollows
			if len(inner) > 0 {
				moreFollows = inner[0] != 0
			}
		}
	}
	return entries, moreFollows, nil
}

func parseDirectoryEntries(data []byte) ([]FileDirectoryEntry, error) {
	var entries []FileDirectoryEntry
	offset := 0
	for offset < len(data) {
		tag, inner, n, err := berutil.DecodeTLVAt(data, offset)
		if err != nil {
			return nil, fmt.Errorf("pdu: directory entry: %w", err)
		}
		if tag != 0x30 {
			return nil, fmt.Errorf("pdu: directory entry: expected SEQUENCE (0x30), got 0x%02x", tag)
		}
		offset += n

		e := FileDirectoryEntry{}
		eOff := 0
		for eOff < len(inner) {
			etag, einner, en, err := berutil.DecodeTLVAt(inner, eOff)
			if err != nil {
				return nil, fmt.Errorf("pdu: directory entry field: %w", err)
			}
			eOff += en
			switch etag {
			case 0xa0: // fileName
				name, nameErr := decodeFileName(einner)
				if nameErr != nil {
					return nil, fmt.Errorf("pdu: directory entry fileName: %w", nameErr)
				}
				e.FileName = name
			case 0xa1: // fileAttributes
				r := &FileOpenResult{}
				if _, err := parseFileAttributes(einner, r); err != nil {
					return nil, err
				}
				e.Size = r.Size
				e.LastModified = r.LastModified
			}
		}
		entries = append(entries, e)
	}
	return entries, nil
}

// --- FileName encoding helpers ---

// MMS FileName is defined as SEQUENCE OF GraphicString (ISO 9506-2).
// In practice, implementations use exactly one GraphicString element
// per FileName. The wire encoding is:
//
//	FileName ::= [IMPLICIT context] { GraphicString(0x19) }
//
// The default context tag 0xa0 is used for the first FileName field
// in a service request. FileRename/ObtainFile use 0xa0/0xa1/0xa2
// to distinguish their FileName parameters via IMPLICIT tagging.
//
// On decode, both the wrapped form ([ctx] { 0x19 ... }) and a bare
// GraphicString (0x19 ...) are accepted for interop tolerance.

func encodeFileName(name string) []byte {
	inner := encodeFileNameInner(name)
	return berutil.EncodeTLV(0xa0, inner)
}

func encodeFileNameTag(tag byte, name string) []byte {
	inner := encodeFileNameInner(name)
	return berutil.EncodeTLV(tag, inner)
}

func encodeFileNameInner(name string) []byte {
	return berutil.EncodeTLV(0x19, []byte(name))
}

// decodeFileName decodes a FileName from BER data. Accepts both the
// spec-faithful wrapped form and a bare GraphicString for compatibility:
//
//   - [ctx] { 0x19 len string }  — IMPLICIT SEQUENCE OF GraphicString
//   - 0x19 len string            — bare GraphicString (lenient)
func decodeFileName(data []byte) (string, error) {
	if len(data) == 0 {
		return "", fmt.Errorf("pdu: empty FileName")
	}
	tag, inner, n, err := berutil.DecodeTLVAt(data, 0)
	if err != nil {
		return "", fmt.Errorf("pdu: decode FileName: %w", err)
	}

	if tag == 0x19 {
		if n != len(data) {
			return "", fmt.Errorf("pdu: FileName: %d trailing bytes after GraphicString", len(data)-n)
		}
		return string(inner), nil
	}

	if tag&0x20 != 0 { // constructed
		if n != len(data) {
			return "", fmt.Errorf("pdu: FileName: %d trailing bytes after wrapper", len(data)-n)
		}
		itag, iinner, in, ierr := berutil.DecodeTLVAt(inner, 0)
		if ierr != nil {
			return "", fmt.Errorf("pdu: decode FileName inner: %w", ierr)
		}
		if in != len(inner) {
			return "", fmt.Errorf("pdu: FileName: %d trailing bytes inside wrapper", len(inner)-in)
		}
		if itag == 0x19 {
			return string(iinner), nil
		}
		return "", fmt.Errorf("pdu: FileName: expected GraphicString (0x19) inside wrapper, got 0x%02x", itag)
	}

	return "", fmt.Errorf("pdu: FileName: unexpected tag 0x%02x", tag)
}

=== END ./internal/pdu/file.go ===
=== START ./internal/pdu/getnamelist.go ===
package pdu

import (
	"encoding/asn1"
	"fmt"

	"github.com/otfabric/go-mms/internal/asn1util"
	"github.com/otfabric/go-mms/internal/berutil"
	"github.com/otfabric/go-mms/internal/codec"
)

// ObjectScope values for GetNameList request.
const (
	ScopeVMD         = 0
	ScopeDomain      = 1
	ScopeAssociation = 2
)

// GetNameListResult is the internal representation of a GetNameList response.
type GetNameListResult struct {
	Names       []string
	MoreFollows bool
}

// MarshalGetNameListRequest builds a ConfirmedRequestPdu for the
// MMS GetNameList service.
//
//	GetNameListRequest ::= SEQUENCE {
//	  objectClass   [0] EXPLICIT ObjectClass
//	  objectScope   [1] EXPLICIT ObjectScope
//	  continueAfter [2] IMPLICIT Identifier  -- OPTIONAL
//	}
func MarshalGetNameListRequest(invokeID codec.InvokeID, objectClass int, scope int, domainID string, continueAfter string) ([]byte, error) {
	// objectClass [0] EXPLICIT { basicObjectClass [0] IMPLICIT INTEGER }
	classInt := berutil.EncodeTLV(0x80, encodeUnsignedInt(uint64(objectClass)))
	objClass := berutil.EncodeTLV(0xa0, classInt)

	// objectScope [1] EXPLICIT CHOICE
	var scopeContent []byte
	switch scope {
	case ScopeVMD:
		scopeContent = berutil.EncodeTLV(0x80, nil) // vmdSpecific [0] NULL
	case ScopeDomain:
		scopeContent = berutil.EncodeTLV(0x81, []byte(domainID)) // domainSpecific [1] IMPLICIT Identifier
	case ScopeAssociation:
		scopeContent = berutil.EncodeTLV(0x82, nil) // aaSpecific [2] NULL
	default:
		return nil, fmt.Errorf("pdu: invalid scope %d", scope)
	}
	objScope := berutil.EncodeTLV(0xa1, scopeContent)

	payload := make([]byte, 0, len(objClass)+len(objScope)+32)
	payload = append(payload, objClass...)
	payload = append(payload, objScope...)

	if continueAfter != "" {
		payload = append(payload, berutil.EncodeTLV(0x82, []byte(continueAfter))...) // [2] IMPLICIT Identifier
	}

	return marshalConfirmedLegacy(invokeID, asn1util.TagServiceGetNameList, payload)
}

// UnmarshalGetNameListResponse parses a GetNameList response from the
// service RawValue inside a ConfirmedResponsePdu.
//
//	GetNameListResponse ::= SEQUENCE {
//	  listOfIdentifier [0] IMPLICIT SEQUENCE OF Identifier
//	  moreFollows      [1] IMPLICIT BOOLEAN  -- OPTIONAL, DEFAULT TRUE
//	}
func UnmarshalGetNameListResponse(serviceData asn1.RawValue) (*GetNameListResult, error) {
	content := serviceData.Bytes
	if len(content) == 0 {
		return nil, fmt.Errorf("pdu: getnamelist response: empty content")
	}

	offset := 0

	// listOfIdentifier [0] IMPLICIT SEQUENCE OF
	tag, listContent, n, err := berutil.DecodeTLVAt(content, offset)
	if err != nil {
		return nil, fmt.Errorf("pdu: getnamelist response: list: %w", err)
	}
	offset += n
	if tag != 0xa0 {
		return nil, fmt.Errorf("pdu: getnamelist response: expected [0] SEQUENCE OF (0xa0), got 0x%02x", tag)
	}

	names, err := decodeIdentifierList(listContent)
	if err != nil {
		return nil, fmt.Errorf("pdu: getnamelist response: %w", err)
	}

	moreFollows := true // default TRUE per ASN.1 spec
	if offset < len(content) {
		tag, boolContent, n, err := berutil.DecodeTLVAt(content, offset)
		if err != nil {
			return nil, fmt.Errorf("pdu: getnamelist response: moreFollows: %w", err)
		}
		offset += n
		if tag != 0x81 {
			return nil, fmt.Errorf("pdu: getnamelist response: expected [1] BOOLEAN (0x81), got 0x%02x", tag)
		}
		if len(boolContent) == 1 {
			moreFollows = boolContent[0] != 0
		}
	}

	if offset != len(content) {
		return nil, fmt.Errorf("pdu: getnamelist response: %d trailing bytes", len(content)-offset)
	}

	return &GetNameListResult{Names: names, MoreFollows: moreFollows}, nil
}

func decodeIdentifierList(data []byte) ([]string, error) {
	var names []string
	offset := 0
	for offset < len(data) {
		tag, content, n, err := berutil.DecodeTLVAt(data, offset)
		if err != nil {
			return nil, fmt.Errorf("identifier [%d]: %w", len(names), err)
		}
		offset += n
		if tag != tagVisibleString {
			return nil, fmt.Errorf("identifier [%d]: expected VisibleString (0x1a), got 0x%02x", len(names), tag)
		}
		names = append(names, string(content))
	}
	return names, nil
}

=== END ./internal/pdu/getnamelist.go ===
=== START ./internal/pdu/getvaraccess.go ===
package pdu

import (
	"encoding/asn1"
	"fmt"

	"github.com/otfabric/go-mms/internal/asn1util"
	"github.com/otfabric/go-mms/internal/berutil"
	"github.com/otfabric/go-mms/internal/codec"
)

// TypeSpecWire is the internal representation of an MMS TypeSpecification.
type TypeSpecWire struct {
	Tag int // context-specific tag identifying the type

	Size        int  // bit width or max length, depending on type
	FormatWidth int  // float: total format width in bits
	ExpWidth    int  // float: exponent width in bits
	BinTimeFull bool // binarytime: true = 6-byte form
	Count       int  // array: number of elements
	Element     *TypeSpecWire
	Components  []StructComponentWire
	TypeName    *ObjectNameWire // typeName [0]: the referenced named type
}

// StructComponentWire is the internal representation of a structure component.
type StructComponentWire struct {
	Name string
	Type TypeSpecWire
}

// TypeSpec context-specific tag numbers.
const (
	tsTagTypeName        = 0
	tsTagArray           = 1
	tsTagStructure       = 2
	tsTagBoolean         = 3
	tsTagBitString       = 4
	tsTagInteger         = 5
	tsTagUnsigned        = 6
	tsTagFloat           = 7
	tsTagOctetString     = 9
	tsTagVisibleString   = 10
	tsTagGeneralizedTime = 11
	tsTagBinaryTime      = 12
	tsTagBCD             = 13
	tsTagObjID           = 15
	tsTagMmsString       = 16
	tsTagUTCTime         = 17
)

// MarshalGetVarAccessRequest builds a ConfirmedRequestPdu for the
// MMS GetVariableAccessAttributes service.
//
//	GetVariableAccessAttributesRequest ::= CHOICE {
//	  name    [0] EXPLICIT ObjectName
//	  address [1] EXPLICIT Address
//	}
func MarshalGetVarAccessRequest(invokeID codec.InvokeID, name ObjectNameWire) ([]byte, error) {
	objNameBytes, err := EncodeObjectName(name)
	if err != nil {
		return nil, fmt.Errorf("pdu: getvaraccess request: %w", err)
	}
	// Wrap in [0] EXPLICIT (name choice)
	payload := asn1util.WrapConstructed(0, objNameBytes)
	return marshalConfirmedLegacy(invokeID, asn1util.TagServiceGetVariableAccessAttributes, payload)
}

// GetVarAccessResult is the internal result of a GetVariableAccessAttributes response.
type GetVarAccessResult struct {
	Deletable bool
	TypeSpec  TypeSpecWire
}

// UnmarshalGetVarAccessResponse parses a GetVariableAccessAttributes response.
//
//	GetVariableAccessAttributesResponse ::= SEQUENCE {
//	  mmsDeletable     [0] IMPLICIT BOOLEAN
//	  address          [1] EXPLICIT Address  -- OPTIONAL
//	  typeSpecification [2] EXPLICIT TypeSpecification
//	}
func UnmarshalGetVarAccessResponse(serviceData asn1.RawValue) (*GetVarAccessResult, error) {
	content := serviceData.Bytes
	if len(content) == 0 {
		return nil, fmt.Errorf("pdu: getvaraccess response: empty content")
	}

	offset := 0

	// mmsDeletable [0] IMPLICIT BOOLEAN
	tag, inner, n, err := berutil.DecodeTLVAt(content, offset)
	if err != nil {
		return nil, fmt.Errorf("pdu: getvaraccess response: mmsDeletable: %w", err)
	}
	offset += n
	if tag != 0x80 {
		return nil, fmt.Errorf("pdu: getvaraccess response: expected mmsDeletable [0] (0x80), got 0x%02x", tag)
	}
	deletable := len(inner) == 1 && inner[0] != 0

	// Skip optional address [1] EXPLICIT
	if offset < len(content) {
		nextTag := content[offset]
		if nextTag == 0xa1 {
			_, _, n, err := berutil.DecodeTLVAt(content, offset)
			if err != nil {
				return nil, fmt.Errorf("pdu: getvaraccess response: address: %w", err)
			}
			offset += n
		}
	}

	// typeSpecification [2] EXPLICIT TypeSpecification
	if offset >= len(content) {
		return nil, fmt.Errorf("pdu: getvaraccess response: missing typeSpecification")
	}
	tag, inner, n, err = berutil.DecodeTLVAt(content, offset)
	if err != nil {
		return nil, fmt.Errorf("pdu: getvaraccess response: typeSpec: %w", err)
	}
	offset += n
	if tag != 0xa2 {
		return nil, fmt.Errorf("pdu: getvaraccess response: expected typeSpecification [2] (0xa2), got 0x%02x", tag)
	}

	ts, err := DecodeTypeSpec(inner)
	if err != nil {
		return nil, fmt.Errorf("pdu: getvaraccess response: %w", err)
	}

	if offset != len(content) {
		return nil, fmt.Errorf("pdu: getvaraccess response: %d trailing bytes", len(content)-offset)
	}

	return &GetVarAccessResult{Deletable: deletable, TypeSpec: ts}, nil
}

// DecodeTypeSpec decodes an MMS TypeSpecification from BER-encoded data.
func DecodeTypeSpec(data []byte) (TypeSpecWire, error) {
	tag, content, err := berutil.DecodeTLV(data)
	if err != nil {
		return TypeSpecWire{}, fmt.Errorf("typespec: %w", err)
	}
	return decodeTypeSpecFromTLV(tag, content)
}

func decodeTypeSpecFromTLV(tag byte, content []byte) (TypeSpecWire, error) {
	tagNum := int(tag & 0x1f)
	isConstructed := tag&0x20 != 0

	switch tagNum {
	case tsTagBoolean: // [3] NULL
		return TypeSpecWire{Tag: tsTagBoolean}, nil

	case tsTagBitString: // [4] Integer32
		size, err := berutil.DecodeInteger(content)
		if err != nil {
			return TypeSpecWire{}, fmt.Errorf("typespec bitstring size: %w", err)
		}
		return TypeSpecWire{Tag: tsTagBitString, Size: size}, nil

	case tsTagInteger: // [5] Unsigned8
		size, err := berutil.DecodeInteger(content)
		if err != nil {
			return TypeSpecWire{}, fmt.Errorf("typespec integer size: %w", err)
		}
		return TypeSpecWire{Tag: tsTagInteger, Size: size}, nil

	case tsTagUnsigned: // [6] Unsigned8
		size, err := berutil.DecodeInteger(content)
		if err != nil {
			return TypeSpecWire{}, fmt.Errorf("typespec unsigned size: %w", err)
		}
		return TypeSpecWire{Tag: tsTagUnsigned, Size: size}, nil

	case tsTagFloat: // [7] SEQUENCE { formatWidth, exponentWidth }
		if !isConstructed {
			return TypeSpecWire{}, fmt.Errorf("typespec float: expected constructed")
		}
		return decodeFloatTypeSpec(content)

	case tsTagOctetString: // [9] Integer32
		size, err := berutil.DecodeInteger(content)
		if err != nil {
			return TypeSpecWire{}, fmt.Errorf("typespec octetstring size: %w", err)
		}
		return TypeSpecWire{Tag: tsTagOctetString, Size: size}, nil

	case tsTagVisibleString: // [10] Integer32
		size, err := berutil.DecodeInteger(content)
		if err != nil {
			return TypeSpecWire{}, fmt.Errorf("typespec visiblestring size: %w", err)
		}
		return TypeSpecWire{Tag: tsTagVisibleString, Size: size}, nil

	case tsTagGeneralizedTime: // [11] NULL
		return TypeSpecWire{Tag: tsTagGeneralizedTime}, nil

	case tsTagBinaryTime: // [12] BOOLEAN (false=4-byte, true=6-byte)
		full := len(content) == 1 && content[0] != 0
		return TypeSpecWire{Tag: tsTagBinaryTime, BinTimeFull: full}, nil

	case tsTagBCD: // [13] Unsigned8
		size, err := berutil.DecodeInteger(content)
		if err != nil {
			return TypeSpecWire{}, fmt.Errorf("typespec bcd size: %w", err)
		}
		return TypeSpecWire{Tag: tsTagBCD, Size: size}, nil

	case tsTagObjID: // [15] NULL
		return TypeSpecWire{Tag: tsTagObjID}, nil

	case tsTagMmsString: // [16] Integer32
		size, err := berutil.DecodeInteger(content)
		if err != nil {
			return TypeSpecWire{}, fmt.Errorf("typespec mmsstring size: %w", err)
		}
		return TypeSpecWire{Tag: tsTagMmsString, Size: size}, nil

	case tsTagUTCTime: // [17] NULL
		return TypeSpecWire{Tag: tsTagUTCTime}, nil

	case tsTagArray: // [1] SEQUENCE { packed?, numberOfElements, elementType }
		if !isConstructed {
			return TypeSpecWire{}, fmt.Errorf("typespec array: expected constructed")
		}
		return decodeArrayTypeSpec(content)

	case tsTagStructure: // [2] SEQUENCE { packed?, components }
		if !isConstructed {
			return TypeSpecWire{}, fmt.Errorf("typespec structure: expected constructed")
		}
		return decodeStructureTypeSpec(content)

	case tsTagTypeName: // [0] EXPLICIT ObjectName
		name, err := DecodeObjectName(content)
		if err != nil {
			return TypeSpecWire{}, fmt.Errorf("typespec typeName: %w", err)
		}
		return TypeSpecWire{Tag: tsTagTypeName, TypeName: &name}, nil

	default:
		return TypeSpecWire{}, fmt.Errorf("typespec: unknown tag [%d] (0x%02x)", tagNum, tag)
	}
}

func decodeFloatTypeSpec(data []byte) (TypeSpecWire, error) {
	offset := 0

	// formatWidth: UNIVERSAL INTEGER
	tag, content, n, err := berutil.DecodeTLVAt(data, offset)
	if err != nil {
		return TypeSpecWire{}, fmt.Errorf("float formatWidth: %w", err)
	}
	offset += n
	if tag != tagInteger {
		return TypeSpecWire{}, fmt.Errorf("float formatWidth: expected INTEGER (0x02), got 0x%02x", tag)
	}
	formatWidth, err := berutil.DecodeInteger(content)
	if err != nil {
		return TypeSpecWire{}, fmt.Errorf("float formatWidth value: %w", err)
	}

	// exponentWidth: UNIVERSAL INTEGER
	tag, content, n, err = berutil.DecodeTLVAt(data, offset)
	if err != nil {
		return TypeSpecWire{}, fmt.Errorf("float exponentWidth: %w", err)
	}
	offset += n
	if tag != tagInteger {
		return TypeSpecWire{}, fmt.Errorf("float exponentWidth: expected INTEGER (0x02), got 0x%02x", tag)
	}
	if offset != len(data) {
		return TypeSpecWire{}, fmt.Errorf("float: %d trailing bytes", len(data)-offset)
	}
	expWidth, err := berutil.DecodeInteger(content)
	if err != nil {
		return TypeSpecWire{}, fmt.Errorf("float exponentWidth value: %w", err)
	}

	return TypeSpecWire{Tag: tsTagFloat, FormatWidth: formatWidth, ExpWidth: expWidth}, nil
}

func decodeArrayTypeSpec(data []byte) (TypeSpecWire, error) {
	offset := 0

	// Skip optional packed [0] IMPLICIT BOOLEAN
	if offset < len(data) && data[offset] == 0x80 {
		_, _, n, err := berutil.DecodeTLVAt(data, offset)
		if err != nil {
			return TypeSpecWire{}, fmt.Errorf("array packed: %w", err)
		}
		offset += n
	}

	// numberOfElements [1] IMPLICIT Unsigned32
	if offset >= len(data) {
		return TypeSpecWire{}, fmt.Errorf("array: missing numberOfElements")
	}
	tag, content, n, err := berutil.DecodeTLVAt(data, offset)
	if err != nil {
		return TypeSpecWire{}, fmt.Errorf("array numberOfElements: %w", err)
	}
	offset += n
	if tag != 0x81 {
		return TypeSpecWire{}, fmt.Errorf("array numberOfElements: expected [1] (0x81), got 0x%02x", tag)
	}
	count, err := berutil.DecodeInteger(content)
	if err != nil {
		return TypeSpecWire{}, fmt.Errorf("array numberOfElements value: %w", err)
	}

	// elementType [2] EXPLICIT TypeSpecification
	if offset >= len(data) {
		return TypeSpecWire{}, fmt.Errorf("array: missing elementType")
	}
	tag, content, _, err = berutil.DecodeTLVAt(data, offset)
	if err != nil {
		return TypeSpecWire{}, fmt.Errorf("array elementType: %w", err)
	}
	if tag != 0xa2 {
		return TypeSpecWire{}, fmt.Errorf("array elementType: expected [2] (0xa2), got 0x%02x", tag)
	}

	elemType, err := DecodeTypeSpec(content)
	if err != nil {
		return TypeSpecWire{}, fmt.Errorf("array elementType: %w", err)
	}

	return TypeSpecWire{Tag: tsTagArray, Count: count, Element: &elemType}, nil
}

func decodeStructureTypeSpec(data []byte) (TypeSpecWire, error) {
	offset := 0

	// Skip optional packed [0] IMPLICIT BOOLEAN
	if offset < len(data) && data[offset] == 0x80 {
		_, _, n, err := berutil.DecodeTLVAt(data, offset)
		if err != nil {
			return TypeSpecWire{}, fmt.Errorf("structure packed: %w", err)
		}
		offset += n
	}

	// components [1] IMPLICIT SEQUENCE OF StructComponent
	if offset >= len(data) {
		return TypeSpecWire{}, fmt.Errorf("structure: missing components")
	}
	tag, content, _, err := berutil.DecodeTLVAt(data, offset)
	if err != nil {
		return TypeSpecWire{}, fmt.Errorf("structure components: %w", err)
	}
	if tag != 0xa1 {
		return TypeSpecWire{}, fmt.Errorf("structure components: expected [1] (0xa1), got 0x%02x", tag)
	}

	components, err := decodeStructComponents(content)
	if err != nil {
		return TypeSpecWire{}, err
	}

	return TypeSpecWire{Tag: tsTagStructure, Components: components}, nil
}

func decodeStructComponents(data []byte) ([]StructComponentWire, error) {
	var components []StructComponentWire
	offset := 0
	for offset < len(data) {
		// Each component is a SEQUENCE
		tag, content, n, err := berutil.DecodeTLVAt(data, offset)
		if err != nil {
			return nil, fmt.Errorf("component [%d]: %w", len(components), err)
		}
		offset += n
		if tag != tagSequence {
			return nil, fmt.Errorf("component [%d]: expected SEQUENCE (0x30), got 0x%02x", len(components), tag)
		}

		comp, err := decodeStructComponent(content)
		if err != nil {
			return nil, fmt.Errorf("component [%d]: %w", len(components), err)
		}
		components = append(components, comp)
	}
	return components, nil
}

func decodeStructComponent(data []byte) (StructComponentWire, error) {
	offset := 0
	var name string

	// Optional componentName [0] IMPLICIT Identifier
	if offset < len(data) && data[offset] == 0x80 {
		_, content, n, err := berutil.DecodeTLVAt(data, offset)
		if err != nil {
			return StructComponentWire{}, fmt.Errorf("componentName: %w", err)
		}
		offset += n
		name = string(content)
	}

	// componentType [1] EXPLICIT TypeSpecification
	if offset >= len(data) {
		return StructComponentWire{}, fmt.Errorf("missing componentType")
	}
	tag, content, n, err := berutil.DecodeTLVAt(data, offset)
	if err != nil {
		return StructComponentWire{}, fmt.Errorf("componentType: %w", err)
	}
	offset += n
	if tag != 0xa1 {
		return StructComponentWire{}, fmt.Errorf("componentType: expected [1] (0xa1), got 0x%02x", tag)
	}
	if offset != len(data) {
		return StructComponentWire{}, fmt.Errorf("structComponent: %d trailing bytes", len(data)-offset)
	}

	ts, err := DecodeTypeSpec(content)
	if err != nil {
		return StructComponentWire{}, fmt.Errorf("componentType: %w", err)
	}

	return StructComponentWire{Name: name, Type: ts}, nil
}

=== END ./internal/pdu/getvaraccess.go ===
=== START ./internal/pdu/identify.go ===
package pdu

import (
	"encoding/asn1"
	"fmt"

	"github.com/otfabric/go-mms/internal/asn1util"
	"github.com/otfabric/go-mms/internal/codec"
)

// IdentifyResponse holds the parsed fields of an MMS Identify response.
type IdentifyResponse struct {
	VendorName string
	ModelName  string
	Revision   string
}

// identifyResponseASN1 is the internal struct matching the wire format
// of the Identify response body (inside the context 2 constructed tag).
type identifyResponseASN1 struct {
	VendorName string `asn1:"tag:0,implicit,ia5"`
	ModelName  string `asn1:"tag:1,implicit,ia5"`
	Revision   string `asn1:"tag:2,implicit,ia5"`
}

// MarshalIdentifyRequest builds a complete ConfirmedRequestPdu for the
// MMS Identify service. The Identify request has an empty body
// (context 2, primitive, length 0).
func MarshalIdentifyRequest(invokeID codec.InvokeID) ([]byte, error) {
	return marshalConfirmedLegacy(invokeID, asn1util.TagServiceIdentify, nil)
}

// UnmarshalIdentifyResponse parses an Identify response from the
// service RawValue inside a ConfirmedResponsePdu.
func UnmarshalIdentifyResponse(serviceData asn1.RawValue) (*IdentifyResponse, error) {
	var resp identifyResponseASN1
	err := codec.UnmarshalInner(serviceData, &resp)
	if err != nil {
		return nil, fmt.Errorf("pdu: unmarshal identify response: %w", err)
	}
	return &IdentifyResponse{
		VendorName: resp.VendorName,
		ModelName:  resp.ModelName,
		Revision:   resp.Revision,
	}, nil
}

=== END ./internal/pdu/identify.go ===
=== START ./internal/pdu/informationreport.go ===
package pdu

import (
	"fmt"

	"github.com/otfabric/go-mms/internal/asn1util"
	"github.com/otfabric/go-mms/internal/berutil"
)

// InformationReport tags within UnconfirmedPDU (0xa3).
//
// BER layout:
//
//	0xa3 (UnconfirmedPDU) {
//	  0xa0 (InformationReport [0] in UnconfirmedService CHOICE) {
//	    VariableAccessSpecification CHOICE:
//	      [0] listOfVariable — SEQUENCE OF { variableSpecification, ... }
//	      [1] variableListName — ObjectName
//	    [0] listOfAccessResult — SEQUENCE OF AccessResult
//	  }
//	}
const (
	tagInfoReport         byte = 0xa0 // [0] IMPLICIT InformationReport within UnconfirmedService
	tagListOfVariable     byte = 0xa0 // [0] IMPLICIT SEQUENCE OF within VariableAccessSpec
	tagVariableListName   byte = 0xa1 // [1] variableListName within VariableAccessSpec
	tagListOfAccessResult byte = 0xa0 // [0] IMPLICIT SEQUENCE OF AccessResult
	tagSequenceInfoReport byte = 0x30 // UNIVERSAL SEQUENCE
	tagVarSpecName        byte = 0xa0 // [0] EXPLICIT ObjectName within VariableSpecification
)

// InformationReportWire is the internal representation of an MMS
// InformationReport for encoding and decoding.
type InformationReportWire struct {
	// If non-nil, the report references a named variable list.
	ListName *ObjectNameWire

	// Individual variable specifications (when ListName is nil).
	Variables []ObjectNameWire

	// Access result values, one per variable (or per list member).
	Values []*DataValue
}

// MarshalInformationReport encodes an InformationReport as a complete
// MMS UnconfirmedPDU (tag 0xa3).
func MarshalInformationReport(r *InformationReportWire) ([]byte, error) {
	var content []byte

	if r.ListName != nil {
		nameBytes, err := EncodeObjectName(*r.ListName)
		if err != nil {
			return nil, fmt.Errorf("pdu: info report list name: %w", err)
		}
		content = append(content, berutil.EncodeTLV(tagVariableListName, nameBytes)...)
	} else {
		var entries []byte
		for i, v := range r.Variables {
			nameBytes, err := EncodeObjectName(v)
			if err != nil {
				return nil, fmt.Errorf("pdu: info report variable [%d]: %w", i, err)
			}
			varSpec := berutil.EncodeTLV(tagVarSpecName, nameBytes)
			entry := berutil.EncodeTLV(tagSequenceInfoReport, varSpec)
			entries = append(entries, entry...)
		}
		content = append(content, berutil.EncodeTLV(tagListOfVariable, entries)...)
	}

	var resultEntries []byte
	for i, dv := range r.Values {
		b, err := MarshalData(dv)
		if err != nil {
			return nil, fmt.Errorf("pdu: info report value [%d]: %w", i, err)
		}
		resultEntries = append(resultEntries, b...)
	}
	content = append(content, berutil.EncodeTLV(tagListOfAccessResult, resultEntries)...)

	infoReport := berutil.EncodeTLV(tagInfoReport, content)
	return berutil.EncodeTLV(asn1util.TagUnconfirmed, infoReport), nil
}

// UnmarshalInformationReport decodes an InformationReport from the
// content of an UnconfirmedPDU (after stripping the 0xa3 outer tag).
func UnmarshalInformationReport(unconfirmedContent []byte) (*InformationReportWire, error) {
	if len(unconfirmedContent) == 0 {
		return nil, fmt.Errorf("pdu: empty UnconfirmedPDU content")
	}

	tag, irContent, err := berutil.DecodeTLV(unconfirmedContent)
	if err != nil {
		return nil, fmt.Errorf("pdu: info report outer: %w", err)
	}
	if tag != tagInfoReport {
		return nil, fmt.Errorf("pdu: expected InformationReport tag 0xa0, got 0x%02x", tag)
	}

	r := &InformationReportWire{}
	offset := 0

	if offset >= len(irContent) {
		return nil, fmt.Errorf("pdu: info report truncated (no variableAccessSpec)")
	}

	vasTag, vasContent, vasN, err := berutil.DecodeTLVAt(irContent, offset)
	if err != nil {
		return nil, fmt.Errorf("pdu: info report variableAccessSpec: %w", err)
	}
	offset += vasN

	switch vasTag {
	case tagListOfVariable:
		vars, err := decodeInfoReportListOfVariable(vasContent)
		if err != nil {
			return nil, err
		}
		r.Variables = vars

	case tagVariableListName:
		name, err := DecodeObjectName(vasContent)
		if err != nil {
			return nil, fmt.Errorf("pdu: info report variableListName: %w", err)
		}
		r.ListName = &name

	default:
		return nil, fmt.Errorf("pdu: info report unknown variableAccessSpec tag 0x%02x", vasTag)
	}

	if offset >= len(irContent) {
		return nil, fmt.Errorf("pdu: info report truncated (no listOfAccessResult)")
	}

	resTag, resContent, resN, err := berutil.DecodeTLVAt(irContent, offset)
	if err != nil {
		return nil, fmt.Errorf("pdu: info report listOfAccessResult: %w", err)
	}
	offset += resN
	_ = offset

	if resTag != tagListOfAccessResult {
		return nil, fmt.Errorf("pdu: info report expected listOfAccessResult tag 0xa0, got 0x%02x", resTag)
	}

	values, err := UnmarshalAccessResults(resContent)
	if err != nil {
		return nil, fmt.Errorf("pdu: info report values: %w", err)
	}
	r.Values = values

	return r, nil
}

func decodeInfoReportListOfVariable(data []byte) ([]ObjectNameWire, error) {
	var vars []ObjectNameWire
	offset := 0
	for offset < len(data) {
		tag, content, n, err := berutil.DecodeTLVAt(data, offset)
		if err != nil {
			return nil, fmt.Errorf("pdu: info report variable [%d]: %w", len(vars), err)
		}
		offset += n
		if tag != tagSequenceInfoReport {
			return nil, fmt.Errorf("pdu: info report variable [%d]: expected SEQUENCE (0x30), got 0x%02x", len(vars), tag)
		}
		name, err := decodeVariableSpec(content)
		if err != nil {
			return nil, fmt.Errorf("pdu: info report variable [%d]: %w", len(vars), err)
		}
		vars = append(vars, name)
	}
	return vars, nil
}

=== END ./internal/pdu/informationreport.go ===
=== START ./internal/pdu/initiate.go ===
package pdu

import (
	"encoding/asn1"
	"fmt"

	"github.com/otfabric/go-mms/internal/asn1util"
	"github.com/otfabric/go-mms/internal/codec"
)

// InitRequestDetail carries the MMS version and service support bitmasks
// proposed by the client during association.
type InitRequestDetail struct {
	ProposedVersion          int            `asn1:"tag:0,implicit"`
	ProposedParamCBB         asn1.BitString `asn1:"tag:1,implicit"`
	ServicesSupportedCalling asn1.BitString `asn1:"tag:2,implicit"`
}

// InitiateRequest represents the MMS Initiate-RequestPDU.
// All fields use context-specific implicit tags matching ISO 9506.
type InitiateRequest struct {
	LocalDetailCalling               int               `asn1:"tag:0,implicit,optional"`
	ProposedMaxServOutstandingCall   int               `asn1:"tag:1,implicit"`
	ProposedMaxServOutstandingCalled int               `asn1:"tag:2,implicit"`
	ProposedDataStructureNesting     int               `asn1:"tag:3,implicit,optional"`
	InitRequestDetail                InitRequestDetail `asn1:"tag:4,implicit"`
}

// InitResponseDetail carries the negotiated MMS version and service
// support bitmasks from the server.
type InitResponseDetail struct {
	NegotiatedVersion       int            `asn1:"tag:0,implicit"`
	NegotiatedParamCBB      asn1.BitString `asn1:"tag:1,implicit"`
	ServicesSupportedCalled asn1.BitString `asn1:"tag:2,implicit"`
}

// InitiateResponse represents the MMS Initiate-ResponsePDU.
type InitiateResponse struct {
	LocalDetailCalled                  int                `asn1:"tag:0,implicit,optional"`
	NegotiatedMaxServOutstandingCall   int                `asn1:"tag:1,implicit"`
	NegotiatedMaxServOutstandingCalled int                `asn1:"tag:2,implicit"`
	NegotiatedDataStructureNesting     int                `asn1:"tag:3,implicit,optional"`
	InitResponseDetail                 InitResponseDetail `asn1:"tag:4,implicit"`
}

// DefaultInitiateRequest returns a standard InitiateRequest with common defaults.
func DefaultInitiateRequest(maxPDU, maxOutCalling, maxOutCalled, nestingLevel int) InitiateRequest {
	if maxPDU <= 0 {
		maxPDU = 65000
	}
	if maxOutCalling <= 0 {
		maxOutCalling = 5
	}
	if maxOutCalled <= 0 {
		maxOutCalled = 5
	}
	if nestingLevel <= 0 {
		nestingLevel = 10
	}

	paramCBB := asn1.BitString{
		Bytes:     []byte{0xf1, 0x00},
		BitLength: 11,
	}

	servicesBits := []byte{0xee, 0x1c, 0x00, 0x00, 0x04, 0x08, 0x00, 0x00, 0x79, 0xef, 0x18}
	servicesCalling := asn1.BitString{
		Bytes:     servicesBits,
		BitLength: 85,
	}

	return InitiateRequest{
		LocalDetailCalling:               maxPDU,
		ProposedMaxServOutstandingCall:   maxOutCalling,
		ProposedMaxServOutstandingCalled: maxOutCalled,
		ProposedDataStructureNesting:     nestingLevel,
		InitRequestDetail: InitRequestDetail{
			ProposedVersion:          1,
			ProposedParamCBB:         paramCBB,
			ServicesSupportedCalling: servicesCalling,
		},
	}
}

// MarshalInitiateRequest encodes an InitiateRequest into a complete
// MMS PDU (with the 0xa8 outer tag).
func MarshalInitiateRequest(req InitiateRequest) ([]byte, error) {
	return codec.MarshalMmsPdu(asn1util.TagInitiateRequest, req)
}

// UnmarshalInitiateResponse decodes the inner content of an
// InitiateResponsePdu (after the 0xa9 outer tag has been stripped).
func UnmarshalInitiateResponse(content []byte) (*InitiateResponse, error) {
	var resp InitiateResponse
	rest, err := asn1.Unmarshal(content, &resp)
	if err != nil {
		return nil, fmt.Errorf("pdu: unmarshal initiate response: %w", err)
	}
	if len(rest) != 0 {
		return nil, fmt.Errorf("pdu: unmarshal initiate response: %d trailing bytes", len(rest))
	}
	return &resp, nil
}

=== END ./internal/pdu/initiate.go ===
=== START ./internal/pdu/journal.go ===
package pdu

import (
	"fmt"
	"time"

	"github.com/otfabric/go-mms/internal/asn1util"
	"github.com/otfabric/go-mms/internal/berutil"
	"github.com/otfabric/go-mms/internal/codec"
)

// JournalEntryWire is a single journal entry on the wire.
type JournalEntryWire struct {
	EntryID        []byte
	OccurrenceTime time.Time
	Variables      []JournalVariableWire
}

// JournalVariableWire is a single variable inside a journal entry.
type JournalVariableWire struct {
	Tag   string
	Value *DataValue
}

// --- Client-side request marshalers ---

// MarshalReadJournalTimeRange builds a ReadJournal request with a time
// range specification.
//
//	ReadJournalRequest ::= [65] IMPLICIT SEQUENCE {
//	    journalName              [0] IMPLICIT ObjectName,
//	    rangeStartSpecification  [1] IMPLICIT SEQUENCE {
//	        startingTime [0] IMPLICIT TimeOfDay
//	    },
//	    rangeStopSpecification   [2] IMPLICIT SEQUENCE {
//	        endingTime   [0] IMPLICIT TimeOfDay
//	    }
//	}
func MarshalReadJournalTimeRange(invokeID codec.InvokeID, domain, journal string, start, stop time.Time) ([]byte, error) {
	nameBytes, err := encodeJournalName(domain, journal)
	if err != nil {
		return nil, err
	}

	startTime := berutil.EncodeTLV(0x80, encodeBinaryTime(start.UnixMilli()))
	rangeStart := berutil.EncodeTLV(0xa1, startTime)

	stopTime := berutil.EncodeTLV(0x80, encodeBinaryTime(stop.UnixMilli()))
	rangeStop := berutil.EncodeTLV(0xa2, stopTime)

	payload := make([]byte, 0, len(nameBytes)+len(rangeStart)+len(rangeStop))
	payload = append(payload, nameBytes...)
	payload = append(payload, rangeStart...)
	payload = append(payload, rangeStop...)

	return MarshalConfirmedRequest(invokeID, asn1util.TagNumReadJournal, true, payload)
}

// MarshalReadJournalStartAfter builds a ReadJournal request with a
// start-after specification for continuation/paging.
//
//	ReadJournalRequest ::= [65] IMPLICIT SEQUENCE {
//	    journalName          [0] IMPLICIT ObjectName,
//	    entryToStartAfter    [5] IMPLICIT SEQUENCE {
//	        timeSpecification  [0] IMPLICIT TimeOfDay,
//	        entrySpecification [1] IMPLICIT OCTET STRING
//	    }
//	}
func MarshalReadJournalStartAfter(invokeID codec.InvokeID, domain, journal string, afterTime time.Time, afterID []byte) ([]byte, error) {
	nameBytes, err := encodeJournalName(domain, journal)
	if err != nil {
		return nil, err
	}

	timeBin := berutil.EncodeTLV(0x80, encodeBinaryTime(afterTime.UnixMilli()))
	entrySpec := berutil.EncodeTLV(0x81, afterID)
	startAfter := berutil.EncodeTLV(0xa5, append(timeBin, entrySpec...))

	payload := make([]byte, 0, len(nameBytes)+len(startAfter))
	payload = append(payload, nameBytes...)
	payload = append(payload, startAfter...)

	return MarshalConfirmedRequest(invokeID, asn1util.TagNumReadJournal, true, payload)
}

func encodeJournalName(domain, journal string) ([]byte, error) {
	name, err := EncodeObjectName(ObjectNameWire{
		Scope:    ScopeDomain,
		DomainID: domain,
		ItemID:   journal,
	})
	if err != nil {
		return nil, fmt.Errorf("pdu: journal name: %w", err)
	}
	return berutil.EncodeTLV(0xa0, name), nil
}

// --- Server-side request unmarshalers ---

// ReadJournalRequest holds the parsed ReadJournal request.
type ReadJournalRequest struct {
	Domain  string
	Journal string

	// Time range (both set when IsTimeRange is true)
	IsTimeRange bool
	StartTime   time.Time
	StopTime    time.Time

	// Start-after (both set when IsStartAfter is true)
	IsStartAfter bool
	AfterTime    time.Time
	AfterID      []byte
}

// UnmarshalReadJournalRequest decodes a ReadJournal request body.
func UnmarshalReadJournalRequest(data []byte) (*ReadJournalRequest, error) {
	req := &ReadJournalRequest{}
	offset := 0
	for offset < len(data) {
		tag, inner, n, err := berutil.DecodeTLVAt(data, offset)
		if err != nil {
			return nil, fmt.Errorf("pdu: read-journal request: %w", err)
		}
		offset += n
		switch tag {
		case 0xa0: // journalName
			name, nameErr := DecodeObjectName(inner)
			if nameErr != nil {
				return nil, fmt.Errorf("pdu: read-journal journalName: %w", nameErr)
			}
			req.Domain = name.DomainID
			req.Journal = name.ItemID
		case 0xa1: // rangeStartSpecification
			t, tErr := decodeTimeField(inner)
			if tErr != nil {
				return nil, fmt.Errorf("pdu: read-journal rangeStart: %w", tErr)
			}
			req.StartTime = t
			req.IsTimeRange = true
		case 0xa2: // rangeStopSpecification
			t, tErr := decodeTimeField(inner)
			if tErr != nil {
				return nil, fmt.Errorf("pdu: read-journal rangeStop: %w", tErr)
			}
			req.StopTime = t
		case 0xa5: // entryToStartAfter
			if err := decodeStartAfter(inner, req); err != nil {
				return nil, fmt.Errorf("pdu: read-journal startAfter: %w", err)
			}
			req.IsStartAfter = true
		}
	}
	if req.Journal == "" {
		return nil, fmt.Errorf("pdu: read-journal request: missing journalName")
	}

	// Enforce exactly one valid mode.
	switch {
	case req.IsTimeRange && req.IsStartAfter:
		return nil, fmt.Errorf("pdu: read-journal request: both time-range and start-after present")
	case req.IsTimeRange:
		if req.StartTime.IsZero() || req.StopTime.IsZero() {
			return nil, fmt.Errorf("pdu: read-journal request: time-range requires both start and stop")
		}
	case req.IsStartAfter:
		// decodeStartAfter already validates required fields
	default:
		return nil, fmt.Errorf("pdu: read-journal request: missing range specification")
	}

	return req, nil
}

func decodeTimeField(data []byte) (time.Time, error) {
	offset := 0
	for offset < len(data) {
		tag, inner, n, err := berutil.DecodeTLVAt(data, offset)
		if err != nil {
			return time.Time{}, err
		}
		offset += n
		if tag == 0x80 { // TimeOfDay
			ms, msErr := decodeBinaryTime(inner)
			if msErr != nil {
				return time.Time{}, msErr
			}
			return time.UnixMilli(ms).UTC(), nil
		}
	}
	return time.Time{}, fmt.Errorf("missing time value")
}

func decodeStartAfter(data []byte, req *ReadJournalRequest) error {
	hasTime := false
	hasEntry := false
	offset := 0
	for offset < len(data) {
		tag, inner, n, err := berutil.DecodeTLVAt(data, offset)
		if err != nil {
			return err
		}
		offset += n
		switch tag {
		case 0x80: // timeSpecification
			ms, msErr := decodeBinaryTime(inner)
			if msErr != nil {
				return msErr
			}
			req.AfterTime = time.UnixMilli(ms).UTC()
			hasTime = true
		case 0x81: // entrySpecification
			req.AfterID = append([]byte(nil), inner...)
			hasEntry = true
		}
	}
	if !hasTime {
		return fmt.Errorf("missing timeSpecification")
	}
	if !hasEntry {
		return fmt.Errorf("missing entrySpecification")
	}
	return nil
}

// --- Server-side response marshalers ---

// MarshalReadJournalResponse encodes a ReadJournal response.
//
//	ReadJournalResponse ::= SEQUENCE {
//	    listOfJournalEntry [0] IMPLICIT SEQUENCE OF JournalEntry,
//	    moreFollows        [1] IMPLICIT BOOLEAN OPTIONAL
//	}
func MarshalReadJournalResponse(entries []JournalEntryWire, moreFollows bool) ([]byte, error) {
	var entriesBytes []byte
	for _, e := range entries {
		eb, err := marshalJournalEntry(e)
		if err != nil {
			return nil, err
		}
		entriesBytes = append(entriesBytes, eb...)
	}

	listBytes := berutil.EncodeTLV(0xa0, entriesBytes)
	payload := listBytes
	if moreFollows {
		payload = append(payload, berutil.EncodeTLV(0x81, []byte{0xff})...)
	}
	return payload, nil
}

func marshalJournalEntry(e JournalEntryWire) ([]byte, error) {
	entryIDBytes := berutil.EncodeTLV(0x80, e.EntryID)

	occurrenceTimeBytes := berutil.EncodeTLV(0x80, encodeBinaryTime(e.OccurrenceTime.UnixMilli()))

	var varBytes []byte
	for _, v := range e.Variables {
		vb, err := marshalJournalVariable(v)
		if err != nil {
			return nil, err
		}
		varBytes = append(varBytes, vb...)
	}
	journalVars := berutil.EncodeTLV(0xa1, varBytes)
	dataBody := berutil.EncodeTLV(0xa2, journalVars)
	entryContent := berutil.EncodeTLV(0xa2, append(occurrenceTimeBytes, dataBody...))

	entryInner := make([]byte, 0, len(entryIDBytes)+len(entryContent))
	entryInner = append(entryInner, entryIDBytes...)
	entryInner = append(entryInner, entryContent...)

	return berutil.EncodeTLV(0x30, entryInner), nil
}

func marshalJournalVariable(v JournalVariableWire) ([]byte, error) {
	tagBytes := berutil.EncodeTLV(0x80, []byte(v.Tag))

	valueBytes, err := MarshalData(v.Value)
	if err != nil {
		return nil, fmt.Errorf("pdu: journal variable %q: %w", v.Tag, err)
	}
	valueSpec := berutil.EncodeTLV(0xa1, valueBytes)

	inner := append(tagBytes, valueSpec...)
	return berutil.EncodeTLV(0x30, inner), nil
}

// --- Client-side response unmarshalers ---

// UnmarshalReadJournalResponse decodes a ReadJournal response.
func UnmarshalReadJournalResponse(data []byte) ([]JournalEntryWire, bool, error) {
	var entries []JournalEntryWire
	moreFollows := false
	offset := 0
	for offset < len(data) {
		tag, inner, n, err := berutil.DecodeTLVAt(data, offset)
		if err != nil {
			return nil, false, fmt.Errorf("pdu: read-journal response: %w", err)
		}
		offset += n
		switch tag {
		case 0xa0: // listOfJournalEntry
			parsed, parseErr := parseJournalEntries(inner)
			if parseErr != nil {
				return nil, false, parseErr
			}
			entries = parsed
		case 0x81: // moreFollows
			if len(inner) > 0 {
				moreFollows = inner[0] != 0
			}
		}
	}
	return entries, moreFollows, nil
}

func parseJournalEntries(data []byte) ([]JournalEntryWire, error) {
	var entries []JournalEntryWire
	offset := 0
	for offset < len(data) {
		tag, inner, n, err := berutil.DecodeTLVAt(data, offset)
		if err != nil {
			return nil, fmt.Errorf("pdu: journal entry: %w", err)
		}
		if tag != 0x30 {
			return nil, fmt.Errorf("pdu: journal entry: expected SEQUENCE (0x30), got 0x%02x", tag)
		}
		offset += n

		e, eErr := parseJournalEntry(inner)
		if eErr != nil {
			return nil, eErr
		}
		entries = append(entries, e)
	}
	return entries, nil
}

func parseJournalEntry(data []byte) (JournalEntryWire, error) {
	var e JournalEntryWire
	offset := 0
	for offset < len(data) {
		tag, inner, n, err := berutil.DecodeTLVAt(data, offset)
		if err != nil {
			return e, fmt.Errorf("pdu: journal entry field: %w", err)
		}
		offset += n
		switch tag {
		case 0x80: // entryID
			e.EntryID = append([]byte(nil), inner...)
		case 0xa2: // entryContent
			if err := parseEntryContent(inner, &e); err != nil {
				return e, err
			}
		}
	}
	if len(e.EntryID) == 0 {
		return e, fmt.Errorf("pdu: journal entry: missing entryID")
	}
	return e, nil
}

func parseEntryContent(data []byte, e *JournalEntryWire) error {
	hasTime := false
	hasData := false
	offset := 0
	for offset < len(data) {
		tag, inner, n, err := berutil.DecodeTLVAt(data, offset)
		if err != nil {
			return fmt.Errorf("pdu: entry content: %w", err)
		}
		offset += n
		switch tag {
		case 0x80: // occurrenceTime
			ms, msErr := decodeBinaryTime(inner)
			if msErr != nil {
				return fmt.Errorf("pdu: journal occurrenceTime: %w", msErr)
			}
			e.OccurrenceTime = time.UnixMilli(ms).UTC()
			hasTime = true
		case 0xa2: // data -> journalVariables
			vars, vErr := parseJournalData(inner)
			if vErr != nil {
				return vErr
			}
			e.Variables = vars
			hasData = true
		}
	}
	if !hasTime {
		return fmt.Errorf("pdu: journal entry: missing occurrenceTime")
	}
	if !hasData {
		return fmt.Errorf("pdu: journal entry: missing data block")
	}
	return nil
}

func parseJournalData(data []byte) ([]JournalVariableWire, error) {
	offset := 0
	for offset < len(data) {
		tag, inner, n, err := berutil.DecodeTLVAt(data, offset)
		if err != nil {
			return nil, fmt.Errorf("pdu: journal data: %w", err)
		}
		offset += n
		if tag == 0xa1 { // journalVariables
			return parseJournalVariables(inner)
		}
	}
	return nil, nil
}

func parseJournalVariables(data []byte) ([]JournalVariableWire, error) {
	var vars []JournalVariableWire
	offset := 0
	for offset < len(data) {
		tag, inner, n, err := berutil.DecodeTLVAt(data, offset)
		if err != nil {
			return nil, fmt.Errorf("pdu: journal variable: %w", err)
		}
		if tag != 0x30 {
			return nil, fmt.Errorf("pdu: journal variable: expected SEQUENCE (0x30), got 0x%02x", tag)
		}
		offset += n

		v, vErr := parseJournalVariable(inner)
		if vErr != nil {
			return nil, vErr
		}
		vars = append(vars, v)
	}
	return vars, nil
}

func parseJournalVariable(data []byte) (JournalVariableWire, error) {
	var v JournalVariableWire
	hasTag := false
	hasValue := false
	offset := 0
	for offset < len(data) {
		tag, inner, n, err := berutil.DecodeTLVAt(data, offset)
		if err != nil {
			return v, fmt.Errorf("pdu: journal variable field: %w", err)
		}
		offset += n
		switch tag {
		case 0x80: // variableTag
			v.Tag = string(inner)
			hasTag = true
		case 0xa1: // valueSpec
			dv, _, dvErr := UnmarshalDataElement(inner, 0)
			if dvErr != nil {
				return v, fmt.Errorf("pdu: journal variable value: %w", dvErr)
			}
			v.Value = dv
			hasValue = true
		}
	}
	if !hasTag {
		return v, fmt.Errorf("pdu: journal variable: missing tag")
	}
	if !hasValue {
		return v, fmt.Errorf("pdu: journal variable: missing value")
	}
	return v, nil
}

=== END ./internal/pdu/journal.go ===
=== START ./internal/pdu/mmspdu.go ===
package pdu

import (
	"fmt"

	"github.com/otfabric/go-mms/internal/asn1util"
	"github.com/otfabric/go-mms/internal/codec"
)

// PduKind identifies the top-level MMS PDU type.
type PduKind int

const (
	PduConfirmedRequest PduKind = iota
	PduConfirmedResponse
	PduConfirmedError
	PduUnconfirmed
	PduReject
	PduInitiateRequest
	PduInitiateResponse
	PduInitiateError
	PduConcludeRequest
	PduConcludeResponse
	PduConcludeError
)

var pduKindNames = [...]string{
	"ConfirmedRequest",
	"ConfirmedResponse",
	"ConfirmedError",
	"Unconfirmed",
	"Reject",
	"InitiateRequest",
	"InitiateResponse",
	"InitiateError",
	"ConcludeRequest",
	"ConcludeResponse",
	"ConcludeError",
}

func (k PduKind) String() string {
	if int(k) >= 0 && int(k) < len(pduKindNames) {
		return pduKindNames[k]
	}
	return fmt.Sprintf("PduKind(%d)", int(k))
}

// ClassifyPdu identifies the MMS PDU type from raw BER-encoded data
// by inspecting the first tag byte.
func ClassifyPdu(data []byte) (PduKind, error) {
	tag, err := codec.PduType(data)
	if err != nil {
		return 0, err
	}
	return classifyTag(tag)
}

func classifyTag(tag byte) (PduKind, error) {
	switch tag {
	case asn1util.TagConfirmedRequest:
		return PduConfirmedRequest, nil
	case asn1util.TagConfirmedResponse:
		return PduConfirmedResponse, nil
	case asn1util.TagConfirmedError:
		return PduConfirmedError, nil
	case asn1util.TagUnconfirmed:
		return PduUnconfirmed, nil
	case asn1util.TagReject:
		return PduReject, nil
	case asn1util.TagInitiateRequest:
		return PduInitiateRequest, nil
	case asn1util.TagInitiateResponse:
		return PduInitiateResponse, nil
	case asn1util.TagInitiateError:
		return PduInitiateError, nil
	case asn1util.TagConcludeRequest:
		return PduConcludeRequest, nil
	case asn1util.TagConcludeResponse:
		return PduConcludeResponse, nil
	case asn1util.TagConcludeError:
		return PduConcludeError, nil
	default:
		return 0, fmt.Errorf("pdu: unknown MMS PDU tag 0x%02x", tag)
	}
}

// DecodePdu strips the outer MMS PDU tag and returns the kind and
// inner content bytes for further processing.
func DecodePdu(data []byte) (kind PduKind, content []byte, err error) {
	tag, content, err := codec.UnwrapPdu(data)
	if err != nil {
		return 0, nil, err
	}
	kind, err = classifyTag(tag)
	if err != nil {
		return 0, nil, err
	}
	return kind, content, nil
}

=== END ./internal/pdu/mmspdu.go ===
=== START ./internal/pdu/namedvarlist.go ===
package pdu

import (
	"encoding/asn1"
	"fmt"

	"github.com/otfabric/go-mms/internal/asn1util"
	"github.com/otfabric/go-mms/internal/berutil"
	"github.com/otfabric/go-mms/internal/codec"
)

// MarshalDefineNamedVarListRequest builds a ConfirmedRequestPdu for
// the MMS DefineNamedVariableList service.
//
//	DefineNamedVariableListRequest ::= SEQUENCE {
//	  variableListName ObjectName
//	  listOfVariable   [0] IMPLICIT SEQUENCE OF SEQUENCE {
//	    variableSpecification VariableSpecification
//	  }
//	}
func MarshalDefineNamedVarListRequest(invokeID codec.InvokeID, listName ObjectNameWire, variables []VariableSpecWire) ([]byte, error) {
	nameBytes, err := EncodeObjectName(listName)
	if err != nil {
		return nil, fmt.Errorf("pdu: define named var list: list name: %w", err)
	}

	var varEntries []byte
	for i, v := range variables {
		objName, err := EncodeObjectName(v.Name)
		if err != nil {
			return nil, fmt.Errorf("pdu: define named var list: variable [%d]: %w", i, err)
		}
		varSpec := asn1util.WrapConstructed(0, objName)
		var seqContent []byte
		seqContent = append(seqContent, varSpec...)
		if len(v.AlternateAccess) > 0 {
			aaBytes, err := encodeAlternateAccess(v.AlternateAccess)
			if err != nil {
				return nil, fmt.Errorf("pdu: define named var list: variable [%d] alternate access: %w", i, err)
			}
			seqContent = append(seqContent, berutil.EncodeTLV(tagAltAccessWrapper, aaBytes)...)
		}
		entry := berutil.EncodeTLV(tagSequence, seqContent)
		varEntries = append(varEntries, entry...)
	}
	listOfVar := berutil.EncodeTLV(0xa0, varEntries) // [0] IMPLICIT SEQUENCE OF

	payload := make([]byte, 0, len(nameBytes)+len(listOfVar))
	payload = append(payload, nameBytes...)
	payload = append(payload, listOfVar...)

	return marshalConfirmedLegacy(invokeID, asn1util.TagServiceDefineNamedVariableList, payload)
}

// MarshalGetNamedVarListAttrsRequest builds a ConfirmedRequestPdu for
// the MMS GetNamedVariableListAttributes service.
//
// The request is simply an ObjectName identifying the list.
func MarshalGetNamedVarListAttrsRequest(invokeID codec.InvokeID, listName ObjectNameWire) ([]byte, error) {
	payload, err := EncodeObjectName(listName)
	if err != nil {
		return nil, fmt.Errorf("pdu: get named var list attrs: %w", err)
	}
	return marshalConfirmedLegacy(invokeID, asn1util.TagServiceGetNamedVariableListAttrs, payload)
}

// NamedVarListAttrsResult is the internal result of a
// GetNamedVariableListAttributes response.
type NamedVarListAttrsResult struct {
	Deletable bool
	Variables []VariableSpecWire
}

// UnmarshalGetNamedVarListAttrsResponse parses a
// GetNamedVariableListAttributes response.
//
//	GetNamedVariableListAttributesResponse ::= SEQUENCE {
//	  mmsDeletable   [0] IMPLICIT BOOLEAN
//	  listOfVariable [1] IMPLICIT SEQUENCE OF SEQUENCE {
//	    variableSpecification VariableSpecification
//	  }
//	}
func UnmarshalGetNamedVarListAttrsResponse(serviceData asn1.RawValue) (*NamedVarListAttrsResult, error) {
	content := serviceData.Bytes
	if len(content) == 0 {
		return nil, fmt.Errorf("pdu: getnamedvarlistattrs response: empty content")
	}

	offset := 0

	// mmsDeletable [0] IMPLICIT BOOLEAN
	tag, inner, n, err := berutil.DecodeTLVAt(content, offset)
	if err != nil {
		return nil, fmt.Errorf("pdu: getnamedvarlistattrs response: mmsDeletable: %w", err)
	}
	offset += n
	if tag != 0x80 {
		return nil, fmt.Errorf("pdu: getnamedvarlistattrs response: expected [0] (0x80), got 0x%02x", tag)
	}
	deletable := len(inner) == 1 && inner[0] != 0

	// listOfVariable [1] IMPLICIT SEQUENCE OF
	if offset >= len(content) {
		return nil, fmt.Errorf("pdu: getnamedvarlistattrs response: missing listOfVariable")
	}
	tag, inner, n, err = berutil.DecodeTLVAt(content, offset)
	if err != nil {
		return nil, fmt.Errorf("pdu: getnamedvarlistattrs response: listOfVariable: %w", err)
	}
	offset += n
	if tag != 0xa1 {
		return nil, fmt.Errorf("pdu: getnamedvarlistattrs response: expected [1] (0xa1), got 0x%02x", tag)
	}

	variables, err := decodeVariableList(inner)
	if err != nil {
		return nil, fmt.Errorf("pdu: getnamedvarlistattrs response: %w", err)
	}

	if offset != len(content) {
		return nil, fmt.Errorf("pdu: getnamedvarlistattrs response: %d trailing bytes", len(content)-offset)
	}

	return &NamedVarListAttrsResult{Deletable: deletable, Variables: variables}, nil
}

func decodeVariableList(data []byte) ([]VariableSpecWire, error) {
	var specs []VariableSpecWire
	offset := 0
	for offset < len(data) {
		tag, content, n, err := berutil.DecodeTLVAt(data, offset)
		if err != nil {
			return nil, fmt.Errorf("variable [%d]: %w", len(specs), err)
		}
		offset += n
		if tag != tagSequence {
			return nil, fmt.Errorf("variable [%d]: expected SEQUENCE (0x30), got 0x%02x", len(specs), tag)
		}

		spec, err := decodeVariableSpecFull(content)
		if err != nil {
			return nil, fmt.Errorf("variable [%d]: %w", len(specs), err)
		}
		specs = append(specs, spec)
	}
	return specs, nil
}

func decodeVariableSpec(data []byte) (ObjectNameWire, error) {
	// VariableSpecification: only supporting name [0] EXPLICIT ObjectName
	tag, content, _, err := berutil.DecodeTLVAt(data, 0)
	if err != nil {
		return ObjectNameWire{}, fmt.Errorf("variableSpec: %w", err)
	}
	if tag != 0xa0 {
		return ObjectNameWire{}, fmt.Errorf("variableSpec: expected name [0] (0xa0), got 0x%02x (only 'name' supported)", tag)
	}
	return DecodeObjectName(content)
}

func decodeVariableSpecFull(data []byte) (VariableSpecWire, error) {
	offset := 0
	tag, content, n, err := berutil.DecodeTLVAt(data, offset)
	if err != nil {
		return VariableSpecWire{}, fmt.Errorf("variableSpec: %w", err)
	}
	offset += n
	if tag != 0xa0 {
		return VariableSpecWire{}, fmt.Errorf("variableSpec: expected name [0] (0xa0), got 0x%02x (only 'name' supported)", tag)
	}
	name, err := DecodeObjectName(content)
	if err != nil {
		return VariableSpecWire{}, err
	}

	spec := VariableSpecWire{Name: name}

	if offset < len(data) {
		tag2, content2, n2, err := berutil.DecodeTLVAt(data, offset)
		if err != nil {
			return VariableSpecWire{}, fmt.Errorf("variableSpec alternateAccess: %w", err)
		}
		offset += n2
		_ = offset
		if tag2 == tagAltAccessWrapper {
			aa, err := decodeAlternateAccess(content2)
			if err != nil {
				return VariableSpecWire{}, fmt.Errorf("variableSpec alternateAccess: %w", err)
			}
			spec.AlternateAccess = aa
		}
	}

	return spec, nil
}

// MarshalDeleteNamedVarListRequest builds a ConfirmedRequestPdu for
// the MMS DeleteNamedVariableList service.
//
//	DeleteNamedVariableListRequest ::= SEQUENCE {
//	  scopeOfDelete            [0] IMPLICIT INTEGER  -- OPTIONAL, DEFAULT 0
//	  listOfVariableListName   [1] IMPLICIT SEQUENCE OF ObjectName
//	  domainName               [2] IMPLICIT Identifier  -- OPTIONAL
//	}
func MarshalDeleteNamedVarListRequest(invokeID codec.InvokeID, listNames []ObjectNameWire) ([]byte, error) {
	// scopeOfDelete = 0 (specific), which is the default — omit it.
	var nameEntries []byte
	for i, n := range listNames {
		encoded, err := EncodeObjectName(n)
		if err != nil {
			return nil, fmt.Errorf("pdu: delete named var list: name [%d]: %w", i, err)
		}
		nameEntries = append(nameEntries, encoded...)
	}
	listOfNames := berutil.EncodeTLV(0xa1, nameEntries) // [1] IMPLICIT SEQUENCE OF

	return marshalConfirmedLegacy(invokeID, asn1util.TagServiceDeleteNamedVariableList, listOfNames)
}

// DeleteNamedVarListResult is the internal result of a
// DeleteNamedVariableList response.
type DeleteNamedVarListResult struct {
	NumberMatched int
	NumberDeleted int
}

// UnmarshalDeleteNamedVarListResponse parses a DeleteNamedVariableList response.
//
//	DeleteNamedVariableListResponse ::= SEQUENCE {
//	  numberMatched Unsigned32
//	  numberDeleted Unsigned32
//	}
func UnmarshalDeleteNamedVarListResponse(serviceData asn1.RawValue) (*DeleteNamedVarListResult, error) {
	content := serviceData.Bytes
	if len(content) == 0 {
		return nil, fmt.Errorf("pdu: deletenamelist response: empty content")
	}

	offset := 0

	// numberMatched: Unsigned32
	tag, inner, n, err := berutil.DecodeTLVAt(content, offset)
	if err != nil {
		return nil, fmt.Errorf("pdu: deletenamelist response: numberMatched: %w", err)
	}
	offset += n
	if tag != tagInteger {
		return nil, fmt.Errorf("pdu: deletenamelist response: expected INTEGER (0x02), got 0x%02x", tag)
	}
	matched, err := berutil.DecodeUnsigned(inner)
	if err != nil {
		return nil, fmt.Errorf("pdu: deletenamelist response: numberMatched value: %w", err)
	}

	// numberDeleted: Unsigned32
	tag, inner, n, err = berutil.DecodeTLVAt(content, offset)
	if err != nil {
		return nil, fmt.Errorf("pdu: deletenamelist response: numberDeleted: %w", err)
	}
	offset += n
	if tag != tagInteger {
		return nil, fmt.Errorf("pdu: deletenamelist response: expected INTEGER (0x02), got 0x%02x", tag)
	}
	deleted, err := berutil.DecodeUnsigned(inner)
	if err != nil {
		return nil, fmt.Errorf("pdu: deletenamelist response: numberDeleted value: %w", err)
	}

	if offset != len(content) {
		return nil, fmt.Errorf("pdu: deletenamelist response: %d trailing bytes", len(content)-offset)
	}

	return &DeleteNamedVarListResult{NumberMatched: int(matched), NumberDeleted: int(deleted)}, nil
}

=== END ./internal/pdu/namedvarlist.go ===
=== START ./internal/pdu/read.go ===
package pdu

import (
	"encoding/asn1"
	"fmt"

	"github.com/otfabric/go-mms/internal/asn1util"
	"github.com/otfabric/go-mms/internal/berutil"
	"github.com/otfabric/go-mms/internal/codec"
)

// ObjectNameWire is the internal representation of an MMS ObjectName.
//
// When Scope is ScopeDomain, both DomainID and ItemID are set.
// When Scope is ScopeVMD or ScopeAssociation, only ItemID is used.
type ObjectNameWire struct {
	Scope    int // ScopeVMD=0, ScopeDomain=1, ScopeAssociation=2
	DomainID string
	ItemID   string
}

// BER tags used in Read request/response encoding.
const (
	tagVisibleString byte = 0x1a // UNIVERSAL 26
	tagInteger       byte = 0x02 // UNIVERSAL 2
	tagSequence      byte = 0x30 // UNIVERSAL 16, constructed
	tagListOfVar     byte = 0xa0 // [0] CONSTRUCTED (listOfVariable)
	tagVarListName   byte = 0xa1 // [1] CONSTRUCTED (variableListName)
)

// EncodeObjectName encodes an ObjectName for the wire.
//
//	ObjectName ::= CHOICE {
//	  vmdSpecific      [0] IMPLICIT Identifier
//	  domainSpecific   [1] CONSTRUCTED { domainId, itemId }
//	  aaSpecific       [2] IMPLICIT Identifier
//	}
func EncodeObjectName(n ObjectNameWire) ([]byte, error) {
	switch n.Scope {
	case ScopeVMD:
		return berutil.EncodeTLV(0x80, []byte(n.ItemID)), nil // [0] IMPLICIT Identifier
	case ScopeDomain:
		domain := berutil.EncodeTLV(tagVisibleString, []byte(n.DomainID))
		item := berutil.EncodeTLV(tagVisibleString, []byte(n.ItemID))
		content := make([]byte, 0, len(domain)+len(item))
		content = append(content, domain...)
		content = append(content, item...)
		return berutil.EncodeTLV(0xa1, content), nil // [1] CONSTRUCTED
	case ScopeAssociation:
		return berutil.EncodeTLV(0x82, []byte(n.ItemID)), nil // [2] IMPLICIT Identifier
	default:
		return nil, fmt.Errorf("pdu: invalid ObjectName scope %d", n.Scope)
	}
}

// DecodeObjectName decodes an ObjectName from wire encoding.
func DecodeObjectName(data []byte) (ObjectNameWire, error) {
	tag, content, err := berutil.DecodeTLV(data)
	if err != nil {
		return ObjectNameWire{}, fmt.Errorf("decode object name: %w", err)
	}
	return decodeObjectNameFromTLV(tag, content)
}

// DecodeObjectNameAt decodes an ObjectName starting at offset, returning
// the decoded name and the number of bytes consumed.
func DecodeObjectNameAt(data []byte, offset int) (ObjectNameWire, int, error) {
	tag, content, n, err := berutil.DecodeTLVAt(data, offset)
	if err != nil {
		return ObjectNameWire{}, 0, fmt.Errorf("decode object name: %w", err)
	}
	name, err := decodeObjectNameFromTLV(tag, content)
	if err != nil {
		return ObjectNameWire{}, 0, err
	}
	return name, n, nil
}

func decodeObjectNameFromTLV(tag byte, content []byte) (ObjectNameWire, error) {
	switch tag {
	case 0x80: // vmdSpecific [0] IMPLICIT Identifier
		return ObjectNameWire{Scope: ScopeVMD, ItemID: string(content)}, nil
	case 0xa1: // domainSpecific [1] CONSTRUCTED
		return decodeDomainSpecificName(content)
	case 0x82: // aaSpecific [2] IMPLICIT Identifier
		return ObjectNameWire{Scope: ScopeAssociation, ItemID: string(content)}, nil
	default:
		return ObjectNameWire{}, fmt.Errorf("unexpected ObjectName tag 0x%02x", tag)
	}
}

func decodeDomainSpecificName(data []byte) (ObjectNameWire, error) {
	offset := 0
	tag, content, n, err := berutil.DecodeTLVAt(data, offset)
	if err != nil {
		return ObjectNameWire{}, fmt.Errorf("domainSpecific domainId: %w", err)
	}
	offset += n
	if tag != tagVisibleString {
		return ObjectNameWire{}, fmt.Errorf("domainSpecific domainId: expected VisibleString, got 0x%02x", tag)
	}
	domainID := string(content)

	tag, content, n, err = berutil.DecodeTLVAt(data, offset)
	if err != nil {
		return ObjectNameWire{}, fmt.Errorf("domainSpecific itemId: %w", err)
	}
	offset += n
	if tag != tagVisibleString {
		return ObjectNameWire{}, fmt.Errorf("domainSpecific itemId: expected VisibleString, got 0x%02x", tag)
	}
	if offset != len(data) {
		return ObjectNameWire{}, fmt.Errorf("domainSpecific: %d trailing bytes", len(data)-offset)
	}
	return ObjectNameWire{Scope: ScopeDomain, DomainID: domainID, ItemID: string(content)}, nil
}

// MarshalReadRequest builds a complete ConfirmedRequestPdu for the
// MMS Read service with a list of domain-specific variables.
func MarshalReadRequest(invokeID codec.InvokeID, vars []ObjectNameWire) ([]byte, error) {
	varSpec, err := encodeListOfVariable(vars)
	if err != nil {
		return nil, fmt.Errorf("pdu: read request: %w", err)
	}
	return marshalConfirmedLegacy(invokeID, asn1util.TagServiceRead, varSpec)
}

// UnmarshalReadResponse parses a Read response from the service
// RawValue inside a ConfirmedResponsePdu. Returns the list of
// AccessResult values (each is either a Data value or a DataAccessError).
func UnmarshalReadResponse(serviceData asn1.RawValue) ([]*DataValue, error) {
	content := serviceData.Bytes
	if len(content) == 0 {
		return nil, fmt.Errorf("pdu: read response: empty content")
	}

	offset := 0

	// Skip optional variableAccessSpecification [0]
	if offset < len(content) && content[offset] == tagListOfVar {
		_, _, n, err := berutil.DecodeTLVAt(content, offset)
		if err != nil {
			return nil, fmt.Errorf("pdu: read response: skip varspec: %w", err)
		}
		offset += n
	}

	// Parse listOfAccessResult SEQUENCE OF
	if offset >= len(content) {
		return nil, fmt.Errorf("pdu: read response: missing access result list")
	}

	tag, listContent, n, err := berutil.DecodeTLVAt(content, offset)
	if err != nil {
		return nil, fmt.Errorf("pdu: read response: list: %w", err)
	}
	offset += n
	if tag != tagSequence {
		return nil, fmt.Errorf("pdu: read response: expected SEQUENCE OF (0x30), got 0x%02x", tag)
	}

	if offset != len(content) {
		return nil, fmt.Errorf("pdu: read response: %d trailing bytes", len(content)-offset)
	}

	return UnmarshalAccessResults(listContent)
}

func encodeListOfVariable(vars []ObjectNameWire) ([]byte, error) {
	var inner []byte
	for i, v := range vars {
		nameBytes, err := EncodeObjectName(v)
		if err != nil {
			return nil, fmt.Errorf("variable [%d]: %w", i, err)
		}
		seq := berutil.EncodeTLV(tagSequence, nameBytes)
		inner = append(inner, seq...)
	}
	return berutil.EncodeTLV(tagListOfVar, inner), nil
}

// MarshalReadRequestWithAccess builds a ConfirmedRequestPdu for the
// MMS Read service with variables that may include alternate access.
func MarshalReadRequestWithAccess(invokeID codec.InvokeID, vars []VariableSpecWire) ([]byte, error) {
	varSpec, err := encodeListOfVariableWithAccess(vars)
	if err != nil {
		return nil, fmt.Errorf("pdu: read request: %w", err)
	}
	return marshalConfirmedLegacy(invokeID, asn1util.TagServiceRead, varSpec)
}

// MarshalWriteRequestWithAccess builds a ConfirmedRequestPdu for the
// MMS Write service with variables that may include alternate access.
func MarshalWriteRequestWithAccess(invokeID codec.InvokeID, vars []VariableSpecWire, values []*DataValue) ([]byte, error) {
	if len(vars) != len(values) {
		return nil, fmt.Errorf("pdu: write request: %d variables but %d values", len(vars), len(values))
	}

	varSpec, err := encodeListOfVariableWithAccess(vars)
	if err != nil {
		return nil, fmt.Errorf("pdu: write request: %w", err)
	}

	dataContent, err := MarshalDataList(values)
	if err != nil {
		return nil, fmt.Errorf("pdu: write request: marshal data: %w", err)
	}
	dataList := berutil.EncodeTLV(tagSequence, dataContent)

	payload := make([]byte, 0, len(varSpec)+len(dataList))
	payload = append(payload, varSpec...)
	payload = append(payload, dataList...)

	return marshalConfirmedLegacy(invokeID, asn1util.TagServiceWrite, payload)
}

func encodeListOfVariableWithAccess(vars []VariableSpecWire) ([]byte, error) {
	var inner []byte
	for i, v := range vars {
		nameBytes, err := EncodeObjectName(v.Name)
		if err != nil {
			return nil, fmt.Errorf("variable [%d]: %w", i, err)
		}

		var seqContent []byte
		seqContent = append(seqContent, nameBytes...)

		if len(v.AlternateAccess) > 0 {
			aaBytes, err := encodeAlternateAccess(v.AlternateAccess)
			if err != nil {
				return nil, fmt.Errorf("variable [%d] alternate access: %w", i, err)
			}
			seqContent = append(seqContent, berutil.EncodeTLV(tagAltAccessWrapper, aaBytes)...)
		}

		inner = append(inner, berutil.EncodeTLV(tagSequence, seqContent)...)
	}
	return berutil.EncodeTLV(tagListOfVar, inner), nil
}

// MarshalReadRequestByListName builds a ConfirmedRequestPdu for the
// MMS Read service using the variableListName CHOICE (tag [1]).
func MarshalReadRequestByListName(invokeID codec.InvokeID, listName ObjectNameWire) ([]byte, error) {
	nameBytes, err := EncodeObjectName(listName)
	if err != nil {
		return nil, fmt.Errorf("pdu: read by list name: %w", err)
	}
	varSpec := berutil.EncodeTLV(tagVarListName, nameBytes)
	return marshalConfirmedLegacy(invokeID, asn1util.TagServiceRead, varSpec)
}

// MarshalReadRequestByListNameWithSpec builds a ConfirmedRequestPdu for
// the MMS Read service using variableListName with specificationWithResult.
func MarshalReadRequestByListNameWithSpec(invokeID codec.InvokeID, listName ObjectNameWire, specWithResult bool) ([]byte, error) {
	var payload []byte
	if specWithResult {
		payload = append(payload, berutil.EncodeTLV(0x80, []byte{0xff})...)
	}
	nameBytes, err := EncodeObjectName(listName)
	if err != nil {
		return nil, fmt.Errorf("pdu: read by list name: %w", err)
	}
	payload = append(payload, berutil.EncodeTLV(tagVarListName, nameBytes)...)
	return marshalConfirmedLegacy(invokeID, asn1util.TagServiceRead, payload)
}

// MarshalWriteRequestByListName builds a ConfirmedRequestPdu for the
// MMS Write service using the variableListName CHOICE (tag [1]).
func MarshalWriteRequestByListName(invokeID codec.InvokeID, listName ObjectNameWire, values []*DataValue) ([]byte, error) {
	nameBytes, err := EncodeObjectName(listName)
	if err != nil {
		return nil, fmt.Errorf("pdu: write by list name: %w", err)
	}
	varSpec := berutil.EncodeTLV(tagVarListName, nameBytes)

	dataContent, err := MarshalDataList(values)
	if err != nil {
		return nil, fmt.Errorf("pdu: write by list name: marshal data: %w", err)
	}
	dataList := berutil.EncodeTLV(tagSequence, dataContent)

	payload := make([]byte, 0, len(varSpec)+len(dataList))
	payload = append(payload, varSpec...)
	payload = append(payload, dataList...)

	return marshalConfirmedLegacy(invokeID, asn1util.TagServiceWrite, payload)
}

=== END ./internal/pdu/read.go ===
=== START ./internal/pdu/server_helpers.go ===
package pdu

import (
	"fmt"

	"github.com/otfabric/go-mms/internal/berutil"
)

// ---- Server-side request unmarshalers ----

// GetNameListRequest is the server-side parsed GetNameList request.
type GetNameListRequest struct {
	ObjectClass   int
	Scope         int
	DomainID      string
	ContinueAfter string
}

// UnmarshalGetNameListRequest parses the service body of a GetNameList request.
//
//	GetNameListRequest ::= SEQUENCE {
//	  objectClass   [0] EXPLICIT ObjectClass
//	  objectScope   [1] EXPLICIT ObjectScope
//	  continueAfter [2] IMPLICIT Identifier OPTIONAL
//	}
func UnmarshalGetNameListRequest(data []byte) (*GetNameListRequest, error) {
	offset := 0

	// objectClass [0] EXPLICIT { basicObjectClass [0] IMPLICIT INTEGER }
	tag, content, n, err := berutil.DecodeTLVAt(data, offset)
	if err != nil {
		return nil, fmt.Errorf("getnamelist request: objectClass: %w", err)
	}
	offset += n
	if tag != 0xa0 {
		return nil, fmt.Errorf("getnamelist request: expected objectClass [0] (0xa0), got 0x%02x", tag)
	}
	tag, inner, innerN, err := berutil.DecodeTLVAt(content, 0)
	if err != nil {
		return nil, fmt.Errorf("getnamelist request: objectClass inner: %w", err)
	}
	if tag != 0x80 {
		return nil, fmt.Errorf("getnamelist request: expected basicObjectClass [0] (0x80), got 0x%02x", tag)
	}
	if innerN != len(content) {
		return nil, fmt.Errorf("getnamelist request: objectClass: %d trailing bytes in explicit wrapper", len(content)-innerN)
	}
	objectClass, err := berutil.DecodeInteger(inner)
	if err != nil {
		return nil, fmt.Errorf("getnamelist request: objectClass value: %w", err)
	}

	// objectScope [1] EXPLICIT CHOICE
	if offset >= len(data) {
		return nil, fmt.Errorf("getnamelist request: missing objectScope")
	}
	tag, content, n, err = berutil.DecodeTLVAt(data, offset)
	if err != nil {
		return nil, fmt.Errorf("getnamelist request: objectScope: %w", err)
	}
	offset += n
	if tag != 0xa1 {
		return nil, fmt.Errorf("getnamelist request: expected objectScope [1] (0xa1), got 0x%02x", tag)
	}

	var scope int
	var domainID string
	if len(content) == 0 {
		return nil, fmt.Errorf("getnamelist request: empty objectScope wrapper")
	}
	scopeTag, scopeInner, scopeN, err := berutil.DecodeTLVAt(content, 0)
	if err != nil {
		return nil, fmt.Errorf("getnamelist request: objectScope inner: %w", err)
	}
	if scopeN != len(content) {
		return nil, fmt.Errorf("getnamelist request: objectScope: %d trailing bytes in explicit wrapper", len(content)-scopeN)
	}
	switch scopeTag {
	case 0x80: // vmdSpecific
		scope = ScopeVMD
	case 0x81: // domainSpecific
		scope = ScopeDomain
		domainID = string(scopeInner)
	case 0x82: // aaSpecific
		scope = ScopeAssociation
	default:
		return nil, fmt.Errorf("getnamelist request: unknown scope tag 0x%02x", scopeTag)
	}

	// continueAfter [2] IMPLICIT Identifier OPTIONAL
	var continueAfter string
	if offset < len(data) {
		tag, content, n, err = berutil.DecodeTLVAt(data, offset)
		if err != nil {
			return nil, fmt.Errorf("getnamelist request: continueAfter: %w", err)
		}
		offset += n
		if tag == 0x82 {
			continueAfter = string(content)
		}
	}
	if offset != len(data) {
		return nil, fmt.Errorf("getnamelist request: %d trailing bytes", len(data)-offset)
	}

	return &GetNameListRequest{
		ObjectClass:   objectClass,
		Scope:         scope,
		DomainID:      domainID,
		ContinueAfter: continueAfter,
	}, nil
}

// UnmarshalGetVarAccessRequest parses the service body of a
// GetVariableAccessAttributes request, extracting the ObjectName.
func UnmarshalGetVarAccessRequest(data []byte) (ObjectNameWire, error) {
	// The service body is CHOICE { name [0] EXPLICIT ObjectName, address [1] ... }
	tag, content, n, err := berutil.DecodeTLVAt(data, 0)
	if err != nil {
		return ObjectNameWire{}, fmt.Errorf("getvaraccess request: %w", err)
	}
	if tag != 0xa0 {
		return ObjectNameWire{}, fmt.Errorf("getvaraccess request: expected name [0] (0xa0), got 0x%02x (address not supported)", tag)
	}
	if n != len(data) {
		return ObjectNameWire{}, fmt.Errorf("getvaraccess request: %d trailing bytes", len(data)-n)
	}
	return DecodeObjectName(content)
}

// UnmarshalReadRequest parses the service body of a Read request,
// returning the list of variable names (without alternate access).
func UnmarshalReadRequest(data []byte) ([]ObjectNameWire, error) {
	specs, err := UnmarshalReadRequestFull(data)
	if err != nil {
		return nil, err
	}
	vars := make([]ObjectNameWire, len(specs))
	for i, s := range specs {
		vars[i] = s.Name
	}
	return vars, nil
}

// ReadRequestWire holds the parsed read request, which uses either
// listOfVariable or variableListName addressing.
type ReadRequestWire struct {
	SpecWithResult bool
	Variables      []VariableSpecWire // set when listOfVariable
	ListName       *ObjectNameWire    // set when variableListName
}

// UnmarshalReadRequestFull parses the service body of a Read request,
// returning variable specs including any alternate access.
func UnmarshalReadRequestFull(data []byte) ([]VariableSpecWire, error) {
	req, err := UnmarshalReadRequestParsed(data)
	if err != nil {
		return nil, err
	}
	if req.ListName != nil {
		return nil, fmt.Errorf("read request: variableListName not supported in this path")
	}
	return req.Variables, nil
}

// UnmarshalReadRequestParsed parses a Read request into the full
// wire representation, supporting both listOfVariable and variableListName.
func UnmarshalReadRequestParsed(data []byte) (*ReadRequestWire, error) {
	offset := 0
	result := &ReadRequestWire{}

	// Optional specificationWithResult [0] IMPLICIT BOOLEAN
	if offset < len(data) && data[offset] == 0x80 {
		_, content, n, err := berutil.DecodeTLVAt(data, offset)
		if err != nil {
			return nil, fmt.Errorf("read request: specificationWithResult: %w", err)
		}
		offset += n
		if len(content) > 0 && content[0] != 0 {
			result.SpecWithResult = true
		}
	}

	if offset >= len(data) {
		return nil, fmt.Errorf("read request: missing variable access specification")
	}
	tag, content, n, err := berutil.DecodeTLVAt(data, offset)
	if err != nil {
		return nil, fmt.Errorf("read request: varAccessSpec: %w", err)
	}
	offset += n

	if offset != len(data) {
		return nil, fmt.Errorf("read request: %d trailing bytes", len(data)-offset)
	}

	switch tag {
	case tagListOfVar:
		specs, err := decodeVarSpecListFull(content)
		if err != nil {
			return nil, err
		}
		result.Variables = specs
		return result, nil
	case tagVarListName:
		name, err := DecodeObjectName(content)
		if err != nil {
			return nil, fmt.Errorf("read request: variableListName: %w", err)
		}
		result.ListName = &name
		return result, nil
	default:
		return nil, fmt.Errorf("read request: expected listOfVariable [0] or variableListName [1], got 0x%02x", tag)
	}
}

func decodeVarSpecListFull(data []byte) ([]VariableSpecWire, error) {
	var specs []VariableSpecWire
	offset := 0
	for offset < len(data) {
		tag, content, n, err := berutil.DecodeTLVAt(data, offset)
		if err != nil {
			return nil, fmt.Errorf("varSpec [%d]: %w", len(specs), err)
		}
		offset += n
		if tag != tagSequence {
			return nil, fmt.Errorf("varSpec [%d]: expected SEQUENCE (0x30), got 0x%02x", len(specs), tag)
		}
		spec, err := decodeVariableSpecWire(content)
		if err != nil {
			return nil, fmt.Errorf("varSpec [%d]: %w", len(specs), err)
		}
		specs = append(specs, spec)
	}
	return specs, nil
}

func decodeVariableSpecWire(data []byte) (VariableSpecWire, error) {
	name, consumed, err := DecodeObjectNameAt(data, 0)
	if err != nil {
		return VariableSpecWire{}, err
	}

	spec := VariableSpecWire{Name: name}

	if consumed < len(data) {
		tag, content, n, err := berutil.DecodeTLVAt(data, consumed)
		if err != nil {
			return VariableSpecWire{}, fmt.Errorf("alternate access: %w", err)
		}
		consumed += n
		if tag != tagAltAccessWrapper {
			return VariableSpecWire{}, fmt.Errorf("expected alternateAccess [5] (0xa5), got 0x%02x", tag)
		}
		selectors, err := decodeAlternateAccess(content)
		if err != nil {
			return VariableSpecWire{}, fmt.Errorf("alternate access: %w", err)
		}
		spec.AlternateAccess = selectors
	}

	if consumed != len(data) {
		return VariableSpecWire{}, fmt.Errorf("%d trailing bytes after variable spec", len(data)-consumed)
	}

	return spec, nil
}

// UnmarshalWriteRequest parses the service body of a Write request.
func UnmarshalWriteRequest(data []byte) ([]ObjectNameWire, []*DataValue, error) {
	specs, values, err := UnmarshalWriteRequestFull(data)
	if err != nil {
		return nil, nil, err
	}
	vars := make([]ObjectNameWire, len(specs))
	for i, s := range specs {
		vars[i] = s.Name
	}
	return vars, values, nil
}

// WriteRequestWire holds the parsed write request, which uses either
// listOfVariable or variableListName addressing.
type WriteRequestWire struct {
	Variables []VariableSpecWire // set when listOfVariable
	ListName  *ObjectNameWire    // set when variableListName
	Values    []*DataValue
}

// UnmarshalWriteRequestFull parses the service body of a Write request,
// returning variable specs including any alternate access.
func UnmarshalWriteRequestFull(data []byte) ([]VariableSpecWire, []*DataValue, error) {
	req, err := UnmarshalWriteRequestParsed(data)
	if err != nil {
		return nil, nil, err
	}
	if req.ListName != nil {
		return nil, nil, fmt.Errorf("write request: variableListName not supported in this path")
	}
	return req.Variables, req.Values, nil
}

// UnmarshalWriteRequestParsed parses a Write request into the full
// wire representation, supporting both listOfVariable and variableListName.
func UnmarshalWriteRequestParsed(data []byte) (*WriteRequestWire, error) {
	offset := 0

	if offset >= len(data) {
		return nil, fmt.Errorf("write request: missing variable access specification")
	}
	tag, content, n, err := berutil.DecodeTLVAt(data, offset)
	if err != nil {
		return nil, fmt.Errorf("write request: varAccessSpec: %w", err)
	}
	offset += n

	var result WriteRequestWire

	switch tag {
	case tagListOfVar:
		specs, err := decodeVarSpecListFull(content)
		if err != nil {
			return nil, fmt.Errorf("write request: %w", err)
		}
		result.Variables = specs
	case tagVarListName:
		name, err := DecodeObjectName(content)
		if err != nil {
			return nil, fmt.Errorf("write request: variableListName: %w", err)
		}
		result.ListName = &name
	default:
		return nil, fmt.Errorf("write request: expected listOfVariable [0] or variableListName [1], got 0x%02x", tag)
	}

	// listOfData: SEQUENCE OF Data
	if offset >= len(data) {
		return nil, fmt.Errorf("write request: missing data list")
	}
	tag, content, n, err = berutil.DecodeTLVAt(data, offset)
	if err != nil {
		return nil, fmt.Errorf("write request: dataList: %w", err)
	}
	offset += n
	if tag != tagSequence {
		return nil, fmt.Errorf("write request: expected SEQUENCE OF (0x30), got 0x%02x", tag)
	}
	if offset != len(data) {
		return nil, fmt.Errorf("write request: %d trailing bytes", len(data)-offset)
	}

	var values []*DataValue
	dataOffset := 0
	for dataOffset < len(content) {
		dv, consumed, err := UnmarshalDataElement(content, dataOffset)
		if err != nil {
			return nil, fmt.Errorf("write request: data [%d]: %w", len(values), err)
		}
		dataOffset += consumed
		values = append(values, dv)
	}
	result.Values = values

	if result.ListName == nil && len(result.Variables) != len(values) {
		return nil, fmt.Errorf("write request: variable count (%d) != value count (%d)", len(result.Variables), len(values))
	}

	return &result, nil
}

// ---- Server-side response marshalers ----

// AccessResult represents a per-variable result in a Read response.
type AccessResult struct {
	IsError   bool
	ErrorCode int
	Data      *DataValue
}

// MarshalGetNameListResponse encodes a GetNameList response body.
//
//	GetNameListResponse ::= SEQUENCE {
//	  listOfIdentifier [0] IMPLICIT SEQUENCE OF Identifier
//	  moreFollows      [1] IMPLICIT BOOLEAN DEFAULT TRUE
//	}
func MarshalGetNameListResponse(names []string, moreFollows bool) ([]byte, error) {
	var identifiers []byte
	for _, name := range names {
		identifiers = append(identifiers, berutil.EncodeTLV(tagVisibleString, []byte(name))...)
	}
	listTLV := berutil.EncodeTLV(0xa0, identifiers) // [0] IMPLICIT SEQUENCE OF

	var result []byte
	result = append(result, listTLV...)

	if !moreFollows {
		result = append(result, berutil.EncodeTLV(0x81, []byte{0x00})...) // [1] IMPLICIT BOOLEAN
	}

	return result, nil
}

// MarshalReadResponse encodes a Read response body.
//
//	ReadResponse ::= SEQUENCE {
//	  variableAccessSpecification  -- skipped (optional)
//	  listOfAccessResult   SEQUENCE OF AccessResult
//	}
func MarshalReadResponse(results []*AccessResult) ([]byte, error) {
	var inner []byte
	for _, r := range results {
		if r.IsError {
			encoded := berutil.EncodeTLV(TagDataAccessError, encodeSmallInt(r.ErrorCode))
			inner = append(inner, encoded...)
		} else {
			encoded, err := MarshalData(r.Data)
			if err != nil {
				return nil, fmt.Errorf("read response: marshal data: %w", err)
			}
			inner = append(inner, encoded...)
		}
	}
	return berutil.EncodeTLV(tagSequence, inner), nil // wrap in SEQUENCE OF
}

// MarshalReadResponseWithSpec encodes a Read response body that includes
// the variableAccessSpecification (for specificationWithResult=true).
//
//	ReadResponse ::= SEQUENCE {
//	  variableAccessSpecification VariableAccessSpecification OPTIONAL
//	  listOfAccessResult          SEQUENCE OF AccessResult
//	}
func MarshalReadResponseWithSpec(listName *ObjectNameWire, specs []VariableSpecWire, results []*AccessResult) ([]byte, error) {
	var body []byte

	if listName != nil {
		nameBytes, err := EncodeObjectName(*listName)
		if err != nil {
			return nil, fmt.Errorf("read response: variableListName: %w", err)
		}
		body = append(body, berutil.EncodeTLV(tagVarListName, nameBytes)...)
	} else if len(specs) > 0 {
		var varEntries []byte
		for i, s := range specs {
			nameBytes, err := EncodeObjectName(s.Name)
			if err != nil {
				return nil, fmt.Errorf("read response: variable [%d]: %w", i, err)
			}
			varSpec := berutil.EncodeTLV(0xa0, nameBytes)
			var seqContent []byte
			seqContent = append(seqContent, varSpec...)
			if len(s.AlternateAccess) > 0 {
				aaBytes, err := encodeAlternateAccess(s.AlternateAccess)
				if err != nil {
					return nil, fmt.Errorf("read response: variable [%d] alternate access: %w", i, err)
				}
				seqContent = append(seqContent, berutil.EncodeTLV(tagAltAccessWrapper, aaBytes)...)
			}
			varEntries = append(varEntries, berutil.EncodeTLV(tagSequence, seqContent)...)
		}
		body = append(body, berutil.EncodeTLV(tagListOfVar, varEntries)...)
	}

	var inner []byte
	for _, r := range results {
		if r.IsError {
			inner = append(inner, berutil.EncodeTLV(TagDataAccessError, encodeSmallInt(r.ErrorCode))...)
		} else {
			encoded, err := MarshalData(r.Data)
			if err != nil {
				return nil, fmt.Errorf("read response: marshal data: %w", err)
			}
			inner = append(inner, encoded...)
		}
	}
	body = append(body, berutil.EncodeTLV(tagSequence, inner)...)

	return body, nil
}

// MarshalWriteResponse encodes a Write response body.
//
//	WriteResponse ::= SEQUENCE OF CHOICE {
//	  failure [0] IMPLICIT DataAccessError
//	  success [1] IMPLICIT NULL
//	}
func MarshalWriteResponse(results []int) ([]byte, error) {
	var encoded []byte
	for _, code := range results {
		if code == 0 {
			encoded = append(encoded, berutil.EncodeTLV(tagWriteSuccess, nil)...) // [1] IMPLICIT NULL
		} else {
			encoded = append(encoded, berutil.EncodeTLV(tagWriteFailure, encodeSmallInt(code))...) // [0] IMPLICIT DataAccessError
		}
	}
	return encoded, nil
}

// MarshalGetVarAccessResponse encodes a GetVariableAccessAttributes response body.
//
//	GetVariableAccessAttributesResponse ::= SEQUENCE {
//	  mmsDeletable      [0] IMPLICIT BOOLEAN
//	  address           [1] EXPLICIT Address OPTIONAL  -- omitted
//	  typeSpecification [2] EXPLICIT TypeSpecification
//	}
func MarshalGetVarAccessResponse(deletable bool, ts TypeSpecWire) ([]byte, error) {
	delByte := byte(0x00)
	if deletable {
		delByte = 0xff
	}
	delTLV := berutil.EncodeTLV(0x80, []byte{delByte}) // [0] IMPLICIT BOOLEAN

	tsBytes, err := EncodeTypeSpec(ts)
	if err != nil {
		return nil, fmt.Errorf("getvaraccess response: typespec: %w", err)
	}
	tsTLV := berutil.EncodeTLV(0xa2, tsBytes) // [2] EXPLICIT TypeSpecification

	var result []byte
	result = append(result, delTLV...)
	result = append(result, tsTLV...)
	return result, nil
}

// EncodeTypeSpec encodes a TypeSpecWire into BER format.
func EncodeTypeSpec(ts TypeSpecWire) ([]byte, error) {
	switch ts.Tag {
	case tsTagBoolean:
		return berutil.EncodeTLV(0x83, nil), nil // [3] NULL
	case tsTagBitString:
		return berutil.EncodeTLV(0x84, encodeSmallInt(ts.Size)), nil // [4] Integer32
	case tsTagInteger:
		return berutil.EncodeTLV(0x85, encodeSmallInt(ts.Size)), nil // [5] Unsigned8
	case tsTagUnsigned:
		return berutil.EncodeTLV(0x86, encodeSmallInt(ts.Size)), nil // [6] Unsigned8
	case tsTagFloat:
		fmtWidth := berutil.EncodeTLV(0x02, encodeSmallInt(ts.FormatWidth))
		expWidth := berutil.EncodeTLV(0x02, encodeSmallInt(ts.ExpWidth))
		inner := append(fmtWidth, expWidth...)
		return berutil.EncodeTLV(0xa7, inner), nil // [7] CONSTRUCTED
	case tsTagOctetString:
		return berutil.EncodeTLV(0x89, encodeSmallInt(ts.Size)), nil // [9] Integer32
	case tsTagVisibleString:
		return berutil.EncodeTLV(0x8a, encodeSmallInt(ts.Size)), nil // [10] Integer32
	case tsTagMmsString:
		return berutil.EncodeTLV(0x90, encodeSmallInt(ts.Size)), nil // [16] Integer32
	case tsTagUTCTime:
		return berutil.EncodeTLV(0x91, nil), nil // [17] NULL
	case tsTagBinaryTime:
		b := byte(0x00)
		if ts.BinTimeFull {
			b = 0xff
		}
		return berutil.EncodeTLV(0x8c, []byte{b}), nil // [12] BOOLEAN
	case tsTagArray:
		var inner []byte
		countTLV := berutil.EncodeTLV(0x81, encodeSmallInt(ts.Count)) // numberOfElements [1]
		inner = append(inner, countTLV...)
		if ts.Element != nil {
			elemBytes, err := EncodeTypeSpec(*ts.Element)
			if err != nil {
				return nil, fmt.Errorf("array elementType: %w", err)
			}
			elemTLV := berutil.EncodeTLV(0xa2, elemBytes) // elementType [2] EXPLICIT
			inner = append(inner, elemTLV...)
		}
		return berutil.EncodeTLV(0xa1, inner), nil // [1] CONSTRUCTED
	case tsTagStructure:
		var compsInner []byte
		for _, comp := range ts.Components {
			var compInner []byte
			if comp.Name != "" {
				compInner = append(compInner, berutil.EncodeTLV(0x80, []byte(comp.Name))...) // componentName [0]
			}
			elemBytes, err := EncodeTypeSpec(comp.Type)
			if err != nil {
				return nil, fmt.Errorf("structure component %q: %w", comp.Name, err)
			}
			compInner = append(compInner, berutil.EncodeTLV(0xa1, elemBytes)...)   // componentType [1] EXPLICIT
			compsInner = append(compsInner, berutil.EncodeTLV(0x30, compInner)...) // SEQUENCE
		}
		inner := berutil.EncodeTLV(0xa1, compsInner) // components [1] IMPLICIT SEQUENCE OF
		return berutil.EncodeTLV(0xa2, inner), nil   // [2] CONSTRUCTED
	case tsTagTypeName:
		if ts.TypeName != nil {
			nameBytes, err := EncodeObjectName(*ts.TypeName)
			if err != nil {
				return nil, fmt.Errorf("typeName: %w", err)
			}
			return berutil.EncodeTLV(0xa0, nameBytes), nil // [0] EXPLICIT
		}
		return nil, fmt.Errorf("typespec typeName: nil TypeName")
	default:
		return nil, fmt.Errorf("typespec: unsupported tag %d", ts.Tag)
	}
}

func encodeSmallInt(v int) []byte {
	return berutil.EncodeInt(v)
}

// ---- Named Variable List server-side helpers ----

// DefineNVLRequest is the server-side parsed DefineNamedVariableList request.
type DefineNVLRequest struct {
	ListName  ObjectNameWire
	Variables []VariableSpecWire
}

// UnmarshalDefineNVLRequest parses the service body of a DefineNamedVariableList request.
func UnmarshalDefineNVLRequest(data []byte) (*DefineNVLRequest, error) {
	offset := 0

	// variableListName: ObjectName
	listName, n, err := DecodeObjectNameAt(data, offset)
	if err != nil {
		return nil, fmt.Errorf("define-nvl request: listName: %w", err)
	}
	offset += n

	// listOfVariable [0] IMPLICIT SEQUENCE OF SEQUENCE { variableSpecification }
	if offset >= len(data) {
		return nil, fmt.Errorf("define-nvl request: missing listOfVariable")
	}
	tag, content, n, err := berutil.DecodeTLVAt(data, offset)
	if err != nil {
		return nil, fmt.Errorf("define-nvl request: listOfVariable: %w", err)
	}
	offset += n
	if tag != 0xa0 {
		return nil, fmt.Errorf("define-nvl request: expected listOfVariable [0] (0xa0), got 0x%02x", tag)
	}
	if offset != len(data) {
		return nil, fmt.Errorf("define-nvl request: %d trailing bytes", len(data)-offset)
	}

	vars, err := decodeDefineNVLVarList(content)
	if err != nil {
		return nil, fmt.Errorf("define-nvl request: %w", err)
	}

	return &DefineNVLRequest{ListName: listName, Variables: vars}, nil
}

func decodeDefineNVLVarList(data []byte) ([]VariableSpecWire, error) {
	var vars []VariableSpecWire
	offset := 0
	for offset < len(data) {
		tag, content, n, err := berutil.DecodeTLVAt(data, offset)
		if err != nil {
			return nil, fmt.Errorf("variable [%d]: %w", len(vars), err)
		}
		offset += n
		if tag != tagSequence {
			return nil, fmt.Errorf("variable [%d]: expected SEQUENCE (0x30), got 0x%02x", len(vars), tag)
		}
		spec, err := decodeVariableSpecFull(content)
		if err != nil {
			return nil, fmt.Errorf("variable [%d]: %w", len(vars), err)
		}
		vars = append(vars, spec)
	}
	return vars, nil
}

// MarshalDefineNVLResponse builds a DefineNamedVariableList response (empty body).
func MarshalDefineNVLResponse() ([]byte, error) {
	return nil, nil
}

// GetNVLAttrsRequest is the server-side parsed request for GetNamedVariableListAttributes.
type GetNVLAttrsRequest struct {
	ListName ObjectNameWire
}

// UnmarshalGetNVLAttrsRequest parses the service body of a GetNamedVariableListAttributes request.
func UnmarshalGetNVLAttrsRequest(data []byte) (*GetNVLAttrsRequest, error) {
	listName, n, err := DecodeObjectNameAt(data, 0)
	if err != nil {
		return nil, fmt.Errorf("get-nvl-attrs request: listName: %w", err)
	}
	if n != len(data) {
		return nil, fmt.Errorf("get-nvl-attrs request: %d trailing bytes", len(data)-n)
	}
	return &GetNVLAttrsRequest{ListName: listName}, nil
}

// MarshalGetNVLAttrsResponse builds a GetNamedVariableListAttributes response.
func MarshalGetNVLAttrsResponse(deletable bool, variables []VariableSpecWire) ([]byte, error) {
	var content []byte

	delVal := byte(0x00)
	if deletable {
		delVal = 0xff
	}
	content = berutil.AppendTLV(content, 0x80, []byte{delVal})

	var entries []byte
	for i, v := range variables {
		nameBytes, err := EncodeObjectName(v.Name)
		if err != nil {
			return nil, fmt.Errorf("variable [%d]: %w", i, err)
		}
		varSpec := berutil.EncodeTLV(0xa0, nameBytes)
		var seqContent []byte
		seqContent = append(seqContent, varSpec...)
		if len(v.AlternateAccess) > 0 {
			aaBytes, err := encodeAlternateAccess(v.AlternateAccess)
			if err != nil {
				return nil, fmt.Errorf("variable [%d] alternate access: %w", i, err)
			}
			seqContent = append(seqContent, berutil.EncodeTLV(tagAltAccessWrapper, aaBytes)...)
		}
		entries = append(entries, berutil.EncodeTLV(tagSequence, seqContent)...)
	}
	content = berutil.AppendTLV(content, 0xa1, entries)

	return content, nil
}

// DeleteNVLRequest is the server-side parsed DeleteNamedVariableList request.
type DeleteNVLRequest struct {
	ScopeOfDelete int // 0=specific (default), 1=aa-specific, 2=domain, 3=vmd
	ListNames     []ObjectNameWire
	DomainName    string
}

// UnmarshalDeleteNVLRequest parses the service body of a DeleteNamedVariableList request.
func UnmarshalDeleteNVLRequest(data []byte) (*DeleteNVLRequest, error) {
	offset := 0
	req := &DeleteNVLRequest{ScopeOfDelete: 0}

	// scopeOfDelete [0] IMPLICIT INTEGER OPTIONAL (default 0)
	if offset < len(data) {
		tag, content, n, err := berutil.DecodeTLVAt(data, offset)
		if err != nil {
			return nil, fmt.Errorf("delete-nvl request: %w", err)
		}
		if tag == 0x80 {
			scope, err := berutil.DecodeInteger(content)
			if err != nil {
				return nil, fmt.Errorf("delete-nvl request: scopeOfDelete: %w", err)
			}
			req.ScopeOfDelete = scope
			offset += n
		}
	}

	// listOfVariableListName [1] IMPLICIT SEQUENCE OF ObjectName
	if offset >= len(data) {
		return nil, fmt.Errorf("delete-nvl request: missing listOfVariableListName")
	}
	tag, content, n, err := berutil.DecodeTLVAt(data, offset)
	if err != nil {
		return nil, fmt.Errorf("delete-nvl request: listOfNames: %w", err)
	}
	offset += n
	if tag != 0xa1 {
		return nil, fmt.Errorf("delete-nvl request: expected [1] (0xa1), got 0x%02x", tag)
	}

	nameOff := 0
	for nameOff < len(content) {
		name, consumed, err := DecodeObjectNameAt(content, nameOff)
		if err != nil {
			return nil, fmt.Errorf("delete-nvl request: name [%d]: %w", len(req.ListNames), err)
		}
		nameOff += consumed
		req.ListNames = append(req.ListNames, name)
	}

	// domainName [2] IMPLICIT Identifier OPTIONAL
	if offset < len(data) {
		tag, content, n, err = berutil.DecodeTLVAt(data, offset)
		if err != nil {
			return nil, fmt.Errorf("delete-nvl request: domainName: %w", err)
		}
		if tag == 0x82 {
			req.DomainName = string(content)
			offset += n
		}
	}

	if offset != len(data) {
		return nil, fmt.Errorf("delete-nvl request: %d trailing bytes", len(data)-offset)
	}

	return req, nil
}

// MarshalDeleteNVLResponse builds a DeleteNamedVariableList response.
func MarshalDeleteNVLResponse(numberMatched, numberDeleted int) ([]byte, error) {
	var content []byte
	content = berutil.AppendTLV(content, 0x02, encodeSmallInt(numberMatched))
	content = berutil.AppendTLV(content, 0x02, encodeSmallInt(numberDeleted))
	return content, nil
}

=== END ./internal/pdu/server_helpers.go ===
=== START ./internal/pdu/status.go ===
package pdu

import (
	"encoding/asn1"
	"fmt"

	"github.com/otfabric/go-mms/internal/asn1util"
	"github.com/otfabric/go-mms/internal/codec"
)

// StatusResponse holds the parsed fields of an MMS Status response.
type StatusResponse struct {
	VMDLogicalStatus  int
	VMDPhysicalStatus int
}

type statusResponseASN1 struct {
	VMDLogicalStatus  int `asn1:"tag:0,implicit"`
	VMDPhysicalStatus int `asn1:"tag:1,implicit"`
}

// MarshalStatusRequest builds a complete ConfirmedRequestPdu for the
// MMS Status service. The request body is a BOOLEAN indicating whether
// extended derivation is requested.
func MarshalStatusRequest(invokeID codec.InvokeID, extendedDerivation bool) ([]byte, error) {
	val := byte(0x00)
	if extendedDerivation {
		val = 0xff
	}
	return marshalConfirmedLegacy(invokeID, asn1util.TagServiceStatus, []byte{val})
}

// UnmarshalStatusResponse parses a Status response from the service
// RawValue inside a ConfirmedResponsePdu.
func UnmarshalStatusResponse(serviceData asn1.RawValue) (*StatusResponse, error) {
	var resp statusResponseASN1
	err := codec.UnmarshalInner(serviceData, &resp)
	if err != nil {
		return nil, fmt.Errorf("pdu: unmarshal status response: %w", err)
	}
	return &StatusResponse{
		VMDLogicalStatus:  resp.VMDLogicalStatus,
		VMDPhysicalStatus: resp.VMDPhysicalStatus,
	}, nil
}

=== END ./internal/pdu/status.go ===
=== START ./internal/pdu/write.go ===
package pdu

import (
	"encoding/asn1"
	"fmt"

	"github.com/otfabric/go-mms/internal/asn1util"
	"github.com/otfabric/go-mms/internal/berutil"
	"github.com/otfabric/go-mms/internal/codec"
)

// Write response per-variable result tags.
const (
	tagWriteFailure byte = 0x80 // [0] IMPLICIT DataAccessError
	tagWriteSuccess byte = 0x81 // [1] IMPLICIT NULL
)

// WriteResultItem is the per-variable outcome from a Write response.
type WriteResultItem struct {
	Success bool
	ErrCode int // DataAccessError code, valid when !Success
}

// MarshalWriteRequest builds a complete ConfirmedRequestPdu for the
// MMS Write service with domain-specific variables and their values.
func MarshalWriteRequest(invokeID codec.InvokeID, vars []ObjectNameWire, values []*DataValue) ([]byte, error) {
	if len(vars) != len(values) {
		return nil, fmt.Errorf("pdu: write request: %d variables but %d values", len(vars), len(values))
	}

	varSpec, err := encodeListOfVariable(vars)
	if err != nil {
		return nil, fmt.Errorf("pdu: write request: %w", err)
	}

	dataContent, err := MarshalDataList(values)
	if err != nil {
		return nil, fmt.Errorf("pdu: write request: marshal data: %w", err)
	}
	dataList := berutil.EncodeTLV(tagSequence, dataContent)

	payload := make([]byte, 0, len(varSpec)+len(dataList))
	payload = append(payload, varSpec...)
	payload = append(payload, dataList...)

	return marshalConfirmedLegacy(invokeID, asn1util.TagServiceWrite, payload)
}

// UnmarshalWriteResponse parses a Write response from the service
// RawValue inside a ConfirmedResponsePdu. Returns per-variable results.
func UnmarshalWriteResponse(serviceData asn1.RawValue) ([]WriteResultItem, error) {
	content := serviceData.Bytes
	if len(content) == 0 {
		return nil, fmt.Errorf("pdu: write response: empty content")
	}

	var results []WriteResultItem
	offset := 0
	for offset < len(content) {
		tag, inner, n, err := berutil.DecodeTLVAt(content, offset)
		if err != nil {
			return nil, fmt.Errorf("pdu: write response item [%d]: %w", len(results), err)
		}
		offset += n

		switch tag {
		case tagWriteSuccess:
			results = append(results, WriteResultItem{Success: true})
		case tagWriteFailure:
			code, err := berutil.DecodeInteger(inner)
			if err != nil {
				return nil, fmt.Errorf("pdu: write response failure code: %w", err)
			}
			results = append(results, WriteResultItem{ErrCode: code})
		default:
			return nil, fmt.Errorf("pdu: write response: unexpected tag 0x%02x", tag)
		}
	}

	return results, nil
}

=== END ./internal/pdu/write.go ===
=== START ./internal/presentation/presentation.go ===
// Package presentation implements ISO 8823-1 presentation layer PDU
// construction and parsing for the MMS protocol stack.
//
// Only the subset needed by MMS is implemented: CP (Connect Presentation),
// CPA (Connect Presentation Accept), and user-data transfer PPDUs.
// This is internal protocol plumbing — users interact with mms.Client.
package presentation

import (
	"fmt"

	"github.com/otfabric/go-mms/internal/berutil"
)

// Well-known OIDs (pre-encoded BER bytes, excluding the 0x06 tag+length).
var (
	// ACSE abstract syntax: 2.2.1.0.1
	oidACSE = []byte{0x52, 0x01, 0x00, 0x01}
	// MMS abstract syntax: 1.0.9506.2.1
	oidMMS = []byte{0x28, 0xca, 0x22, 0x02, 0x01}
	// BER transfer syntax: 2.1.1
	oidBER = []byte{0x51, 0x01}
)

// Fixed presentation context identifiers.
const (
	ContextIDACSE = 1
	ContextIDMMS  = 3
)

// PpduKind classifies a parsed presentation PDU.
type PpduKind int

const (
	PpduCP       PpduKind = iota // Connect Presentation request
	PpduCPA                      // Connect Presentation Accept
	PpduUserData                 // Data transfer
)

func (k PpduKind) String() string {
	switch k {
	case PpduCP:
		return "CP"
	case PpduCPA:
		return "CPA"
	case PpduUserData:
		return "UserData"
	default:
		return fmt.Sprintf("PpduKind(%d)", int(k))
	}
}

// ConnectParams holds presentation-layer connection parameters.
type ConnectParams struct {
	CallingSelector []byte // calling presentation selector (max 16 bytes)
	CalledSelector  []byte // called presentation selector (max 16 bytes)
}

// ParsedPPDU is the result of parsing a presentation PDU.
type ParsedPPDU struct {
	Kind PpduKind
	// ContextID from the user data's pdv-list
	ContextID int
	// UserData is the inner payload (ACSE or MMS PDU bytes)
	UserData []byte
}

// EncodeCP builds a CP-type PPDU (Connect Presentation, tag 0x31)
// containing the presentation context list (ACSE + MMS) and the
// given ACSE payload as fully-encoded user data.
func EncodeCP(p ConnectParams, acsePayload []byte) []byte {
	ctxList := encodeContextDefinitionList()
	fullyEncoded := encodeFullyEncodedData(ContextIDACSE, acsePayload)

	var normalMode []byte
	if len(p.CallingSelector) > 0 {
		normalMode = berutil.AppendTLV(normalMode, 0x81, p.CallingSelector) // [1] calling-presentation-selector
	}
	if len(p.CalledSelector) > 0 {
		normalMode = berutil.AppendTLV(normalMode, 0x82, p.CalledSelector) // [2] called-presentation-selector
	}
	normalMode = append(normalMode, ctxList...)
	normalMode = append(normalMode, fullyEncoded...)

	modeSelector := berutil.EncodeTLV(0xa0, []byte{0x80, 0x01, 0x01})

	inner := make([]byte, 0, len(modeSelector)+berutil.TLVSize(len(normalMode)))
	inner = append(inner, modeSelector...)
	inner = berutil.AppendTLV(inner, 0xa2, normalMode) // [2] normal-mode-parameters

	return berutil.EncodeTLV(0x31, inner)
}

// EncodeCPA builds a CPA-type PPDU (Connect Presentation Accept, tag 0x31)
// with context results and the given ACSE payload.
func EncodeCPA(respondingSelector []byte, acsePayload []byte) []byte {
	resultList := encodeContextResultList()
	fullyEncoded := encodeFullyEncodedData(ContextIDACSE, acsePayload)

	var normalMode []byte
	if len(respondingSelector) > 0 {
		normalMode = berutil.AppendTLV(normalMode, 0x83, respondingSelector) // [3] responding-presentation-selector
	}
	normalMode = append(normalMode, resultList...)
	normalMode = append(normalMode, fullyEncoded...)

	modeSelector := berutil.EncodeTLV(0xa0, []byte{0x80, 0x01, 0x01})

	inner := make([]byte, 0, len(modeSelector)+berutil.TLVSize(len(normalMode)))
	inner = append(inner, modeSelector...)
	inner = berutil.AppendTLV(inner, 0xa2, normalMode)

	return berutil.EncodeTLV(0x31, inner)
}

// EncodeUserData wraps a payload in a presentation user-data PDU
// (tag 0x61) with the given context ID (ContextIDMMS or ContextIDACSE).
func EncodeUserData(contextID int, payload []byte) []byte {
	return encodeFullyEncodedData(contextID, payload)
}

// Parse parses a presentation PDU, returning the PPDU kind, context ID,
// and inner payload (ACSE or MMS bytes). Handles both CP/CPA (0x31)
// and user-data (0x61) PPDUs.
func Parse(data []byte) (*ParsedPPDU, error) {
	if len(data) < 2 {
		return nil, fmt.Errorf("presentation: PPDU too short (%d bytes)", len(data))
	}

	tag := data[0]
	switch tag {
	case 0x31:
		return parseCPorCPA(data)
	case 0x61:
		return parseUserData(data)
	default:
		return nil, fmt.Errorf("presentation: unknown PPDU tag 0x%02x", tag)
	}
}

func parseCPorCPA(data []byte) (*ParsedPPDU, error) {
	_, content, err := berutil.DecodeTLV(data)
	if err != nil {
		return nil, fmt.Errorf("presentation: CP/CPA outer: %w", err)
	}

	result := &ParsedPPDU{Kind: PpduCP}
	hasContextDefList := false
	hasContextResultList := false

	offset := 0
	for offset < len(content) {
		tag, inner, n, err := berutil.DecodeTLVAt(content, offset)
		if err != nil {
			return nil, fmt.Errorf("presentation: CP/CPA field: %w", err)
		}
		offset += n

		switch tag {
		case 0xa0: // mode-selector — skip
			continue
		case 0xa2: // normal-mode-parameters
			if err := parseNormalMode(inner, result, &hasContextDefList, &hasContextResultList); err != nil {
				return nil, err
			}
		}
	}

	// Distinguish CP vs CPA: CP has context-definition-list (0xa4),
	// CPA has context-definition-result-list (0xa5).
	if hasContextResultList {
		result.Kind = PpduCPA
	}

	return result, nil
}

func parseNormalMode(data []byte, result *ParsedPPDU, hasDefList, hasResultList *bool) error {
	offset := 0
	for offset < len(data) {
		tag, inner, n, err := berutil.DecodeTLVAt(data, offset)
		if err != nil {
			return fmt.Errorf("presentation: normal-mode field: %w", err)
		}
		offset += n

		switch tag {
		case 0x61: // user-data (fully-encoded-data)
			return parsePdvList(inner, result)
		case 0x81, 0x82, 0x83: // presentation selectors — skip
			continue
		case 0xa4: // context-definition-list (CP)
			*hasDefList = true
		case 0xa5: // context-definition-result-list (CPA)
			*hasResultList = true
		}
	}
	return nil
}

func parseUserData(data []byte) (*ParsedPPDU, error) {
	_, content, err := berutil.DecodeTLV(data)
	if err != nil {
		return nil, fmt.Errorf("presentation: user-data outer: %w", err)
	}
	result := &ParsedPPDU{Kind: PpduUserData}
	if err := parsePdvList(content, result); err != nil {
		return nil, err
	}
	return result, nil
}

func parsePdvList(data []byte, result *ParsedPPDU) error {
	_, seqContent, err := berutil.DecodeTLV(data)
	if err != nil {
		return fmt.Errorf("presentation: pdv-list sequence: %w", err)
	}

	offset := 0
	for offset < len(seqContent) {
		tag, inner, n, err := berutil.DecodeTLVAt(seqContent, offset)
		if err != nil {
			return fmt.Errorf("presentation: pdv-list field: %w", err)
		}
		offset += n

		switch tag {
		case 0x02: // presentation-context-identifier (INTEGER)
			ctxID, err := berutil.DecodeInteger(inner)
			if err != nil {
				return fmt.Errorf("presentation: context-id: %w", err)
			}
			result.ContextID = ctxID
		case 0x06: // transfer-syntax-name — skip
			continue
		case 0xa0: // presentation-data (single-ASN1-type)
			result.UserData = inner
		}
	}
	return nil
}

func encodeContextDefinitionList() []byte {
	acseCtx := encodeContextDef(ContextIDACSE, oidACSE, oidBER)
	mmsCtx := encodeContextDef(ContextIDMMS, oidMMS, oidBER)

	content := make([]byte, 0, len(acseCtx)+len(mmsCtx))
	content = append(content, acseCtx...)
	content = append(content, mmsCtx...)

	return berutil.EncodeTLV(0xa4, content)
}

func encodeContextDef(id int, abstractSyntax, transferSyntax []byte) []byte {
	ctxID := berutil.EncodeTLV(0x02, []byte{byte(id)})
	absName := berutil.EncodeTLV(0x06, abstractSyntax)
	tsOID := berutil.EncodeTLV(0x06, transferSyntax)
	tsList := berutil.EncodeTLV(0x30, tsOID)

	content := make([]byte, 0, len(ctxID)+len(absName)+len(tsList))
	content = append(content, ctxID...)
	content = append(content, absName...)
	content = append(content, tsList...)

	return berutil.EncodeTLV(0x30, content)
}

func encodeContextResultList() []byte {
	acseResult := encodeAcceptResult()
	mmsResult := encodeAcceptResult()

	content := make([]byte, 0, len(acseResult)+len(mmsResult))
	content = append(content, acseResult...)
	content = append(content, mmsResult...)

	return berutil.EncodeTLV(0xa5, content)
}

func encodeAcceptResult() []byte {
	return berutil.EncodeTLV(0x30, []byte{
		0x80, 0x01, 0x00,
		0x81, byte(len(oidBER)), oidBER[0], oidBER[1],
	})
}

func encodeFullyEncodedData(contextID int, payload []byte) []byte {
	ctxIDEnc := berutil.EncodeTLV(0x02, []byte{byte(contextID)})
	presData := berutil.EncodeTLV(0xa0, payload)

	pdvContent := make([]byte, 0, len(ctxIDEnc)+len(presData))
	pdvContent = append(pdvContent, ctxIDEnc...)
	pdvContent = append(pdvContent, presData...)

	pdvList := berutil.EncodeTLV(0x30, pdvContent)
	return berutil.EncodeTLV(0x61, pdvList)
}

=== END ./internal/presentation/presentation.go ===
=== START ./internal/serverconn/conn.go ===
// Package serverconn manages per-connection server state for one MMS
// association. It handles the request→dispatch→response pipeline with
// serialized confirmed request handling.
package serverconn

import (
	"context"
	"encoding/asn1"
	"errors"
	"fmt"
	"log/slog"
	"sync"

	"github.com/otfabric/go-mms/internal/acse"
	"github.com/otfabric/go-mms/internal/asn1util"
	"github.com/otfabric/go-mms/internal/codec"
	"github.com/otfabric/go-mms/internal/isostack"
	"github.com/otfabric/go-mms/internal/pdu"
)

// Transport matches the public mms.Transport interface.
type Transport interface {
	Send(ctx context.Context, data []byte) error
	Receive(ctx context.Context) ([]byte, error)
	Close() error
}

// ServiceHandler is called for each confirmed service request.
// serviceTag is the CHOICE tag number from the request. The handler
// returns the response tag number, whether the response is constructed,
// the response payload, or an error.
type ServiceHandler func(ctx context.Context, invokeID codec.InvokeID, serviceTag int, serviceBody []byte) (respTag int, constructed bool, respPayload []byte, err error)

// ServiceError indicates the handler wants to produce a ConfirmedErrorPDU.
type ServiceError struct {
	ErrorClass int
	ErrorCode  int
}

func (e *ServiceError) Error() string {
	return fmt.Sprintf("service error: class=%d code=%d", e.ErrorClass, e.ErrorCode)
}

// Conn manages one MMS association.
type Conn struct {
	sendMu         sync.Mutex
	transport      Transport
	logger         *slog.Logger
	handler        ServiceHandler
	mmsOpts        MMSOptions
	pendingInitReq *pdu.InitiateRequest
}

// MMSOptions are the negotiated MMS parameters for this connection.
type MMSOptions struct {
	MaxPDUSize                int
	MaxOutstandingCalling     int
	MaxOutstandingCalled      int
	DataStructureNestingLevel int
}

// New creates a new server connection.
func New(t Transport, logger *slog.Logger, handler ServiceHandler, opts MMSOptions) *Conn {
	return &Conn{
		transport: t,
		logger:    logger,
		handler:   handler,
		mmsOpts:   opts,
	}
}

// ReceiveAssociation reads the client's CONNECT, validates the MMS
// Initiate Request, and returns the ACSE authentication info. It does
// NOT send the AARE — the caller must subsequently call AcceptAssociation
// or RejectAssociation.
func (c *Conn) ReceiveAssociation(ctx context.Context) (acse.AuthInfo, error) {
	var noAuth acse.AuthInfo

	data, err := c.transport.Receive(ctx)
	if err != nil {
		return noAuth, fmt.Errorf("serverconn: receive association: %w", err)
	}

	assocReq, err := isostack.DecodeAssociateRequest(data)
	if err != nil {
		return noAuth, fmt.Errorf("serverconn: %w", err)
	}

	kind, initContent, err := pdu.DecodePdu(assocReq.MmsPayload)
	if err != nil {
		return noAuth, fmt.Errorf("serverconn: decode MMS initiate: %w", err)
	}
	if kind != pdu.PduInitiateRequest {
		return noAuth, fmt.Errorf("serverconn: expected InitiateRequest, got %s", kind)
	}

	var initReq pdu.InitiateRequest
	rest, err := asn1.Unmarshal(initContent, &initReq)
	if err != nil {
		return noAuth, fmt.Errorf("serverconn: unmarshal initiate request: %w", err)
	}
	if len(rest) != 0 {
		return noAuth, fmt.Errorf("serverconn: initiate request: %d trailing bytes", len(rest))
	}

	c.pendingInitReq = &initReq
	return assocReq.Auth, nil
}

// AcceptAssociation sends the AARE with result=accepted and the negotiated
// MMS parameters. Must be called after ReceiveAssociation.
func (c *Conn) AcceptAssociation(ctx context.Context) error {
	if c.pendingInitReq == nil {
		return fmt.Errorf("serverconn: no pending association to accept")
	}
	initReq := c.pendingInitReq
	c.pendingInitReq = nil

	negotiated := c.negotiate(*initReq)

	initResp := pdu.InitiateResponse{
		LocalDetailCalled:                  negotiated.MaxPDUSize,
		NegotiatedMaxServOutstandingCall:   negotiated.MaxOutstandingCalling,
		NegotiatedMaxServOutstandingCalled: negotiated.MaxOutstandingCalled,
		NegotiatedDataStructureNesting:     negotiated.DataStructureNestingLevel,
		InitResponseDetail: pdu.InitResponseDetail{
			NegotiatedVersion:       1,
			NegotiatedParamCBB:      initReq.InitRequestDetail.ProposedParamCBB,
			ServicesSupportedCalled: initReq.InitRequestDetail.ServicesSupportedCalling,
		},
	}

	initRespBytes, err := codec.MarshalMmsPdu(asn1util.TagInitiateResponse, initResp)
	if err != nil {
		return fmt.Errorf("serverconn: marshal initiate response: %w", err)
	}

	resp := isostack.EncodeAssociateResponse(initRespBytes)
	if err := c.transport.Send(ctx, resp); err != nil {
		return fmt.Errorf("serverconn: send association response: %w", err)
	}

	c.mmsOpts = negotiated

	c.logger.Info("serverconn: association accepted",
		"max_pdu_size", negotiated.MaxPDUSize,
		"max_outstanding_calling", negotiated.MaxOutstandingCalling,
	)

	return nil
}

// RejectAssociation sends an AARE with result=rejected-permanent.
func (c *Conn) RejectAssociation(ctx context.Context) error {
	c.pendingInitReq = nil
	resp := isostack.EncodeAssociateReject()
	return c.transport.Send(ctx, resp)
}

// Minimum acceptable negotiation values. If the peer proposes less than
// these, we clamp upward to keep the association usable.
const (
	minPDUSize      = 128
	minOutstanding  = 1
	minNestingLevel = 1
)

func (c *Conn) negotiate(req pdu.InitiateRequest) MMSOptions {
	return MMSOptions{
		MaxPDUSize:                clampMin(min(c.mmsOpts.MaxPDUSize, req.LocalDetailCalling), minPDUSize),
		MaxOutstandingCalling:     clampMin(min(c.mmsOpts.MaxOutstandingCalling, req.ProposedMaxServOutstandingCall), minOutstanding),
		MaxOutstandingCalled:      clampMin(min(c.mmsOpts.MaxOutstandingCalled, req.ProposedMaxServOutstandingCalled), minOutstanding),
		DataStructureNestingLevel: clampMin(min(c.mmsOpts.DataStructureNestingLevel, req.ProposedDataStructureNesting), minNestingLevel),
	}
}

func clampMin(val, minimum int) int {
	if val < minimum {
		return minimum
	}
	return val
}

// Serve runs the request/response loop until the client disconnects
// or an unrecoverable error occurs.
func (c *Conn) Serve(ctx context.Context) error {
	for {
		data, err := c.transport.Receive(ctx)
		if err != nil {
			return fmt.Errorf("serverconn: receive: %w", err)
		}

		mmsPayload, err := isostack.DecodeDataResponse(data)
		if err != nil {
			// Could be FINISH/ABORT
			if rerr := isostack.DecodeReleaseRequest(data); rerr == nil {
				return c.handleRelease(ctx)
			}
			return fmt.Errorf("serverconn: decode data: %w", err)
		}

		kind, content, err := pdu.DecodePdu(mmsPayload)
		if err != nil {
			c.logger.Warn("serverconn: malformed PDU", "error", err)
			continue
		}

		switch kind {
		case pdu.PduConcludeRequest:
			return c.handleConclude(ctx)
		case pdu.PduConfirmedRequest:
			if err := c.handleConfirmedRequest(ctx, content); err != nil {
				return err
			}
		default:
			c.logger.Warn("serverconn: unexpected PDU kind", "kind", kind)
		}
	}
}

func (c *Conn) handleConfirmedRequest(ctx context.Context, content []byte) error {
	invokeID, serviceRaw, err := codec.UnmarshalConfirmedRequest(content)
	if err != nil {
		c.logger.Warn("serverconn: malformed confirmed request", "error", err)
		rejectPdu := codec.MarshalRejectPDU(0, 1, 0) // confirmed-request-pdu, other
		return c.sendData(ctx, rejectPdu)
	}

	respTag, constructed, respPayload, err := c.handler(ctx, invokeID, serviceRaw.Tag, serviceRaw.Bytes)
	if err != nil {
		var svcErr *ServiceError
		if errors.As(err, &svcErr) {
			return c.sendError(ctx, invokeID, svcErr.ErrorClass, svcErr.ErrorCode)
		}
		return c.sendError(ctx, invokeID, 7, 1) // access: object-access-denied
	}

	respPdu, err := codec.MarshalConfirmedResponse(invokeID, respTag, constructed, respPayload)
	if err != nil {
		return fmt.Errorf("serverconn: marshal response: %w", err)
	}

	return c.sendData(ctx, respPdu)
}

func (c *Conn) sendError(ctx context.Context, invokeID codec.InvokeID, errorClass, errorCode int) error {
	errPdu := codec.MarshalConfirmedError(invokeID, errorClass, errorCode)
	return c.sendData(ctx, errPdu)
}

func (c *Conn) sendData(ctx context.Context, mmsPdu []byte) error {
	c.sendMu.Lock()
	defer c.sendMu.Unlock()
	data := isostack.EncodeDataRequest(mmsPdu)
	return c.transport.Send(ctx, data)
}

// SendUnconfirmed sends a pre-encoded MMS unconfirmed PDU (e.g.
// InformationReport) over the connection. Safe for concurrent use with
// the Serve loop.
func (c *Conn) SendUnconfirmed(ctx context.Context, mmsPdu []byte) error {
	c.sendMu.Lock()
	defer c.sendMu.Unlock()
	data := isostack.EncodeDataRequest(mmsPdu)
	return c.transport.Send(ctx, data)
}

func (c *Conn) handleConclude(ctx context.Context) error {
	resp := codec.MarshalConcludeResponse()
	if err := c.sendData(ctx, resp); err != nil {
		return fmt.Errorf("serverconn: send conclude response: %w", err)
	}
	c.logger.Info("serverconn: concluded")
	return nil
}

func (c *Conn) handleRelease(ctx context.Context) error {
	resp := isostack.EncodeReleaseResponse()
	if err := c.transport.Send(ctx, resp); err != nil {
		return fmt.Errorf("serverconn: send release response: %w", err)
	}
	c.logger.Info("serverconn: released")
	return nil
}

=== END ./internal/serverconn/conn.go ===
=== START ./internal/servermodel/registry.go ===
// Package servermodel provides the internal variable/domain registry
// used by the MMS server. It stores domains, named variables, and
// (optionally) named variable lists, and supports deterministic
// iteration for GetNameList pagination.
package servermodel

import (
	"fmt"
	"sort"
	"sync"
)

// VarEntry is a registered variable in the server model.
type VarEntry struct {
	Domain    string
	ItemID    string
	Scope     int // 0=VMD, 1=Domain, 2=Association
	TypeSpec  any
	Deletable bool
	ReadFunc  any
	WriteFunc any
}

// NVLEntry is a registered named variable list in the server model.
type NVLEntry struct {
	Domain    string
	ItemID    string
	Scope     int // 0=VMD, 1=Domain
	Deletable bool
	Variables []NVLVariable
}

// AccessSelectorModel is the server-side representation of one level
// of alternate access selection inside an NVL definition.
type AccessSelectorModel struct {
	Component  string
	HasIndex   bool
	Index      int
	IndexRange *IndexRangeModel
}

// IndexRangeModel holds an index range for alternate access.
type IndexRangeModel struct {
	LowIndex         int
	NumberOfElements int
}

// NVLVariable describes one variable reference inside a named variable list,
// optionally with alternate access selectors for component/index/range scoping.
type NVLVariable struct {
	Scope           int
	DomainID        string
	ItemID          string
	AlternateAccess []AccessSelectorModel
}

// Registry holds the server's MMS object model.
type Registry struct {
	mu      sync.RWMutex
	domains map[string]bool
	vars    map[string]*VarEntry // key = scope:domain/itemID
	nvls    map[string]*NVLEntry // key = scope:domain/itemID

	domainOrder []string            // sorted domain names
	varOrder    map[string][]string // domain -> sorted variable names
	vmdVarOrder []string            // sorted VMD-scope variable names
	nvlOrder    map[string][]string // domain -> sorted NVL names
	vmdNVLOrder []string            // sorted VMD-scope NVL names
}

// NewRegistry creates an empty server model registry.
func NewRegistry() *Registry {
	return &Registry{
		domains:  make(map[string]bool),
		vars:     make(map[string]*VarEntry),
		nvls:     make(map[string]*NVLEntry),
		varOrder: make(map[string][]string),
		nvlOrder: make(map[string][]string),
	}
}

// RegisterDomain adds a domain to the registry. Returns an error if
// the domain is already registered.
func (r *Registry) RegisterDomain(name string) error {
	r.mu.Lock()
	defer r.mu.Unlock()
	if name == "" {
		return fmt.Errorf("servermodel: empty domain name")
	}
	if r.domains[name] {
		return fmt.Errorf("servermodel: domain %q already registered", name)
	}
	r.domains[name] = true
	r.domainOrder = append(r.domainOrder, name)
	sort.Strings(r.domainOrder)
	return nil
}

// HasDomain reports whether a domain is registered.
func (r *Registry) HasDomain(name string) bool {
	r.mu.RLock()
	defer r.mu.RUnlock()
	return r.domains[name]
}

func varKey(scope int, domain, itemID string) string {
	return fmt.Sprintf("%d:%s/%s", scope, domain, itemID)
}

// RegisterVariable adds a named variable. The variable's domain (if
// domain-scoped) must already be registered. Association-scope variables
// (Scope=2) are stored but not included in GetNameList responses; full
// association-scope lifecycle management is not yet implemented.
func (r *Registry) RegisterVariable(entry *VarEntry) error {
	r.mu.Lock()
	defer r.mu.Unlock()

	if entry.ItemID == "" {
		return fmt.Errorf("servermodel: empty variable ItemID")
	}
	if entry.Scope == 1 && entry.Domain == "" {
		return fmt.Errorf("servermodel: domain-scoped variable requires non-empty domain")
	}
	if entry.Scope == 1 && !r.domains[entry.Domain] {
		return fmt.Errorf("servermodel: domain %q not registered", entry.Domain)
	}

	key := varKey(entry.Scope, entry.Domain, entry.ItemID)
	if _, exists := r.vars[key]; exists {
		return fmt.Errorf("servermodel: variable %q already registered", key)
	}
	r.vars[key] = entry

	switch entry.Scope {
	case 0: // VMD
		r.vmdVarOrder = append(r.vmdVarOrder, entry.ItemID)
		sort.Strings(r.vmdVarOrder)
	case 1: // Domain
		r.varOrder[entry.Domain] = append(r.varOrder[entry.Domain], entry.ItemID)
		sort.Strings(r.varOrder[entry.Domain])
	}
	return nil
}

// LookupVariable returns the variable entry for the given scope/domain/itemID.
func (r *Registry) LookupVariable(scope int, domain, itemID string) (*VarEntry, bool) {
	r.mu.RLock()
	defer r.mu.RUnlock()
	v, ok := r.vars[varKey(scope, domain, itemID)]
	return v, ok
}

// NameListResult holds a page of names for GetNameList.
type NameListResult struct {
	Names       []string
	MoreFollows bool
}

const defaultPageSize = 100

// ListDomains returns domain names starting after continueAfter.
func (r *Registry) ListDomains(continueAfter string, maxNames int) NameListResult {
	r.mu.RLock()
	defer r.mu.RUnlock()
	return paginate(r.domainOrder, continueAfter, maxNames)
}

// ListDomainVariables returns variable names in a domain, starting after continueAfter.
func (r *Registry) ListDomainVariables(domain, continueAfter string, maxNames int) NameListResult {
	r.mu.RLock()
	defer r.mu.RUnlock()
	names := r.varOrder[domain]
	return paginate(names, continueAfter, maxNames)
}

// ListVMDVariables returns VMD-scoped variable names.
func (r *Registry) ListVMDVariables(continueAfter string, maxNames int) NameListResult {
	r.mu.RLock()
	defer r.mu.RUnlock()
	return paginate(r.vmdVarOrder, continueAfter, maxNames)
}

func nvlKey(scope int, domain, itemID string) string {
	return fmt.Sprintf("nvl:%d:%s/%s", scope, domain, itemID)
}

// DefineNVL creates a named variable list. The domain (if domain-scoped)
// must already be registered. Returns an error if the list already exists.
func (r *Registry) DefineNVL(entry *NVLEntry) error {
	r.mu.Lock()
	defer r.mu.Unlock()

	if entry.ItemID == "" {
		return fmt.Errorf("servermodel: empty NVL ItemID")
	}
	if entry.Scope == 1 && entry.Domain == "" {
		return fmt.Errorf("servermodel: domain-scoped NVL requires non-empty domain")
	}
	if entry.Scope == 1 && !r.domains[entry.Domain] {
		return fmt.Errorf("servermodel: domain %q not registered", entry.Domain)
	}

	key := nvlKey(entry.Scope, entry.Domain, entry.ItemID)
	if _, exists := r.nvls[key]; exists {
		return fmt.Errorf("servermodel: NVL %q already defined", key)
	}
	r.nvls[key] = entry

	switch entry.Scope {
	case 0: // VMD
		r.vmdNVLOrder = append(r.vmdNVLOrder, entry.ItemID)
		sort.Strings(r.vmdNVLOrder)
	case 1: // Domain
		r.nvlOrder[entry.Domain] = append(r.nvlOrder[entry.Domain], entry.ItemID)
		sort.Strings(r.nvlOrder[entry.Domain])
	}
	return nil
}

// LookupNVL returns the named variable list for the given scope/domain/itemID.
func (r *Registry) LookupNVL(scope int, domain, itemID string) (*NVLEntry, bool) {
	r.mu.RLock()
	defer r.mu.RUnlock()
	e, ok := r.nvls[nvlKey(scope, domain, itemID)]
	return e, ok
}

// DeleteNVL removes a named variable list. Returns true if the list
// existed and was deleted, false if it did not exist.
func (r *Registry) DeleteNVL(scope int, domain, itemID string) bool {
	r.mu.Lock()
	defer r.mu.Unlock()

	key := nvlKey(scope, domain, itemID)
	entry, ok := r.nvls[key]
	if !ok {
		return false
	}
	if !entry.Deletable {
		return false
	}
	delete(r.nvls, key)

	switch scope {
	case 0:
		r.vmdNVLOrder = removeFromSorted(r.vmdNVLOrder, itemID)
	case 1:
		r.nvlOrder[domain] = removeFromSorted(r.nvlOrder[domain], itemID)
	}
	return true
}

func removeFromSorted(sorted []string, name string) []string {
	for i, n := range sorted {
		if n == name {
			return append(sorted[:i], sorted[i+1:]...)
		}
	}
	return sorted
}

// ListDomainNVLs returns named variable list names in a domain.
func (r *Registry) ListDomainNVLs(domain, continueAfter string, maxNames int) NameListResult {
	r.mu.RLock()
	defer r.mu.RUnlock()
	return paginate(r.nvlOrder[domain], continueAfter, maxNames)
}

// ListVMDNVLs returns VMD-scoped named variable list names.
func (r *Registry) ListVMDNVLs(continueAfter string, maxNames int) NameListResult {
	r.mu.RLock()
	defer r.mu.RUnlock()
	return paginate(r.vmdNVLOrder, continueAfter, maxNames)
}

func paginate(sorted []string, continueAfter string, maxNames int) NameListResult {
	if maxNames <= 0 {
		maxNames = defaultPageSize
	}
	start := 0
	if continueAfter != "" {
		for i, name := range sorted {
			if name == continueAfter {
				start = i + 1
				break
			}
		}
		if start == 0 {
			idx := sort.SearchStrings(sorted, continueAfter)
			start = idx
		}
	}

	remaining := sorted[start:]
	if len(remaining) <= maxNames {
		return NameListResult{Names: remaining, MoreFollows: false}
	}
	return NameListResult{Names: remaining[:maxNames], MoreFollows: true}
}

=== END ./internal/servermodel/registry.go ===
=== START ./internal/session/session.go ===
// Package session implements ISO 8327-1 session layer SPDU construction
// and parsing for the MMS protocol stack.
//
// Only the subset of session services needed by MMS is implemented:
// CONNECT, ACCEPT, DATA, FINISH, DISCONNECT, ABORT, and REFUSE SPDUs.
// This is internal protocol plumbing — users interact with mms.Client.
package session

import (
	"encoding/binary"
	"fmt"
)

// SPDU type identifiers (SI — Session Identifier).
const (
	SIData       byte = 0x01 // Give Tokens / Data Transfer
	SINotFinish  byte = 0x08
	SIFinish     byte = 0x09
	SIDisconnect byte = 0x0a
	SIRefuse     byte = 0x0c
	SIConnect    byte = 0x0d
	SIAccept     byte = 0x0e
	SIAbort      byte = 0x19
)

// Parameter Group / Parameter Identifier values.
const (
	pgiConnectionID    byte = 0x01
	pgiConnAcceptItem  byte = 0x05
	pgiTransportDisc   byte = 0x11
	pgiSessionUserReq  byte = 0x14
	pgiCallingSelector byte = 0x33
	pgiCalledSelector  byte = 0x34
	pgiUserData        byte = 0xc1

	piProtocolOpts byte = 0x13
	piVersion      byte = 0x16
)

// SpduType classifies a parsed SPDU.
type SpduType byte

const (
	SpduConnect    SpduType = SpduType(SIConnect)
	SpduAccept     SpduType = SpduType(SIAccept)
	SpduData       SpduType = SpduType(SIData)
	SpduFinish     SpduType = SpduType(SIFinish)
	SpduDisconnect SpduType = SpduType(SIDisconnect)
	SpduAbort      SpduType = SpduType(SIAbort)
	SpduRefuse     SpduType = SpduType(SIRefuse)
)

func (t SpduType) String() string {
	switch t {
	case SpduConnect:
		return "CONNECT"
	case SpduAccept:
		return "ACCEPT"
	case SpduData:
		return "DATA"
	case SpduFinish:
		return "FINISH"
	case SpduDisconnect:
		return "DISCONNECT"
	case SpduAbort:
		return "ABORT"
	case SpduRefuse:
		return "REFUSE"
	default:
		return fmt.Sprintf("SpduType(0x%02x)", byte(t))
	}
}

// ConnectParams holds session-layer parameters for CONNECT and ACCEPT SPDUs.
type ConnectParams struct {
	CallingSelector []byte // calling session selector (max 16 bytes)
	CalledSelector  []byte // called session selector (max 16 bytes)
}

// ParsedSpdu is the result of parsing a session PDU.
type ParsedSpdu struct {
	Type            SpduType
	CallingSelector []byte
	CalledSelector  []byte
	UserData        []byte // slice into the original input; not copied
}

// EncodeConnect builds a CONNECT SPDU (SI=0x0d) with the given parameters
// and user data (the presentation layer payload).
func EncodeConnect(p ConnectParams, userData []byte) []byte {
	return encodeConnectAccept(SIConnect, p.CallingSelector, p.CalledSelector, userData)
}

// EncodeAccept builds an ACCEPT SPDU (SI=0x0e) with the given parameters
// and user data.
func EncodeAccept(p ConnectParams, userData []byte) []byte {
	return encodeConnectAccept(SIAccept, p.CallingSelector, p.CalledSelector, userData)
}

func encodeConnectAccept(si byte, calling, called, userData []byte) []byte {
	// Connection/Accept Item: PI 19 (protocol opts) + PI 22 (version=2)
	connAccept := []byte{
		piProtocolOpts, 0x01, 0x00, // protocol options = 0
		piVersion, 0x01, 0x02, // version = 2
	}

	// Calculate total parameter length.
	paramLen := 2 + len(connAccept) // PGI 5 header + content
	paramLen += 4                   // PGI 20 session user requirements (2+2)

	if len(calling) > 0 {
		paramLen += 2 + len(calling) // PGI 51 + len + data
	}
	if len(called) > 0 {
		paramLen += 2 + len(called) // PGI 52 + len + data
	}
	if len(userData) > 0 {
		paramLen += pgiLength(len(userData)) // PGI 193 + encoded length + data
	}

	buf := make([]byte, 0, 2+paramLen)
	buf = append(buf, si, byte(paramLen))

	// PGI 5 — Connection/Accept Item
	buf = append(buf, pgiConnAcceptItem, byte(len(connAccept)))
	buf = append(buf, connAccept...)

	// PGI 20 — Session User Requirements (duplex functional unit = 0x0002)
	buf = append(buf, pgiSessionUserReq, 0x02, 0x00, 0x02)

	// PGI 51 — Calling Session Selector
	if len(calling) > 0 {
		buf = append(buf, pgiCallingSelector, byte(len(calling)))
		buf = append(buf, calling...)
	}

	// PGI 52 — Called Session Selector
	if len(called) > 0 {
		buf = append(buf, pgiCalledSelector, byte(len(called)))
		buf = append(buf, called...)
	}

	// PGI 193 — User Data
	if len(userData) > 0 {
		buf = appendPGI(buf, pgiUserData, userData)
	}

	return buf
}

// dataSpduHeader is the fixed 4-byte DATA SPDU prefix.
var dataSpduHeader = []byte{0x01, 0x00, 0x01, 0x00}

// EncodeData builds a DATA SPDU (Give Tokens + Data Transfer).
// The payload is the presentation layer PDU.
func EncodeData(userData []byte) []byte {
	buf := make([]byte, 0, 4+len(userData))
	buf = append(buf, dataSpduHeader...)
	buf = append(buf, userData...)
	return buf
}

// EncodeFinish builds a FINISH SPDU (SI=0x09) carrying user data.
func EncodeFinish(userData []byte) []byte {
	return encodeSimpleWithUserData(SIFinish, userData)
}

// EncodeDisconnect builds a DISCONNECT SPDU (SI=0x0a) carrying user data.
func EncodeDisconnect(userData []byte) []byte {
	return encodeSimpleWithUserData(SIDisconnect, userData)
}

func encodeSimpleWithUserData(si byte, userData []byte) []byte {
	innerLen := pgiLength(len(userData))
	buf := make([]byte, 0, 2+innerLen)
	buf = append(buf, si, byte(innerLen))
	buf = appendPGI(buf, pgiUserData, userData)
	return buf
}

// EncodeAbort builds an ABORT SPDU (SI=0x19).
func EncodeAbort(userData []byte) []byte {
	transportDisc := []byte{pgiTransportDisc, 0x01, 0x0b} // transport disconnect = 11
	innerLen := len(transportDisc)
	if len(userData) > 0 {
		innerLen += pgiLength(len(userData))
	}

	buf := make([]byte, 0, 2+innerLen)
	buf = append(buf, SIAbort, byte(innerLen))
	buf = append(buf, transportDisc...)
	if len(userData) > 0 {
		buf = appendPGI(buf, pgiUserData, userData)
	}
	return buf
}

// Parse parses a session SPDU from raw data, returning the SPDU type,
// any session selectors, and the user data payload.
func Parse(data []byte) (*ParsedSpdu, error) {
	if len(data) < 2 {
		return nil, fmt.Errorf("session: SPDU too short (%d bytes)", len(data))
	}

	si := data[0]
	result := &ParsedSpdu{Type: SpduType(si)}

	switch si {
	case SIData:
		return parseData(data, result)
	case SIConnect, SIAccept:
		return parseConnectAccept(data, result)
	case SIFinish, SIDisconnect:
		return parseSimpleWithUserData(data, result)
	case SIAbort:
		return parseAbort(data, result)
	case SIRefuse:
		return parseRefuse(data, result)
	default:
		return nil, fmt.Errorf("session: unknown SPDU type 0x%02x", si)
	}
}

func parseData(data []byte, result *ParsedSpdu) (*ParsedSpdu, error) {
	if len(data) < 4 {
		return nil, fmt.Errorf("session: DATA SPDU too short (%d bytes)", len(data))
	}
	if data[0] != 0x01 || data[1] != 0x00 || data[2] != 0x01 || data[3] != 0x00 {
		return nil, fmt.Errorf("session: DATA SPDU invalid header %x, expected 01000100", data[:4])
	}
	result.UserData = data[4:]
	return result, nil
}

func parseConnectAccept(data []byte, result *ParsedSpdu) (*ParsedSpdu, error) {
	li := int(data[1])
	headerEnd := 2 + li
	if len(data) < headerEnd {
		return nil, fmt.Errorf("session: %s SPDU truncated (need %d, have %d)", result.Type, headerEnd, len(data))
	}

	offset := 2
	for offset < headerEnd {
		if offset+2 > headerEnd {
			break
		}
		pgi := data[offset]
		pgiLen, lenBytes, err := decodePGILength(data[offset+1:])
		if err != nil {
			return nil, fmt.Errorf("session: %s SPDU parameter length: %w", result.Type, err)
		}
		offset += 1 + lenBytes // skip PGI byte + length bytes
		end := offset + pgiLen
		if end > len(data) {
			return nil, fmt.Errorf("session: %s SPDU parameter 0x%02x truncated", result.Type, pgi)
		}

		switch pgi {
		case pgiCallingSelector:
			result.CallingSelector = data[offset:end]
		case pgiCalledSelector:
			result.CalledSelector = data[offset:end]
		case pgiUserData:
			result.UserData = data[offset:end]
		}
		offset = end
	}
	return result, nil
}

func parseSimpleWithUserData(data []byte, result *ParsedSpdu) (*ParsedSpdu, error) {
	li := int(data[1])
	if len(data) < 2+li {
		return nil, fmt.Errorf("session: %s SPDU truncated", result.Type)
	}

	offset := 2
	end := 2 + li
	for offset < end {
		if offset+2 > end {
			break
		}
		pgi := data[offset]
		pgiLen, lenBytes, err := decodePGILength(data[offset+1:])
		if err != nil {
			return nil, fmt.Errorf("session: %s SPDU parameter length: %w", result.Type, err)
		}
		offset += 1 + lenBytes
		pEnd := offset + pgiLen
		if pEnd > len(data) {
			return nil, fmt.Errorf("session: %s SPDU parameter 0x%02x truncated", result.Type, pgi)
		}
		if pgi == pgiUserData {
			result.UserData = data[offset:pEnd]
		}
		offset = pEnd
	}
	return result, nil
}

func parseAbort(data []byte, result *ParsedSpdu) (*ParsedSpdu, error) {
	return parseSimpleWithUserData(data, result)
}

func parseRefuse(data []byte, result *ParsedSpdu) (*ParsedSpdu, error) {
	li := int(data[1])
	if len(data) < 2+li {
		return nil, fmt.Errorf("session: REFUSE SPDU truncated")
	}
	return result, nil
}

// pgiLength returns the total encoded size of a PGI item (tag + length + content).
func pgiLength(contentLen int) int {
	if contentLen < 0xff {
		return 2 + contentLen // tag(1) + len(1) + content
	}
	return 4 + contentLen // tag(1) + 0xff(1) + len(2) + content
}

// appendPGI appends a PGI item to buf: tag + length + content.
func appendPGI(buf []byte, tag byte, content []byte) []byte {
	l := len(content)
	if l < 0xff {
		buf = append(buf, tag, byte(l))
	} else {
		buf = append(buf, tag, 0xff)
		buf = binary.BigEndian.AppendUint16(buf, uint16(l))
	}
	buf = append(buf, content...)
	return buf
}

// decodePGILength decodes the length field of a PGI/PI item, returning
// the content length and how many bytes the length field itself consumed.
func decodePGILength(data []byte) (length int, consumed int, err error) {
	if len(data) == 0 {
		return 0, 0, fmt.Errorf("missing length byte")
	}
	if data[0] != 0xff {
		return int(data[0]), 1, nil
	}
	// Extended form: 0xff + 2-byte big-endian length
	if len(data) < 3 {
		return 0, 0, fmt.Errorf("truncated extended length")
	}
	return int(binary.BigEndian.Uint16(data[1:3])), 3, nil
}

=== END ./internal/session/session.go ===
=== START ./internal/transport/transport.go ===
// Package transport defines the interface between the MMS client and
// the underlying ISO transport stack (TPKT + COTP).
//
// The Transport interface represents a connected COTP session. Data
// passed through Send/Receive is the payload above COTP — typically
// session SPDUs containing presentation and MMS data.
//
// Production implementations will use otfabric/go-tpkt and
// otfabric/go-cotp. Test code uses mock transports.
//
// This package is internal — users interact with mms.Client.
package transport

import "context"

// Transport is an established COTP connection that can send and
// receive session-layer data.
type Transport interface {
	// Send transmits data to the remote peer. The data is the raw
	// session SPDU bytes to be carried as COTP user data.
	Send(ctx context.Context, data []byte) error

	// Receive blocks until data is available from the remote peer
	// or the context is cancelled. Returns the session SPDU bytes
	// received as COTP user data.
	Receive(ctx context.Context) ([]byte, error)

	// Close closes the transport connection.
	Close() error
}

=== END ./internal/transport/transport.go ===
=== START ./mms.go ===
package mms

import (
	"context"
	"fmt"
	"log/slog"
	"sync"

	"github.com/otfabric/go-mms/internal/acse"
	"github.com/otfabric/go-mms/internal/codec"
	"github.com/otfabric/go-mms/internal/invoke"
	"github.com/otfabric/go-mms/internal/isostack"
	"github.com/otfabric/go-mms/internal/pdu"
)

// Client is an MMS client connection to a remote MMS server.
//
// A Client is created via [NewClient] (or the convenience iso.Dial from
// the transport/iso subpackage) and must be closed with [Client.Close]
// when no longer needed.
//
// Close is idempotent: calling it multiple times is safe and subsequent
// calls return nil.
//
// Concurrency: the Client serializes confirmed service sends internally
// via a request mutex (one send at a time). A background reader loop
// dispatches confirmed responses by invoke ID and delivers unconfirmed
// PDUs (InformationReport) to registered handlers.
type Client struct {
	mu     sync.Mutex
	closed bool
	logger *slog.Logger
	opts   DialOptions

	sendMu  sync.Mutex // serializes writes to transport
	conn    Transport
	tracker *invoke.Tracker

	readerCancel context.CancelFunc
	readerDone   chan struct{} // closed when reader loop exits
	concludeCh   chan struct{} // receives signal when ConcludeResponse arrives

	reportMu      sync.RWMutex
	reportHandler InformationReportHandler

	// Negotiated parameters from MMS Initiate handshake.
	maxPDUSize    int
	maxOutCalling int
	maxOutCalled  int
	nestingLevel  int
	serverVersion int
}

// NewClient creates a Client using an already-established [Transport]
// connection. This is the low-level entry point for creating clients
// with custom or pre-established transports.
//
// NewClient performs the full ISO upper-layer association and MMS
// Initiate handshake over the provided transport.
func NewClient(ctx context.Context, conn Transport, opts DialOptions) (*Client, error) {
	return newClient(ctx, conn, opts)
}

func newClient(ctx context.Context, conn Transport, opts DialOptions) (*Client, error) {
	logger := opts.Logger
	if logger == nil {
		logger = slog.New(discardHandler{})
	}

	c := &Client{
		logger:     logger,
		opts:       opts,
		conn:       conn,
		readerDone: make(chan struct{}),
		concludeCh: make(chan struct{}, 1),
	}

	if err := c.associate(ctx); err != nil {
		_ = conn.Close()
		return nil, err
	}

	c.tracker = invoke.NewTracker(0)

	readerCtx, cancel := context.WithCancel(context.Background())
	c.readerCancel = cancel
	go c.readerLoop(readerCtx)

	logger.Info("mms: connected",
		"max_pdu_size", c.maxPDUSize,
		"max_outstanding_calling", c.maxOutCalling,
		"max_outstanding_called", c.maxOutCalled,
	)

	return c, nil
}

func (c *Client) associate(ctx context.Context) error {
	mmsOpts := c.opts.MMS
	initReq := pdu.DefaultInitiateRequest(
		mmsOpts.MaxPDUSize,
		mmsOpts.MaxOutstandingCalling,
		mmsOpts.MaxOutstandingCalled,
		mmsOpts.DataStructureNestingLevel,
	)

	initBytes, err := pdu.MarshalInitiateRequest(initReq)
	if err != nil {
		return fmt.Errorf("mms: marshal initiate request: %w", err)
	}

	isoParams := c.buildISOParams()
	assocReq, err := isostack.EncodeAssociateRequest(isoParams, initBytes)
	if err != nil {
		return fmt.Errorf("mms: encode association request: %w", err)
	}

	if err := c.sendRaw(ctx, assocReq); err != nil {
		return fmt.Errorf("mms: send association request: %w", err)
	}

	respData, err := c.receiveRaw(ctx)
	if err != nil {
		return fmt.Errorf("mms: receive association response: %w", err)
	}

	assocResult, err := isostack.DecodeAssociateResponse(respData)
	if err != nil {
		return fmt.Errorf("mms: %w", err)
	}

	if assocResult.ACSEResult != acse.ResultAccepted {
		return fmt.Errorf("mms: association rejected (result=%d): %w",
			assocResult.ACSEResult, ErrConnectionRejected)
	}

	if len(assocResult.MmsPayload) == 0 {
		return &ProtocolError{
			Phase:   "mms",
			Message: "association accepted but no MMS Initiate Response",
		}
	}

	kind, content, err := pdu.DecodePdu(assocResult.MmsPayload)
	if err != nil {
		return fmt.Errorf("mms: decode initiate response: %w", err)
	}
	if kind != pdu.PduInitiateResponse {
		return &ProtocolError{
			Phase:   "mms",
			Message: fmt.Sprintf("expected InitiateResponse, got %s", kind),
		}
	}

	initResp, err := pdu.UnmarshalInitiateResponse(content)
	if err != nil {
		return fmt.Errorf("mms: %w", err)
	}

	if err := c.applyNegotiatedParams(initReq, initResp); err != nil {
		return err
	}
	return nil
}

// applyNegotiatedParams stores the result of MMS Initiate negotiation.
//
// Negotiation policy (pragmatic interop defaults, not strict spec):
//   - maxPDUSize: server's LocalDetailCalled, falling back to our proposed value
//   - maxOutstanding: min(proposed, negotiated), floor of 1
//   - nestingLevel: server's negotiated value, falling back to our proposed value
//   - version: server's negotiated version, must be > 0
//
// This policy mirrors common MMS client behavior. The server side will
// need its own negotiation logic when implemented in Phase 7.
func (c *Client) applyNegotiatedParams(req pdu.InitiateRequest, resp *pdu.InitiateResponse) error {
	c.maxPDUSize = resp.LocalDetailCalled
	if c.maxPDUSize <= 0 {
		c.maxPDUSize = req.LocalDetailCalling
	}

	c.maxOutCalling = min(req.ProposedMaxServOutstandingCall, resp.NegotiatedMaxServOutstandingCall)
	if c.maxOutCalling <= 0 {
		c.maxOutCalling = 1
	}

	c.maxOutCalled = min(req.ProposedMaxServOutstandingCalled, resp.NegotiatedMaxServOutstandingCalled)
	if c.maxOutCalled <= 0 {
		c.maxOutCalled = 1
	}

	c.nestingLevel = resp.NegotiatedDataStructureNesting
	if c.nestingLevel <= 0 {
		c.nestingLevel = req.ProposedDataStructureNesting
	}

	c.serverVersion = resp.InitResponseDetail.NegotiatedVersion
	if c.serverVersion <= 0 {
		return &ProtocolError{
			Phase:   "mms",
			Message: fmt.Sprintf("invalid negotiated version %d", c.serverVersion),
		}
	}

	c.logger.Debug("mms: negotiated",
		"max_pdu_size", c.maxPDUSize,
		"max_outstanding_calling", c.maxOutCalling,
		"max_outstanding_called", c.maxOutCalled,
		"nesting_level", c.nestingLevel,
		"version", c.serverVersion,
	)

	return nil
}

func (c *Client) buildISOParams() isostack.Params {
	iso := c.opts.ISO
	return isostack.Params{
		CallingSessionSelector:      iso.LocalSSelector,
		CalledSessionSelector:       iso.RemoteSSelector,
		CallingPresentationSelector: iso.LocalPSelector,
		CalledPresentationSelector:  iso.RemotePSelector,
		ACSE: acse.AARQParams{
			CalledAPTitle:      iso.RemoteAPTitle,
			CalledAEQualifier:  iso.RemoteAEQualifier,
			CallingAPTitle:     iso.LocalAPTitle,
			CallingAEQualifier: iso.LocalAEQualifier,
			Password:           append([]byte(nil), iso.Password...),
		},
	}
}

// Close performs a hard shutdown of the MMS connection.
//
// Shutdown sequence:
//  1. Marks the client as closed — all new service calls return [ErrClosed].
//  2. Cancels all pending confirmed requests with [ErrClosed].
//  3. Sends a ConcludeRequest and waits for the ConcludeResponse.
//  4. Stops the background reader loop and closes the transport.
//
// This is NOT a graceful drain: pending requests are aborted immediately
// and their callers receive [ErrClosed]. Confirmed responses that arrive
// during the shutdown window (after CancelAll but before the reader
// exits) are discarded as unknown invoke IDs.
//
// Close is idempotent: the first call performs the conclude handshake;
// subsequent calls return nil.
func (c *Client) Close(ctx context.Context) error {
	c.mu.Lock()
	if c.closed {
		c.mu.Unlock()
		return nil
	}
	c.closed = true
	c.mu.Unlock()

	c.tracker.CancelAll(ErrClosed)

	err := c.conclude(ctx)

	c.readerCancel()
	<-c.readerDone

	closeErr := c.conn.Close()
	if err == nil {
		err = closeErr
	}

	c.logger.Info("mms: closed")
	return err
}

// Abort performs a hard, immediate association abort without the
// graceful ConcludeRequest/ConcludeResponse exchange. Use this for
// protocol desync recovery, emergency teardown, or test tooling.
//
// After Abort returns, the Client is closed and all pending requests
// are cancelled with [ErrClosed].
func (c *Client) Abort(_ context.Context) error {
	c.mu.Lock()
	if c.closed {
		c.mu.Unlock()
		return nil
	}
	c.closed = true
	c.mu.Unlock()

	// Best-effort send of the protocol abort PDU (ACSE ABRT wrapped in
	// session/presentation layers). Ignored if the peer is already gone.
	abortPDU := isostack.EncodeAbort()
	c.sendMu.Lock()
	_ = c.conn.Send(context.Background(), abortPDU)
	c.sendMu.Unlock()

	c.tracker.CancelAll(ErrClosed)
	c.readerCancel()
	<-c.readerDone

	err := c.conn.Close()
	c.logger.Info("mms: aborted")
	return err
}

// Negotiated returns the MMS parameters that were negotiated during
// the association establishment handshake.
func (c *Client) Negotiated() NegotiatedParameters {
	return NegotiatedParameters{
		MaxPDUSize:    c.maxPDUSize,
		MaxOutCalling: c.maxOutCalling,
		MaxOutCalled:  c.maxOutCalled,
		NestingLevel:  c.nestingLevel,
		ServerVersion: c.serverVersion,
	}
}

func (c *Client) conclude(ctx context.Context) error {
	concludeReq := codec.MarshalConcludeRequest()
	data := isostack.EncodeDataRequest(concludeReq)

	c.sendMu.Lock()
	sendErr := c.sendRaw(ctx, data)
	c.sendMu.Unlock()
	if sendErr != nil {
		return fmt.Errorf("mms: send conclude: %w", sendErr)
	}

	select {
	case <-c.concludeCh:
		return nil
	case <-ctx.Done():
		return fmt.Errorf("mms: conclude: %w", ctx.Err())
	case <-c.readerDone:
		return &ProtocolError{Phase: "mms", Message: "connection closed before conclude response"}
	}
}

// Identify sends an MMS Identify request and returns the server's identity.
func (c *Client) Identify(ctx context.Context) (*ServerIdentity, error) {
	invokeID := c.nextInvokeID()

	reqBytes, err := pdu.MarshalIdentifyRequest(invokeID)
	if err != nil {
		return nil, fmt.Errorf("mms: marshal identify request: %w", err)
	}

	confirmed, err := c.sendConfirmed(ctx, invokeID, reqBytes)
	if err != nil {
		return nil, err
	}

	if confirmed.ServiceKind != pdu.ServiceIdentify {
		return nil, &ProtocolError{
			Phase:   "mms",
			Message: fmt.Sprintf("expected Identify response, got %s", confirmed.ServiceKind),
		}
	}

	identResp, err := pdu.UnmarshalIdentifyResponse(confirmed.ServiceData)
	if err != nil {
		return nil, fmt.Errorf("mms: %w", err)
	}

	c.logger.Debug("mms: identify",
		"invoke_id", invokeID,
		"service", "Identify",
		"vendor", identResp.VendorName,
		"model", identResp.ModelName,
		"revision", identResp.Revision,
	)

	return &ServerIdentity{
		Vendor:   identResp.VendorName,
		Model:    identResp.ModelName,
		Revision: identResp.Revision,
	}, nil
}

// ClientStatusRequest configures the MMS Status request.
// The zero value requests non-extended derivation (the common default).
type ClientStatusRequest struct {
	// ExtendedDerivation requests extended status derivation from the server.
	ExtendedDerivation bool
}

// Status sends an MMS Status request with default parameters
// (ExtendedDerivation = false) and returns the VMD status.
// Use [Client.StatusWithOptions] to control ExtendedDerivation.
func (c *Client) Status(ctx context.Context) (*ServerStatus, error) {
	return c.StatusWithOptions(ctx, ClientStatusRequest{})
}

// StatusWithOptions sends an MMS Status request with the given options.
func (c *Client) StatusWithOptions(ctx context.Context, req ClientStatusRequest) (*ServerStatus, error) {
	invokeID := c.nextInvokeID()

	reqBytes, err := pdu.MarshalStatusRequest(invokeID, req.ExtendedDerivation)
	if err != nil {
		return nil, fmt.Errorf("mms: marshal status request: %w", err)
	}

	confirmed, err := c.sendConfirmed(ctx, invokeID, reqBytes)
	if err != nil {
		return nil, err
	}

	if confirmed.ServiceKind != pdu.ServiceStatus {
		return nil, &ProtocolError{
			Phase:   "mms",
			Message: fmt.Sprintf("expected Status response, got %s", confirmed.ServiceKind),
		}
	}

	statusResp, err := pdu.UnmarshalStatusResponse(confirmed.ServiceData)
	if err != nil {
		return nil, fmt.Errorf("mms: %w", err)
	}

	c.logger.Debug("mms: status",
		"invoke_id", invokeID,
		"service", "Status",
		"logical", statusResp.VMDLogicalStatus,
		"physical", statusResp.VMDPhysicalStatus,
	)

	return &ServerStatus{
		Logical:  VMDLogicalStatus(statusResp.VMDLogicalStatus),
		Physical: VMDPhysicalStatus(statusResp.VMDPhysicalStatus),
	}, nil
}

// sendConfirmed sends an MMS PDU as a confirmed request, waits for the
// response, verifies the invoke ID, and handles ConfirmedError and
// Reject PDUs. Returns the parsed confirmed response on success.
func (c *Client) sendConfirmed(ctx context.Context, invokeID codec.InvokeID, mmsPdu []byte) (*pdu.ConfirmedResponse, error) {
	c.mu.Lock()
	if c.closed {
		c.mu.Unlock()
		return nil, ErrClosed
	}
	c.mu.Unlock()

	_, ch, err := c.tracker.AllocateWithID(invokeID)
	if err != nil {
		return nil, fmt.Errorf("mms: allocate invoke ID %d: %w", invokeID, err)
	}

	data := isostack.EncodeDataRequest(mmsPdu)

	c.sendMu.Lock()
	sendErr := c.sendRaw(ctx, data)
	c.sendMu.Unlock()
	if sendErr != nil {
		c.tracker.Cancel(invokeID, sendErr)
		return nil, fmt.Errorf("mms: send request: %w", sendErr)
	}

	var resp invoke.Response
	select {
	case resp = <-ch:
	case <-ctx.Done():
		c.tracker.Cancel(invokeID, ctx.Err())
		return nil, fmt.Errorf("mms: %w", ctx.Err())
	}

	if resp.Err != nil {
		return nil, resp.Err
	}

	return c.processConfirmedPDU(invokeID, pdu.PduKind(resp.Kind), resp.Data)
}

func (c *Client) processConfirmedPDU(invokeID codec.InvokeID, kind pdu.PduKind, content []byte) (*pdu.ConfirmedResponse, error) {
	switch kind {
	case pdu.PduConfirmedResponse:
		confirmed, err := pdu.DecodeConfirmedResponse(content)
		if err != nil {
			return nil, fmt.Errorf("mms: %w", err)
		}
		if confirmed.InvokeID != invokeID {
			return nil, &ProtocolError{
				Phase:   "mms",
				Message: fmt.Sprintf("confirmed response invoke ID mismatch: expected %d, got %d", invokeID, confirmed.InvokeID),
			}
		}
		return confirmed, nil

	case pdu.PduConfirmedError:
		return nil, c.handleConfirmedError(invokeID, content)

	case pdu.PduReject:
		return nil, c.handleReject(invokeID, content)

	default:
		return nil, &ProtocolError{
			Phase:   "mms",
			Message: fmt.Sprintf("unexpected PDU type %s for confirmed request", kind),
		}
	}
}

func (c *Client) handleConfirmedError(expectedID codec.InvokeID, content []byte) error {
	ce, err := pdu.DecodeConfirmedError(content)
	if err != nil {
		return fmt.Errorf("mms: decode confirmed error: %w", err)
	}
	if ce.InvokeID != expectedID {
		return &ProtocolError{
			Phase:   "mms",
			Message: fmt.Sprintf("confirmed error invoke ID mismatch: sent %d, received %d", expectedID, ce.InvokeID),
		}
	}
	return &ServiceError{
		Class:    ErrorClass(ce.ErrorClass),
		Code:     ce.ErrorCode,
		InvokeID: InvokeID(ce.InvokeID),
	}
}

func (c *Client) handleReject(expectedID codec.InvokeID, content []byte) error {
	rj, err := pdu.DecodeRejectPDU(content)
	if err != nil {
		return fmt.Errorf("mms: decode reject: %w", err)
	}
	if rj.HasInvokeID && rj.InvokeID != expectedID {
		return &ProtocolError{
			Phase:   "mms",
			Message: fmt.Sprintf("reject invoke ID mismatch: sent %d, received %d", expectedID, rj.InvokeID),
		}
	}

	var msg string
	if rj.HasInvokeID {
		msg = fmt.Sprintf("request rejected: type=%d reason=%d invokeID=%d", rj.RejectType, rj.RejectReason, rj.InvokeID)
	} else {
		msg = fmt.Sprintf("request rejected: type=%d reason=%d invokeID=absent", rj.RejectType, rj.RejectReason)
	}
	return &ProtocolError{Phase: "mms", Message: msg}
}

// OnInformationReport registers a handler for incoming InformationReport
// PDUs from the server. Only one handler may be registered at a time;
// subsequent calls replace the previous handler. Passing nil unregisters
// the handler.
func (c *Client) OnInformationReport(handler InformationReportHandler) {
	c.reportMu.Lock()
	c.reportHandler = handler
	c.reportMu.Unlock()
}

func (c *Client) nextInvokeID() codec.InvokeID {
	return c.tracker.NextID()
}

func (c *Client) readerLoop(ctx context.Context) {
	defer close(c.readerDone)

	for {
		rawData, err := c.receiveRaw(ctx)
		if err != nil {
			c.logger.Debug("mms: reader loop stopped", "error", err)
			c.tracker.CancelAll(fmt.Errorf("mms: connection read: %w", err))
			return
		}

		mmsPayload, err := isostack.DecodeDataResponse(rawData)
		if err != nil {
			c.logger.Debug("mms: reader loop decode error", "error", err)
			c.tracker.CancelAll(fmt.Errorf("mms: %w", err))
			return
		}

		kind, content, err := pdu.DecodePdu(mmsPayload)
		if err != nil {
			c.logger.Debug("mms: reader loop PDU error", "error", err)
			c.tracker.CancelAll(fmt.Errorf("mms: decode PDU: %w", err))
			return
		}

		switch kind {
		case pdu.PduConfirmedResponse:
			c.dispatchConfirmed(kind, content)

		case pdu.PduConfirmedError:
			c.dispatchConfirmed(kind, content)

		case pdu.PduReject:
			c.dispatchConfirmed(kind, content)

		case pdu.PduUnconfirmed:
			c.dispatchUnconfirmed(content)

		case pdu.PduConcludeResponse:
			select {
			case c.concludeCh <- struct{}{}:
			default:
			}
			return

		case pdu.PduConcludeError:
			c.logger.Warn("mms: server rejected conclude")
			select {
			case c.concludeCh <- struct{}{}:
			default:
			}
			return

		default:
			c.logger.Warn("mms: reader loop unexpected PDU", "kind", kind)
		}
	}
}

func (c *Client) dispatchConfirmed(kind pdu.PduKind, content []byte) {
	invokeID, err := pdu.ExtractInvokeID(content)
	if err != nil {
		c.logger.Warn("mms: reader cannot extract invoke ID", "error", err)
		return
	}

	resp := invoke.Response{
		InvokeID: invokeID,
		Kind:     int(kind),
		Data:     content,
	}

	if !c.tracker.Complete(invokeID, resp) {
		c.mu.Lock()
		closing := c.closed
		c.mu.Unlock()
		if closing {
			c.logger.Debug("mms: discarding late response during shutdown", "invoke_id", invokeID)
		} else {
			c.logger.Warn("mms: reader got response for unknown invoke ID", "invoke_id", invokeID)
		}
	}
}

func (c *Client) dispatchUnconfirmed(content []byte) {
	report, err := pdu.UnmarshalInformationReport(content)
	if err != nil {
		c.logger.Warn("mms: reader cannot decode InformationReport", "error", err)
		return
	}

	indication, err := c.infoReportToIndication(report)
	if err != nil {
		c.logger.Warn("mms: reader cannot convert InformationReport", "error", err)
		return
	}

	c.reportMu.RLock()
	handler := c.reportHandler
	c.reportMu.RUnlock()

	if handler != nil {
		func() {
			defer func() {
				if r := recover(); r != nil {
					c.logger.Error("mms: InformationReport handler panic", "panic", r)
				}
			}()
			handler(indication)
		}()
	}
}

func (c *Client) infoReportToIndication(r *pdu.InformationReportWire) (*InformationReportIndication, error) {
	ind := &InformationReportIndication{}

	if r.ListName != nil {
		n, err := wireNameToObjectName(*r.ListName)
		if err != nil {
			return nil, fmt.Errorf("list name: %w", err)
		}
		ind.ListName = &n
	}

	for i, v := range r.Variables {
		on, err := wireNameToObjectName(v)
		if err != nil {
			return nil, fmt.Errorf("variable [%d]: %w", i, err)
		}
		ind.Variables = append(ind.Variables, on)
	}

	for i, dv := range r.Values {
		val, err := dataValueToValue(dv)
		if err != nil {
			return nil, fmt.Errorf("value [%d]: %w", i, err)
		}
		ind.Values = append(ind.Values, val)
	}

	return ind, nil
}

func (c *Client) sendRaw(ctx context.Context, data []byte) error {
	if c.opts.RawHook != nil {
		c.opts.RawHook("send", data)
	}
	return c.conn.Send(ctx, data)
}

func (c *Client) receiveRaw(ctx context.Context) ([]byte, error) {
	data, err := c.conn.Receive(ctx)
	if err != nil {
		return nil, err
	}
	if c.opts.RawHook != nil {
		c.opts.RawHook("recv", data)
	}
	return data, nil
}

// ReadRequest specifies what to read from the MMS server.
// Set DomainID and ItemID to read a single named variable.
type ReadRequest struct {
	DomainID DomainID
	ItemID   ItemID
}

// ReadResult holds the result of an MMS Read operation.
type ReadResult struct {
	Value *Value
}

// AccessResult represents the outcome for a single variable in a
// multi-variable Read response.
type AccessResult struct {
	// Value holds the read data on success. Nil when ErrorCode is non-zero.
	Value *Value
	// ErrorCode is non-zero when the server reported a per-variable data
	// access error instead of returning a value.
	ErrorCode DataAccessErrorCode
}

// Read sends an MMS Read request for a single named variable and
// returns the read value. If the server reports a per-variable data
// access error, Read returns a [*DataAccessError].
func (c *Client) Read(ctx context.Context, req ReadRequest) (*ReadResult, error) {
	if req.DomainID == "" {
		return nil, fmt.Errorf("mms: read: empty DomainID")
	}
	if req.ItemID == "" {
		return nil, fmt.Errorf("mms: read: empty ItemID")
	}

	results, err := c.ReadMultiple(ctx, []ObjectName{
		{Scope: ObjectScopeDomain, Domain: req.DomainID, ItemID: req.ItemID},
	})
	if err != nil {
		return nil, err
	}
	r := results[0]
	if r.ErrorCode != 0 {
		return nil, &DataAccessError{Code: r.ErrorCode}
	}
	return &ReadResult{Value: r.Value}, nil
}

// ReadMultiple sends an MMS Read request for multiple named variables
// in a single PDU. Returns one [AccessResult] per variable in the
// same order as the input. Each result is either a value or a
// per-variable [DataAccessErrorCode].
//
// All three naming scopes are supported via [ObjectName.Scope]:
// VMD-specific, domain-specific, and association-specific.
func (c *Client) ReadMultiple(ctx context.Context, variables []ObjectName) ([]AccessResult, error) {
	for i, v := range variables {
		if err := validateObjectName(v); err != nil {
			return nil, fmt.Errorf("mms: read: variable [%d]: %w", i, err)
		}
	}

	invokeID := c.nextInvokeID()

	wireVars := make([]pdu.ObjectNameWire, len(variables))
	for i, v := range variables {
		wireVars[i] = objectNameToWire(v)
	}

	reqBytes, err := pdu.MarshalReadRequest(invokeID, wireVars)
	if err != nil {
		return nil, fmt.Errorf("mms: marshal read request: %w", err)
	}

	confirmed, err := c.sendConfirmed(ctx, invokeID, reqBytes)
	if err != nil {
		return nil, err
	}

	if confirmed.ServiceKind != pdu.ServiceRead {
		return nil, &ProtocolError{
			Phase:   "mms",
			Message: fmt.Sprintf("expected Read response, got %s", confirmed.ServiceKind),
		}
	}

	dataValues, err := pdu.UnmarshalReadResponse(confirmed.ServiceData)
	if err != nil {
		return nil, fmt.Errorf("mms: %w", err)
	}

	if len(dataValues) != len(variables) {
		return nil, &ProtocolError{
			Phase:   "mms",
			Message: fmt.Sprintf("read response: expected %d results, got %d", len(variables), len(dataValues)),
		}
	}

	results := make([]AccessResult, len(dataValues))
	for i, dv := range dataValues {
		if dv.Tag == pdu.TagDataAccessError {
			results[i] = AccessResult{ErrorCode: DataAccessErrorCode(dv.ErrCode)}
		} else {
			val, err := dataValueToValue(dv)
			if err != nil {
				return nil, fmt.Errorf("mms: read result [%d]: %w", i, err)
			}
			results[i] = AccessResult{Value: val}
		}
	}

	c.logger.Debug("mms: read",
		"invoke_id", invokeID,
		"service", "Read",
		"variables", len(variables),
		"results", len(results),
	)

	return results, nil
}

// WriteRequest specifies what to write to the MMS server.
type WriteRequest struct {
	DomainID DomainID
	ItemID   ItemID
	Value    *Value
}

// WriteResult holds the result of an MMS Write operation.
type WriteResult struct{}

// Write sends an MMS Write request for a single named variable.
// If the server reports a per-variable data access error, Write
// returns a [*DataAccessError].
func (c *Client) Write(ctx context.Context, req WriteRequest) (*WriteResult, error) {
	if req.DomainID == "" {
		return nil, fmt.Errorf("mms: write: empty DomainID")
	}
	if req.ItemID == "" {
		return nil, fmt.Errorf("mms: write: empty ItemID")
	}
	if req.Value == nil {
		return nil, fmt.Errorf("mms: write: nil Value")
	}

	invokeID := c.nextInvokeID()

	wireVar := pdu.ObjectNameWire{Scope: pdu.ScopeDomain, DomainID: string(req.DomainID), ItemID: string(req.ItemID)}

	dv, err := valueToDataValue(req.Value)
	if err != nil {
		return nil, fmt.Errorf("mms: marshal write value: %w", err)
	}

	reqBytes, err := pdu.MarshalWriteRequest(invokeID, []pdu.ObjectNameWire{wireVar}, []*pdu.DataValue{dv})
	if err != nil {
		return nil, fmt.Errorf("mms: marshal write request: %w", err)
	}

	confirmed, err := c.sendConfirmed(ctx, invokeID, reqBytes)
	if err != nil {
		return nil, err
	}

	if confirmed.ServiceKind != pdu.ServiceWrite {
		return nil, &ProtocolError{
			Phase:   "mms",
			Message: fmt.Sprintf("expected Write response, got %s", confirmed.ServiceKind),
		}
	}

	items, err := pdu.UnmarshalWriteResponse(confirmed.ServiceData)
	if err != nil {
		return nil, fmt.Errorf("mms: %w", err)
	}

	if len(items) != 1 {
		return nil, &ProtocolError{
			Phase:   "mms",
			Message: fmt.Sprintf("write response: expected 1 result, got %d", len(items)),
		}
	}

	item := items[0]
	if !item.Success {
		return nil, &DataAccessError{Code: DataAccessErrorCode(item.ErrCode)}
	}

	c.logger.Debug("mms: write",
		"invoke_id", invokeID,
		"service", "Write",
		"domain_id", req.DomainID,
		"item_id", req.ItemID,
	)

	return &WriteResult{}, nil
}

// ReadVariables sends an MMS Read request for multiple variables,
// each optionally qualified with alternate access selectors for
// component, array-element, or array-range addressing.
func (c *Client) ReadVariables(ctx context.Context, variables []VariableSpec) ([]AccessResult, error) {
	if len(variables) == 0 {
		return nil, fmt.Errorf("mms: read: no variables specified")
	}
	for i, v := range variables {
		if err := validateObjectName(v.Name); err != nil {
			return nil, fmt.Errorf("mms: read: variable [%d]: %w", i, err)
		}
		if err := validateAccessSelectors(v.AlternateAccess); err != nil {
			return nil, fmt.Errorf("mms: read: variable [%d]: %w", i, err)
		}
	}

	invokeID := c.nextInvokeID()

	wireVars := make([]pdu.VariableSpecWire, len(variables))
	for i, v := range variables {
		wireVars[i] = variableSpecToWire(v)
	}

	reqBytes, err := pdu.MarshalReadRequestWithAccess(invokeID, wireVars)
	if err != nil {
		return nil, fmt.Errorf("mms: marshal read request: %w", err)
	}

	confirmed, err := c.sendConfirmed(ctx, invokeID, reqBytes)
	if err != nil {
		return nil, err
	}

	if confirmed.ServiceKind != pdu.ServiceRead {
		return nil, &ProtocolError{
			Phase:   "mms",
			Message: fmt.Sprintf("expected Read response, got %s", confirmed.ServiceKind),
		}
	}

	dataValues, err := pdu.UnmarshalReadResponse(confirmed.ServiceData)
	if err != nil {
		return nil, fmt.Errorf("mms: %w", err)
	}

	if len(dataValues) != len(variables) {
		return nil, &ProtocolError{
			Phase:   "mms",
			Message: fmt.Sprintf("read response count mismatch: requested %d, got %d", len(variables), len(dataValues)),
		}
	}

	results := make([]AccessResult, len(dataValues))
	for i, dv := range dataValues {
		if dv.Tag == pdu.TagDataAccessError {
			results[i] = AccessResult{ErrorCode: DataAccessErrorCode(dv.ErrCode)}
		} else {
			val, err := dataValueToValue(dv)
			if err != nil {
				return nil, fmt.Errorf("mms: read result [%d]: %w", i, err)
			}
			results[i] = AccessResult{Value: val}
		}
	}

	c.logger.Debug("mms: readVariables",
		"invoke_id", invokeID,
		"service", "Read",
		"variables", len(variables),
		"results", len(results),
	)

	return results, nil
}

// WriteVariables sends an MMS Write request for multiple variables,
// each optionally qualified with alternate access selectors.
// Returns per-variable results preserving partial-success semantics.
func (c *Client) WriteVariables(ctx context.Context, variables []VariableSpec, values []*Value) ([]WriteAccessResult, error) {
	if len(variables) != len(values) {
		return nil, fmt.Errorf("mms: write: %d variables but %d values", len(variables), len(values))
	}
	for i, v := range variables {
		if err := validateObjectName(v.Name); err != nil {
			return nil, fmt.Errorf("mms: write: variable [%d]: %w", i, err)
		}
		if err := validateAccessSelectors(v.AlternateAccess); err != nil {
			return nil, fmt.Errorf("mms: write: variable [%d]: %w", i, err)
		}
	}
	for i, val := range values {
		if val == nil {
			return nil, fmt.Errorf("mms: write: nil value at index %d", i)
		}
	}

	invokeID := c.nextInvokeID()

	wireVars := make([]pdu.VariableSpecWire, len(variables))
	for i, v := range variables {
		wireVars[i] = variableSpecToWire(v)
	}

	wireValues := make([]*pdu.DataValue, len(values))
	for i, val := range values {
		dv, err := valueToDataValue(val)
		if err != nil {
			return nil, fmt.Errorf("mms: marshal write value [%d]: %w", i, err)
		}
		wireValues[i] = dv
	}

	reqBytes, err := pdu.MarshalWriteRequestWithAccess(invokeID, wireVars, wireValues)
	if err != nil {
		return nil, fmt.Errorf("mms: marshal write request: %w", err)
	}

	confirmed, err := c.sendConfirmed(ctx, invokeID, reqBytes)
	if err != nil {
		return nil, err
	}

	if confirmed.ServiceKind != pdu.ServiceWrite {
		return nil, &ProtocolError{
			Phase:   "mms",
			Message: fmt.Sprintf("expected Write response, got %s", confirmed.ServiceKind),
		}
	}

	items, err := pdu.UnmarshalWriteResponse(confirmed.ServiceData)
	if err != nil {
		return nil, fmt.Errorf("mms: %w", err)
	}

	if len(items) != len(variables) {
		return nil, &ProtocolError{
			Phase:   "mms",
			Message: fmt.Sprintf("write response count mismatch: sent %d, got %d", len(variables), len(items)),
		}
	}

	results := make([]WriteAccessResult, len(items))
	for i, item := range items {
		results[i] = WriteAccessResult{
			Index:     i,
			Success:   item.Success,
			ErrorCode: DataAccessErrorCode(item.ErrCode),
		}
	}

	c.logger.Debug("mms: writeVariables",
		"invoke_id", invokeID,
		"service", "Write",
		"variables", len(variables),
	)

	return results, nil
}

// ReadComponent reads a single structure component by name.
func (c *Client) ReadComponent(ctx context.Context, name ObjectName, component string) (*ReadResult, error) {
	results, err := c.ReadVariables(ctx, []VariableSpec{{
		Name:            name,
		AlternateAccess: []AccessSelector{{Component: component}},
	}})
	if err != nil {
		return nil, err
	}
	r := results[0]
	if r.ErrorCode != 0 {
		return nil, &DataAccessError{Code: r.ErrorCode}
	}
	return &ReadResult{Value: r.Value}, nil
}

// WriteComponent writes a single structure component by name.
func (c *Client) WriteComponent(ctx context.Context, name ObjectName, component string, value *Value) error {
	results, err := c.WriteVariables(ctx,
		[]VariableSpec{{Name: name, AlternateAccess: []AccessSelector{{Component: component}}}},
		[]*Value{value},
	)
	if err != nil {
		return err
	}
	if !results[0].Success {
		return &DataAccessError{Code: results[0].ErrorCode}
	}
	return nil
}

// ReadByIndex reads a single element by zero-based index from either an
// array or a structure. In MMS, index-based alternate access applies to
// both ordered structure elements and array elements.
func (c *Client) ReadByIndex(ctx context.Context, name ObjectName, index int) (*ReadResult, error) {
	results, err := c.ReadVariables(ctx, []VariableSpec{{
		Name:            name,
		AlternateAccess: []AccessSelector{{Index: &index}},
	}})
	if err != nil {
		return nil, err
	}
	r := results[0]
	if r.ErrorCode != 0 {
		return nil, &DataAccessError{Code: r.ErrorCode}
	}
	return &ReadResult{Value: r.Value}, nil
}

// ReadArrayElement reads a single array element by zero-based index.
func (c *Client) ReadArrayElement(ctx context.Context, name ObjectName, index int) (*ReadResult, error) {
	results, err := c.ReadVariables(ctx, []VariableSpec{{
		Name:            name,
		AlternateAccess: []AccessSelector{{Index: &index}},
	}})
	if err != nil {
		return nil, err
	}
	r := results[0]
	if r.ErrorCode != 0 {
		return nil, &DataAccessError{Code: r.ErrorCode}
	}
	return &ReadResult{Value: r.Value}, nil
}

// WriteArrayElement writes a single array element by zero-based index.
func (c *Client) WriteArrayElement(ctx context.Context, name ObjectName, index int, value *Value) error {
	results, err := c.WriteVariables(ctx,
		[]VariableSpec{{Name: name, AlternateAccess: []AccessSelector{{Index: &index}}}},
		[]*Value{value},
	)
	if err != nil {
		return err
	}
	if !results[0].Success {
		return &DataAccessError{Code: results[0].ErrorCode}
	}
	return nil
}

// ReadArrayRange reads a contiguous range of array elements.
func (c *Client) ReadArrayRange(ctx context.Context, name ObjectName, start, count int) (*ReadResult, error) {
	results, err := c.ReadVariables(ctx, []VariableSpec{{
		Name:            name,
		AlternateAccess: []AccessSelector{{IndexRange: &IndexRange{Start: start, Count: count}}},
	}})
	if err != nil {
		return nil, err
	}
	r := results[0]
	if r.ErrorCode != 0 {
		return nil, &DataAccessError{Code: r.ErrorCode}
	}
	return &ReadResult{Value: r.Value}, nil
}

// ReadObject reads a single variable by [ObjectName], supporting
// all three scopes (VMD, domain, association).
func (c *Client) ReadObject(ctx context.Context, name ObjectName) (*ReadResult, error) {
	results, err := c.ReadMultiple(ctx, []ObjectName{name})
	if err != nil {
		return nil, err
	}
	r := results[0]
	if r.ErrorCode != 0 {
		return nil, &DataAccessError{Code: r.ErrorCode}
	}
	return &ReadResult{Value: r.Value}, nil
}

// WriteObject writes a single variable by [ObjectName], supporting
// all three scopes (VMD, domain, association).
func (c *Client) WriteObject(ctx context.Context, name ObjectName, value *Value) (*WriteResult, error) {
	if err := validateObjectName(name); err != nil {
		return nil, fmt.Errorf("mms: write: %w", err)
	}
	if value == nil {
		return nil, fmt.Errorf("mms: write: nil Value")
	}

	invokeID := c.nextInvokeID()

	wireVar := objectNameToWire(name)
	dv, err := valueToDataValue(value)
	if err != nil {
		return nil, fmt.Errorf("mms: marshal write value: %w", err)
	}

	reqBytes, err := pdu.MarshalWriteRequest(invokeID, []pdu.ObjectNameWire{wireVar}, []*pdu.DataValue{dv})
	if err != nil {
		return nil, fmt.Errorf("mms: marshal write request: %w", err)
	}

	confirmed, err := c.sendConfirmed(ctx, invokeID, reqBytes)
	if err != nil {
		return nil, err
	}

	if confirmed.ServiceKind != pdu.ServiceWrite {
		return nil, &ProtocolError{
			Phase:   "mms",
			Message: fmt.Sprintf("expected Write response, got %s", confirmed.ServiceKind),
		}
	}

	items, err := pdu.UnmarshalWriteResponse(confirmed.ServiceData)
	if err != nil {
		return nil, fmt.Errorf("mms: %w", err)
	}

	if len(items) != 1 {
		return nil, &ProtocolError{
			Phase:   "mms",
			Message: fmt.Sprintf("write response: expected 1 result, got %d", len(items)),
		}
	}

	if !items[0].Success {
		return nil, &DataAccessError{Code: DataAccessErrorCode(items[0].ErrCode)}
	}

	c.logger.Debug("mms: writeObject",
		"invoke_id", invokeID,
		"service", "Write",
		"scope", name.Scope,
		"item_id", name.ItemID,
	)

	return &WriteResult{}, nil
}

// ReadNamedVariableList reads all values from a named variable list
// in a single PDU using the variableListName addressing form.
func (c *Client) ReadNamedVariableList(ctx context.Context, listName ObjectName, opts ...ReadNamedVariableListOptions) ([]AccessResult, error) {
	if err := validateObjectName(listName); err != nil {
		return nil, fmt.Errorf("mms: read NVL: %w", err)
	}

	var opt ReadNamedVariableListOptions
	if len(opts) > 0 {
		opt = opts[0]
	}

	invokeID := c.nextInvokeID()

	var reqBytes []byte
	var err error
	if opt.SpecificationWithResult {
		reqBytes, err = pdu.MarshalReadRequestByListNameWithSpec(invokeID, objectNameToWire(listName), true)
	} else {
		reqBytes, err = pdu.MarshalReadRequestByListName(invokeID, objectNameToWire(listName))
	}
	if err != nil {
		return nil, fmt.Errorf("mms: marshal read NVL request: %w", err)
	}

	confirmed, err := c.sendConfirmed(ctx, invokeID, reqBytes)
	if err != nil {
		return nil, err
	}

	if confirmed.ServiceKind != pdu.ServiceRead {
		return nil, &ProtocolError{
			Phase:   "mms",
			Message: fmt.Sprintf("expected Read response, got %s", confirmed.ServiceKind),
		}
	}

	dataValues, err := pdu.UnmarshalReadResponse(confirmed.ServiceData)
	if err != nil {
		return nil, fmt.Errorf("mms: %w", err)
	}

	results := make([]AccessResult, len(dataValues))
	for i, dv := range dataValues {
		if dv.Tag == pdu.TagDataAccessError {
			results[i] = AccessResult{ErrorCode: DataAccessErrorCode(dv.ErrCode)}
		} else {
			val, err := dataValueToValue(dv)
			if err != nil {
				return nil, fmt.Errorf("mms: read NVL result [%d]: %w", i, err)
			}
			results[i] = AccessResult{Value: val}
		}
	}

	c.logger.Debug("mms: readNamedVariableList",
		"invoke_id", invokeID,
		"service", "Read",
		"list_name", listName.ItemID,
		"results", len(results),
	)

	return results, nil
}

// WriteNamedVariableList writes all values to a named variable list
// in a single PDU using the variableListName addressing form.
// Returns per-variable results preserving partial-success semantics.
func (c *Client) WriteNamedVariableList(ctx context.Context, listName ObjectName, values []*Value) ([]WriteAccessResult, error) {
	if err := validateObjectName(listName); err != nil {
		return nil, fmt.Errorf("mms: write NVL: %w", err)
	}
	for i, val := range values {
		if val == nil {
			return nil, fmt.Errorf("mms: write NVL: nil value at index %d", i)
		}
	}

	invokeID := c.nextInvokeID()

	wireValues := make([]*pdu.DataValue, len(values))
	for i, val := range values {
		dv, err := valueToDataValue(val)
		if err != nil {
			return nil, fmt.Errorf("mms: write NVL: marshal value [%d]: %w", i, err)
		}
		wireValues[i] = dv
	}

	reqBytes, err := pdu.MarshalWriteRequestByListName(invokeID, objectNameToWire(listName), wireValues)
	if err != nil {
		return nil, fmt.Errorf("mms: marshal write NVL request: %w", err)
	}

	confirmed, err := c.sendConfirmed(ctx, invokeID, reqBytes)
	if err != nil {
		return nil, err
	}

	if confirmed.ServiceKind != pdu.ServiceWrite {
		return nil, &ProtocolError{
			Phase:   "mms",
			Message: fmt.Sprintf("expected Write response, got %s", confirmed.ServiceKind),
		}
	}

	items, err := pdu.UnmarshalWriteResponse(confirmed.ServiceData)
	if err != nil {
		return nil, fmt.Errorf("mms: %w", err)
	}

	if len(items) != len(values) {
		return nil, &ProtocolError{
			Phase:   "mms",
			Message: fmt.Sprintf("write NVL response count mismatch: sent %d, got %d", len(values), len(items)),
		}
	}

	results := make([]WriteAccessResult, len(items))
	for i, item := range items {
		results[i] = WriteAccessResult{
			Index:     i,
			Success:   item.Success,
			ErrorCode: DataAccessErrorCode(item.ErrCode),
		}
	}

	c.logger.Debug("mms: writeNamedVariableList",
		"invoke_id", invokeID,
		"service", "Write",
		"list_name", listName.ItemID,
	)

	return results, nil
}

// validateAccessSelectors validates an alternate access selector chain.
func validateAccessSelectors(selectors []AccessSelector) error {
	for i, sel := range selectors {
		kinds := 0
		if sel.Component != "" {
			kinds++
		}
		if sel.Index != nil {
			kinds++
		}
		if sel.IndexRange != nil {
			kinds++
		}
		if kinds == 0 {
			return fmt.Errorf("selector [%d]: no field set (need exactly one of Component, Index, or IndexRange)", i)
		}
		if kinds > 1 {
			return fmt.Errorf("selector [%d]: multiple fields set (need exactly one of Component, Index, or IndexRange)", i)
		}
		if sel.Index != nil && *sel.Index < 0 {
			return fmt.Errorf("selector [%d]: negative index %d", i, *sel.Index)
		}
		if sel.IndexRange != nil {
			if sel.IndexRange.Start < 0 {
				return fmt.Errorf("selector [%d]: negative range start %d", i, sel.IndexRange.Start)
			}
			if sel.IndexRange.Count <= 0 {
				return fmt.Errorf("selector [%d]: range count must be > 0, got %d", i, sel.IndexRange.Count)
			}
		}
	}
	return nil
}

func variableSpecToWire(v VariableSpec) pdu.VariableSpecWire {
	w := pdu.VariableSpecWire{Name: objectNameToWire(v.Name)}
	for _, sel := range v.AlternateAccess {
		ws := pdu.AccessSelectorWire{Component: sel.Component}
		if sel.Index != nil {
			ws.HasIndex = true
			ws.Index = *sel.Index
		}
		if sel.IndexRange != nil {
			ws.IndexRange = &pdu.IndexRangeWire{
				LowIndex:         sel.IndexRange.Start,
				NumberOfElements: sel.IndexRange.Count,
			}
		}
		w.AlternateAccess = append(w.AlternateAccess, ws)
	}
	return w
}

func variableSpecFromWire(w pdu.VariableSpecWire) (VariableSpec, error) {
	on, err := objectNameFromWire(w.Name)
	if err != nil {
		return VariableSpec{}, err
	}
	vs := VariableSpec{Name: on}
	for _, ws := range w.AlternateAccess {
		sel := AccessSelector{Component: ws.Component}
		if ws.HasIndex {
			idx := ws.Index
			sel.Index = &idx
		}
		if ws.IndexRange != nil {
			sel.IndexRange = &IndexRange{
				Start: ws.IndexRange.LowIndex,
				Count: ws.IndexRange.NumberOfElements,
			}
		}
		vs.AlternateAccess = append(vs.AlternateAccess, sel)
	}
	return vs, nil
}

// NameListRequest specifies the scope and filter for a GetNameList operation.
type NameListRequest struct {
	ObjectClass   ObjectClass
	Scope         ObjectScope // zero value = ObjectScopeVMD
	DomainID      DomainID    // required when Scope is ObjectScopeDomain
	ContinueAfter string      // continuation token; empty for first request
}

// NameListResult holds the result of a GetNameList operation.
type NameListResult struct {
	Names       []string
	MoreFollows bool
}

// GetNameList retrieves a list of named objects from the server.
//
// Use [NameListRequest.ContinueAfter] to page through large lists.
// Set it to the last name from the previous result when
// [NameListResult.MoreFollows] is true.
func (c *Client) GetNameList(ctx context.Context, req NameListRequest) (*NameListResult, error) {
	if int(req.ObjectClass) < 0 || int(req.ObjectClass) > int(ObjectClassOperatorStation) {
		return nil, fmt.Errorf("mms: getnamelist: unknown object class %d", int(req.ObjectClass))
	}
	switch req.Scope {
	case ObjectScopeVMD, ObjectScopeAssociation:
		// valid
	case ObjectScopeDomain:
		if req.DomainID == "" {
			return nil, fmt.Errorf("mms: getnamelist: domain scope requires non-empty DomainID")
		}
	default:
		return nil, fmt.Errorf("mms: getnamelist: unknown scope %d", int(req.Scope))
	}

	invokeID := c.nextInvokeID()

	scope := objectScopeToWireUnchecked(req.Scope)
	reqBytes, err := pdu.MarshalGetNameListRequest(
		invokeID, int(req.ObjectClass), scope,
		string(req.DomainID), req.ContinueAfter,
	)
	if err != nil {
		return nil, fmt.Errorf("mms: marshal getnamelist request: %w", err)
	}

	confirmed, err := c.sendConfirmed(ctx, invokeID, reqBytes)
	if err != nil {
		return nil, err
	}

	if confirmed.ServiceKind != pdu.ServiceGetNameList {
		return nil, &ProtocolError{
			Phase:   "mms",
			Message: fmt.Sprintf("expected GetNameList response, got %s", confirmed.ServiceKind),
		}
	}

	result, err := pdu.UnmarshalGetNameListResponse(confirmed.ServiceData)
	if err != nil {
		return nil, fmt.Errorf("mms: %w", err)
	}

	c.logger.Debug("mms: getnamelist",
		"invoke_id", invokeID,
		"service", "GetNameList",
		"names", len(result.Names),
		"more_follows", result.MoreFollows,
	)

	return &NameListResult{
		Names:       result.Names,
		MoreFollows: result.MoreFollows,
	}, nil
}

// GetNameListAll retrieves all named objects by automatically handling
// continuation. It repeatedly calls [Client.GetNameList] until
// MoreFollows is false.
//
// As a safety measure, GetNameListAll detects stalled pagination (where
// the server repeats the same continuation token) and returns an error.
//
// Note: this method accumulates all names in memory. For servers with
// very large name lists, prefer using [Client.GetNameList] directly
// with explicit pagination control.
func (c *Client) GetNameListAll(ctx context.Context, req NameListRequest) ([]string, error) {
	var all []string
	prevToken := req.ContinueAfter
	for {
		result, err := c.GetNameList(ctx, req)
		if err != nil {
			return nil, err
		}
		all = append(all, result.Names...)
		if !result.MoreFollows || len(result.Names) == 0 {
			return all, nil
		}
		nextToken := result.Names[len(result.Names)-1]
		if nextToken == prevToken {
			return nil, &ProtocolError{
				Phase:   "mms",
				Message: fmt.Sprintf("getnamelist: pagination stalled (continuation token %q did not advance)", nextToken),
			}
		}
		prevToken = nextToken
		req.ContinueAfter = nextToken
	}
}

// VariableAccessAttributes holds the result of a
// GetVariableAccessAttributes operation.
type VariableAccessAttributes struct {
	Deletable bool
	TypeSpec  TypeSpec
}

// GetVariableAccessAttributes retrieves the type specification and
// attributes of a named variable from the server.
func (c *Client) GetVariableAccessAttributes(ctx context.Context, name ObjectName) (*VariableAccessAttributes, error) {
	if err := validateObjectName(name); err != nil {
		return nil, fmt.Errorf("mms: getvaraccess: %w", err)
	}

	invokeID := c.nextInvokeID()

	wireName := objectNameToWire(name)
	reqBytes, err := pdu.MarshalGetVarAccessRequest(invokeID, wireName)
	if err != nil {
		return nil, fmt.Errorf("mms: marshal getvaraccess request: %w", err)
	}

	confirmed, err := c.sendConfirmed(ctx, invokeID, reqBytes)
	if err != nil {
		return nil, err
	}

	if confirmed.ServiceKind != pdu.ServiceGetVariableAccessAttrs {
		return nil, &ProtocolError{
			Phase:   "mms",
			Message: fmt.Sprintf("expected GetVariableAccessAttributes response, got %s", confirmed.ServiceKind),
		}
	}

	result, err := pdu.UnmarshalGetVarAccessResponse(confirmed.ServiceData)
	if err != nil {
		return nil, fmt.Errorf("mms: %w", err)
	}

	ts, err := typeSpecFromWire(result.TypeSpec)
	if err != nil {
		return nil, fmt.Errorf("mms: getvaraccess: convert type spec: %w", err)
	}

	c.logger.Debug("mms: getvaraccess",
		"invoke_id", invokeID,
		"service", "GetVariableAccessAttributes",
		"type", ts.Type.String(),
		"deletable", result.Deletable,
	)

	return &VariableAccessAttributes{
		Deletable: result.Deletable,
		TypeSpec:  ts,
	}, nil
}

// DefineNamedVariableListRequest specifies a named variable list to create.
// Variables may include alternate access selectors for component or
// index-based member addressing.
type DefineNamedVariableListRequest struct {
	ListName  ObjectName
	Variables []VariableSpec
}

// DefineNamedVariableList creates a named variable list on the server.
func (c *Client) DefineNamedVariableList(ctx context.Context, req DefineNamedVariableListRequest) error {
	if err := validateObjectName(req.ListName); err != nil {
		return fmt.Errorf("mms: define named variable list: list name: %w", err)
	}
	if len(req.Variables) == 0 {
		return fmt.Errorf("mms: define named variable list: no variables")
	}
	for i, v := range req.Variables {
		if err := validateObjectName(v.Name); err != nil {
			return fmt.Errorf("mms: define named variable list: variable [%d]: %w", i, err)
		}
	}

	invokeID := c.nextInvokeID()

	wireListName := objectNameToWire(req.ListName)
	wireVars := make([]pdu.VariableSpecWire, len(req.Variables))
	for i, v := range req.Variables {
		wireVars[i] = variableSpecToWire(v)
	}

	reqBytes, err := pdu.MarshalDefineNamedVarListRequest(invokeID, wireListName, wireVars)
	if err != nil {
		return fmt.Errorf("mms: marshal define named var list request: %w", err)
	}

	confirmed, err := c.sendConfirmed(ctx, invokeID, reqBytes)
	if err != nil {
		return err
	}

	if confirmed.ServiceKind != pdu.ServiceDefineNamedVariableList {
		return &ProtocolError{
			Phase:   "mms",
			Message: fmt.Sprintf("expected DefineNamedVariableList response, got %s", confirmed.ServiceKind),
		}
	}

	c.logger.Debug("mms: define named variable list",
		"invoke_id", invokeID,
		"service", "DefineNamedVariableList",
		"list_name", req.ListName.ItemID,
		"variables", len(req.Variables),
	)

	return nil
}

// NamedVariableListAttributes holds the result of a
// GetNamedVariableListAttributes operation. Variables preserves
// alternate access selectors when present in the server response.
type NamedVariableListAttributes struct {
	Deletable bool
	Variables []VariableSpec
}

// GetNamedVariableListAttributes retrieves the attributes of a named
// variable list from the server.
func (c *Client) GetNamedVariableListAttributes(ctx context.Context, listName ObjectName) (*NamedVariableListAttributes, error) {
	if err := validateObjectName(listName); err != nil {
		return nil, fmt.Errorf("mms: getnamedvarlistattrs: %w", err)
	}

	invokeID := c.nextInvokeID()

	wireName := objectNameToWire(listName)
	reqBytes, err := pdu.MarshalGetNamedVarListAttrsRequest(invokeID, wireName)
	if err != nil {
		return nil, fmt.Errorf("mms: marshal get named var list attrs request: %w", err)
	}

	confirmed, err := c.sendConfirmed(ctx, invokeID, reqBytes)
	if err != nil {
		return nil, err
	}

	if confirmed.ServiceKind != pdu.ServiceGetNamedVariableListAttrs {
		return nil, &ProtocolError{
			Phase:   "mms",
			Message: fmt.Sprintf("expected GetNamedVariableListAttributes response, got %s", confirmed.ServiceKind),
		}
	}

	result, err := pdu.UnmarshalGetNamedVarListAttrsResponse(confirmed.ServiceData)
	if err != nil {
		return nil, fmt.Errorf("mms: %w", err)
	}

	variables := make([]VariableSpec, len(result.Variables))
	for i, wn := range result.Variables {
		vs, err := variableSpecFromWire(wn)
		if err != nil {
			return nil, fmt.Errorf("mms: variable [%d]: %w", i, err)
		}
		variables[i] = vs
	}

	c.logger.Debug("mms: get named variable list attributes",
		"invoke_id", invokeID,
		"service", "GetNamedVariableListAttributes",
		"deletable", result.Deletable,
		"variables", len(variables),
	)

	return &NamedVariableListAttributes{
		Deletable: result.Deletable,
		Variables: variables,
	}, nil
}

// DeleteNamedVariableListResult holds the result of a
// DeleteNamedVariableList operation.
type DeleteNamedVariableListResult struct {
	NumberMatched int
	NumberDeleted int
}

// DeleteNamedVariableList deletes one or more named variable lists from
// the server.
func (c *Client) DeleteNamedVariableList(ctx context.Context, listNames []ObjectName) (*DeleteNamedVariableListResult, error) {
	if len(listNames) == 0 {
		return nil, fmt.Errorf("mms: delete named variable list: no list names")
	}
	for i, n := range listNames {
		if err := validateObjectName(n); err != nil {
			return nil, fmt.Errorf("mms: delete named variable list: name [%d]: %w", i, err)
		}
	}

	invokeID := c.nextInvokeID()

	wireNames := make([]pdu.ObjectNameWire, len(listNames))
	for i, n := range listNames {
		wireNames[i] = objectNameToWire(n)
	}

	reqBytes, err := pdu.MarshalDeleteNamedVarListRequest(invokeID, wireNames)
	if err != nil {
		return nil, fmt.Errorf("mms: marshal delete named var list request: %w", err)
	}

	confirmed, err := c.sendConfirmed(ctx, invokeID, reqBytes)
	if err != nil {
		return nil, err
	}

	if confirmed.ServiceKind != pdu.ServiceDeleteNamedVariableList {
		return nil, &ProtocolError{
			Phase:   "mms",
			Message: fmt.Sprintf("expected DeleteNamedVariableList response, got %s", confirmed.ServiceKind),
		}
	}

	result, err := pdu.UnmarshalDeleteNamedVarListResponse(confirmed.ServiceData)
	if err != nil {
		return nil, fmt.Errorf("mms: %w", err)
	}

	c.logger.Debug("mms: delete named variable list",
		"invoke_id", invokeID,
		"service", "DeleteNamedVariableList",
		"matched", result.NumberMatched,
		"deleted", result.NumberDeleted,
	)

	return &DeleteNamedVariableListResult{
		NumberMatched: result.NumberMatched,
		NumberDeleted: result.NumberDeleted,
	}, nil
}

// validateObjectName checks that a public ObjectName has valid field
// combinations: non-empty ItemID, domain scope requires non-empty Domain,
// and scope must be a known value.
func validateObjectName(n ObjectName) error {
	if n.ItemID == "" {
		return fmt.Errorf("empty ItemID")
	}
	switch n.Scope {
	case ObjectScopeVMD, ObjectScopeAssociation:
		// valid
	case ObjectScopeDomain:
		if n.Domain == "" {
			return fmt.Errorf("domain scope requires non-empty Domain")
		}
	default:
		return fmt.Errorf("unknown scope %d", int(n.Scope))
	}
	return nil
}

// objectNameToWire converts a public ObjectName to internal wire format.
func objectNameToWire(n ObjectName) pdu.ObjectNameWire {
	return pdu.ObjectNameWire{
		Scope:    objectScopeToWireUnchecked(n.Scope),
		DomainID: string(n.Domain),
		ItemID:   string(n.ItemID),
	}
}

// objectNameFromWire converts an internal wire ObjectName to public format.
func objectNameFromWire(wn pdu.ObjectNameWire) (ObjectName, error) {
	scope, err := objectScopeFromWire(wn.Scope)
	if err != nil {
		return ObjectName{}, err
	}
	return ObjectName{
		Scope:  scope,
		Domain: DomainID(wn.DomainID),
		ItemID: ItemID(wn.ItemID),
	}, nil
}

// wireNameToObjectName converts a wire name to public ObjectName.
// Returns an error for unknown wire scope values.
func wireNameToObjectName(wn pdu.ObjectNameWire) (ObjectName, error) {
	return objectNameFromWire(wn)
}

// objectScopeFromWire converts a wire scope constant to public ObjectScope.
// Returns an error for unknown wire scope values.
func objectScopeFromWire(s int) (ObjectScope, error) {
	switch s {
	case pdu.ScopeVMD:
		return ObjectScopeVMD, nil
	case pdu.ScopeDomain:
		return ObjectScopeDomain, nil
	case pdu.ScopeAssociation:
		return ObjectScopeAssociation, nil
	default:
		return 0, fmt.Errorf("mms: unknown wire scope %d", s)
	}
}

// objectScopeToWire converts a public ObjectScope to wire constant.
// objectScopeToWireUnchecked converts a public scope to a wire constant.
// Only valid scopes should be passed; callers must validate first via
// validateObjectName or the switch in GetNameList.
func objectScopeToWireUnchecked(s ObjectScope) int {
	switch s {
	case ObjectScopeDomain:
		return pdu.ScopeDomain
	case ObjectScopeAssociation:
		return pdu.ScopeAssociation
	default:
		return pdu.ScopeVMD
	}
}

// objectScopeToWire converts a public ObjectScope to wire constant,
// returning an error for unknown scope values.
func objectScopeToWire(s ObjectScope) (int, error) {
	switch s {
	case ObjectScopeVMD:
		return pdu.ScopeVMD, nil
	case ObjectScopeDomain:
		return pdu.ScopeDomain, nil
	case ObjectScopeAssociation:
		return pdu.ScopeAssociation, nil
	default:
		return 0, fmt.Errorf("mms: unknown scope %d", s)
	}
}

// typeSpecFromWire converts an internal TypeSpecWire to the public TypeSpec.
// Returns an error for wire tags that cannot be mapped to a public TypeSpec.
func typeSpecFromWire(ts pdu.TypeSpecWire) (TypeSpec, error) {
	switch ts.Tag {
	case 3: // boolean
		return TypeSpec{Type: ValueTypeBoolean}, nil
	case 4: // bitstring
		return TypeSpec{Type: ValueTypeBitString, Size: ts.Size}, nil
	case 5: // integer
		return TypeSpec{Type: ValueTypeInteger, Size: ts.Size}, nil
	case 6: // unsigned
		return TypeSpec{Type: ValueTypeUnsigned, Size: ts.Size}, nil
	case 7: // float
		return TypeSpec{Type: ValueTypeFloat, FormatWidth: ts.FormatWidth, ExponentWidth: ts.ExpWidth}, nil
	case 9: // octetstring
		return TypeSpec{Type: ValueTypeOctetString, Size: ts.Size}, nil
	case 10: // visiblestring
		return TypeSpec{Type: ValueTypeVisibleString, Size: ts.Size}, nil
	case 12: // binarytime
		return TypeSpec{Type: ValueTypeBinaryTime}, nil
	case 16: // mmsstring
		return TypeSpec{Type: ValueTypeMmsString, Size: ts.Size}, nil
	case 17: // utctime
		return TypeSpec{Type: ValueTypeUTCTime}, nil
	case 8: // objectidentifier
		return TypeSpec{Type: ValueTypeObjectIdentifier}, nil
	case 11: // generalizedtime
		return TypeSpec{Type: ValueTypeGeneralizedTime}, nil
	case 13: // bcd
		return TypeSpec{Type: ValueTypeBCD, Size: ts.Size}, nil
	case 0: // typeName — reference to a named type
		result := TypeSpec{Type: ValueTypeNamedType}
		if ts.TypeName != nil {
			ref, err := objectNameFromWire(*ts.TypeName)
			if err != nil {
				return TypeSpec{}, fmt.Errorf("typeName: %w", err)
			}
			result.TypeName = &ref
		}
		return result, nil
	case 1: // array
		if ts.Element != nil {
			elemTS, err := typeSpecFromWire(*ts.Element)
			if err != nil {
				return TypeSpec{}, fmt.Errorf("array element: %w", err)
			}
			return TypeSpec{Type: ValueTypeArray, Count: ts.Count, Element: &elemTS}, nil
		}
		return TypeSpec{Type: ValueTypeArray, Count: ts.Count}, nil
	case 2: // structure
		elements := make([]TypeSpecElement, len(ts.Components))
		for i, comp := range ts.Components {
			compTS, err := typeSpecFromWire(comp.Type)
			if err != nil {
				return TypeSpec{}, fmt.Errorf("structure component [%d] %q: %w", i, comp.Name, err)
			}
			elements[i] = TypeSpecElement{
				Name: comp.Name,
				Type: compTS,
			}
		}
		return TypeSpec{Type: ValueTypeStructure, Elements: elements}, nil
	default:
		return TypeSpec{}, fmt.Errorf("unsupported TypeSpecification tag [%d]", ts.Tag)
	}
}

// Value ↔ DataValue conversion helpers.

func valueToDataValue(v *Value) (*pdu.DataValue, error) {
	if v == nil {
		return nil, fmt.Errorf("nil value")
	}
	switch v.typ {
	case ValueTypeBoolean:
		return &pdu.DataValue{Tag: pdu.TagDataBoolean, Bool: v.boolVal}, nil
	case ValueTypeInteger:
		return &pdu.DataValue{Tag: pdu.TagDataInteger, Int: v.intVal}, nil
	case ValueTypeUnsigned:
		return &pdu.DataValue{Tag: pdu.TagDataUnsigned, Uint: v.uintVal}, nil
	case ValueTypeFloat:
		wide := float64(float32(v.floatVal)) != v.floatVal
		return &pdu.DataValue{Tag: pdu.TagDataFloat, Float: v.floatVal, FloatWide: wide}, nil
	case ValueTypeBitString:
		return &pdu.DataValue{Tag: pdu.TagDataBitString, Bytes: copyBytes(v.bytesVal), BitLen: v.bitLen}, nil
	case ValueTypeOctetString:
		return &pdu.DataValue{Tag: pdu.TagDataOctetString, Bytes: copyBytes(v.bytesVal)}, nil
	case ValueTypeVisibleString:
		return &pdu.DataValue{Tag: pdu.TagDataVisibleStr, Str: v.stringVal}, nil
	case ValueTypeMmsString:
		return &pdu.DataValue{Tag: pdu.TagDataMmsString, Str: v.stringVal}, nil
	case ValueTypeUTCTime:
		return &pdu.DataValue{Tag: pdu.TagDataUTCTime, Time: v.timeVal}, nil
	case ValueTypeBinaryTime:
		return &pdu.DataValue{Tag: pdu.TagDataBinaryTime, BinTimeMs: v.binaryTime}, nil
	case ValueTypeArray:
		elems, err := valuesToDataValues(v.elementsVal)
		if err != nil {
			return nil, err
		}
		return &pdu.DataValue{Tag: pdu.TagDataArray, Elements: elems}, nil
	case ValueTypeStructure:
		elems, err := valuesToDataValues(v.elementsVal)
		if err != nil {
			return nil, err
		}
		return &pdu.DataValue{Tag: pdu.TagDataStructure, Elements: elems}, nil
	case ValueTypeGeneralizedTime:
		return &pdu.DataValue{Tag: pdu.TagDataGenTime, Time: v.timeVal}, nil
	case ValueTypeBCD:
		return &pdu.DataValue{Tag: pdu.TagDataBCD, Int: v.intVal}, nil
	case ValueTypeObjectIdentifier:
		oid := make([]int, len(v.oidVal))
		copy(oid, v.oidVal)
		return &pdu.DataValue{Tag: pdu.TagDataObjId, OID: oid}, nil
	case ValueTypeDataAccessError:
		return nil, fmt.Errorf("cannot marshal DataAccessError as writable MMS Data value")
	default:
		return nil, fmt.Errorf("unsupported value type %s", v.typ)
	}
}

func valuesToDataValues(values []*Value) ([]*pdu.DataValue, error) {
	result := make([]*pdu.DataValue, len(values))
	for i, v := range values {
		dv, err := valueToDataValue(v)
		if err != nil {
			return nil, fmt.Errorf("element [%d]: %w", i, err)
		}
		result[i] = dv
	}
	return result, nil
}

func dataValueToValue(dv *pdu.DataValue) (*Value, error) {
	switch dv.Tag {
	case pdu.TagDataBoolean:
		return &Value{typ: ValueTypeBoolean, boolVal: dv.Bool}, nil
	case pdu.TagDataInteger:
		return &Value{typ: ValueTypeInteger, intVal: dv.Int}, nil
	case pdu.TagDataUnsigned:
		return &Value{typ: ValueTypeUnsigned, uintVal: dv.Uint}, nil
	case pdu.TagDataFloat:
		return &Value{typ: ValueTypeFloat, floatVal: dv.Float}, nil
	case pdu.TagDataBitString:
		return &Value{typ: ValueTypeBitString, bytesVal: copyBytes(dv.Bytes), bitLen: dv.BitLen}, nil
	case pdu.TagDataOctetString:
		return &Value{typ: ValueTypeOctetString, bytesVal: copyBytes(dv.Bytes)}, nil
	case pdu.TagDataVisibleStr:
		return &Value{typ: ValueTypeVisibleString, stringVal: dv.Str}, nil
	case pdu.TagDataMmsString:
		return &Value{typ: ValueTypeMmsString, stringVal: dv.Str}, nil
	case pdu.TagDataUTCTime:
		return &Value{typ: ValueTypeUTCTime, timeVal: dv.Time}, nil
	case pdu.TagDataBinaryTime:
		return &Value{typ: ValueTypeBinaryTime, binaryTime: dv.BinTimeMs}, nil
	case pdu.TagDataArray:
		children, err := dataValuesToValues(dv.Elements)
		if err != nil {
			return nil, err
		}
		return &Value{typ: ValueTypeArray, elementsVal: children}, nil
	case pdu.TagDataStructure:
		children, err := dataValuesToValues(dv.Elements)
		if err != nil {
			return nil, err
		}
		return &Value{typ: ValueTypeStructure, elementsVal: children}, nil
	case pdu.TagDataGenTime:
		return &Value{typ: ValueTypeGeneralizedTime, timeVal: dv.Time}, nil
	case pdu.TagDataBCD:
		return &Value{typ: ValueTypeBCD, intVal: dv.Int}, nil
	case pdu.TagDataObjId:
		oid := make([]int, len(dv.OID))
		copy(oid, dv.OID)
		return &Value{typ: ValueTypeObjectIdentifier, oidVal: oid}, nil
	case pdu.TagDataAccessError:
		return &Value{typ: ValueTypeDataAccessError, accessErr: DataAccessErrorCode(dv.ErrCode)}, nil
	default:
		return nil, fmt.Errorf("unknown internal data tag 0x%02x", dv.Tag)
	}
}

func dataValuesToValues(dvs []*pdu.DataValue) ([]*Value, error) {
	result := make([]*Value, len(dvs))
	for i, dv := range dvs {
		v, err := dataValueToValue(dv)
		if err != nil {
			return nil, fmt.Errorf("element [%d]: %w", i, err)
		}
		result[i] = v
	}
	return result, nil
}

// discardHandler is a slog.Handler that discards all log records.
type discardHandler struct{}

func (discardHandler) Enabled(context.Context, slog.Level) bool  { return false }
func (discardHandler) Handle(context.Context, slog.Record) error { return nil }
func (d discardHandler) WithAttrs([]slog.Attr) slog.Handler      { return d }
func (d discardHandler) WithGroup(string) slog.Handler           { return d }

=== END ./mms.go ===
=== START ./options.go ===
package mms

import (
	"log/slog"
)

// DialOptions configures the MMS client connection.
//
// Options are grouped by protocol layer to avoid a flat, cross-layer
// catch-all struct. The exact grouping may evolve, but separation by
// responsibility is maintained.
type DialOptions struct {
	Transport TransportOptions
	ISO       ISOOptions
	MMS       MMSOptions

	// Logger, when non-nil, enables structured logging. When nil (default),
	// no logging is emitted. The logger is used for connection lifecycle
	// events at Info level and request/response summaries at Debug level.
	Logger *slog.Logger

	// RawHook, when non-nil, is called for every raw ISO upper-layer
	// payload sent to or received from the transport. direction is "send"
	// or "recv". raw contains the session SPDU bytes (which embed
	// presentation, ACSE, and MMS data).
	//
	// This hook operates at the COTP user-data level, not at the MMS PDU
	// level specifically. It is intended for packet capture and replay
	// tooling.
	RawHook func(direction string, raw []byte)
}

// TransportOptions configures the TPKT/COTP transport layer.
type TransportOptions struct {
	LocalTSelector  []byte
	RemoteTSelector []byte
}

// ISOOptions configures the ISO upper layers (session, presentation, ACSE).
type ISOOptions struct {
	LocalAPTitle      APTitle
	RemoteAPTitle     APTitle
	LocalAEQualifier  int
	RemoteAEQualifier int
	LocalPSelector    []byte
	RemotePSelector   []byte
	LocalSSelector    []byte
	RemoteSSelector   []byte

	// Password, when non-nil, includes ACSE password authentication
	// in the association request (AARQ). The server must be configured
	// to accept password-based authentication.
	//
	// SECURITY: The password is embedded in the AARQ PDU and transmitted
	// as part of the ISO upper-layer association request. Without TLS,
	// the password travels in the clear over the wire — this is
	// plaintext-equivalent and offers no confidentiality against network
	// observers. ACSE password authentication should normally be
	// combined with TLS transport security ([transport/iso.WithTLSConfig]).
	// The library does not enforce this combination; it is the caller's
	// responsibility to ensure adequate transport security.
	//
	// The slice is copied internally; the caller may reuse or modify
	// the original after passing it.
	Password []byte
}

// MMSOptions configures the MMS protocol negotiation parameters.
type MMSOptions struct {
	// MaxPDUSize is the maximum PDU size in bytes proposed during MMS
	// initiation. Zero means use the library default (65000).
	MaxPDUSize int

	// MaxOutstandingCalling is the maximum number of outstanding
	// requests this client proposes. Zero means use the library default (5).
	MaxOutstandingCalling int

	// MaxOutstandingCalled is the maximum number of outstanding
	// requests the server is expected to support. Zero means use the
	// library default (5).
	MaxOutstandingCalled int

	// DataStructureNestingLevel is the proposed maximum nesting level
	// for structured data. Zero means use the library default (10).
	DataStructureNestingLevel int
}

=== END ./options.go ===
=== START ./server.go ===
package mms

import (
	"context"
	"encoding/asn1"
	"errors"
	"fmt"
	"log/slog"
	"sync"

	"github.com/otfabric/go-mms/internal/acse"
	"github.com/otfabric/go-mms/internal/asn1util"
	"github.com/otfabric/go-mms/internal/codec"
	"github.com/otfabric/go-mms/internal/pdu"
	"github.com/otfabric/go-mms/internal/serverconn"
	"github.com/otfabric/go-mms/internal/servermodel"
)

// ConfirmedErrorPDU service-error constants.
//
// These are used in ConfirmedErrorPDU responses. They are conceptually
// separate from per-variable DataAccessErrorCode values even though some
// numeric values may coincide. This separation is deliberate to keep the
// confirmed-service error domain and per-variable access-error domain
// independent.
const (
	// serviceErrorClassVMD is the error class for VMD-state errors.
	serviceErrorClassVMD = 0
	// serviceErrorClassService is the error class for service-level errors.
	serviceErrorClassService = 4
	// serviceErrorClassAccess is the error class for access/object errors.
	serviceErrorClassAccess = 7

	// Confirmed service-error codes within their class.
	svcErrOther               = 0 // generic "other"
	svcErrObjectNonExistent   = 0 // access: object-non-existent
	svcErrObjectAccessDenied  = 1 // access: object-access-denied
	svcErrServiceUnsupported  = 4 // vmd-state: other (no handler)
	svcErrServiceNotSupported = 5 // vmd-state: service-not-supported
)

var (
	errServiceUnsupported = &serverconn.ServiceError{ErrorClass: serviceErrorClassVMD, ErrorCode: svcErrServiceUnsupported}
	errObjectNonExistent  = &serverconn.ServiceError{ErrorClass: serviceErrorClassAccess, ErrorCode: svcErrObjectNonExistent}
	errAccessDenied       = &serverconn.ServiceError{ErrorClass: serviceErrorClassAccess, ErrorCode: svcErrObjectAccessDenied}
	errInvalidRequest     = &serverconn.ServiceError{ErrorClass: serviceErrorClassService, ErrorCode: svcErrOther}
	errUnsupportedFeature = &serverconn.ServiceError{ErrorClass: serviceErrorClassVMD, ErrorCode: svcErrServiceNotSupported}
)

// Per-variable data-access error codes for Read/Write result lists.
// These use the public DataAccessErrorCode constants and are independent
// of the ConfirmedErrorPDU service-error codes above.
const (
	wireErrObjectUndefined  = int(DataAccessErrorObjectUndefined)
	wireErrAccessDenied     = int(DataAccessErrorObjectAccessDenied)
	wireErrTempUnavail      = int(DataAccessErrorTemporarilyUnavail)
	wireErrTypeInconsistent = int(DataAccessErrorTypeInconsistent)
)

// Server is a generic MMS server that accepts associations and serves
// confirmed MMS services via registered handlers and a variable registry.
//
// Create a Server with [NewServer], register handlers and variables,
// then call [Server.Serve] to handle a single transport connection or
// [Server.ListenAndServe] with a [TransportListener] for an accept loop.
//
// Active server connections can be iterated via [Server.Connections] and
// used to send unconfirmed PDUs such as InformationReport.
type Server struct {
	mu              sync.RWMutex
	logger          *slog.Logger
	mmsOpts         ServerMMSOptions
	registry        *servermodel.Registry
	authenticator   Authenticator
	fileProvider    FileProvider
	journalProvider JournalProvider

	identifyHandler func(context.Context, IdentifyRequest) (*ServerIdentity, error)
	statusHandler   func(context.Context, StatusRequest) (*ServerStatus, error)

	connsMu sync.RWMutex
	conns   map[*ServerConn]struct{}
}

// ServerConn represents an active server-side MMS association. It can
// be used to send unsolicited PDUs (e.g. InformationReport) to the
// connected client.
//
// A ServerConn is valid for the duration of the [Server.Serve] call
// that created it. After Serve returns, the ServerConn is marked as
// closed and any subsequent [ServerConn.SendInformationReport] calls
// return [ErrServerConnClosed].
type ServerConn struct {
	mu        sync.RWMutex
	closed    bool
	conn      *serverconn.Conn
	authToken any
	frsmTable *frsmTable
}

// NewServer creates a new MMS server with the given options.
func NewServer(opts ServerOptions) *Server {
	logger := opts.Logger
	if logger == nil {
		logger = slog.New(discardHandler{})
	}
	return &Server{
		logger:          logger,
		mmsOpts:         opts.MMS.withDefaults(),
		registry:        servermodel.NewRegistry(),
		authenticator:   opts.Authenticate,
		fileProvider:    opts.FileProvider,
		journalProvider: opts.JournalProvider,
		conns:           make(map[*ServerConn]struct{}),
	}
}

// HandleIdentify registers a handler for the MMS Identify service.
func (s *Server) HandleIdentify(h func(context.Context, IdentifyRequest) (*ServerIdentity, error)) {
	s.mu.Lock()
	defer s.mu.Unlock()
	s.identifyHandler = h
}

// HandleStatus registers a handler for the MMS Status service.
func (s *Server) HandleStatus(h func(context.Context, StatusRequest) (*ServerStatus, error)) {
	s.mu.Lock()
	defer s.mu.Unlock()
	s.statusHandler = h
}

// RegisterDomain adds a domain to the server's MMS object model.
func (s *Server) RegisterDomain(name string) error {
	return s.registry.RegisterDomain(name)
}

// RegisterVariable adds a named variable to the server's MMS object model.
// The variable's domain (if domain-scoped) must already be registered.
// The TypeSpec is validated at registration time; unsupported type
// specifications are rejected early rather than at request time.
func (s *Server) RegisterVariable(v Variable) error {
	if err := validateObjectName(v.Name); err != nil {
		return fmt.Errorf("mms: register variable: %w", err)
	}
	if _, err := typeSpecToWire(v.TypeSpec); err != nil {
		return fmt.Errorf("mms: register variable %q: invalid type spec: %w", v.Name.ItemID, err)
	}
	entry := &servermodel.VarEntry{
		Domain:    string(v.Name.Domain),
		ItemID:    string(v.Name.ItemID),
		Scope:     int(v.Name.Scope),
		Deletable: v.Deletable,
		TypeSpec:  v.TypeSpec,
		ReadFunc:  v.Read,
		WriteFunc: v.Write,
	}
	return s.registry.RegisterVariable(entry)
}

// RegisterNamedVariableList adds a static named variable list to the
// server's MMS object model. The list's domain (if domain-scoped) must
// already be registered via [Server.RegisterDomain].
func (s *Server) RegisterNamedVariableList(nvl NamedVariableList) error {
	if err := validateObjectName(nvl.Name); err != nil {
		return fmt.Errorf("mms: register NVL: %w", err)
	}
	if len(nvl.Variables) == 0 {
		return fmt.Errorf("mms: register NVL %q: no variables", nvl.Name.ItemID)
	}

	vars := make([]servermodel.NVLVariable, len(nvl.Variables))
	for i, v := range nvl.Variables {
		if err := validateObjectName(v.Name); err != nil {
			return fmt.Errorf("mms: register NVL %q: variable [%d]: %w", nvl.Name.ItemID, i, err)
		}
		nv := servermodel.NVLVariable{
			Scope:    int(v.Name.Scope),
			DomainID: string(v.Name.Domain),
			ItemID:   string(v.Name.ItemID),
		}
		for _, sel := range v.AlternateAccess {
			sm := servermodel.AccessSelectorModel{
				Component: sel.Component,
			}
			if sel.Index != nil {
				sm.HasIndex = true
				sm.Index = *sel.Index
			}
			if sel.IndexRange != nil {
				sm.IndexRange = &servermodel.IndexRangeModel{
					LowIndex:         sel.IndexRange.Start,
					NumberOfElements: sel.IndexRange.Count,
				}
			}
			nv.AlternateAccess = append(nv.AlternateAccess, sm)
		}
		vars[i] = nv
	}

	entry := &servermodel.NVLEntry{
		Domain:    string(nvl.Name.Domain),
		ItemID:    string(nvl.Name.ItemID),
		Scope:     int(nvl.Name.Scope),
		Deletable: nvl.Deletable,
		Variables: vars,
	}
	return s.registry.DefineNVL(entry)
}

// Serve handles a single MMS association over the provided transport.
// It performs the ISO handshake, then enters a request/response loop
// until the client disconnects or an error occurs.
//
// The corresponding [ServerConn] is registered for the duration of
// Serve and can be obtained via [Server.Connections].
//
// Serve does not close the transport — the caller owns transport
// lifecycle. [ListenAndServe] handles this automatically with a
// deferred Close in the per-connection goroutine.
//
// Serve blocks until the connection is complete. For serving multiple
// connections, call Serve in a goroutine per accepted transport.
func (s *Server) Serve(ctx context.Context, conn Transport) error {
	c := serverconn.New(conn, s.logger, s.dispatch, serverconn.MMSOptions{
		MaxPDUSize:                s.mmsOpts.MaxPDUSize,
		MaxOutstandingCalling:     s.mmsOpts.MaxOutstandingCalling,
		MaxOutstandingCalled:      s.mmsOpts.MaxOutstandingCalled,
		DataStructureNestingLevel: s.mmsOpts.DataStructureNestingLevel,
	})

	authInfo, err := c.ReceiveAssociation(ctx)
	if err != nil {
		return err
	}

	var authToken any
	if s.authenticator != nil {
		authCtx := s.buildAuthContext(conn, authInfo)
		result, authErr := s.authenticator(ctx, authCtx)
		if authErr != nil {
			s.logger.Warn("authentication error", "error", authErr)
			_ = c.RejectAssociation(ctx)
			return &AuthenticationError{Reason: authErr.Error()}
		}
		if !result.Accept {
			s.logger.Warn("authentication rejected")
			_ = c.RejectAssociation(ctx)
			return &AuthenticationError{Reason: "authenticator rejected"}
		}
		authToken = result.Token
	}

	if err := c.AcceptAssociation(ctx); err != nil {
		return err
	}

	sc := &ServerConn{conn: c, authToken: authToken, frsmTable: newFRSMTable()}
	s.registerConn(sc)
	defer func() {
		if s.fileProvider != nil {
			sc.frsmTable.closeAll(ctx, s.fileProvider)
		}
		s.unregisterConn(sc)
	}()

	svcCtx := context.WithValue(ctx, serverConnCtxKey{}, sc)
	return c.Serve(svcCtx)
}

func (s *Server) buildAuthContext(conn Transport, authInfo acse.AuthInfo) *AuthContext {
	ac := &AuthContext{}

	// TLS peer certificate
	if tt, ok := conn.(TLSTransport); ok {
		if state := tt.TLSConnectionState(); state != nil && len(state.PeerCertificates) > 0 {
			ac.PeerCertificate = state.PeerCertificates[0]
		}
	}

	// Remote address
	if ra, ok := conn.(RemoteAddrTransport); ok {
		ac.RemoteAddr = ra.RemoteAddr()
	}

	// ACSE mechanism and authentication material
	switch authInfo.Mechanism {
	case acse.AuthPassword:
		ac.Mechanism = AuthMechanismACSEPassword
		ac.MechanismOID = copyOID(authInfo.MechanismOID)
		ac.Password = append([]byte(nil), authInfo.Password...)
	case acse.AuthUnknown:
		ac.Mechanism = AuthMechanismUnknown
		ac.MechanismOID = copyOID(authInfo.MechanismOID)
	default:
		if ac.PeerCertificate != nil {
			ac.Mechanism = AuthMechanismTLSCertificate
		} else {
			ac.Mechanism = AuthMechanismNone
		}
	}

	// Calling application reference (defensive copy of all fields)
	if len(authInfo.CallingAPTitle) > 0 {
		var aeq *int
		if authInfo.CallingAEQualifier != nil {
			v := *authInfo.CallingAEQualifier
			aeq = &v
		}
		ac.CallingApplication = &ApplicationReference{
			APTitle:     copyOID(authInfo.CallingAPTitle),
			AEQualifier: aeq,
		}
	}

	return ac
}

func copyOID(oid asn1.ObjectIdentifier) asn1.ObjectIdentifier {
	if oid == nil {
		return nil
	}
	cp := make(asn1.ObjectIdentifier, len(oid))
	copy(cp, oid)
	return cp
}

func (s *Server) registerConn(sc *ServerConn) {
	s.connsMu.Lock()
	s.conns[sc] = struct{}{}
	s.connsMu.Unlock()
}

func (s *Server) unregisterConn(sc *ServerConn) {
	sc.mu.Lock()
	sc.closed = true
	sc.mu.Unlock()

	s.connsMu.Lock()
	delete(s.conns, sc)
	s.connsMu.Unlock()
}

// Connections returns a snapshot of currently active server connections.
// Each [ServerConn] can be used to send unsolicited PDUs.
func (s *Server) Connections() []*ServerConn {
	s.connsMu.RLock()
	defer s.connsMu.RUnlock()
	result := make([]*ServerConn, 0, len(s.conns))
	for sc := range s.conns {
		result = append(result, sc)
	}
	return result
}

// AuthToken returns the opaque security token stored by the
// [Authenticator] during association establishment. Returns nil if no
// authenticator was configured or the authenticator did not set a token.
//
// Upper layers (e.g. go-iec61850) use this to retrieve the principal
// or session context associated with the authenticated peer.
func (sc *ServerConn) AuthToken() any {
	return sc.authToken
}

// SendInformationReport sends an InformationReport to a specific
// connected client. Returns [ErrServerConnClosed] if the connection
// has been closed.
func (sc *ServerConn) SendInformationReport(ctx context.Context, req *InformationReportRequest) error {
	sc.mu.RLock()
	if sc.closed {
		sc.mu.RUnlock()
		return ErrServerConnClosed
	}
	sc.mu.RUnlock()

	wire, err := infoReportRequestToWire(req)
	if err != nil {
		return fmt.Errorf("mms: marshal info report: %w", err)
	}
	mmsPdu, err := pdu.MarshalInformationReport(wire)
	if err != nil {
		return fmt.Errorf("mms: marshal info report PDU: %w", err)
	}
	return sc.conn.SendUnconfirmed(ctx, mmsPdu)
}

// Broadcast sends an InformationReport to all currently connected clients.
// Errors from individual connections are logged but do not stop delivery
// to remaining connections.
func (s *Server) Broadcast(ctx context.Context, req *InformationReportRequest) error {
	wire, err := infoReportRequestToWire(req)
	if err != nil {
		return fmt.Errorf("mms: marshal info report: %w", err)
	}
	mmsPdu, err := pdu.MarshalInformationReport(wire)
	if err != nil {
		return fmt.Errorf("mms: marshal info report PDU: %w", err)
	}

	s.connsMu.RLock()
	snapshot := make([]*ServerConn, 0, len(s.conns))
	for sc := range s.conns {
		snapshot = append(snapshot, sc)
	}
	s.connsMu.RUnlock()

	var firstErr error
	for _, sc := range snapshot {
		sc.mu.RLock()
		closed := sc.closed
		sc.mu.RUnlock()
		if closed {
			continue
		}
		if err := sc.conn.SendUnconfirmed(ctx, mmsPdu); err != nil {
			s.logger.Warn("mms: broadcast send failed", "error", err)
			if firstErr == nil {
				firstErr = err
			}
		}
	}
	return firstErr
}

func infoReportRequestToWire(req *InformationReportRequest) (*pdu.InformationReportWire, error) {
	if req == nil {
		return nil, fmt.Errorf("nil InformationReportRequest")
	}

	hasListName := req.ListName != nil
	hasVars := len(req.Variables) > 0

	switch {
	case hasListName && hasVars:
		return nil, fmt.Errorf("InformationReportRequest: ListName and Variables are mutually exclusive")
	case !hasListName && !hasVars:
		return nil, fmt.Errorf("InformationReportRequest: one of ListName or Variables is required")
	case !hasListName && len(req.Variables) != len(req.Values):
		return nil, fmt.Errorf("InformationReportRequest: len(Variables)=%d != len(Values)=%d", len(req.Variables), len(req.Values))
	}

	if len(req.Values) == 0 {
		return nil, fmt.Errorf("InformationReportRequest: at least one Value is required")
	}

	wire := &pdu.InformationReportWire{}

	if hasListName {
		wn := objectNameToWire(*req.ListName)
		wire.ListName = &wn
	}

	for _, v := range req.Variables {
		wire.Variables = append(wire.Variables, objectNameToWire(v))
	}

	for i, val := range req.Values {
		dv, err := valueToDataValue(val)
		if err != nil {
			return nil, fmt.Errorf("value [%d]: %w", i, err)
		}
		wire.Values = append(wire.Values, dv)
	}

	return wire, nil
}

// ListenAndServe accepts connections from the given listener and serves
// each one in a new goroutine. It blocks until the context is cancelled
// or the listener returns a fatal (non-temporary) error.
//
// Ownership:
//   - ListenAndServe takes ownership of the listener and closes it on
//     return. The caller must not close the listener separately.
//   - Each accepted transport is closed automatically when its Serve
//     goroutine finishes (via deferred Close).
//
// Each accepted connection is handled by [Server.Serve] in its own
// goroutine. Connection-level serve errors are logged but do not stop
// the accept loop. Temporary accept errors (e.g. transient network
// issues) are logged and retried. Fatal accept errors stop the server.
func (s *Server) ListenAndServe(ctx context.Context, ln TransportListener) error {
	s.logger.Info("server listening", "addr", ln.Addr())
	defer func() { _ = ln.Close() }()

	for {
		conn, err := ln.Accept(ctx)
		if err != nil {
			if ctx.Err() != nil {
				return ctx.Err()
			}
			if isTemporary(err) {
				s.logger.Warn("temporary accept error, retrying", "error", err)
				continue
			}
			return fmt.Errorf("mms: accept: %w", err)
		}

		go func(c Transport) {
			defer func() { _ = c.Close() }()
			if err := s.Serve(ctx, c); err != nil {
				s.logger.Info("connection closed", "error", err)
			}
		}(conn)
	}
}

func isTemporary(err error) bool {
	type temporary interface{ Temporary() bool }
	var t temporary
	if errors.As(err, &t) {
		return t.Temporary()
	}
	return false
}

// dispatch routes a confirmed service request to the appropriate handler.
// serviceTag is the CHOICE tag number from the confirmed request PDU.
func (s *Server) dispatch(ctx context.Context, invokeID codec.InvokeID, serviceTag int, serviceBody []byte) (int, bool, []byte, error) {
	s.mu.RLock()
	defer s.mu.RUnlock()

	switch serviceTag {
	case asn1util.TagNumIdentify:
		return s.handleIdentify(ctx)
	case asn1util.TagNumStatus:
		return s.handleStatus(ctx, serviceBody)
	case asn1util.TagNumGetNameList:
		return s.handleGetNameList(ctx, serviceBody)
	case asn1util.TagNumGetVariableAccessAttributes:
		return s.handleGetVarAccess(ctx, serviceBody)
	case asn1util.TagNumRead:
		return s.handleRead(ctx, serviceBody)
	case asn1util.TagNumWrite:
		return s.handleWrite(ctx, serviceBody)
	case asn1util.TagNumDefineNamedVariableList:
		return s.handleDefineNVL(ctx, serviceBody)
	case asn1util.TagNumGetNamedVariableListAttrs:
		return s.handleGetNVLAttrs(ctx, serviceBody)
	case asn1util.TagNumDeleteNamedVariableList:
		return s.handleDeleteNVL(ctx, serviceBody)
	case asn1util.TagNumFileOpen:
		return s.handleFileOpen(ctx, serviceBody)
	case asn1util.TagNumFileRead:
		return s.handleFileRead(ctx, serviceBody)
	case asn1util.TagNumFileClose:
		return s.handleFileClose(ctx, serviceBody)
	case asn1util.TagNumFileRename:
		return s.handleFileRename(ctx, serviceBody)
	case asn1util.TagNumFileDelete:
		return s.handleFileDelete(ctx, serviceBody)
	case asn1util.TagNumFileDirectory:
		return s.handleFileDirectory(ctx, serviceBody)
	case asn1util.TagNumObtainFile:
		return s.handleObtainFile(ctx, serviceBody)
	case asn1util.TagNumReadJournal:
		return s.handleReadJournal(ctx, serviceBody)
	default:
		return 0, false, nil, errUnsupportedFeature
	}
}

// --- Identify ---

func (s *Server) handleIdentify(ctx context.Context) (int, bool, []byte, error) {
	h := s.identifyHandler
	if h == nil {
		return 0, false, nil, errServiceUnsupported
	}
	result, err := h(ctx, IdentifyRequest{})
	if err != nil {
		return 0, false, nil, err
	}

	type identifyResp struct {
		VendorName string `asn1:"tag:0,implicit,ia5"`
		ModelName  string `asn1:"tag:1,implicit,ia5"`
		Revision   string `asn1:"tag:2,implicit,ia5"`
	}
	payload, err := asn1.Marshal(identifyResp{
		VendorName: result.Vendor,
		ModelName:  result.Model,
		Revision:   result.Revision,
	})
	if err != nil {
		return 0, false, nil, fmt.Errorf("marshal identify response: %w", err)
	}
	return asn1util.TagNumIdentify, true, payload, nil
}

// --- Status ---

//nolint:unparam // TagNumStatus is 0; signature required by dispatch pattern
func (s *Server) handleStatus(ctx context.Context, body []byte) (int, bool, []byte, error) {
	h := s.statusHandler
	if h == nil {
		return 0, false, nil, errServiceUnsupported
	}
	if len(body) != 1 {
		return 0, false, nil, &serverconn.ServiceError{ErrorClass: 1, ErrorCode: 0} // resource: other
	}
	req := StatusRequest{ExtendedDerivation: body[0] != 0}
	result, err := h(ctx, req)
	if err != nil {
		return 0, false, nil, err
	}

	type statusResp struct {
		VMDLogicalStatus  int `asn1:"tag:0,implicit"`
		VMDPhysicalStatus int `asn1:"tag:1,implicit"`
	}
	payload, err := asn1.Marshal(statusResp{
		VMDLogicalStatus:  int(result.Logical),
		VMDPhysicalStatus: int(result.Physical),
	})
	if err != nil {
		return 0, false, nil, fmt.Errorf("marshal status response: %w", err)
	}
	return asn1util.TagNumStatus, true, payload, nil
}

// --- GetNameList ---

// handleGetNameList serves the GetNameList service.
//
// Supported combinations (strict matrix):
//
//	ObjectClassDomain           + ScopeVMD    → list domains
//	ObjectClassNamedVariable    + ScopeDomain → list domain variables
//	ObjectClassNamedVariable    + ScopeVMD    → list VMD-scoped variables
//	ObjectClassNamedVariableList + ScopeDomain → list domain NVLs
//	ObjectClassNamedVariableList + ScopeVMD    → list VMD-scoped NVLs
//
// All other combinations are rejected with a service error.
func (s *Server) handleGetNameList(ctx context.Context, body []byte) (int, bool, []byte, error) {
	req, err := pdu.UnmarshalGetNameListRequest(body)
	if err != nil {
		return 0, false, nil, errInvalidRequest
	}

	// Journal names come from the JournalProvider, not the registry.
	if req.ObjectClass == int(ObjectClassJournal) && req.Scope == pdu.ScopeDomain {
		return s.handleGetNameListJournal(ctx, req)
	}

	var result servermodel.NameListResult
	switch {
	case req.ObjectClass == int(ObjectClassDomain) && req.Scope == pdu.ScopeVMD:
		result = s.registry.ListDomains(req.ContinueAfter, 0)
	case req.ObjectClass == int(ObjectClassNamedVariable) && req.Scope == pdu.ScopeDomain:
		result = s.registry.ListDomainVariables(req.DomainID, req.ContinueAfter, 0)
	case req.ObjectClass == int(ObjectClassNamedVariable) && req.Scope == pdu.ScopeVMD:
		result = s.registry.ListVMDVariables(req.ContinueAfter, 0)
	case req.ObjectClass == int(ObjectClassNamedVariableList) && req.Scope == pdu.ScopeDomain:
		result = s.registry.ListDomainNVLs(req.DomainID, req.ContinueAfter, 0)
	case req.ObjectClass == int(ObjectClassNamedVariableList) && req.Scope == pdu.ScopeVMD:
		result = s.registry.ListVMDNVLs(req.ContinueAfter, 0)
	default:
		// Association-scope listing and other combinations are not
		// currently supported. The registry stores association-scope
		// objects but the listing/lifecycle is intentionally deferred.
		return 0, false, nil, errUnsupportedFeature
	}

	respBytes, err := pdu.MarshalGetNameListResponse(result.Names, result.MoreFollows)
	if err != nil {
		return 0, false, nil, fmt.Errorf("marshal getnamelist response: %w", err)
	}
	return asn1util.TagNumGetNameList, true, respBytes, nil
}

func (s *Server) handleGetNameListJournal(ctx context.Context, req *pdu.GetNameListRequest) (int, bool, []byte, error) {
	if s.journalProvider == nil {
		return 0, false, nil, errServiceUnsupported
	}

	names, err := s.journalProvider.ListJournals(ctx, req.DomainID)
	if err != nil {
		return 0, false, nil, journalError(err)
	}

	if req.ContinueAfter != "" {
		found := false
		for i, n := range names {
			if n == req.ContinueAfter {
				names = names[i+1:]
				found = true
				break
			}
		}
		if !found {
			return 0, false, nil, errInvalidRequest
		}
	}

	respBytes, err := pdu.MarshalGetNameListResponse(names, false)
	if err != nil {
		return 0, false, nil, fmt.Errorf("marshal getnamelist response: %w", err)
	}
	return asn1util.TagNumGetNameList, true, respBytes, nil
}

// --- GetVariableAccessAttributes ---

func (s *Server) handleGetVarAccess(_ context.Context, body []byte) (int, bool, []byte, error) {
	wireName, err := pdu.UnmarshalGetVarAccessRequest(body)
	if err != nil {
		return 0, false, nil, errInvalidRequest
	}

	entry, ok := s.registry.LookupVariable(wireName.Scope, wireName.DomainID, wireName.ItemID)
	if !ok {
		return 0, false, nil, errObjectNonExistent
	}

	ts, ok := entry.TypeSpec.(TypeSpec)
	if !ok {
		return 0, false, nil, errAccessDenied
	}

	wireTS, err := typeSpecToWire(ts)
	if err != nil {
		return 0, false, nil, &serverconn.ServiceError{ErrorClass: 7, ErrorCode: 1}
	}
	respBytes, err := pdu.MarshalGetVarAccessResponse(entry.Deletable, wireTS)
	if err != nil {
		return 0, false, nil, fmt.Errorf("marshal getvaraccess response: %w", err)
	}
	return asn1util.TagNumGetVariableAccessAttributes, true, respBytes, nil
}

// --- Read ---

func (s *Server) handleRead(ctx context.Context, body []byte) (int, bool, []byte, error) {
	req, err := pdu.UnmarshalReadRequestParsed(body)
	if err != nil {
		return 0, false, nil, errInvalidRequest
	}

	var specs []pdu.VariableSpecWire
	if req.ListName != nil {
		resolved, err := s.resolveNVLMembers(req.ListName)
		if err != nil {
			return 0, false, nil, err
		}
		specs = append(specs, resolved...)
	} else {
		specs = req.Variables
	}

	var accessResults []*pdu.AccessResult
	for _, spec := range specs {
		wn := spec.Name
		entry, ok := s.registry.LookupVariable(wn.Scope, wn.DomainID, wn.ItemID)
		if !ok {
			accessResults = append(accessResults, &pdu.AccessResult{IsError: true, ErrorCode: wireErrObjectUndefined})
			continue
		}

		readFn, ok := entry.ReadFunc.(func(context.Context) (*Value, error))
		if !ok || readFn == nil {
			accessResults = append(accessResults, &pdu.AccessResult{IsError: true, ErrorCode: wireErrAccessDenied})
			continue
		}

		val, err := readFn(ctx)
		if err != nil {
			accessResults = append(accessResults, &pdu.AccessResult{IsError: true, ErrorCode: wireErrTempUnavail})
			continue
		}

		if len(spec.AlternateAccess) > 0 {
			ts := extractTypeSpec(entry.TypeSpec)
			val = applyAlternateAccessRead(val, ts, spec.AlternateAccess)
			if val == nil {
				accessResults = append(accessResults, &pdu.AccessResult{IsError: true, ErrorCode: wireErrObjectUndefined})
				continue
			}
		}

		dv, err := valueToDataValue(val)
		if err != nil {
			accessResults = append(accessResults, &pdu.AccessResult{IsError: true, ErrorCode: wireErrTempUnavail})
			continue
		}
		accessResults = append(accessResults, &pdu.AccessResult{IsError: false, Data: dv})
	}

	var respBytes []byte
	if req.SpecWithResult {
		respBytes, err = pdu.MarshalReadResponseWithSpec(req.ListName, specs, accessResults)
	} else {
		respBytes, err = pdu.MarshalReadResponse(accessResults)
	}
	if err != nil {
		return 0, false, nil, fmt.Errorf("marshal read response: %w", err)
	}
	return asn1util.TagNumRead, true, respBytes, nil
}

// --- Write ---

func (s *Server) handleWrite(ctx context.Context, body []byte) (int, bool, []byte, error) {
	req, err := pdu.UnmarshalWriteRequestParsed(body)
	if err != nil {
		return 0, false, nil, errInvalidRequest
	}

	var specs []pdu.VariableSpecWire
	if req.ListName != nil {
		resolved, err := s.resolveNVLMembers(req.ListName)
		if err != nil {
			return 0, false, nil, err
		}
		specs = append(specs, resolved...)
	} else {
		specs = req.Variables
	}

	wireData := req.Values

	var results []int // 0=success, >0=data-access-error code
	for i, spec := range specs {
		if i >= len(wireData) {
			results = append(results, wireErrTypeInconsistent)
			continue
		}
		wn := spec.Name
		entry, ok := s.registry.LookupVariable(wn.Scope, wn.DomainID, wn.ItemID)
		if !ok {
			results = append(results, wireErrObjectUndefined)
			continue
		}

		writeFn, ok := entry.WriteFunc.(func(context.Context, *Value) error)
		if !ok || writeFn == nil {
			results = append(results, wireErrAccessDenied)
			continue
		}

		val, err := dataValueToValue(wireData[i])
		if err != nil {
			results = append(results, wireErrTypeInconsistent)
			continue
		}

		if len(spec.AlternateAccess) > 0 {
			readFn, readOK := entry.ReadFunc.(func(context.Context) (*Value, error))
			if !readOK || readFn == nil {
				results = append(results, wireErrAccessDenied)
				continue
			}
			currentVal, readErr := readFn(ctx)
			if readErr != nil {
				results = append(results, wireErrTempUnavail)
				continue
			}
			ts := extractTypeSpec(entry.TypeSpec)
			val = applyAlternateAccessWrite(currentVal, ts, spec.AlternateAccess, val)
			if val == nil {
				results = append(results, wireErrTypeInconsistent)
				continue
			}
		}

		if err := writeFn(ctx, val); err != nil {
			results = append(results, wireErrTempUnavail)
			continue
		}
		results = append(results, 0)
	}

	respBytes, err := pdu.MarshalWriteResponse(results)
	if err != nil {
		return 0, false, nil, fmt.Errorf("marshal write response: %w", err)
	}
	return asn1util.TagNumWrite, true, respBytes, nil
}

// extractTypeSpec returns the TypeSpec stored in a VarEntry.TypeSpec
// field, handling both value and pointer types.
func extractTypeSpec(ts any) *TypeSpec {
	switch v := ts.(type) {
	case *TypeSpec:
		return v
	case TypeSpec:
		return &v
	default:
		return nil
	}
}

// resolveNVLMembers resolves a variableListName to the member variables.
func (s *Server) resolveNVLMembers(listName *pdu.ObjectNameWire) ([]pdu.VariableSpecWire, error) {
	entry, ok := s.registry.LookupNVL(listName.Scope, listName.DomainID, listName.ItemID)
	if !ok {
		return nil, errObjectNonExistent
	}
	var members []pdu.VariableSpecWire
	for _, v := range entry.Variables {
		spec := pdu.VariableSpecWire{
			Name: pdu.ObjectNameWire{
				Scope:    v.Scope,
				DomainID: v.DomainID,
				ItemID:   v.ItemID,
			},
		}
		for _, sel := range v.AlternateAccess {
			ws := pdu.AccessSelectorWire{
				Component: sel.Component,
				HasIndex:  sel.HasIndex,
				Index:     sel.Index,
			}
			if sel.IndexRange != nil {
				ws.IndexRange = &pdu.IndexRangeWire{
					LowIndex:         sel.IndexRange.LowIndex,
					NumberOfElements: sel.IndexRange.NumberOfElements,
				}
			}
			spec.AlternateAccess = append(spec.AlternateAccess, ws)
		}
		members = append(members, spec)
	}
	return members, nil
}

// --- DefineNamedVariableList ---

//nolint:unparam // result []byte is always nil; signature matches the handler contract
func (s *Server) handleDefineNVL(_ context.Context, body []byte) (int, bool, []byte, error) {
	req, err := pdu.UnmarshalDefineNVLRequest(body)
	if err != nil {
		return 0, false, nil, errInvalidRequest
	}

	vars := make([]servermodel.NVLVariable, len(req.Variables))
	for i, v := range req.Variables {
		nv := servermodel.NVLVariable{
			Scope:    v.Name.Scope,
			DomainID: v.Name.DomainID,
			ItemID:   v.Name.ItemID,
		}
		for _, sel := range v.AlternateAccess {
			sm := servermodel.AccessSelectorModel{
				Component: sel.Component,
				HasIndex:  sel.HasIndex,
				Index:     sel.Index,
			}
			if sel.IndexRange != nil {
				sm.IndexRange = &servermodel.IndexRangeModel{
					LowIndex:         sel.IndexRange.LowIndex,
					NumberOfElements: sel.IndexRange.NumberOfElements,
				}
			}
			nv.AlternateAccess = append(nv.AlternateAccess, sm)
		}
		vars[i] = nv
	}

	entry := &servermodel.NVLEntry{
		Domain:    req.ListName.DomainID,
		ItemID:    req.ListName.ItemID,
		Scope:     req.ListName.Scope,
		Deletable: true,
		Variables: vars,
	}
	if err := s.registry.DefineNVL(entry); err != nil {
		return 0, false, nil, errObjectNonExistent
	}

	return asn1util.TagNumDefineNamedVariableList, true, nil, nil
}

// --- GetNamedVariableListAttributes ---

func (s *Server) handleGetNVLAttrs(_ context.Context, body []byte) (int, bool, []byte, error) {
	req, err := pdu.UnmarshalGetNVLAttrsRequest(body)
	if err != nil {
		return 0, false, nil, errInvalidRequest
	}

	entry, ok := s.registry.LookupNVL(req.ListName.Scope, req.ListName.DomainID, req.ListName.ItemID)
	if !ok {
		return 0, false, nil, errObjectNonExistent
	}

	wireVars := make([]pdu.VariableSpecWire, len(entry.Variables))
	for i, v := range entry.Variables {
		spec := pdu.VariableSpecWire{
			Name: pdu.ObjectNameWire{
				Scope:    v.Scope,
				DomainID: v.DomainID,
				ItemID:   v.ItemID,
			},
		}
		for _, sel := range v.AlternateAccess {
			ws := pdu.AccessSelectorWire{
				Component: sel.Component,
				HasIndex:  sel.HasIndex,
				Index:     sel.Index,
			}
			if sel.IndexRange != nil {
				ws.IndexRange = &pdu.IndexRangeWire{
					LowIndex:         sel.IndexRange.LowIndex,
					NumberOfElements: sel.IndexRange.NumberOfElements,
				}
			}
			spec.AlternateAccess = append(spec.AlternateAccess, ws)
		}
		wireVars[i] = spec
	}

	respBytes, err := pdu.MarshalGetNVLAttrsResponse(entry.Deletable, wireVars)
	if err != nil {
		return 0, false, nil, fmt.Errorf("marshal get-nvl-attrs response: %w", err)
	}
	return asn1util.TagNumGetNamedVariableListAttrs, true, respBytes, nil
}

// --- DeleteNamedVariableList ---

func (s *Server) handleDeleteNVL(_ context.Context, body []byte) (int, bool, []byte, error) {
	req, err := pdu.UnmarshalDeleteNVLRequest(body)
	if err != nil {
		return 0, false, nil, errInvalidRequest
	}

	if req.ScopeOfDelete != 0 {
		return 0, false, nil, errUnsupportedFeature
	}

	matched := 0
	deleted := 0
	for _, n := range req.ListNames {
		if _, ok := s.registry.LookupNVL(n.Scope, n.DomainID, n.ItemID); ok {
			matched++
			if s.registry.DeleteNVL(n.Scope, n.DomainID, n.ItemID) {
				deleted++
			}
		}
	}

	respBytes, err := pdu.MarshalDeleteNVLResponse(matched, deleted)
	if err != nil {
		return 0, false, nil, fmt.Errorf("marshal delete-nvl response: %w", err)
	}
	return asn1util.TagNumDeleteNamedVariableList, true, respBytes, nil
}

// typeSpecToWire converts a public TypeSpec to an internal wire representation.
// Returns an error for unsupported or invalid type specifications.
func typeSpecToWire(ts TypeSpec) (pdu.TypeSpecWire, error) {
	switch ts.Type {
	case ValueTypeBoolean:
		return pdu.TypeSpecWire{Tag: 3}, nil
	case ValueTypeInteger:
		return pdu.TypeSpecWire{Tag: 5, Size: ts.Size}, nil
	case ValueTypeUnsigned:
		return pdu.TypeSpecWire{Tag: 6, Size: ts.Size}, nil
	case ValueTypeFloat:
		return pdu.TypeSpecWire{Tag: 7, FormatWidth: ts.FormatWidth, ExpWidth: ts.ExponentWidth}, nil
	case ValueTypeBitString:
		return pdu.TypeSpecWire{Tag: 4, Size: ts.Size}, nil
	case ValueTypeOctetString:
		return pdu.TypeSpecWire{Tag: 9, Size: ts.Size}, nil
	case ValueTypeVisibleString:
		return pdu.TypeSpecWire{Tag: 10, Size: ts.Size}, nil
	case ValueTypeMmsString:
		return pdu.TypeSpecWire{Tag: 16, Size: ts.Size}, nil
	case ValueTypeUTCTime:
		return pdu.TypeSpecWire{Tag: 17}, nil
	case ValueTypeBinaryTime:
		return pdu.TypeSpecWire{Tag: 12}, nil
	case ValueTypeStructure:
		comps := make([]pdu.StructComponentWire, len(ts.Elements))
		for i, e := range ts.Elements {
			ct, err := typeSpecToWire(e.Type)
			if err != nil {
				return pdu.TypeSpecWire{}, fmt.Errorf("structure element %q: %w", e.Name, err)
			}
			comps[i] = pdu.StructComponentWire{Name: e.Name, Type: ct}
		}
		return pdu.TypeSpecWire{Tag: 2, Components: comps}, nil
	case ValueTypeArray:
		if ts.Element != nil {
			elem, err := typeSpecToWire(*ts.Element)
			if err != nil {
				return pdu.TypeSpecWire{}, fmt.Errorf("array element: %w", err)
			}
			return pdu.TypeSpecWire{Tag: 1, Count: ts.Count, Element: &elem}, nil
		}
		return pdu.TypeSpecWire{Tag: 1, Count: ts.Count}, nil
	case ValueTypeNamedType:
		if ts.TypeName == nil {
			return pdu.TypeSpecWire{}, fmt.Errorf("named type with nil TypeName")
		}
		if err := validateObjectName(*ts.TypeName); err != nil {
			return pdu.TypeSpecWire{}, fmt.Errorf("named type: %w", err)
		}
		wireScope, err := objectScopeToWire(ts.TypeName.Scope)
		if err != nil {
			return pdu.TypeSpecWire{}, fmt.Errorf("named type scope: %w", err)
		}
		wn := pdu.ObjectNameWire{
			Scope:    wireScope,
			DomainID: string(ts.TypeName.Domain),
			ItemID:   string(ts.TypeName.ItemID),
		}
		return pdu.TypeSpecWire{Tag: 0, TypeName: &wn}, nil
	default:
		return pdu.TypeSpecWire{}, fmt.Errorf("unsupported TypeSpec type %s for wire encoding", ts.Type)
	}
}

=== END ./server.go ===
=== START ./server_altaccess.go ===
package mms

import (
	"github.com/otfabric/go-mms/internal/pdu"
)

// applyAlternateAccessRead traverses a value according to the
// alternate access selector chain and returns the selected sub-value.
// The typeSpec is used to resolve component-by-name selectors.
// Returns nil if the path is invalid (wrong type, out-of-bounds, etc.).
func applyAlternateAccessRead(val *Value, ts *TypeSpec, selectors []pdu.AccessSelectorWire) *Value {
	for _, sel := range selectors {
		if val == nil {
			return nil
		}
		val, ts = applySingleSelector(val, ts, sel)
	}
	return val
}

// applyAlternateAccessWrite performs a read-modify-write: it clones
// the full current value, patches the selected sub-element with the
// incoming write value, and returns the patched full value.
// Returns nil if the selector path is invalid.
func applyAlternateAccessWrite(current *Value, ts *TypeSpec, selectors []pdu.AccessSelectorWire, writeVal *Value) *Value {
	if len(selectors) == 0 {
		return writeVal
	}

	patched := current.Clone()
	if !patchValue(patched, ts, selectors, writeVal) {
		return nil
	}
	return patched
}

// patchValue recursively descends into the cloned value tree and
// replaces the element identified by the selector chain.
func patchValue(val *Value, ts *TypeSpec, selectors []pdu.AccessSelectorWire, writeVal *Value) bool {
	if len(selectors) == 0 || val == nil {
		return false
	}

	sel := selectors[0]
	remaining := selectors[1:]

	switch {
	case sel.Component != "":
		return patchComponent(val, ts, sel.Component, remaining, writeVal)
	case sel.HasIndex:
		return patchIndex(val, ts, sel.Index, remaining, writeVal)
	case sel.IndexRange != nil:
		return patchRange(val, sel.IndexRange.LowIndex, sel.IndexRange.NumberOfElements, remaining, writeVal)
	default:
		return false
	}
}

func patchComponent(val *Value, ts *TypeSpec, name string, remaining []pdu.AccessSelectorWire, writeVal *Value) bool {
	if val.typ != ValueTypeStructure {
		return false
	}
	idx := resolveComponentIndex(ts, name)
	if idx < 0 || idx >= len(val.elementsVal) {
		return false
	}
	var childTs *TypeSpec
	if ts != nil && idx < len(ts.Elements) {
		childTs = &ts.Elements[idx].Type
	}
	if len(remaining) == 0 {
		if childTs != nil && !childTs.ShallowCompatible(writeVal) {
			return false
		}
		val.elementsVal[idx] = writeVal.Clone()
		return true
	}
	return patchValue(val.elementsVal[idx], childTs, remaining, writeVal)
}

func patchIndex(val *Value, ts *TypeSpec, index int, remaining []pdu.AccessSelectorWire, writeVal *Value) bool {
	switch val.typ {
	case ValueTypeArray, ValueTypeStructure:
		if index < 0 || index >= len(val.elementsVal) {
			return false
		}
		var childTs *TypeSpec
		if ts != nil {
			if val.typ == ValueTypeStructure && index < len(ts.Elements) {
				childTs = &ts.Elements[index].Type
			} else if val.typ == ValueTypeArray {
				childTs = ts.Element
			}
		}
		if len(remaining) == 0 {
			if childTs != nil && !childTs.ShallowCompatible(writeVal) {
				return false
			}
			val.elementsVal[index] = writeVal.Clone()
			return true
		}
		return patchValue(val.elementsVal[index], childTs, remaining, writeVal)
	default:
		return false
	}
}

func patchRange(val *Value, start, count int, remaining []pdu.AccessSelectorWire, writeVal *Value) bool {
	if val.typ != ValueTypeArray {
		return false
	}
	end := start + count
	if start < 0 || end > len(val.elementsVal) {
		return false
	}
	if len(remaining) > 0 {
		return false
	}
	newElems, ok := writeVal.ArrayElements()
	if !ok || len(newElems) != count {
		return false
	}
	for i := 0; i < count; i++ {
		val.elementsVal[start+i] = newElems[i].Clone()
	}
	return true
}

func applySingleSelector(val *Value, ts *TypeSpec, sel pdu.AccessSelectorWire) (*Value, *TypeSpec) {
	switch {
	case sel.Component != "":
		return selectComponent(val, ts, sel.Component)
	case sel.HasIndex:
		return selectIndex(val, ts, sel.Index)
	case sel.IndexRange != nil:
		return selectRange(val, sel.IndexRange.LowIndex, sel.IndexRange.NumberOfElements), nil
	default:
		return nil, nil
	}
}

func selectComponent(val *Value, ts *TypeSpec, name string) (*Value, *TypeSpec) {
	if val.typ != ValueTypeStructure {
		return nil, nil
	}
	idx := resolveComponentIndex(ts, name)
	if idx < 0 || idx >= len(val.elementsVal) {
		return nil, nil
	}
	var childTs *TypeSpec
	if ts != nil && idx < len(ts.Elements) {
		childTs = &ts.Elements[idx].Type
	}
	return val.elementsVal[idx], childTs
}

// resolveComponentIndex maps a component name to an element index
// using the TypeSpec. Returns -1 if the name is not found or the
// TypeSpec is nil/not a structure.
func resolveComponentIndex(ts *TypeSpec, name string) int {
	if ts == nil || ts.Type != ValueTypeStructure {
		return -1
	}
	for i, elem := range ts.Elements {
		if elem.Name == name {
			return i
		}
	}
	return -1
}

func selectIndex(val *Value, ts *TypeSpec, index int) (*Value, *TypeSpec) {
	switch val.typ {
	case ValueTypeArray:
		elems := val.elementsVal
		if index < 0 || index >= len(elems) {
			return nil, nil
		}
		var childTs *TypeSpec
		if ts != nil {
			childTs = ts.Element
		}
		return elems[index], childTs
	case ValueTypeStructure:
		elems := val.elementsVal
		if index < 0 || index >= len(elems) {
			return nil, nil
		}
		var childTs *TypeSpec
		if ts != nil && index < len(ts.Elements) {
			childTs = &ts.Elements[index].Type
		}
		return elems[index], childTs
	default:
		return nil, nil
	}
}

func selectRange(val *Value, start, count int) *Value {
	if val.typ != ValueTypeArray {
		return nil
	}
	elems := val.elementsVal
	end := start + count
	if start < 0 || end > len(elems) {
		return nil
	}
	return NewArray(elems[start:end])
}

=== END ./server_altaccess.go ===
=== START ./server_file.go ===
package mms

import (
	"context"
	"errors"
	"fmt"
	"io/fs"
	"sync"
	"time"

	"github.com/otfabric/go-mms/internal/asn1util"
	"github.com/otfabric/go-mms/internal/pdu"
	"github.com/otfabric/go-mms/internal/serverconn"
)

// frsm tracks state for one open file handle (File Read State Machine).
type frsm struct {
	id     int32
	handle FileHandle
	path   string
}

// frsmTable manages per-connection open file handles. The server
// allocates a table per ServerConn; the table is cleaned up when
// the connection closes.
type frsmTable struct {
	mu      sync.RWMutex
	entries map[int32]*frsm
	nextID  int32
}

func newFRSMTable() *frsmTable {
	return &frsmTable{entries: make(map[int32]*frsm)}
}

func (t *frsmTable) alloc(path string, handle FileHandle) int32 {
	t.mu.Lock()
	defer t.mu.Unlock()
	t.nextID++
	id := t.nextID
	t.entries[id] = &frsm{id: id, handle: handle, path: path}
	return id
}

func (t *frsmTable) get(id int32) (*frsm, bool) {
	t.mu.RLock()
	defer t.mu.RUnlock()
	f, ok := t.entries[id]
	return f, ok
}

func (t *frsmTable) remove(id int32) (*frsm, bool) {
	t.mu.Lock()
	defer t.mu.Unlock()
	f, ok := t.entries[id]
	if ok {
		delete(t.entries, id)
	}
	return f, ok
}

func (t *frsmTable) closeAll(ctx context.Context, provider FileProvider) {
	t.mu.Lock()
	defer t.mu.Unlock()
	for _, f := range t.entries {
		_ = provider.Close(ctx, f.handle)
	}
	t.entries = nil
}

// serverConnCtxKey is used internally to propagate the per-connection
// *ServerConn through the request context. This is an internal
// implementation detail — file handlers need access to the FRSM table
// on the connection. Avoid spreading this pattern; if more per-connection
// services appear, consider passing *ServerConn explicitly.
type serverConnCtxKey struct{}

func serverConnFromCtx(ctx context.Context) *ServerConn {
	sc, _ := ctx.Value(serverConnCtxKey{}).(*ServerConn)
	return sc
}

// --- File service handlers ---

func (s *Server) handleFileOpen(ctx context.Context, body []byte) (int, bool, []byte, error) {
	if s.fileProvider == nil {
		return 0, false, nil, errServiceUnsupported
	}

	req, err := pdu.UnmarshalFileOpenRequest(body)
	if err != nil {
		return 0, false, nil, errInvalidRequest
	}

	handle, attrs, err := s.fileProvider.Open(ctx, req.FileName)
	if err != nil {
		return 0, false, nil, fileError(err)
	}

	sc := serverConnFromCtx(ctx)
	if sc == nil {
		_ = s.fileProvider.Close(ctx, handle)
		return 0, false, nil, fmt.Errorf("no server connection in context")
	}
	frsmID := sc.frsmTable.alloc(req.FileName, handle)

	payload, err := pdu.MarshalFileOpenResponse(frsmID, attrs.Size, attrs.LastModified)
	if err != nil {
		return 0, false, nil, fmt.Errorf("marshal file-open response: %w", err)
	}
	return asn1util.TagNumFileOpen, true, payload, nil
}

func (s *Server) handleFileRead(ctx context.Context, body []byte) (int, bool, []byte, error) {
	if s.fileProvider == nil {
		return 0, false, nil, errServiceUnsupported
	}

	frsmID, err := pdu.UnmarshalFileReadRequest(body)
	if err != nil {
		return 0, false, nil, errInvalidRequest
	}

	sc := serverConnFromCtx(ctx)
	if sc == nil {
		return 0, false, nil, fmt.Errorf("no server connection in context")
	}
	f, ok := sc.frsmTable.get(frsmID)
	if !ok {
		return 0, false, nil, &serverconn.ServiceError{ErrorClass: fileErrClassFile, ErrorCode: fileErrOther}
	}

	maxBytes := 60000
	data, moreFollows, err := s.fileProvider.Read(ctx, f.handle, maxBytes)
	if err != nil {
		return 0, false, nil, fileError(err)
	}

	payload, err := pdu.MarshalFileReadResponse(data, moreFollows)
	if err != nil {
		return 0, false, nil, fmt.Errorf("marshal file-read response: %w", err)
	}
	return asn1util.TagNumFileRead, true, payload, nil
}

//nolint:unparam // no response payload; signature required by dispatch pattern
func (s *Server) handleFileClose(ctx context.Context, body []byte) (int, bool, []byte, error) {
	if s.fileProvider == nil {
		return 0, false, nil, errServiceUnsupported
	}

	frsmID, err := pdu.UnmarshalFileCloseRequest(body)
	if err != nil {
		return 0, false, nil, errInvalidRequest
	}

	sc := serverConnFromCtx(ctx)
	if sc == nil {
		return 0, false, nil, fmt.Errorf("no server connection in context")
	}
	f, ok := sc.frsmTable.remove(frsmID)
	if !ok {
		return 0, false, nil, &serverconn.ServiceError{ErrorClass: fileErrClassFile, ErrorCode: fileErrOther}
	}

	if err := s.fileProvider.Close(ctx, f.handle); err != nil {
		return 0, false, nil, fileError(err)
	}

	return asn1util.TagNumFileClose, false, nil, nil
}

//nolint:unparam // no response payload; signature required by dispatch pattern
func (s *Server) handleFileDelete(ctx context.Context, body []byte) (int, bool, []byte, error) {
	if s.fileProvider == nil {
		return 0, false, nil, errServiceUnsupported
	}

	fileName, err := pdu.UnmarshalFileDeleteRequest(body)
	if err != nil {
		return 0, false, nil, errInvalidRequest
	}

	if err := s.fileProvider.Delete(ctx, fileName); err != nil {
		return 0, false, nil, fileError(err)
	}

	return asn1util.TagNumFileDelete, false, nil, nil
}

//nolint:unparam // no response payload; signature required by dispatch pattern
func (s *Server) handleFileRename(ctx context.Context, body []byte) (int, bool, []byte, error) {
	if s.fileProvider == nil {
		return 0, false, nil, errServiceUnsupported
	}

	req, err := pdu.UnmarshalFileRenameRequest(body)
	if err != nil {
		return 0, false, nil, errInvalidRequest
	}

	if err := s.fileProvider.Rename(ctx, req.CurrentFileName, req.NewFileName); err != nil {
		return 0, false, nil, fileError(err)
	}

	return asn1util.TagNumFileRename, false, nil, nil
}

//nolint:unparam // no response payload; signature required by dispatch pattern
func (s *Server) handleObtainFile(ctx context.Context, body []byte) (int, bool, []byte, error) {
	if s.fileProvider == nil {
		return 0, false, nil, errServiceUnsupported
	}

	req, err := pdu.UnmarshalObtainFileRequest(body)
	if err != nil {
		return 0, false, nil, errInvalidRequest
	}

	if err := s.fileProvider.ObtainFile(ctx, req.SourceFile, req.DestinationFile); err != nil {
		return 0, false, nil, fileError(err)
	}

	return asn1util.TagNumObtainFile, false, nil, nil
}

func (s *Server) handleFileDirectory(ctx context.Context, body []byte) (int, bool, []byte, error) {
	if s.fileProvider == nil {
		return 0, false, nil, errServiceUnsupported
	}

	req, err := pdu.UnmarshalFileDirectoryRequest(body)
	if err != nil {
		return 0, false, nil, errInvalidRequest
	}

	listResult, err := s.fileProvider.List(ctx, FileListRequest{
		FileSpec:      req.FileSpec,
		ContinueAfter: req.ContinueAfter,
	})
	if err != nil {
		return 0, false, nil, fileError(err)
	}

	wireEntries := make([]pdu.FileDirectoryEntry, len(listResult.Entries))
	for i, e := range listResult.Entries {
		wireEntries[i] = pdu.FileDirectoryEntry{
			FileName:     e.Name,
			Size:         e.Size,
			LastModified: e.LastModified,
		}
	}

	payload, err := pdu.MarshalFileDirectoryResponse(wireEntries, listResult.MoreFollows)
	if err != nil {
		return 0, false, nil, fmt.Errorf("marshal file-directory response: %w", err)
	}
	return asn1util.TagNumFileDirectory, true, payload, nil
}

const (
	fileErrClassFile        = 11 // ServiceError errorClass "file" (CHOICE tag 11)
	fileErrOther            = 0
	fileErrFileAccessDenied = 6
	fileErrFileNonExistent  = 7
)

// ErrFileAccessDenied may be returned by [FileProvider] implementations
// to signal a permission error. The server maps it to MMS error class
// "file", code "file-access-denied".
var ErrFileAccessDenied = errors.New("mms: file access denied")

func fileError(err error) error {
	code := fileErrOther
	switch {
	case errors.Is(err, fs.ErrNotExist):
		code = fileErrFileNonExistent
	case errors.Is(err, fs.ErrPermission), errors.Is(err, ErrFileAccessDenied):
		code = fileErrFileAccessDenied
	}
	return &serverconn.ServiceError{ErrorClass: fileErrClassFile, ErrorCode: code}
}

// --- Public file types ---

// FileHandle is an opaque handle returned by [FileProvider.Open].
// The handle is valid until [FileProvider.Close] is called.
type FileHandle any

// FileEntry describes one file in a directory listing.
type FileEntry struct {
	Name         string
	Size         int64
	LastModified time.Time
}

// FileProvider is the server-side abstraction for MMS file services.
// Implementations back the FileOpen/Read/Close/Delete/Directory
// protocol services. The server does not access the filesystem
// directly; all I/O goes through this interface.
//
// Provider errors are mapped to MMS service errors by the server:
//   - [fs.ErrNotExist] → file-non-existent
//   - [fs.ErrPermission] or [ErrFileAccessDenied] → file-access-denied
//   - all other errors → other
type FileProvider interface {
	// List returns entries matching the request's FileSpec, with
	// optional pagination via ContinueAfter and MaxEntries.
	List(ctx context.Context, req FileListRequest) (*FileListResult, error)

	Open(ctx context.Context, path string) (FileHandle, FileAttributes, error)

	// Read returns the next chunk of data from handle, up to maxBytes.
	// On the final (or only) chunk the implementation must return
	// moreFollows=false with a nil error. Returning io.EOF is treated
	// as a provider error; use moreFollows=false to signal end-of-file.
	Read(ctx context.Context, handle FileHandle, maxBytes int) (data []byte, moreFollows bool, err error)

	Close(ctx context.Context, handle FileHandle) error
	Delete(ctx context.Context, path string) error

	// Rename renames a file. Implementations should return
	// [fs.ErrNotExist] if the source does not exist.
	Rename(ctx context.Context, currentName, newName string) error

	// ObtainFile copies sourceFile to destinationFile on the server.
	// Implementations may return [fs.ErrNotExist] if the source does
	// not exist, or [ErrFileAccessDenied] for permission errors.
	// Returning nil indicates success.
	ObtainFile(ctx context.Context, sourceFile, destinationFile string) error
}

// FileAttributes describes file metadata returned when opening a file.
type FileAttributes struct {
	Size         int64
	LastModified time.Time
}

=== END ./server_file.go ===
=== START ./server_journal.go ===
package mms

import (
	"context"
	"errors"
	"fmt"
	"io/fs"
	"time"

	"github.com/otfabric/go-mms/internal/asn1util"
	"github.com/otfabric/go-mms/internal/pdu"
	"github.com/otfabric/go-mms/internal/serverconn"
)

// JournalProvider is implemented by applications to back journal services.
// The server calls these methods in response to ReadJournal requests.
//
// The provider methods use the same domain types as the client API
// ([JournalEntry], [JournalVariable], [JournalResult]). This is an
// intentional design choice: journal entries have a fixed structure
// defined by the MMS protocol, so a single set of types serves both
// sides without loss of fidelity.
//
// # Ordering contract
//
// Entries returned by ReadTimeRange and ReadStartAfter MUST be in
// ascending chronological order by OccurrenceTime. When multiple entries
// share the same OccurrenceTime, they MUST be in a stable, deterministic
// order (e.g. by EntryID). ReadStartAfter semantics depend on this
// ordering: the server sends the client the last entry's
// (OccurrenceTime, EntryID) as the continuation cursor.
//
// # Pagination
//
// The provider MAY return fewer than maxEntries entries. When
// [JournalResult.MoreFollows] is true, the caller should issue a
// ReadStartAfter request using the last returned entry's OccurrenceTime
// and EntryID to retrieve the next page. The server passes
// defaultMaxJournalEntries (currently 100) as maxEntries.
//
// # Error mapping
//
// If the provider returns [fs.ErrNotExist], the server maps it to MMS
// error class "access" (7), code "object-non-existent" (0). If the
// provider returns [fs.ErrPermission] or [ErrFileAccessDenied], the
// server maps it to "access" (7), code "object-access-denied" (1). All
// other errors are mapped to "access" (7), code "other" (0).
type JournalProvider interface {
	// ListJournals returns journal names available in the given domain.
	// Currently only domain-scoped journals are supported in the
	// server dispatch (ObjectClassJournal + ScopeDomain).
	ListJournals(ctx context.Context, domain string) ([]string, error)

	// ReadTimeRange returns journal entries within [start, stop].
	// maxEntries is a hint; the provider may return fewer entries.
	// Set [JournalResult.MoreFollows] to true if more entries are
	// available beyond those returned.
	ReadTimeRange(ctx context.Context, domain, journal string,
		start, stop time.Time, maxEntries int) (*JournalResult, error)

	// ReadStartAfter returns journal entries starting after the given
	// cursor (afterID, afterTime). Use the last entry's EntryID and
	// OccurrenceTime from a previous result to page through data.
	// maxEntries is a hint; the provider may return fewer entries.
	// Set [JournalResult.MoreFollows] to true if more entries remain.
	ReadStartAfter(ctx context.Context, domain, journal string,
		afterID []byte, afterTime time.Time, maxEntries int) (*JournalResult, error)
}

func journalError(err error) error {
	switch {
	case errors.Is(err, fs.ErrNotExist):
		return errObjectNonExistent
	case errors.Is(err, fs.ErrPermission), errors.Is(err, ErrFileAccessDenied):
		return errAccessDenied
	default:
		return &serverconn.ServiceError{ErrorClass: serviceErrorClassAccess, ErrorCode: svcErrOther}
	}
}

const defaultMaxJournalEntries = 100

func (s *Server) handleReadJournal(ctx context.Context, body []byte) (int, bool, []byte, error) {
	if s.journalProvider == nil {
		return 0, false, nil, errServiceUnsupported
	}

	req, err := pdu.UnmarshalReadJournalRequest(body)
	if err != nil {
		return 0, false, nil, errInvalidRequest
	}

	var result *JournalResult
	switch {
	case req.IsTimeRange:
		result, err = s.journalProvider.ReadTimeRange(ctx, req.Domain, req.Journal,
			req.StartTime, req.StopTime, defaultMaxJournalEntries)
	case req.IsStartAfter:
		result, err = s.journalProvider.ReadStartAfter(ctx, req.Domain, req.Journal,
			req.AfterID, req.AfterTime, defaultMaxJournalEntries)
	default:
		return 0, false, nil, errInvalidRequest
	}

	if err != nil {
		return 0, false, nil, journalError(err)
	}

	wireEntries, wErr := journalEntriesToWire(result.Entries)
	if wErr != nil {
		return 0, false, nil, fmt.Errorf("marshal journal entries: %w", wErr)
	}

	payload, mErr := pdu.MarshalReadJournalResponse(wireEntries, result.MoreFollows)
	if mErr != nil {
		return 0, false, nil, fmt.Errorf("marshal read-journal response: %w", mErr)
	}

	return asn1util.TagNumReadJournal, true, payload, nil
}

func journalEntriesToWire(entries []JournalEntry) ([]pdu.JournalEntryWire, error) {
	wire := make([]pdu.JournalEntryWire, len(entries))
	for i, e := range entries {
		vars := make([]pdu.JournalVariableWire, len(e.Variables))
		for j, v := range e.Variables {
			dv, err := valueToDataValue(v.Value)
			if err != nil {
				return nil, fmt.Errorf("entry %d variable %q: %w", i, v.Tag, err)
			}
			vars[j] = pdu.JournalVariableWire{Tag: v.Tag, Value: dv}
		}
		wire[i] = pdu.JournalEntryWire{
			EntryID:        e.EntryID,
			OccurrenceTime: e.OccurrenceTime,
			Variables:      vars,
		}
	}
	return wire, nil
}

=== END ./server_journal.go ===
=== START ./server_model.go ===
package mms

import "context"

// Variable describes a named MMS variable registered with a [Server].
//
// At minimum, Name and TypeSpec must be set. Read is required for the
// variable to be readable; Write is required for it to be writable.
type Variable struct {
	Name     ObjectName
	TypeSpec TypeSpec

	// Deletable reports whether the variable can be deleted.
	Deletable bool

	// Read is called when a client reads this variable. If nil, reads
	// return a data-access-error (object-access-denied).
	Read func(ctx context.Context) (*Value, error)

	// Write is called when a client writes this variable. If nil, writes
	// return a data-access-error (object-access-denied).
	Write func(ctx context.Context, v *Value) error
}

// NamedVariableList is a pre-configured named variable list for server
// registration. Use [Server.RegisterNamedVariableList] to add static
// (non-deletable by default) NVLs to the server model.
type NamedVariableList struct {
	Name      ObjectName
	Deletable bool
	Variables []VariableSpec
}

// IdentifyRequest is the server-side representation of an incoming
// MMS Identify request. Currently empty (Identify has no parameters).
type IdentifyRequest struct{}

// StatusRequest is the server-side representation of an incoming
// MMS Status request.
type StatusRequest struct {
	ExtendedDerivation bool
}

=== END ./server_model.go ===
=== START ./server_options.go ===
package mms

import (
	"log/slog"
)

// ServerOptions configures the MMS server.
type ServerOptions struct {
	MMS    ServerMMSOptions
	Logger *slog.Logger

	// Authenticate is called during association establishment to
	// accept or reject peers. If nil, all associations are accepted.
	//
	// See [Authenticator] for callback semantics and examples.
	Authenticate Authenticator

	// FileProvider, if set, enables MMS file services (FileOpen,
	// FileRead, FileClose, FileDelete, FileDirectory). When nil,
	// file service requests are rejected with service-unsupported.
	FileProvider FileProvider

	// JournalProvider, if set, enables MMS journal services
	// (ReadJournal). When nil, journal service requests are
	// rejected with service-unsupported.
	JournalProvider JournalProvider
}

// ServerMMSOptions configures MMS protocol negotiation parameters for
// the server side of the association.
type ServerMMSOptions struct {
	// MaxPDUSize is the maximum PDU size the server supports.
	// Zero means use the library default (65000).
	MaxPDUSize int

	// MaxOutstandingCalling is the maximum number of outstanding
	// requests the server accepts from the client. Zero means 5.
	MaxOutstandingCalling int

	// MaxOutstandingCalled is the maximum outstanding requests the
	// server can issue. Zero means 5.
	MaxOutstandingCalled int

	// DataStructureNestingLevel is the maximum nesting depth.
	// Zero means 10.
	DataStructureNestingLevel int
}

func (o *ServerMMSOptions) withDefaults() ServerMMSOptions {
	out := *o
	if out.MaxPDUSize <= 0 {
		out.MaxPDUSize = 65000
	}
	if out.MaxOutstandingCalling <= 0 {
		out.MaxOutstandingCalling = 5
	}
	if out.MaxOutstandingCalled <= 0 {
		out.MaxOutstandingCalled = 5
	}
	if out.DataStructureNestingLevel <= 0 {
		out.DataStructureNestingLevel = 10
	}
	return out
}

=== END ./server_options.go ===
=== START ./transport/iso/dial.go ===
package iso

import (
	"bytes"
	"context"
	"crypto/tls"
	"fmt"
	"net"
	"sync/atomic"

	"github.com/otfabric/go-cotp"
	mms "github.com/otfabric/go-mms"
)

// clientSourceRef allocates unique per-connection COTP source references.
// Starts at 1 and wraps around, skipping 0.
var clientSourceRef atomic.Uint32

func nextClientSourceRef() uint16 {
	v := clientSourceRef.Add(1)
	if v == 0 {
		v = clientSourceRef.Add(1)
	}
	return uint16(v)
}

// DialTCP establishes a TCP connection to addr, performs the TPKT/COTP
// handshake, and returns a [mms.Transport] ready for MMS communication.
//
// addr is a host:port string (e.g. "10.0.0.1:102"). The standard MMS port
// is 102 for plaintext.
//
// Use [WithCallingTSelector] and [WithCalledTSelector] to configure TSAP
// selectors. If not set, selectors are omitted from the COTP CR.
func DialTCP(ctx context.Context, addr string, opts ...Option) (mms.Transport, error) {
	o := applyOptions(opts)

	var d net.Dialer
	tcpConn, err := d.DialContext(ctx, "tcp", addr)
	if err != nil {
		return nil, fmt.Errorf("iso: tcp dial %s: %w", addr, err)
	}

	conn := net.Conn(tcpConn)
	if o.tlsConfig != nil {
		tlsConn := tls.Client(tcpConn, o.tlsConfig)
		if err := tlsConn.HandshakeContext(ctx); err != nil {
			_ = tcpConn.Close()
			return nil, fmt.Errorf("iso: tls handshake with %s: %w", addr, err)
		}
		conn = tlsConn
	}

	t := newCOTPTransport(conn)
	if err := clientCOTPHandshake(t, o); err != nil {
		_ = conn.Close()
		return nil, fmt.Errorf("iso: cotp handshake with %s: %w", addr, err)
	}

	return t, nil
}

// Dial is a convenience function that establishes a TCP+TPKT+COTP
// connection and creates an MMS client in one call.
//
// It combines [DialTCP] with [mms.NewClient]. Use [WithClientDialOptions]
// to pass MMS-level configuration; TSAP selectors from [mms.DialOptions]
// are used automatically if ISO-level selectors are not set explicitly.
func Dial(ctx context.Context, addr string, opts ...Option) (*mms.Client, error) {
	o := applyOptions(opts)

	if o.callingTSelector == nil && o.hasMmsDialOpts {
		o.callingTSelector = o.mmsDialOpts.Transport.LocalTSelector
	}
	if o.calledTSelector == nil && o.hasMmsDialOpts {
		o.calledTSelector = o.mmsDialOpts.Transport.RemoteTSelector
	}

	dialOpts := []Option{
		WithCallingTSelector(o.callingTSelector),
		WithCalledTSelector(o.calledTSelector),
	}
	if o.tlsConfig != nil {
		dialOpts = append(dialOpts, WithTLSConfig(o.tlsConfig))
	}

	conn, err := DialTCP(ctx, addr, dialOpts...)
	if err != nil {
		return nil, err
	}

	mmsOpts := o.mmsDialOpts
	client, err := mms.NewClient(ctx, conn, mmsOpts)
	if err != nil {
		_ = conn.Close()
		return nil, err
	}
	return client, nil
}

// clientCOTPHandshake sends a COTP Connection Request (CR) and waits for
// a Connection Confirm (CC) from the server. Validates that the CC
// destination reference matches the CR source reference and that the
// negotiated class is 0.
func clientCOTPHandshake(t *cotpTransport, o Options) error {
	srcRef := nextClientSourceRef()

	cr := &cotp.CR{
		SourceRef:       srcRef,
		ClassOption:     0, // class 0
		CallingSelector: o.callingTSelector,
		CalledSelector:  o.calledTSelector,
	}

	crBytes, err := cr.MarshalBinary()
	if err != nil {
		return fmt.Errorf("marshal CR: %w", err)
	}

	if err := t.sendTPDU(crBytes); err != nil {
		return fmt.Errorf("send CR: %w", err)
	}

	ccFrame, err := t.readTPDU()
	if err != nil {
		return fmt.Errorf("read CC: %w", err)
	}

	decoded, err := cotp.Decode(ccFrame)
	if err != nil {
		return fmt.Errorf("decode CC: %w", err)
	}

	if decoded.CC == nil {
		if decoded.DR != nil {
			return fmt.Errorf("connection refused: DR reason=%d", decoded.DR.Reason)
		}
		return fmt.Errorf("expected CC, got COTP %s", decoded.Type)
	}

	cc := decoded.CC

	if cc.DestinationRef != srcRef {
		return fmt.Errorf("CC destination ref %d does not match CR source ref %d", cc.DestinationRef, srcRef)
	}

	if cc.ClassOption&0xF0 != 0 {
		return fmt.Errorf("CC negotiated unsupported class %d (expected 0)", cc.ClassOption>>4)
	}

	if o.calledTSelector != nil && cc.CalledSelector != nil {
		if !bytes.Equal(o.calledTSelector, cc.CalledSelector) {
			return fmt.Errorf("CC called TSAP selector mismatch: got %x, want %x", cc.CalledSelector, o.calledTSelector)
		}
	}

	return nil
}

=== END ./transport/iso/dial.go ===
=== START ./transport/iso/doc.go ===
// Package iso provides TCP+TPKT+COTP transport integration for go-mms.
//
// This package bridges the gap between raw TCP connections and the
// mms.Transport interface used by the MMS client and server. It handles:
//
//   - TCP connection establishment and acceptance
//   - TPKT framing (RFC 1006) via otfabric/go-tpkt
//   - COTP (X.224 class 0) handshake via otfabric/go-cotp
//   - TSAP selector configuration
//
// # Client usage
//
//	conn, err := iso.DialTCP(ctx, "10.0.0.1:102",
//	    iso.WithCalledTSelector([]byte{0x00, 0x01}),
//	)
//	if err != nil { ... }
//	client, err := mms.NewClient(ctx, conn, mms.DialOptions{...})
//
// Or use the convenience function:
//
//	client, err := iso.Dial(ctx, "10.0.0.1:102",
//	    iso.WithCalledTSelector([]byte{0x00, 0x01}),
//	    iso.WithClientDialOptions(mms.DialOptions{...}),
//	)
//
// # Server usage
//
//	ln, err := iso.Listen(":102")
//	if err != nil { ... }
//	err = server.ListenAndServe(ctx, ln) // owns ln; closes it on return
//
// # TLS
//
// Use [WithTLSConfig] to enable TLS transport security. When TLS is
// configured, the connection layering becomes:
//
//	TCP → TLS → TPKT → COTP → Session → Presentation → ACSE → MMS
//
// The standard port for MMS over TLS is 3782 (vs 102 for plaintext).
// Plaintext and TLS listeners can coexist on the same server.
//
// Peer certificates from TLS connections are accessible via the
// [mms.TLSTransport] interface for server-side authentication policy.
//
// # Security note on ACSE password authentication
//
// ACSE password authentication ([mms.ISOOptions].Password) embeds
// credentials inside the association request PDU. Without TLS, the
// password travels in the clear as part of the TPKT/COTP payload —
// this is plaintext-equivalent on port 102. ACSE password
// authentication should be combined with TLS transport to provide
// confidentiality. The library does not enforce this combination.
//
// # Architecture
//
// The layering is: TCP → [TLS] → TPKT → COTP → Session → Presentation → ACSE → MMS.
// This package owns the first three layers (plus optional TLS). go-mms
// core owns the upper four.
package iso

=== END ./transport/iso/doc.go ===
=== START ./transport/iso/listen.go ===
package iso

import (
	"bytes"
	"context"
	"crypto/tls"
	"fmt"
	"net"
	"sync/atomic"
	"time"

	"github.com/otfabric/go-cotp"
	mms "github.com/otfabric/go-mms"
)

// acceptPollInterval is the deadline set on the TCP listener between
// context cancellation checks. Kept short so context cancellation is
// responsive, but not so short that it busy-spins.
const acceptPollInterval = 500 * time.Millisecond

// Listener accepts TCP connections, performs the COTP handshake for each,
// and returns [mms.Transport] instances ready for MMS server use.
//
// Listener implements [mms.TransportListener].
type Listener struct {
	ln        net.Listener
	opts      Options
	sourceRef atomic.Uint32
}

// Listen creates a new [Listener] bound to the given TCP address.
// addr follows [net.Listen] conventions (e.g. ":102", "0.0.0.0:102").
func Listen(addr string, opts ...Option) (*Listener, error) {
	o := applyOptions(opts)

	ln, err := net.Listen("tcp", addr)
	if err != nil {
		return nil, fmt.Errorf("iso: listen %s: %w", addr, err)
	}

	return &Listener{ln: ln, opts: o}, nil
}

// NewListener wraps an existing [net.Listener] with COTP handshake support.
// This is useful when the caller manages the TCP listener directly (e.g.
// for testing or custom bind logic).
func NewListener(ln net.Listener, opts ...Option) *Listener {
	return &Listener{ln: ln, opts: applyOptions(opts)}
}

// Accept waits for the next TCP connection, performs the COTP handshake
// (receives CR, sends CC), and returns a transport ready for MMS.
//
// Accept blocks until a connection is available, the listener is closed,
// or the context is cancelled. Context cancellation does NOT close the
// listener — the caller may retry Accept with a new context.
//
// If a client connects but the COTP handshake fails (malformed CR, wrong
// class, selector mismatch, etc.), the individual connection is closed
// and Accept retries automatically. Only listener-level or context-level
// errors cause Accept to return an error.
func (l *Listener) Accept(ctx context.Context) (mms.Transport, error) {
	for {
		if ctx.Err() != nil {
			return nil, ctx.Err()
		}

		if dl, ok := l.ln.(*net.TCPListener); ok {
			dl.SetDeadline(time.Now().Add(acceptPollInterval))
		}

		conn, err := l.ln.Accept()
		if err != nil {
			if ctx.Err() != nil {
				return nil, ctx.Err()
			}
			if ne, ok := err.(net.Error); ok && ne.Timeout() {
				continue
			}
			return nil, fmt.Errorf("iso: accept: %w", err)
		}

		if l.opts.tlsConfig != nil {
			tlsConn := tls.Server(conn, l.opts.tlsConfig)
			if err := tlsConn.HandshakeContext(ctx); err != nil {
				if l.opts.logger != nil {
					l.opts.logger.Warn("tls handshake failed, closing connection",
						"remote", conn.RemoteAddr(), "error", err)
				}
				_ = conn.Close()
				continue
			}
			conn = tlsConn
		}

		t := newCOTPTransport(conn)
		if err := serverCOTPHandshake(t, l.opts, l.nextSourceRef()); err != nil {
			if l.opts.logger != nil {
				l.opts.logger.Warn("cotp handshake failed, closing connection",
					"remote", conn.RemoteAddr(), "error", err)
			}
			_ = conn.Close()
			continue
		}
		return t, nil
	}
}

// Close closes the underlying TCP listener. Any blocked [Accept] call will
// return an error on the next poll iteration.
func (l *Listener) Close() error {
	return l.ln.Close()
}

// Addr returns the listener's network address.
func (l *Listener) Addr() net.Addr {
	return l.ln.Addr()
}

func (l *Listener) nextSourceRef() uint16 {
	v := l.sourceRef.Add(1)
	if v == 0 {
		v = l.sourceRef.Add(1)
	}
	return uint16(v)
}

// serverCOTPHandshake reads a COTP Connection Request (CR) from the client
// and responds with a Connection Confirm (CC). Validates the CR contents
// and optionally checks that the called TSAP selector matches the
// listener configuration.
func serverCOTPHandshake(t *cotpTransport, o Options, sourceRef uint16) error {
	crFrame, err := t.readTPDU()
	if err != nil {
		return fmt.Errorf("read CR: %w", err)
	}

	decoded, err := cotp.Decode(crFrame)
	if err != nil {
		return fmt.Errorf("decode CR: %w", err)
	}

	if decoded.CR == nil {
		return fmt.Errorf("expected CR, got COTP %s", decoded.Type)
	}

	cr := decoded.CR

	if cr.ClassOption&0xF0 != 0 {
		sendDR(t, cr.SourceRef, 2) // reason 2 = negotiation failed
		return fmt.Errorf("unsupported COTP class %d (only class 0 is supported)", cr.ClassOption>>4)
	}

	if o.calledTSelector != nil && cr.CalledSelector != nil {
		if !bytes.Equal(o.calledTSelector, cr.CalledSelector) {
			sendDR(t, cr.SourceRef, 3) // reason 3 = address unknown
			return fmt.Errorf("called TSAP selector mismatch: got %x, want %x", cr.CalledSelector, o.calledTSelector)
		}
	}

	cc := &cotp.CC{
		DestinationRef:  cr.SourceRef,
		SourceRef:       sourceRef,
		ClassOption:     0,
		CallingSelector: cr.CallingSelector,
		CalledSelector:  cr.CalledSelector,
	}
	if o.calledTSelector != nil {
		cc.CalledSelector = o.calledTSelector
	}

	ccBytes, err := cc.MarshalBinary()
	if err != nil {
		return fmt.Errorf("marshal CC: %w", err)
	}

	if err := t.sendTPDU(ccBytes); err != nil {
		return fmt.Errorf("send CC: %w", err)
	}

	return nil
}

func sendDR(t *cotpTransport, destRef uint16, reason uint8) {
	dr := &cotp.DR{
		DestinationRef: destRef,
		SourceRef:      0,
		Reason:         reason,
	}
	if raw, err := dr.MarshalBinary(); err == nil {
		_ = t.sendTPDU(raw)
	}
}

=== END ./transport/iso/listen.go ===
=== START ./transport/iso/options.go ===
package iso

import (
	"crypto/tls"
	"log/slog"

	mms "github.com/otfabric/go-mms"
)

// Options configures the ISO transport layer for both client and server.
type Options struct {
	callingTSelector []byte
	calledTSelector  []byte
	tlsConfig        *tls.Config
	mmsDialOpts      mms.DialOptions
	hasMmsDialOpts   bool
	logger           *slog.Logger
}

// Option configures an ISO transport connection.
type Option func(*Options)

// WithCallingTSelector sets the calling TSAP selector (COTP CR parameter 0xC1).
// This typically identifies the local endpoint.
func WithCallingTSelector(sel []byte) Option {
	return func(o *Options) {
		o.callingTSelector = append([]byte(nil), sel...)
	}
}

// WithCalledTSelector sets the called TSAP selector (COTP CR parameter 0xC2).
// This typically identifies the remote endpoint.
func WithCalledTSelector(sel []byte) Option {
	return func(o *Options) {
		o.calledTSelector = append([]byte(nil), sel...)
	}
}

// WithClientDialOptions sets the MMS dial options used by the convenience
// [Dial] function. These options are passed to [mms.NewClient] after the
// transport is established. Ignored by [DialTCP] and [Listen].
func WithClientDialOptions(opts mms.DialOptions) Option {
	return func(o *Options) {
		o.mmsDialOpts = opts
		o.hasMmsDialOpts = true
	}
}

// WithTLSConfig enables TLS on the transport connection.
//
// For clients ([DialTCP], [Dial]): the config is used to perform a TLS
// handshake after the TCP connection is established, before the COTP
// handshake. Set ServerName to the expected server hostname for
// certificate verification.
//
// For servers ([Listen], [NewListener]): the config is used to accept
// TLS connections. Include server certificates and optionally set
// ClientAuth to request client certificates.
//
// The standard port for MMS over TLS is 3782 (vs 102 for plaintext).
func WithTLSConfig(cfg *tls.Config) Option {
	return func(o *Options) {
		o.tlsConfig = cfg
	}
}

// WithLogger sets a structured logger for the ISO transport layer.
// Used by [Listener] to log per-connection handshake failures.
func WithLogger(l *slog.Logger) Option {
	return func(o *Options) {
		o.logger = l
	}
}

func applyOptions(opts []Option) Options {
	var o Options
	for _, fn := range opts {
		fn(&o)
	}
	return o
}

=== END ./transport/iso/options.go ===
=== START ./transport/iso/transport.go ===
package iso

import (
	"context"
	"crypto/tls"
	"fmt"
	"net"
	"sync"
	"time"

	"github.com/otfabric/go-cotp"
	"github.com/otfabric/go-tpkt"
)

// cotpTransport implements mms.Transport over a TCP+TPKT+COTP connection.
// It sends and receives COTP DT TPDUs carrying session-layer data.
type cotpTransport struct {
	mu     sync.Mutex
	closed bool
	conn   net.Conn
	reader *tpkt.Reader
	writer *tpkt.Writer
}

func newCOTPTransport(conn net.Conn) *cotpTransport {
	return &cotpTransport{
		conn:   conn,
		reader: tpkt.NewReader(conn),
		writer: tpkt.NewWriter(conn),
	}
}

func (t *cotpTransport) isClosed() bool {
	t.mu.Lock()
	defer t.mu.Unlock()
	return t.closed
}

// Send encodes data as a COTP DT TPDU and writes it as a TPKT frame.
// If the context has a deadline, it is applied to the underlying TCP write.
// Returns [net.ErrClosed] if the transport has been closed.
func (t *cotpTransport) Send(ctx context.Context, data []byte) error {
	if t.isClosed() {
		return net.ErrClosed
	}

	dt := &cotp.DT{EOT: true, UserData: data}
	raw, err := dt.MarshalBinary()
	if err != nil {
		return fmt.Errorf("cotp marshal DT: %w", err)
	}

	if deadline, ok := ctx.Deadline(); ok {
		if err := t.conn.SetWriteDeadline(deadline); err != nil {
			return err
		}
		defer t.conn.SetWriteDeadline(time.Time{})
	}

	if _, err := t.writer.WriteFrame(raw); err != nil {
		return fmt.Errorf("tpkt write: %w", err)
	}
	return nil
}

// Receive reads the next TPKT frame, decodes the COTP DT TPDU, and returns
// the user data (session-layer payload). Non-DT TPDUs (e.g. DR) cause an error.
// If the context has a deadline, it is applied to the underlying TCP read.
// Returns [net.ErrClosed] if the transport has been closed.
func (t *cotpTransport) Receive(ctx context.Context) ([]byte, error) {
	if t.isClosed() {
		return nil, net.ErrClosed
	}

	if deadline, ok := ctx.Deadline(); ok {
		if err := t.conn.SetReadDeadline(deadline); err != nil {
			return nil, err
		}
		defer t.conn.SetReadDeadline(time.Time{})
	}

	frame, err := t.reader.ReadFrame()
	if err != nil {
		if ctx.Err() != nil {
			return nil, ctx.Err()
		}
		return nil, fmt.Errorf("tpkt read: %w", err)
	}

	decoded, err := cotp.Decode(frame)
	if err != nil {
		return nil, fmt.Errorf("cotp decode: %w", err)
	}

	if decoded.DT == nil {
		return nil, fmt.Errorf("unexpected COTP TPDU type %s (expected DT)", decoded.Type)
	}

	cp := make([]byte, len(decoded.DT.UserData))
	copy(cp, decoded.DT.UserData)
	return cp, nil
}

// Close closes the underlying TCP connection. Subsequent Send or Receive
// calls will return an error. Close is safe to call concurrently and is
// idempotent.
func (t *cotpTransport) Close() error {
	t.mu.Lock()
	defer t.mu.Unlock()
	if t.closed {
		return nil
	}
	t.closed = true
	return t.conn.Close()
}

// RemoteAddr returns the remote network address of the underlying connection.
func (t *cotpTransport) RemoteAddr() net.Addr {
	return t.conn.RemoteAddr()
}

// TLSConnectionState returns the TLS connection state if the underlying
// connection uses TLS. Returns nil if the transport is not TLS-secured.
//
// This can be used to extract peer certificates for authentication:
//
//	if state := t.TLSConnectionState(); state != nil {
//	    certs := state.PeerCertificates
//	}
func (t *cotpTransport) TLSConnectionState() *tls.ConnectionState {
	if tc, ok := t.conn.(*tls.Conn); ok {
		cs := tc.ConnectionState()
		return &cs
	}
	return nil
}

// sendTPDU marshals a COTP TPDU and writes it as a TPKT frame.
// Used during the COTP handshake (CR/CC exchange).
func (t *cotpTransport) sendTPDU(raw []byte) error {
	_, err := t.writer.WriteFrame(raw)
	return err
}

// readTPDU reads one TPKT frame and returns the raw COTP TPDU bytes.
// Used during the COTP handshake (CR/CC exchange).
func (t *cotpTransport) readTPDU() ([]byte, error) {
	return t.reader.ReadFrame()
}

=== END ./transport/iso/transport.go ===
=== START ./types.go ===
package mms

import (
	"context"
	"crypto/tls"
	"encoding/asn1"
	"fmt"
	"net"
	"time"
)

// Transport is an established COTP connection that can send and receive
// session-layer data. The transport/iso subpackage provides production
// implementations; test code typically uses mock transports.
//
// Send transmits the raw session SPDU bytes as COTP user data.
// Receive blocks until data is available or the context is cancelled.
// Close closes the underlying connection.
type Transport interface {
	Send(ctx context.Context, data []byte) error
	Receive(ctx context.Context) ([]byte, error)
	Close() error
}

// TransportListener accepts incoming connections and returns Transport
// instances ready for MMS server use. The production implementation
// lives in the transport/iso subpackage (iso.Listener).
type TransportListener interface {
	Accept(ctx context.Context) (Transport, error)
	Close() error
	Addr() net.Addr
}

// TLSTransport is optionally implemented by [Transport] implementations
// that support TLS. Use a type assertion to check if a transport provides
// TLS connection state:
//
//	if tt, ok := transport.(mms.TLSTransport); ok {
//	    state := tt.TLSConnectionState()
//	}
type TLSTransport interface {
	Transport
	TLSConnectionState() *tls.ConnectionState
}

// RemoteAddrTransport is optionally implemented by [Transport]
// implementations that can report the remote peer's network address.
// Use a type assertion to check:
//
//	if ra, ok := transport.(mms.RemoteAddrTransport); ok {
//	    addr := ra.RemoteAddr()
//	}
type RemoteAddrTransport interface {
	Transport
	RemoteAddr() net.Addr
}

// DomainID identifies an MMS domain (named scope for variables).
type DomainID string

// ItemID identifies a named variable within a domain.
type ItemID string

// InvokeID is a protocol-level request/response correlation identifier.
type InvokeID uint32

// APTitle is an ISO Application Process title (OBJECT IDENTIFIER).
// It is a type alias for [asn1.ObjectIdentifier] so that values can be
// marshaled directly by encoding/asn1 without conversion.
type APTitle = asn1.ObjectIdentifier

// ObjectClass identifies the class of an MMS named object.
type ObjectClass int

const (
	ObjectClassNamedVariable     ObjectClass = 0
	ObjectClassScatteredAccess   ObjectClass = 1
	ObjectClassNamedVariableList ObjectClass = 2
	ObjectClassNamedType         ObjectClass = 3
	ObjectClassSemaphore         ObjectClass = 4
	ObjectClassEventCondition    ObjectClass = 5
	ObjectClassEventAction       ObjectClass = 6
	ObjectClassEventEnrollment   ObjectClass = 7
	ObjectClassJournal           ObjectClass = 8
	ObjectClassDomain            ObjectClass = 9
	ObjectClassProgramInvocation ObjectClass = 10
	ObjectClassOperatorStation   ObjectClass = 11
)

var objectClassNames = [...]string{
	"NamedVariable",
	"ScatteredAccess",
	"NamedVariableList",
	"NamedType",
	"Semaphore",
	"EventCondition",
	"EventAction",
	"EventEnrollment",
	"Journal",
	"Domain",
	"ProgramInvocation",
	"OperatorStation",
}

// String returns the human-readable name of the ObjectClass.
func (c ObjectClass) String() string {
	if int(c) >= 0 && int(c) < len(objectClassNames) {
		return objectClassNames[c]
	}
	return fmt.Sprintf("ObjectClass(%d)", int(c))
}

// ValueType identifies the type of data held in a [Value].
type ValueType int

const (
	ValueTypeBoolean          ValueType = iota
	ValueTypeInteger                    // signed integer
	ValueTypeUnsigned                   // unsigned integer
	ValueTypeFloat                      // IEEE 754 floating point
	ValueTypeBitString                  // ordered sequence of bits
	ValueTypeOctetString                // arbitrary byte sequence
	ValueTypeVisibleString              // ISO 646 visible string
	ValueTypeMmsString                  // MMS string (UTF-8)
	ValueTypeUTCTime                    // UTC timestamp
	ValueTypeBinaryTime                 // binary-encoded time
	ValueTypeArray                      // ordered homogeneous collection
	ValueTypeStructure                  // ordered heterogeneous collection
	ValueTypeDataAccessError            // per-variable access error
	ValueTypeNamedType                  // reference to a named type alias (see TypeSpec.TypeName)
	ValueTypeGeneralizedTime            // ISO 8601 generalized time
	ValueTypeBCD                        // binary-coded decimal
	ValueTypeObjectIdentifier           // ASN.1 OBJECT IDENTIFIER
)

var valueTypeNames = [...]string{
	"Boolean",
	"Integer",
	"Unsigned",
	"Float",
	"BitString",
	"OctetString",
	"VisibleString",
	"MmsString",
	"UTCTime",
	"BinaryTime",
	"Array",
	"Structure",
	"DataAccessError",
	"NamedType",
	"GeneralizedTime",
	"BCD",
	"ObjectIdentifier",
}

// String returns the human-readable name of the ValueType.
func (t ValueType) String() string {
	if int(t) >= 0 && int(t) < len(valueTypeNames) {
		return valueTypeNames[t]
	}
	return fmt.Sprintf("ValueType(%d)", int(t))
}

// DataAccessErrorCode represents per-variable access errors returned
// by MMS read/write operations.
type DataAccessErrorCode int

const (
	DataAccessErrorNone               DataAccessErrorCode = 0
	DataAccessErrorObjectInvalidated  DataAccessErrorCode = 1
	DataAccessErrorHardwareFault      DataAccessErrorCode = 2
	DataAccessErrorTemporarilyUnavail DataAccessErrorCode = 3
	DataAccessErrorObjectAccessDenied DataAccessErrorCode = 4
	DataAccessErrorObjectUndefined    DataAccessErrorCode = 5
	DataAccessErrorInvalidAddress     DataAccessErrorCode = 6
	DataAccessErrorTypeMismatch       DataAccessErrorCode = 7
	DataAccessErrorTypeInconsistent   DataAccessErrorCode = 8
	DataAccessErrorObjectExists       DataAccessErrorCode = 9
	DataAccessErrorObjectAccessUnsup  DataAccessErrorCode = 10
)

var dataAccessErrorNames = [...]string{
	"None",
	"ObjectInvalidated",
	"HardwareFault",
	"TemporarilyUnavailable",
	"ObjectAccessDenied",
	"ObjectUndefined",
	"InvalidAddress",
	"TypeMismatch",
	"TypeInconsistent",
	"ObjectExists",
	"ObjectAccessUnsupported",
}

// String returns the human-readable name of the DataAccessErrorCode.
func (c DataAccessErrorCode) String() string {
	if int(c) >= 0 && int(c) < len(dataAccessErrorNames) {
		return dataAccessErrorNames[c]
	}
	return fmt.Sprintf("DataAccessErrorCode(%d)", int(c))
}

// ErrorClass categorizes MMS service errors from ConfirmedErrorPDU responses.
type ErrorClass int

const (
	ErrorClassVMDState       ErrorClass = 0
	ErrorClassAppReference   ErrorClass = 1
	ErrorClassDefinition     ErrorClass = 2
	ErrorClassResource       ErrorClass = 3
	ErrorClassService        ErrorClass = 4
	ErrorClassServicePreempt ErrorClass = 5
	ErrorClassTimeResolution ErrorClass = 6
	ErrorClassAccess         ErrorClass = 7
	ErrorClassInitiate       ErrorClass = 8
	ErrorClassConclude       ErrorClass = 9
	ErrorClassCancel         ErrorClass = 10
	ErrorClassFile           ErrorClass = 11
	ErrorClassOthers         ErrorClass = 12
)

var errorClassNames = [...]string{
	"VMDState",
	"ApplicationReference",
	"Definition",
	"Resource",
	"Service",
	"ServicePreempt",
	"TimeResolution",
	"Access",
	"Initiate",
	"Conclude",
	"Cancel",
	"File",
	"Others",
}

// String returns the human-readable name of the ErrorClass.
func (c ErrorClass) String() string {
	if int(c) >= 0 && int(c) < len(errorClassNames) {
		return errorClassNames[c]
	}
	return fmt.Sprintf("ErrorClass(%d)", int(c))
}

// VMDLogicalStatus represents the logical status of a VMD (Virtual
// Manufacturing Device).
type VMDLogicalStatus int

const (
	VMDLogicalStatusStateChangesAllowed VMDLogicalStatus = 0
	VMDLogicalStatusNoStateChanges      VMDLogicalStatus = 1
	VMDLogicalStatusLimited             VMDLogicalStatus = 2
)

var vmdLogicalStatusNames = [...]string{
	"StateChangesAllowed",
	"NoStateChanges",
	"Limited",
}

// String returns the human-readable name of the VMDLogicalStatus.
func (s VMDLogicalStatus) String() string {
	if int(s) >= 0 && int(s) < len(vmdLogicalStatusNames) {
		return vmdLogicalStatusNames[s]
	}
	return fmt.Sprintf("VMDLogicalStatus(%d)", int(s))
}

// VMDPhysicalStatus represents the physical status of a VMD.
type VMDPhysicalStatus int

const (
	VMDPhysicalStatusOperational        VMDPhysicalStatus = 0
	VMDPhysicalStatusPartiallyOper      VMDPhysicalStatus = 1
	VMDPhysicalStatusInoperable         VMDPhysicalStatus = 2
	VMDPhysicalStatusNeedsCommissioning VMDPhysicalStatus = 3
)

var vmdPhysicalStatusNames = [...]string{
	"Operational",
	"PartiallyOperational",
	"Inoperable",
	"NeedsCommissioning",
}

// String returns the human-readable name of the VMDPhysicalStatus.
func (s VMDPhysicalStatus) String() string {
	if int(s) >= 0 && int(s) < len(vmdPhysicalStatusNames) {
		return vmdPhysicalStatusNames[s]
	}
	return fmt.Sprintf("VMDPhysicalStatus(%d)", int(s))
}

// ObjectScope specifies the naming scope for MMS operations.
type ObjectScope int

const (
	// ObjectScopeVMD selects VMD-specific scope (global).
	ObjectScopeVMD ObjectScope = iota
	// ObjectScopeDomain selects domain-specific scope (requires a DomainID).
	ObjectScopeDomain
	// ObjectScopeAssociation selects objects scoped to a single
	// association. Association-scope storage is supported, but
	// server-side listing and lifecycle management are not yet
	// implemented.
	ObjectScopeAssociation
)

var objectScopeNames = [...]string{
	"VMD",
	"Domain",
	"Association",
}

// String returns the human-readable name of the ObjectScope.
func (s ObjectScope) String() string {
	if int(s) >= 0 && int(s) < len(objectScopeNames) {
		return objectScopeNames[s]
	}
	return fmt.Sprintf("ObjectScope(%d)", int(s))
}

// ObjectName identifies a named MMS object within a specific scope.
//
// For domain-specific names (the most common case), set Scope to
// [ObjectScopeDomain] with both Domain and ItemID. For VMD-specific
// names, set Scope to [ObjectScopeVMD] and only ItemID. For
// association-specific names, set Scope to [ObjectScopeAssociation]
// and only ItemID.
//
// Note: Scope defaults to [ObjectScopeVMD] (zero value). When
// constructing domain-specific names, always set Scope explicitly.
type ObjectName struct {
	Scope  ObjectScope
	Domain DomainID
	ItemID ItemID
}

// AccessSelector selects a sub-element of a variable for alternate access.
// Exactly one of Component, Index, or IndexRange must be set.
type AccessSelector struct {
	// Component selects a structure member by name.
	Component string

	// Index selects a single array element by zero-based index.
	Index *int

	// IndexRange selects a contiguous range of array elements.
	IndexRange *IndexRange
}

// IndexRange specifies a contiguous range of array elements.
type IndexRange struct {
	Start int // zero-based start index
	Count int // number of elements to select
}

// SelectComponent returns an [AccessSelector] that selects a structure
// member by name.
func SelectComponent(name string) AccessSelector {
	return AccessSelector{Component: name}
}

// SelectIndex returns an [AccessSelector] that selects a single array
// element by zero-based index.
func SelectIndex(i int) AccessSelector {
	return AccessSelector{Index: &i}
}

// SelectRange returns an [AccessSelector] that selects a contiguous
// range of array elements starting at low with count elements.
func SelectRange(low, count int) AccessSelector {
	return AccessSelector{IndexRange: &IndexRange{Start: low, Count: count}}
}

// VariableSpec identifies a variable with optional sub-element selection
// via alternate access. Use this with [Client.ReadVariables] and
// [Client.WriteVariables] for component, index, or range access.
type VariableSpec struct {
	Name            ObjectName
	AlternateAccess []AccessSelector
}

// TypeSpecElement represents a single element within a structure type specification.
type TypeSpecElement struct {
	Name string
	Type TypeSpec
}

// TypeSpec describes the MMS type of a variable.
//
// Currently supported type-spec variants: Boolean, Integer, Unsigned,
// Float, BitString, OctetString, VisibleString, MmsString, UTCTime,
// BinaryTime, Array, Structure, and named type references (TypeName).
//
// All MMS type-spec variants are modeled including GeneralizedTime,
// BCD, and ObjectIdentifier.
type TypeSpec struct {
	Type     ValueType
	Elements []TypeSpecElement // for Structure
	Count    int               // for Array: element count
	Element  *TypeSpec         // for Array: element type
	Size     int               // for Integer/Unsigned: bit width; for BitString/OctetString/VisibleString/MmsString: size

	// Float-specific fields (only valid when Type is ValueTypeFloat).
	FormatWidth   int // total float format width in bits (e.g. 32, 64)
	ExponentWidth int // exponent width in bits (e.g. 8 for IEEE 754 single)

	// TypeName holds the referenced ObjectName when the server returns
	// a typeName reference instead of an inline type definition.
	// Non-nil only when this TypeSpec represents a named type alias.
	TypeName *ObjectName
}

// ChildByName returns the TypeSpec of a structure element by name.
// Returns false if the TypeSpec is not a structure or the name is
// not found.
func (ts *TypeSpec) ChildByName(name string) (*TypeSpec, bool) {
	if ts.Type != ValueTypeStructure {
		return nil, false
	}
	for i := range ts.Elements {
		if ts.Elements[i].Name == name {
			return &ts.Elements[i].Type, true
		}
	}
	return nil, false
}

// ChildByIndex returns the TypeSpec of a structure element or array
// element by index. For structures, the index maps to the element
// order. For arrays, the element type is returned regardless of index
// (as long as the index is within bounds).
func (ts *TypeSpec) ChildByIndex(index int) (*TypeSpec, bool) {
	switch ts.Type {
	case ValueTypeStructure:
		if index < 0 || index >= len(ts.Elements) {
			return nil, false
		}
		return &ts.Elements[index].Type, true
	case ValueTypeArray:
		if index < 0 || index >= ts.Count {
			return nil, false
		}
		return ts.Element, ts.Element != nil
	default:
		return nil, false
	}
}

// ShallowCompatible returns true if the given value's top-level type
// matches this TypeSpec. For structures and arrays it additionally
// checks element count, but does not recurse into nested child types.
// Use this for quick pre-flight checks; it does not guarantee the value
// is deeply valid against the full type tree.
func (ts *TypeSpec) ShallowCompatible(v *Value) bool {
	if v == nil {
		return false
	}
	if v.Type() != ts.Type {
		return false
	}
	switch ts.Type {
	case ValueTypeStructure:
		elems, ok := v.Structure()
		if !ok {
			return false
		}
		return len(elems) == len(ts.Elements)
	case ValueTypeArray:
		elems, ok := v.ArrayElements()
		if !ok {
			return false
		}
		return len(elems) == ts.Count
	default:
		return true
	}
}

// DefaultValue creates a zero-valued [Value] matching this TypeSpec.
// For structures and arrays, all elements are recursively initialized.
// Returns nil for unsupported or named-type-reference specs.
//
// For arrays, when Element is nil or Count is 0 the method returns an
// empty array (no elements). This is a deliberate best-effort placeholder:
// a non-zero Count with nil Element means the type spec is incomplete
// (the element type is unknown), so no elements can be initialized.
func (ts *TypeSpec) DefaultValue() *Value {
	switch ts.Type {
	case ValueTypeBoolean:
		return NewBoolean(false)
	case ValueTypeInteger:
		return NewInteger(0)
	case ValueTypeUnsigned:
		return NewUnsigned(0)
	case ValueTypeFloat:
		return NewFloat(0)
	case ValueTypeBitString:
		if ts.Size > 0 {
			return NewBitStringWithLength(make([]byte, (ts.Size+7)/8), ts.Size)
		}
		return NewBitString(nil)
	case ValueTypeOctetString:
		return NewOctetString(nil)
	case ValueTypeVisibleString:
		return NewVisibleString("")
	case ValueTypeMmsString:
		return NewMmsString("")
	case ValueTypeUTCTime:
		return NewUTCTime(time.Time{})
	case ValueTypeBinaryTime:
		return NewBinaryTime(0)
	case ValueTypeGeneralizedTime:
		return NewGeneralizedTime(time.Time{})
	case ValueTypeBCD:
		return NewBCD(0)
	case ValueTypeObjectIdentifier:
		return NewObjectIdentifier(nil)
	case ValueTypeStructure:
		elems := make([]*Value, len(ts.Elements))
		for i := range ts.Elements {
			elems[i] = ts.Elements[i].Type.DefaultValue()
			if elems[i] == nil {
				return nil
			}
		}
		return NewStructure(elems)
	case ValueTypeArray:
		if ts.Element == nil || ts.Count == 0 {
			return NewArray(nil)
		}
		elems := make([]*Value, ts.Count)
		for i := range elems {
			elems[i] = ts.Element.DefaultValue()
			if elems[i] == nil {
				return nil
			}
		}
		return NewArray(elems)
	default:
		return nil
	}
}

// Resolve traverses the type tree using a chain of access selectors,
// returning the TypeSpec of the selected sub-element.
func (ts *TypeSpec) Resolve(selectors ...AccessSelector) (*TypeSpec, error) {
	cur := ts
	for i, sel := range selectors {
		if cur == nil {
			return nil, fmt.Errorf("nil TypeSpec at selector [%d]", i)
		}
		switch {
		case sel.Component != "":
			child, ok := cur.ChildByName(sel.Component)
			if !ok {
				return nil, fmt.Errorf("selector [%d]: component %q not found in %s", i, sel.Component, cur.Type)
			}
			cur = child
		case sel.Index != nil:
			child, ok := cur.ChildByIndex(*sel.Index)
			if !ok {
				return nil, fmt.Errorf("selector [%d]: index %d out of range for %s", i, *sel.Index, cur.Type)
			}
			cur = child
		case sel.IndexRange != nil:
			if cur.Type != ValueTypeArray {
				return nil, fmt.Errorf("selector [%d]: index range on non-array type %s", i, cur.Type)
			}
			if cur.Element == nil {
				return nil, fmt.Errorf("selector [%d]: array has no element type", i)
			}
			sub := TypeSpec{
				Type:    ValueTypeArray,
				Count:   sel.IndexRange.Count,
				Element: cur.Element,
			}
			cur = &sub
		default:
			return nil, fmt.Errorf("selector [%d]: no field set", i)
		}
	}
	return cur, nil
}

// ServerIdentity holds the result of an MMS Identify service response.
type ServerIdentity struct {
	Vendor   string
	Model    string
	Revision string
}

// ServerStatus holds the result of an MMS Status service response.
type ServerStatus struct {
	Logical  VMDLogicalStatus
	Physical VMDPhysicalStatus
}

// InformationReportIndication is delivered to the client when the
// server sends an unsolicited InformationReport.
type InformationReportIndication struct {
	// ListName is set when the report references a named variable list.
	// When nil, Variables contains the individual variable specifications.
	ListName *ObjectName

	// Variables lists the individual variable specifications. Empty
	// when the report uses a named variable list (ListName is set).
	Variables []ObjectName

	// Values holds one value per variable (or per list member).
	Values []*Value
}

// InformationReportHandler is called when the client receives an
// unsolicited InformationReport from the server.
//
// The handler is called on the client's internal reader goroutine.
// Long-running work should be dispatched to a separate goroutine.
type InformationReportHandler func(report *InformationReportIndication)

// InformationReportRequest is used to send an InformationReport from the
// server to a connected client.
type InformationReportRequest struct {
	// ListName references a named variable list. When set, Variables
	// should be empty — the receiver uses the list definition.
	ListName *ObjectName

	// Variables lists the individual variable names. Ignored if
	// ListName is set.
	Variables []ObjectName

	// Values holds one value per variable (or per list member).
	Values []*Value
}

// NVLAccessResult extends [AccessResult] with the variable
// specification that produced it, as returned when
// [ReadNamedVariableListOptions.SpecificationWithResult] is true.
type NVLAccessResult struct {
	Variable  *VariableSpec
	Value     *Value
	ErrorCode DataAccessErrorCode
}

// WriteAccessResult holds the per-variable outcome from a multi-variable
// write operation. Success is true when ErrorCode is zero.
type WriteAccessResult struct {
	Index     int
	Success   bool
	ErrorCode DataAccessErrorCode
}

// NegotiatedParameters holds the MMS parameters negotiated during
// association establishment. Access via [Client.Negotiated].
type NegotiatedParameters struct {
	MaxPDUSize    int
	MaxOutCalling int
	MaxOutCalled  int
	NestingLevel  int
	ServerVersion int
}

// FileOpenOptions configures a [Client.FileOpen] call. The zero value
// opens the file at position 0 (start of file).
type FileOpenOptions struct {
	// InitialPosition is the byte offset at which to begin reading.
	InitialPosition uint32
}

// FileDirectoryRequest specifies the scope and pagination for a
// file directory listing. The zero value lists all files.
type FileDirectoryRequest struct {
	FileSpec      string
	ContinueAfter string
}

// FileDirectoryResult holds the result of a paginated file directory
// listing.
type FileDirectoryResult struct {
	Entries       []FileDirectoryEntry
	MoreFollows   bool
	ContinueAfter string
}

// FileListRequest is the server-side file listing request passed to
// [FileProvider.List]. ContinueAfter is the file name to resume after
// (empty for the first page). MaxEntries limits the number of entries
// returned (0 means provider-default).
type FileListRequest struct {
	FileSpec      string
	ContinueAfter string
	MaxEntries    int
}

// FileListResult is the server-side file listing result returned by
// [FileProvider.List].
type FileListResult struct {
	Entries     []FileEntry
	MoreFollows bool
}

// ReadNamedVariableListOptions configures a [Client.ReadNamedVariableList] call.
type ReadNamedVariableListOptions struct {
	// SpecificationWithResult requests that the server include the
	// variable specification alongside each result value. When false
	// (the default), only values are returned.
	SpecificationWithResult bool
}

=== END ./types.go ===
=== START ./value.go ===
package mms

import (
	"bytes"
	"fmt"
	"strings"
	"time"
)

// Value represents an MMS typed data value.
//
// Use the Type method to determine the kind of value, then call the
// corresponding accessor. Accessors return (T, bool) where the bool
// is false if the value's type does not match the accessor — this
// avoids panics for ordinary API misuse.
type Value struct {
	typ ValueType

	// Exactly one of these is populated based on typ.
	boolVal     bool
	intVal      int64
	uintVal     uint64
	floatVal    float64
	bytesVal    []byte // OctetString, BitString
	bitLen      int    // BitString: number of valid bits
	stringVal   string // VisibleString, MmsString
	timeVal     time.Time
	binaryTime  int64
	elementsVal []*Value // Structure, Array
	accessErr   DataAccessErrorCode
	oidVal      []int // ObjectIdentifier arcs
}

// Type returns the [ValueType] of this value.
func (v *Value) Type() ValueType { return v.typ }

// Bool returns the boolean value. ok is false if the value is not
// [ValueTypeBoolean].
func (v *Value) Bool() (val bool, ok bool) {
	if v.typ != ValueTypeBoolean {
		return false, false
	}
	return v.boolVal, true
}

// Int32 returns a signed 32-bit integer. ok is false if the value is
// not [ValueTypeInteger] or if the value overflows int32.
func (v *Value) Int32() (val int32, ok bool) {
	if v.typ != ValueTypeInteger {
		return 0, false
	}
	i := int32(v.intVal)
	if int64(i) != v.intVal {
		return 0, false
	}
	return i, true
}

// Int64 returns a signed 64-bit integer. ok is false if the value is
// not [ValueTypeInteger].
func (v *Value) Int64() (val int64, ok bool) {
	if v.typ != ValueTypeInteger {
		return 0, false
	}
	return v.intVal, true
}

// Uint32 returns an unsigned 32-bit integer. ok is false if the value
// is not [ValueTypeUnsigned] or if the value overflows uint32.
func (v *Value) Uint32() (val uint32, ok bool) {
	if v.typ != ValueTypeUnsigned {
		return 0, false
	}
	u := uint32(v.uintVal)
	if uint64(u) != v.uintVal {
		return 0, false
	}
	return u, true
}

// Uint64 returns an unsigned 64-bit integer. ok is false if the value
// is not [ValueTypeUnsigned].
func (v *Value) Uint64() (val uint64, ok bool) {
	if v.typ != ValueTypeUnsigned {
		return 0, false
	}
	return v.uintVal, true
}

// Float32 returns a 32-bit float. ok is false if the value is not
// [ValueTypeFloat].
func (v *Value) Float32() (val float32, ok bool) {
	if v.typ != ValueTypeFloat {
		return 0, false
	}
	return float32(v.floatVal), true
}

// Float64 returns a 64-bit float. ok is false if the value is not
// [ValueTypeFloat].
func (v *Value) Float64() (val float64, ok bool) {
	if v.typ != ValueTypeFloat {
		return 0, false
	}
	return v.floatVal, true
}

// BitString returns a copy of the bit string as a byte slice. ok is
// false if the value is not [ValueTypeBitString].
func (v *Value) BitString() (val []byte, ok bool) {
	if v.typ != ValueTypeBitString {
		return nil, false
	}
	return copyBytes(v.bytesVal), true
}

// BitStringLength returns the number of valid bits in the bit string.
// ok is false if the value is not [ValueTypeBitString].
func (v *Value) BitStringLength() (val int, ok bool) {
	if v.typ != ValueTypeBitString {
		return 0, false
	}
	return v.bitLen, true
}

// OctetString returns a copy of the octet string. ok is false if the
// value is not [ValueTypeOctetString].
func (v *Value) OctetString() (val []byte, ok bool) {
	if v.typ != ValueTypeOctetString {
		return nil, false
	}
	return copyBytes(v.bytesVal), true
}

// VisibleString returns the visible string. ok is false if the value
// is not [ValueTypeVisibleString].
func (v *Value) VisibleString() (val string, ok bool) {
	if v.typ != ValueTypeVisibleString {
		return "", false
	}
	return v.stringVal, true
}

// MmsString returns the MMS string. ok is false if the value is not
// [ValueTypeMmsString].
func (v *Value) MmsString() (val string, ok bool) {
	if v.typ != ValueTypeMmsString {
		return "", false
	}
	return v.stringVal, true
}

// UTCTime returns the UTC timestamp. ok is false if the value is not
// [ValueTypeUTCTime].
func (v *Value) UTCTime() (val time.Time, ok bool) {
	if v.typ != ValueTypeUTCTime {
		return time.Time{}, false
	}
	return v.timeVal, true
}

// BinaryTime returns the binary time as milliseconds. ok is false if
// the value is not [ValueTypeBinaryTime].
func (v *Value) BinaryTime() (val int64, ok bool) {
	if v.typ != ValueTypeBinaryTime {
		return 0, false
	}
	return v.binaryTime, true
}

// GeneralizedTime returns the generalized timestamp. ok is false if
// the value is not [ValueTypeGeneralizedTime].
func (v *Value) GeneralizedTime() (val time.Time, ok bool) {
	if v.typ != ValueTypeGeneralizedTime {
		return time.Time{}, false
	}
	return v.timeVal, true
}

// BCD returns the BCD-encoded integer value. ok is false if the value
// is not [ValueTypeBCD].
func (v *Value) BCD() (val int64, ok bool) {
	if v.typ != ValueTypeBCD {
		return 0, false
	}
	return v.intVal, true
}

// ObjectIdentifier returns a copy of the OID arcs. ok is false if the
// value is not [ValueTypeObjectIdentifier].
func (v *Value) ObjectIdentifier() (val []int, ok bool) {
	if v.typ != ValueTypeObjectIdentifier {
		return nil, false
	}
	c := make([]int, len(v.oidVal))
	copy(c, v.oidVal)
	return c, true
}

// Structure returns a shallow copy of the elements of a structure
// value. ok is false if the value is not [ValueTypeStructure].
func (v *Value) Structure() (val []*Value, ok bool) {
	if v.typ != ValueTypeStructure {
		return nil, false
	}
	return copyValues(v.elementsVal), true
}

// ArrayElements returns a shallow copy of the elements of an array
// value. ok is false if the value is not [ValueTypeArray].
func (v *Value) ArrayElements() (val []*Value, ok bool) {
	if v.typ != ValueTypeArray {
		return nil, false
	}
	return copyValues(v.elementsVal), true
}

// DataAccessErr returns the data access error code. ok is false if
// the value is not [ValueTypeDataAccessError].
func (v *Value) DataAccessErr() (val DataAccessErrorCode, ok bool) {
	if v.typ != ValueTypeDataAccessError {
		return 0, false
	}
	return v.accessErr, true
}

// Constructors for creating Value instances.

// NewBoolean creates a [Value] of type [ValueTypeBoolean].
func NewBoolean(b bool) *Value {
	return &Value{typ: ValueTypeBoolean, boolVal: b}
}

// NewInteger creates a [Value] of type [ValueTypeInteger].
func NewInteger(i int64) *Value {
	return &Value{typ: ValueTypeInteger, intVal: i}
}

// NewUnsigned creates a [Value] of type [ValueTypeUnsigned].
func NewUnsigned(u uint64) *Value {
	return &Value{typ: ValueTypeUnsigned, uintVal: u}
}

// NewFloat creates a [Value] of type [ValueTypeFloat].
func NewFloat(f float64) *Value {
	return &Value{typ: ValueTypeFloat, floatVal: f}
}

// NewBitString creates a [Value] of type [ValueTypeBitString].
// All bits in the byte slice are considered valid (bitLen = len*8).
func NewBitString(bits []byte) *Value {
	return &Value{typ: ValueTypeBitString, bytesVal: copyBytes(bits), bitLen: len(bits) * 8}
}

// NewBitStringWithLength creates a [Value] of type [ValueTypeBitString]
// with an explicit bit length. Use this when the number of valid bits
// is not a multiple of 8.
func NewBitStringWithLength(bits []byte, bitLen int) *Value {
	return &Value{typ: ValueTypeBitString, bytesVal: copyBytes(bits), bitLen: bitLen}
}

// NewOctetString creates a [Value] of type [ValueTypeOctetString].
func NewOctetString(data []byte) *Value {
	return &Value{typ: ValueTypeOctetString, bytesVal: copyBytes(data)}
}

// NewVisibleString creates a [Value] of type [ValueTypeVisibleString].
func NewVisibleString(s string) *Value {
	return &Value{typ: ValueTypeVisibleString, stringVal: s}
}

// NewMmsString creates a [Value] of type [ValueTypeMmsString].
func NewMmsString(s string) *Value {
	return &Value{typ: ValueTypeMmsString, stringVal: s}
}

// NewUTCTime creates a [Value] of type [ValueTypeUTCTime].
func NewUTCTime(t time.Time) *Value {
	return &Value{typ: ValueTypeUTCTime, timeVal: t}
}

// NewBinaryTime creates a [Value] of type [ValueTypeBinaryTime].
// The value is milliseconds since epoch.
func NewBinaryTime(ms int64) *Value {
	return &Value{typ: ValueTypeBinaryTime, binaryTime: ms}
}

// NewGeneralizedTime creates a [Value] of type [ValueTypeGeneralizedTime].
func NewGeneralizedTime(t time.Time) *Value {
	return &Value{typ: ValueTypeGeneralizedTime, timeVal: t}
}

// NewBCD creates a [Value] of type [ValueTypeBCD].
func NewBCD(v int64) *Value {
	return &Value{typ: ValueTypeBCD, intVal: v}
}

// NewObjectIdentifier creates a [Value] of type [ValueTypeObjectIdentifier].
// The OID slice is defensively copied.
func NewObjectIdentifier(oid []int) *Value {
	var c []int
	if oid != nil {
		c = make([]int, len(oid))
		copy(c, oid)
	}
	return &Value{typ: ValueTypeObjectIdentifier, oidVal: c}
}

// NewArray creates a [Value] of type [ValueTypeArray].
// The element slice is shallow-copied: the slice header is independent
// but the child [*Value] pointers are shared with the caller. Mutating
// a child value after construction is visible through both the original
// slice and this Value. Use [Value.Clone] if full ownership is needed.
func NewArray(elements []*Value) *Value {
	return &Value{typ: ValueTypeArray, elementsVal: copyValues(elements)}
}

// NewStructure creates a [Value] of type [ValueTypeStructure].
// The element slice is shallow-copied: the slice header is independent
// but the child [*Value] pointers are shared with the caller. Mutating
// a child value after construction is visible through both the original
// slice and this Value. Use [Value.Clone] if full ownership is needed.
func NewStructure(elements []*Value) *Value {
	return &Value{typ: ValueTypeStructure, elementsVal: copyValues(elements)}
}

// NewDataAccessError creates a [Value] of type [ValueTypeDataAccessError].
func NewDataAccessError(code DataAccessErrorCode) *Value {
	return &Value{typ: ValueTypeDataAccessError, accessErr: code}
}

// Clone returns a deep copy of the value, including all nested
// structure and array elements.
func (v *Value) Clone() *Value {
	if v == nil {
		return nil
	}
	c := &Value{
		typ:        v.typ,
		boolVal:    v.boolVal,
		intVal:     v.intVal,
		uintVal:    v.uintVal,
		floatVal:   v.floatVal,
		bitLen:     v.bitLen,
		stringVal:  v.stringVal,
		timeVal:    v.timeVal,
		binaryTime: v.binaryTime,
		accessErr:  v.accessErr,
		bytesVal:   copyBytes(v.bytesVal),
	}
	if v.oidVal != nil {
		c.oidVal = make([]int, len(v.oidVal))
		copy(c.oidVal, v.oidVal)
	}
	if v.elementsVal != nil {
		c.elementsVal = make([]*Value, len(v.elementsVal))
		for i, e := range v.elementsVal {
			c.elementsVal[i] = e.Clone()
		}
	}
	return c
}

// Equal returns true if v and other have the same type and value,
// including deep comparison of structures and arrays. Float values
// are compared with exact bitwise equality (==), not approximate
// comparison. If epsilon-based float equality is needed, callers
// should implement that separately.
func (v *Value) Equal(other *Value) bool {
	if v == nil || other == nil {
		return v == other
	}
	if v.typ != other.typ {
		return false
	}
	switch v.typ {
	case ValueTypeBoolean:
		return v.boolVal == other.boolVal
	case ValueTypeInteger:
		return v.intVal == other.intVal
	case ValueTypeUnsigned:
		return v.uintVal == other.uintVal
	case ValueTypeFloat:
		return v.floatVal == other.floatVal
	case ValueTypeBitString:
		return v.bitLen == other.bitLen && bytes.Equal(v.bytesVal, other.bytesVal)
	case ValueTypeOctetString:
		return bytes.Equal(v.bytesVal, other.bytesVal)
	case ValueTypeVisibleString, ValueTypeMmsString:
		return v.stringVal == other.stringVal
	case ValueTypeUTCTime:
		return v.timeVal.Equal(other.timeVal)
	case ValueTypeBinaryTime:
		return v.binaryTime == other.binaryTime
	case ValueTypeGeneralizedTime:
		return v.timeVal.Equal(other.timeVal)
	case ValueTypeBCD:
		return v.intVal == other.intVal
	case ValueTypeObjectIdentifier:
		if len(v.oidVal) != len(other.oidVal) {
			return false
		}
		for i := range v.oidVal {
			if v.oidVal[i] != other.oidVal[i] {
				return false
			}
		}
		return true
	case ValueTypeStructure, ValueTypeArray:
		if len(v.elementsVal) != len(other.elementsVal) {
			return false
		}
		for i := range v.elementsVal {
			if !v.elementsVal[i].Equal(other.elementsVal[i]) {
				return false
			}
		}
		return true
	case ValueTypeDataAccessError:
		return v.accessErr == other.accessErr
	default:
		return false
	}
}

// String returns a human-readable representation of the value for
// debugging and logging.
func (v *Value) String() string {
	if v == nil {
		return "<nil>"
	}
	switch v.typ {
	case ValueTypeBoolean:
		return fmt.Sprintf("%v", v.boolVal)
	case ValueTypeInteger:
		return fmt.Sprintf("%d", v.intVal)
	case ValueTypeUnsigned:
		return fmt.Sprintf("%d", v.uintVal)
	case ValueTypeFloat:
		return fmt.Sprintf("%g", v.floatVal)
	case ValueTypeBitString:
		return fmt.Sprintf("BitString(%d bits)", v.bitLen)
	case ValueTypeOctetString:
		return fmt.Sprintf("OctetString(%d bytes)", len(v.bytesVal))
	case ValueTypeVisibleString:
		return fmt.Sprintf("%q", v.stringVal)
	case ValueTypeMmsString:
		return fmt.Sprintf("MmsString(%q)", v.stringVal)
	case ValueTypeUTCTime:
		return v.timeVal.Format(time.RFC3339)
	case ValueTypeBinaryTime:
		return fmt.Sprintf("BinaryTime(%d ms)", v.binaryTime)
	case ValueTypeStructure:
		var parts []string
		for _, e := range v.elementsVal {
			parts = append(parts, e.String())
		}
		return "{" + strings.Join(parts, ", ") + "}"
	case ValueTypeArray:
		var parts []string
		for _, e := range v.elementsVal {
			parts = append(parts, e.String())
		}
		return "[" + strings.Join(parts, ", ") + "]"
	case ValueTypeGeneralizedTime:
		return v.timeVal.Format("2006-01-02T15:04:05Z")
	case ValueTypeBCD:
		return fmt.Sprintf("BCD(%d)", v.intVal)
	case ValueTypeObjectIdentifier:
		return fmt.Sprintf("OID(%v)", v.oidVal)
	case ValueTypeDataAccessError:
		return fmt.Sprintf("DataAccessError(%s)", v.accessErr)
	default:
		return fmt.Sprintf("Value(type=%d)", int(v.typ))
	}
}

// Get traverses nested structure/array values using a chain of access
// selectors. Returns the selected sub-value or an error if the path
// is invalid.
func (v *Value) Get(selectors ...AccessSelector) (*Value, error) {
	cur := v
	for i, sel := range selectors {
		if cur == nil {
			return nil, fmt.Errorf("nil value at selector [%d]", i)
		}
		switch {
		case sel.Component != "":
			elems, ok := cur.Structure()
			if !ok {
				return nil, fmt.Errorf("selector [%d]: component %q on non-structure type %s", i, sel.Component, cur.typ)
			}
			_ = elems
			return nil, fmt.Errorf("selector [%d]: component access requires TypeSpec context; use TypeSpec.Resolve instead", i)
		case sel.Index != nil:
			idx := *sel.Index
			switch cur.typ {
			case ValueTypeStructure:
				elems, _ := cur.Structure()
				if idx < 0 || idx >= len(elems) {
					return nil, fmt.Errorf("selector [%d]: index %d out of range (structure has %d elements)", i, idx, len(elems))
				}
				cur = elems[idx]
			case ValueTypeArray:
				elems, _ := cur.ArrayElements()
				if idx < 0 || idx >= len(elems) {
					return nil, fmt.Errorf("selector [%d]: index %d out of range (array has %d elements)", i, idx, len(elems))
				}
				cur = elems[idx]
			default:
				return nil, fmt.Errorf("selector [%d]: index on non-composite type %s", i, cur.typ)
			}
		case sel.IndexRange != nil:
			elems, ok := cur.ArrayElements()
			if !ok {
				return nil, fmt.Errorf("selector [%d]: index range on non-array type %s", i, cur.typ)
			}
			start := sel.IndexRange.Start
			count := sel.IndexRange.Count
			if start < 0 || start+count > len(elems) {
				return nil, fmt.Errorf("selector [%d]: range [%d..%d) out of bounds (array has %d elements)", i, start, start+count, len(elems))
			}
			sub := make([]*Value, count)
			copy(sub, elems[start:start+count])
			cur = NewArray(sub)
		default:
			return nil, fmt.Errorf("selector [%d]: no field set", i)
		}
	}
	return cur, nil
}

func copyBytes(b []byte) []byte {
	if b == nil {
		return nil
	}
	c := make([]byte, len(b))
	copy(c, b)
	return c
}

func copyValues(v []*Value) []*Value {
	if v == nil {
		return nil
	}
	c := make([]*Value, len(v))
	copy(c, v)
	return c
}

=== END ./value.go ===
