name,kind,return_type,storage,params,file,line,signature
AcseAuthenticationParameter_create,declaration,LIB61850_API AcseAuthenticationParameter,,void,mms/inc/iso_connection_parameters.h,58,LIB61850_API AcseAuthenticationParameter AcseAuthenticationParameter_create(void)
AcseAuthenticationParameter_destroy,declaration,LIB61850_API void,,AcseAuthenticationParameter self,mms/inc/iso_connection_parameters.h,61,LIB61850_API void AcseAuthenticationParameter_destroy(AcseAuthenticationParameter self)
AcseAuthenticationParameter_destroy,definition,void,,AcseAuthenticationParameter self,mms/iso_common/iso_connection_parameters.c,18,void AcseAuthenticationParameter_destroy(AcseAuthenticationParameter self)
AcseAuthenticationParameter_getAuthMechanism,declaration,LIB61850_API AcseAuthenticationMechanism,,AcseAuthenticationParameter self,mms/inc/iso_connection_parameters.h,67,LIB61850_API AcseAuthenticationMechanism AcseAuthenticationParameter_getAuthMechanism(AcseAuthenticationParameter self)
AcseAuthenticationParameter_getAuthMechanism,definition,AcseAuthenticationMechanism,,AcseAuthenticationParameter self,mms/iso_common/iso_connection_parameters.c,66,AcseAuthenticationMechanism AcseAuthenticationParameter_getAuthMechanism(AcseAuthenticationParameter self)
AcseAuthenticationParameter_getPassword,declaration,LIB61850_API const char*,,AcseAuthenticationParameter self,mms/inc/iso_connection_parameters.h,73,LIB61850_API const char* AcseAuthenticationParameter_getPassword(AcseAuthenticationParameter self)
AcseAuthenticationParameter_getPassword,definition,char*,const,AcseAuthenticationParameter self,mms/iso_common/iso_connection_parameters.c,35,const char* AcseAuthenticationParameter_getPassword(AcseAuthenticationParameter self)
AcseAuthenticationParameter_getPasswordLength,declaration,LIB61850_API int,,AcseAuthenticationParameter self,mms/inc/iso_connection_parameters.h,76,LIB61850_API int AcseAuthenticationParameter_getPasswordLength(AcseAuthenticationParameter self)
AcseAuthenticationParameter_getPasswordLength,definition,int,,AcseAuthenticationParameter self,mms/iso_common/iso_connection_parameters.c,48,int AcseAuthenticationParameter_getPasswordLength(AcseAuthenticationParameter self)
AcseAuthenticationParameter_setAuthMechanism,declaration,LIB61850_API void,,"AcseAuthenticationParameter self, AcseAuthenticationMechanism mechanism",mms/inc/iso_connection_parameters.h,64,"LIB61850_API void AcseAuthenticationParameter_setAuthMechanism(AcseAuthenticationParameter self, AcseAuthenticationMechanism mechanism)"
AcseAuthenticationParameter_setAuthMechanism,definition,void,,"AcseAuthenticationParameter self, AcseAuthenticationMechanism mechanism",mms/iso_common/iso_connection_parameters.c,60,"void AcseAuthenticationParameter_setAuthMechanism(AcseAuthenticationParameter self, AcseAuthenticationMechanism mechanism)"
AcseAuthenticationParameter_setPassword,declaration,LIB61850_API void,,"AcseAuthenticationParameter self, char* password",mms/inc/iso_connection_parameters.h,70,"LIB61850_API void AcseAuthenticationParameter_setPassword(AcseAuthenticationParameter self, char* password)"
AcseAuthenticationParameter_setPassword,definition,void,,"AcseAuthenticationParameter self, char* password",mms/iso_common/iso_connection_parameters.c,28,"void AcseAuthenticationParameter_setPassword(AcseAuthenticationParameter self, char* password)"
AcseConnection_createAbortMessage,declaration,LIB61850_INTERNAL void,,"AcseConnection* self, BufferChain writeBuffer, bool isProvider",mms/inc_private/acse.h,72,"LIB61850_INTERNAL void AcseConnection_createAbortMessage(AcseConnection* self, BufferChain writeBuffer, bool isProvider)"
AcseConnection_createAbortMessage,declaration,(unknown),,"NULL, acseBuffer, false",mms/iso_client/iso_client_connection.c,839,"AcseConnection_createAbortMessage(NULL, acseBuffer, false)"
AcseConnection_createAbortMessage,definition,void,,"AcseConnection* self, BufferChain writeBuffer, bool isProvider",mms/iso_acse/acse.c,807,"void AcseConnection_createAbortMessage(AcseConnection* self, BufferChain writeBuffer, bool isProvider)"
AcseConnection_createAssociateFailedMessage,declaration,LIB61850_INTERNAL void,,"AcseConnection* connection, BufferChain writeBuffer",mms/inc_private/acse.h,54,"LIB61850_INTERNAL void AcseConnection_createAssociateFailedMessage(AcseConnection* connection, BufferChain writeBuffer)"
AcseConnection_createAssociateFailedMessage,definition,void,,"AcseConnection* self, BufferChain writeBuffer",mms/iso_acse/acse.c,507,"void AcseConnection_createAssociateFailedMessage(AcseConnection* self, BufferChain writeBuffer)"
AcseConnection_createAssociateRequestMessage,declaration,LIB61850_INTERNAL void,,"AcseConnection* self, IsoConnectionParameters isoParameters, BufferChain writeBuffer, BufferChain payload, AcseAuthenticationParameter authParameter",mms/inc_private/acse.h,65,"LIB61850_INTERNAL void AcseConnection_createAssociateRequestMessage(AcseConnection* self, IsoConnectionParameters isoParameters, BufferChain writeBuffer, BufferChain payload, AcseAuthenticationParameter authParameter)"
AcseConnection_createAssociateRequestMessage,declaration,(unknown),,"&(self->acseConnection), self->parameters, acseBuffer, acsePayload, authParameter",mms/iso_client/iso_client_connection.c,255,"AcseConnection_createAssociateRequestMessage(&(self->acseConnection), self->parameters, acseBuffer, acsePayload, authParameter)"
AcseConnection_createAssociateRequestMessage,definition,void,,"AcseConnection* self, IsoConnectionParameters isoParameters, BufferChain writeBuffer, BufferChain payload, AcseAuthenticationParameter authParameter",mms/iso_acse/acse.c,603,"void AcseConnection_createAssociateRequestMessage(AcseConnection* self, IsoConnectionParameters isoParameters, BufferChain writeBuffer, BufferChain payload, AcseAuthenticationParameter authParameter)"
AcseConnection_createAssociateResponseMessage,declaration,LIB61850_INTERNAL void,,"AcseConnection* self, uint8_t resultCode, BufferChain acseWriteBuffer, BufferChain payloadBuffer",mms/inc_private/acse.h,57,"LIB61850_INTERNAL void AcseConnection_createAssociateResponseMessage( AcseConnection* self, uint8_t resultCode, BufferChain acseWriteBuffer, BufferChain payloadBuffer )"
AcseConnection_createAssociateResponseMessage,declaration,(unknown),,"self, ACSE_RESULT_REJECT_PERMANENT, writeBuffer, NULL",mms/iso_acse/acse.c,511,"AcseConnection_createAssociateResponseMessage(self, ACSE_RESULT_REJECT_PERMANENT, writeBuffer, NULL)"
AcseConnection_createAssociateResponseMessage,declaration,(unknown),,"self->acseConnection, ACSE_RESULT_ACCEPT, acseBufferPart, mmsBufferPart",mms/iso_server/iso_connection.c,255,"AcseConnection_createAssociateResponseMessage(self->acseConnection, ACSE_RESULT_ACCEPT, acseBufferPart, mmsBufferPart)"
AcseConnection_createAssociateResponseMessage,definition,void,,"AcseConnection* self, uint8_t acseResult, BufferChain writeBuffer, BufferChain payload",mms/iso_acse/acse.c,513,"void AcseConnection_createAssociateResponseMessage(AcseConnection* self, uint8_t acseResult, BufferChain writeBuffer, BufferChain payload )"
AcseConnection_createReleaseRequestMessage,declaration,LIB61850_INTERNAL void,,"AcseConnection* self, BufferChain writeBuffer",mms/inc_private/acse.h,75,"LIB61850_INTERNAL void AcseConnection_createReleaseRequestMessage(AcseConnection* self, BufferChain writeBuffer)"
AcseConnection_createReleaseRequestMessage,declaration,(unknown),,"NULL, acseBuffer",mms/iso_client/iso_client_connection.c,880,"AcseConnection_createReleaseRequestMessage(NULL, acseBuffer)"
AcseConnection_createReleaseRequestMessage,definition,void,,"AcseConnection* self, BufferChain writeBuffer",mms/iso_acse/acse.c,830,"void AcseConnection_createReleaseRequestMessage(AcseConnection* self, BufferChain writeBuffer)"
AcseConnection_createReleaseResponseMessage,declaration,LIB61850_INTERNAL void,,"AcseConnection* self, BufferChain writeBuffer",mms/inc_private/acse.h,78,"LIB61850_INTERNAL void AcseConnection_createReleaseResponseMessage(AcseConnection* self, BufferChain writeBuffer)"
AcseConnection_createReleaseResponseMessage,declaration,(unknown),,"self->acseConnection, acseBufferPart",mms/iso_server/iso_connection.c,383,"AcseConnection_createReleaseResponseMessage(self->acseConnection, acseBufferPart)"
AcseConnection_createReleaseResponseMessage,definition,void,,"AcseConnection* self, BufferChain writeBuffer",mms/iso_acse/acse.c,848,"void AcseConnection_createReleaseResponseMessage(AcseConnection* self, BufferChain writeBuffer)"
AcseConnection_init,declaration,(unknown),,"&(self->acseConnection), NULL, NULL, NULL",mms/iso_client/iso_client_connection.c,245,"AcseConnection_init(&(self->acseConnection), NULL, NULL, NULL)"
AcseConnection_init,definition,void,,"AcseConnection* self, AcseAuthenticator authenticator, void* parameter, TLSSocket tlsSocket",mms/iso_acse/acse.c,425,"void AcseConnection_init(AcseConnection* self, AcseAuthenticator authenticator, void* parameter, TLSSocket tlsSocket)"
AcseConnection_parseMessage,declaration,LIB61850_INTERNAL AcseIndication,,"AcseConnection* self, ByteBuffer* message",mms/inc_private/acse.h,51,"LIB61850_INTERNAL AcseIndication AcseConnection_parseMessage(AcseConnection* self, ByteBuffer* message)"
AcseConnection_parseMessage,declaration,AcseIndication acseIndication =,,"&(self->acseConnection), &self->presentation->nextPayload",mms/iso_client/iso_client_connection.c,485,"AcseIndication acseIndication = AcseConnection_parseMessage(&(self->acseConnection), &self->presentation->nextPayload)"
AcseConnection_parseMessage,declaration,AcseIndication aIndication =,,"self->acseConnection, acseBuffer",mms/iso_server/iso_connection.c,213,"AcseIndication aIndication = AcseConnection_parseMessage(self->acseConnection, acseBuffer)"
AcseConnection_parseMessage,definition,AcseIndication,,"AcseConnection* self, ByteBuffer* message",mms/iso_acse/acse.c,445,"AcseIndication AcseConnection_parseMessage(AcseConnection* self, ByteBuffer* message)"
Asn1PrimitivaValue_compare,declaration,LIB61850_INTERNAL bool,,"Asn1PrimitiveValue* self, Asn1PrimitiveValue* otherValue",mms/inc_private/asn1_ber_primitive_value.h,29,"LIB61850_INTERNAL bool Asn1PrimitivaValue_compare(Asn1PrimitiveValue* self, Asn1PrimitiveValue* otherValue)"
Asn1PrimitivaValue_compare,declaration,case MMS_INTEGER: case MMS_UNSIGNED: return,,"self->value.integer, otherValue->value.integer",mms/iso_mms/common/mms_value.c,113,"case MMS_INTEGER: case MMS_UNSIGNED: return Asn1PrimitivaValue_compare(self->value.integer, otherValue->value.integer)"
Asn1PrimitivaValue_compare,definition,bool,,"Asn1PrimitiveValue* self, Asn1PrimitiveValue* otherValue",mms/asn1/asn1_ber_primitive_value.c,53,"bool Asn1PrimitivaValue_compare(Asn1PrimitiveValue* self, Asn1PrimitiveValue* otherValue)"
Asn1PrimitiveValue_clone,declaration,LIB61850_INTERNAL Asn1PrimitiveValue*,,Asn1PrimitiveValue* self,mms/inc_private/asn1_ber_primitive_value.h,26,LIB61850_INTERNAL Asn1PrimitiveValue* Asn1PrimitiveValue_clone(Asn1PrimitiveValue* self)
Asn1PrimitiveValue_clone,declaration,newValue->value.integer =,,self->value.integer,mms/iso_mms/common/mms_value.c,1191,newValue->value.integer = Asn1PrimitiveValue_clone(self->value.integer)
Asn1PrimitiveValue_clone,definition,Asn1PrimitiveValue*,,Asn1PrimitiveValue* self,mms/asn1/asn1_ber_primitive_value.c,27,Asn1PrimitiveValue* Asn1PrimitiveValue_clone(Asn1PrimitiveValue* self)
Asn1PrimitiveValue_create,declaration,return,,5,mms/asn1/ber_integer.c,29,return Asn1PrimitiveValue_create(5)
Asn1PrimitiveValue_create,declaration,Asn1PrimitiveValue* self =,,maxSize,mms/asn1/ber_integer.c,41,Asn1PrimitiveValue* self = Asn1PrimitiveValue_create(maxSize)
Asn1PrimitiveValue_create,declaration,return,,9,mms/asn1/ber_integer.c,166,return Asn1PrimitiveValue_create(9)
Asn1PrimitiveValue_create,declaration,LIB61850_INTERNAL Asn1PrimitiveValue*,,int size,mms/inc_private/asn1_ber_primitive_value.h,17,LIB61850_INTERNAL Asn1PrimitiveValue* Asn1PrimitiveValue_create(int size)
Asn1PrimitiveValue_destroy,declaration,LIB61850_INTERNAL void,,Asn1PrimitiveValue* self,mms/inc_private/asn1_ber_primitive_value.h,32,LIB61850_INTERNAL void Asn1PrimitiveValue_destroy(Asn1PrimitiveValue* self)
Asn1PrimitiveValue_destroy,declaration,case MMS_INTEGER: case MMS_UNSIGNED:,,self->value.integer,mms/iso_mms/common/mms_value.c,1294,case MMS_INTEGER: case MMS_UNSIGNED: Asn1PrimitiveValue_destroy(self->value.integer)
Asn1PrimitiveValue_destroy,declaration,case MMS_INTEGER: case MMS_UNSIGNED:,,self->value.integer,mms/iso_mms/common/mms_value.c,1338,case MMS_INTEGER: case MMS_UNSIGNED: Asn1PrimitiveValue_destroy(self->value.integer)
Asn1PrimitiveValue_destroy,definition,void,,Asn1PrimitiveValue* self,mms/asn1/asn1_ber_primitive_value.c,79,void Asn1PrimitiveValue_destroy(Asn1PrimitiveValue* self)
Asn1PrimitiveValue_getMaxSize,declaration,LIB61850_INTERNAL int,,Asn1PrimitiveValue* self,mms/inc_private/asn1_ber_primitive_value.h,23,LIB61850_INTERNAL int Asn1PrimitiveValue_getMaxSize(Asn1PrimitiveValue* self)
Asn1PrimitiveValue_getMaxSize,definition,int,,Asn1PrimitiveValue* self,mms/asn1/asn1_ber_primitive_value.c,73,int Asn1PrimitiveValue_getMaxSize(Asn1PrimitiveValue* self)
Asn1PrimitiveValue_getSize,declaration,LIB61850_INTERNAL int,,Asn1PrimitiveValue* self,mms/inc_private/asn1_ber_primitive_value.h,20,LIB61850_INTERNAL int Asn1PrimitiveValue_getSize(Asn1PrimitiveValue* self)
Asn1PrimitiveValue_getSize,definition,int,,Asn1PrimitiveValue* self,mms/asn1/asn1_ber_primitive_value.c,67,int Asn1PrimitiveValue_getSize(Asn1PrimitiveValue* self)
BerDecoder_decodeBoolean,declaration,LIB61850_INTERNAL bool,,"uint8_t* buffer, int bufPos",mms/inc_private/ber_decode.h,24,"LIB61850_INTERNAL bool BerDecoder_decodeBoolean(uint8_t* buffer, int bufPos)"
BerDecoder_decodeBoolean,declaration,case 0x81: moreFollows =,,"buffer, bufPos",mms/iso_mms/client/mms_client_files.c,645,"case 0x81: moreFollows = BerDecoder_decodeBoolean(buffer, bufPos)"
BerDecoder_decodeBoolean,declaration,case 0x81: *moreFollows =,,"buffer, bufPos",mms/iso_mms/client/mms_client_files.c,767,"case 0x81: *moreFollows = BerDecoder_decodeBoolean(buffer, bufPos)"
BerDecoder_decodeBoolean,declaration,bool extendedDerivation =,,"requestBuffer, bufPos",mms/iso_mms/server/mms_status_service.c,15,"bool extendedDerivation = BerDecoder_decodeBoolean(requestBuffer, bufPos)"
BerDecoder_decodeBoolean,definition,bool,,"uint8_t* buffer, int bufPos",mms/asn1/ber_decode.c,208,"bool BerDecoder_decodeBoolean(uint8_t* buffer, int bufPos)"
BerDecoder_decodeDouble,declaration,LIB61850_INTERNAL double,,"uint8_t* buffer, int bufPos",mms/inc_private/ber_decode.h,21,"LIB61850_INTERNAL double BerDecoder_decodeDouble(uint8_t* buffer, int bufPos)"
BerDecoder_decodeDouble,definition,double,,"uint8_t* buffer, int bufPos",mms/asn1/ber_decode.c,183,"double BerDecoder_decodeDouble(uint8_t* buffer, int bufPos)"
BerDecoder_decodeFloat,declaration,LIB61850_INTERNAL float,,"uint8_t* buffer, int bufPos",mms/inc_private/ber_decode.h,18,"LIB61850_INTERNAL float BerDecoder_decodeFloat(uint8_t* buffer, int bufPos)"
BerDecoder_decodeFloat,definition,float,,"uint8_t* buffer, int bufPos",mms/asn1/ber_decode.c,158,"float BerDecoder_decodeFloat(uint8_t* buffer, int bufPos)"
BerDecoder_decodeInt32,declaration,LIB61850_INTERNAL int32_t,,"uint8_t* buffer, int intlen, int bufPos",mms/inc_private/ber_decode.h,15,"LIB61850_INTERNAL int32_t BerDecoder_decodeInt32(uint8_t* buffer, int intlen, int bufPos)"
BerDecoder_decodeInt32,declaration,*rejectReason =,,"buffer, length, bufPos",mms/iso_mms/client/mms_client_connection.c,674,"*rejectReason = BerDecoder_decodeInt32(buffer, length, bufPos)"
BerDecoder_decodeInt32,declaration,int32_t frsmId =,,"buffer, maxBufPos - bufPos, bufPos",mms/iso_mms/client/mms_client_files.c,168,"int32_t frsmId = BerDecoder_decodeInt32(buffer, maxBufPos - bufPos, bufPos)"
BerDecoder_decodeInt32,declaration,int32_t frsmId =,,"buffer, maxBufPos - bufPos, bufPos",mms/iso_mms/client/mms_client_files.c,192,"int32_t frsmId = BerDecoder_decodeInt32(buffer, maxBufPos - bufPos, bufPos)"
BerDecoder_decodeInt32,declaration,case 0x80: *frsmId =,,"buffer, length, bufPos",mms/iso_mms/client/mms_client_files.c,699,"case 0x80: *frsmId = BerDecoder_decodeInt32(buffer, length, bufPos)"
BerDecoder_decodeInt32,declaration,int32_t frsmId =,,"buffer, maxBufPos - bufPos, bufPos",mms/iso_mms/server/mms_file_service.c,866,"int32_t frsmId = BerDecoder_decodeInt32(buffer, maxBufPos - bufPos, bufPos)"
BerDecoder_decodeInt32,declaration,int32_t frsmId =,,"buffer, maxBufPos - bufPos, bufPos",mms/iso_mms/server/mms_file_service.c,892,"int32_t frsmId = BerDecoder_decodeInt32(buffer, maxBufPos - bufPos, bufPos)"
BerDecoder_decodeInt32,definition,int32_t,,"uint8_t* buffer, int intlen, int bufPos",mms/asn1/ber_decode.c,136,"int32_t BerDecoder_decodeInt32(uint8_t* buffer, int intlen, int bufPos)"
BerDecoder_decodeLength,declaration,bufPos =,,"buffer, &len, bufPos, maxBufPos",mms/iso_acse/acse.c,108,"bufPos = BerDecoder_decodeLength(buffer, &len, bufPos, maxBufPos)"
BerDecoder_decodeLength,declaration,bufPos =,,"buffer, &len, bufPos, maxBufPos",mms/iso_acse/acse.c,175,"bufPos = BerDecoder_decodeLength(buffer, &len, bufPos, maxBufPos)"
BerDecoder_decodeLength,declaration,bufPos =,,"buffer, &len, bufPos, maxBufPos",mms/iso_acse/acse.c,203,"bufPos = BerDecoder_decodeLength(buffer, &len, bufPos, maxBufPos)"
BerDecoder_decodeLength,declaration,bufPos =,,"buffer, &len, bufPos, maxBufPos",mms/iso_acse/acse.c,227,"bufPos = BerDecoder_decodeLength(buffer, &len, bufPos, maxBufPos)"
BerDecoder_decodeLength,declaration,bufPos =,,"buffer, &len, bufPos, maxBufPos",mms/iso_acse/acse.c,275,"bufPos = BerDecoder_decodeLength(buffer, &len, bufPos, maxBufPos)"
BerDecoder_decodeLength,declaration,bufPos =,,"buffer, &len, bufPos, maxBufPos",mms/iso_acse/acse.c,350,"bufPos = BerDecoder_decodeLength(buffer, &len, bufPos, maxBufPos)"
BerDecoder_decodeLength,declaration,bufPos =,,"buffer, &len, bufPos, maxBufPos",mms/iso_acse/acse.c,374,"bufPos = BerDecoder_decodeLength(buffer, &len, bufPos, maxBufPos)"
BerDecoder_decodeLength,declaration,bufPos =,,"buffer, &len, bufPos, messageSize",mms/iso_acse/acse.c,468,"bufPos = BerDecoder_decodeLength(buffer, &len, bufPos, messageSize)"
BerDecoder_decodeLength,declaration,bufPos =,,"buffer, &length, bufPos, endPos",mms/iso_mms/client/mms_client_connection.c,533,"bufPos = BerDecoder_decodeLength(buffer, &length, bufPos, endPos)"
BerDecoder_decodeLength,declaration,bufPos =,,"buffer, &length, bufPos, endPos",mms/iso_mms/client/mms_client_connection.c,543,"bufPos = BerDecoder_decodeLength(buffer, &length, bufPos, endPos)"
BerDecoder_decodeLength,declaration,bufPos =,,"buffer, &length, bufPos, maxBufPos",mms/iso_mms/client/mms_client_connection.c,585,"bufPos = BerDecoder_decodeLength(buffer, &length, bufPos, maxBufPos)"
BerDecoder_decodeLength,declaration,bufPos =,,"buffer, &length, bufPos, maxBufPos",mms/iso_mms/client/mms_client_connection.c,595,"bufPos = BerDecoder_decodeLength(buffer, &length, bufPos, maxBufPos)"
BerDecoder_decodeLength,declaration,bufPos =,,"buffer, &length, bufPos, maxBufPos",mms/iso_mms/client/mms_client_connection.c,647,"bufPos = BerDecoder_decodeLength(buffer, &length, bufPos, maxBufPos)"
BerDecoder_decodeLength,declaration,bufPos =,,"buffer, &length, bufPos, maxBufPos",mms/iso_mms/client/mms_client_connection.c,657,"bufPos = BerDecoder_decodeLength(buffer, &length, bufPos, maxBufPos)"
BerDecoder_decodeLength,declaration,bufPos =,,"buf, &length, bufPos, payload->size",mms/iso_mms/client/mms_client_connection.c,1360,"bufPos = BerDecoder_decodeLength(buf, &length, bufPos, payload->size)"
BerDecoder_decodeLength,declaration,bufPos =,,"buf, &invokeIdLength, bufPos, payload->size",mms/iso_mms/client/mms_client_connection.c,1368,"bufPos = BerDecoder_decodeLength(buf, &invokeIdLength, bufPos, payload->size)"
BerDecoder_decodeLength,declaration,bufPos =,,"buf, &length, bufPos, payload->size",mms/iso_mms/client/mms_client_connection.c,1417,"bufPos = BerDecoder_decodeLength(buf, &length, bufPos, payload->size)"
BerDecoder_decodeLength,declaration,bufPos =,,"buf, &length, bufPos, payload->size",mms/iso_mms/client/mms_client_connection.c,1436,"bufPos = BerDecoder_decodeLength(buf, &length, bufPos, payload->size)"
BerDecoder_decodeLength,declaration,bufPos =,,"buffer, &length, bufPos, maxBufPos",mms/iso_mms/client/mms_client_files.c,74,"bufPos = BerDecoder_decodeLength(buffer, &length, bufPos, maxBufPos)"
BerDecoder_decodeLength,declaration,bufPos =,,"buffer, &length, bufPos, endPos",mms/iso_mms/client/mms_client_files.c,453,"bufPos = BerDecoder_decodeLength(buffer, &length, bufPos, endPos)"
BerDecoder_decodeLength,declaration,bufPos =,,"buffer, &length, bufPos, maxBufPos",mms/iso_mms/client/mms_client_files.c,502,"bufPos = BerDecoder_decodeLength(buffer, &length, bufPos, maxBufPos)"
BerDecoder_decodeLength,declaration,bufPos =,,"buffer, &length, bufPos, maxBufPos",mms/iso_mms/client/mms_client_files.c,517,"bufPos = BerDecoder_decodeLength(buffer, &length, bufPos, maxBufPos)"
BerDecoder_decodeLength,declaration,bufPos =,,"buffer, &length, bufPos, maxBufPos",mms/iso_mms/client/mms_client_files.c,572,"bufPos = BerDecoder_decodeLength(buffer, &length, bufPos, maxBufPos)"
BerDecoder_decodeLength,declaration,bufPos =,,"buffer, &length, bufPos, maxBufPos",mms/iso_mms/client/mms_client_files.c,581,"bufPos = BerDecoder_decodeLength(buffer, &length, bufPos, maxBufPos)"
BerDecoder_decodeLength,declaration,bufPos =,,"buffer, &length, bufPos, maxBufPos",mms/iso_mms/client/mms_client_files.c,625,"bufPos = BerDecoder_decodeLength(buffer, &length, bufPos, maxBufPos)"
BerDecoder_decodeLength,declaration,bufPos =,,"buffer, &length, bufPos, maxBufPos",mms/iso_mms/client/mms_client_files.c,635,"bufPos = BerDecoder_decodeLength(buffer, &length, bufPos, maxBufPos)"
BerDecoder_decodeLength,declaration,bufPos =,,"buffer, &length, bufPos, maxBufPos",mms/iso_mms/client/mms_client_files.c,684,"bufPos = BerDecoder_decodeLength(buffer, &length, bufPos, maxBufPos)"
BerDecoder_decodeLength,declaration,bufPos =,,"buffer, &length, bufPos, maxBufPos",mms/iso_mms/client/mms_client_files.c,693,"bufPos = BerDecoder_decodeLength(buffer, &length, bufPos, maxBufPos)"
BerDecoder_decodeLength,declaration,bufPos =,,"buffer, &length, bufPos, maxBufPos",mms/iso_mms/client/mms_client_files.c,746,"bufPos = BerDecoder_decodeLength(buffer, &length, bufPos, maxBufPos)"
BerDecoder_decodeLength,declaration,bufPos =,,"buffer, &length, bufPos, maxBufPos",mms/iso_mms/client/mms_client_files.c,755,"bufPos = BerDecoder_decodeLength(buffer, &length, bufPos, maxBufPos)"
BerDecoder_decodeLength,declaration,bufPos =,,"buffer, &length, bufPos, maxBufPos",mms/iso_mms/client/mms_client_get_namelist.c,106,"bufPos = BerDecoder_decodeLength(buffer, &length, bufPos, maxBufPos)"
BerDecoder_decodeLength,declaration,bufPos =,,"buffer, &length, bufPos, maxBufPos",mms/iso_mms/client/mms_client_get_namelist.c,113,"bufPos = BerDecoder_decodeLength(buffer, &length, bufPos, maxBufPos)"
BerDecoder_decodeLength,declaration,bufPos =,,"buffer, &length, bufPos, maxBufPos",mms/iso_mms/client/mms_client_get_namelist.c,121,"bufPos = BerDecoder_decodeLength(buffer, &length, bufPos, maxBufPos)"
BerDecoder_decodeLength,declaration,bufPos =,,"buffer, &length, bufPos, maxBufPos",mms/iso_mms/client/mms_client_get_namelist.c,127,"bufPos = BerDecoder_decodeLength(buffer, &length, bufPos, maxBufPos)"
BerDecoder_decodeLength,declaration,bufPos =,,"buffer, &length, bufPos, maxBufPos",mms/iso_mms/client/mms_client_get_namelist.c,141,"bufPos = BerDecoder_decodeLength(buffer, &length, bufPos, maxBufPos)"
BerDecoder_decodeLength,declaration,bufPos =,,"buffer, &length, bufPos, maxBufPos",mms/iso_mms/client/mms_client_get_namelist.c,156,"bufPos = BerDecoder_decodeLength(buffer, &length, bufPos, maxBufPos)"
BerDecoder_decodeLength,declaration,bufPos =,,"buffer, &length, bufPos, maxBufPos",mms/iso_mms/client/mms_client_identify.c,44,"bufPos = BerDecoder_decodeLength(buffer, &length, bufPos, maxBufPos)"
BerDecoder_decodeLength,declaration,bufPos =,,"buffer, &length, bufPos, maxBufPos",mms/iso_mms/client/mms_client_identify.c,62,"bufPos = BerDecoder_decodeLength(buffer, &length, bufPos, maxBufPos)"
BerDecoder_decodeLength,declaration,bufPos =,,"buffer, &length, bufPos, maxBufPos",mms/iso_mms/client/mms_client_initiate.c,107,"bufPos = BerDecoder_decodeLength(buffer, &length, bufPos, maxBufPos)"
BerDecoder_decodeLength,declaration,bufPos =,,"buffer, &length, bufPos, maxBufPos",mms/iso_mms/client/mms_client_initiate.c,157,"bufPos = BerDecoder_decodeLength(buffer, &length, bufPos, maxBufPos)"
BerDecoder_decodeLength,declaration,bufPos =,,"buffer, &length, bufPos, maxBufPos",mms/iso_mms/client/mms_client_initiate.c,164,"bufPos = BerDecoder_decodeLength(buffer, &length, bufPos, maxBufPos)"
BerDecoder_decodeLength,declaration,bufPos =,,"buffer, &length, bufPos, maxBufPos",mms/iso_mms/client/mms_client_journals.c,24,"bufPos = BerDecoder_decodeLength(buffer, &length, bufPos, maxBufPos)"
BerDecoder_decodeLength,declaration,bufPos =,,"buffer, &length, bufPos, maxBufPos",mms/iso_mms/client/mms_client_journals.c,83,"bufPos = BerDecoder_decodeLength(buffer, &length, bufPos, maxBufPos)"
BerDecoder_decodeLength,declaration,bufPos =,,"buffer, &length, bufPos, maxBufPos",mms/iso_mms/client/mms_client_journals.c,152,"bufPos = BerDecoder_decodeLength(buffer, &length, bufPos, maxBufPos)"
BerDecoder_decodeLength,declaration,bufPos =,,"buffer, &length, bufPos, maxBufPos",mms/iso_mms/client/mms_client_journals.c,212,"bufPos = BerDecoder_decodeLength(buffer, &length, bufPos, maxBufPos)"
BerDecoder_decodeLength,declaration,bufPos =,,"buffer, &length, bufPos, maxBufPos",mms/iso_mms/client/mms_client_journals.c,286,"bufPos = BerDecoder_decodeLength(buffer, &length, bufPos, maxBufPos)"
BerDecoder_decodeLength,declaration,bufPos =,,"buffer, &length, bufPos, maxBufPos",mms/iso_mms/client/mms_client_journals.c,358,"bufPos = BerDecoder_decodeLength(buffer, &length, bufPos, maxBufPos)"
BerDecoder_decodeLength,declaration,bufPos =,,"buffer, &length, bufPos, maxBufPos",mms/iso_mms/client/mms_client_journals.c,418,"bufPos = BerDecoder_decodeLength(buffer, &length, bufPos, maxBufPos)"
BerDecoder_decodeLength,declaration,bufPos =,,"buffer, &length, bufPos, maxBufPos",mms/iso_mms/client/mms_client_journals.c,429,"bufPos = BerDecoder_decodeLength(buffer, &length, bufPos, maxBufPos)"
BerDecoder_decodeLength,declaration,bufPos =,,"buffer, &length, bufPos, maxBufPos",mms/iso_mms/client/mms_client_status.c,46,"bufPos = BerDecoder_decodeLength(buffer, &length, bufPos, maxBufPos)"
BerDecoder_decodeLength,declaration,bufPos =,,"buffer, &length, bufPos, maxBufPos",mms/iso_mms/client/mms_client_status.c,57,"bufPos = BerDecoder_decodeLength(buffer, &length, bufPos, maxBufPos)"
BerDecoder_decodeLength,declaration,bufPos =,,"buf, &length, bufPos, size",mms/iso_mms/client/mms_client_write.c,60,"bufPos = BerDecoder_decodeLength(buf, &length, bufPos, size)"
BerDecoder_decodeLength,declaration,bufPos =,,"buf, &length, bufPos, size",mms/iso_mms/client/mms_client_write.c,78,"bufPos = BerDecoder_decodeLength(buf, &length, bufPos, size)"
BerDecoder_decodeLength,declaration,bufPos =,,"buf, &length, bufPos, size",mms/iso_mms/client/mms_client_write.c,137,"bufPos = BerDecoder_decodeLength(buf, &length, bufPos, size)"
BerDecoder_decodeLength,declaration,bufPos =,,"buf, &length, bufPos, size",mms/iso_mms/client/mms_client_write.c,154,"bufPos = BerDecoder_decodeLength(buf, &length, bufPos, size)"
BerDecoder_decodeLength,declaration,*bufPos =,,"buffer, &length, *bufPos, maxBufPos",mms/iso_mms/common/mms_common_msg.c,639,"*bufPos = BerDecoder_decodeLength(buffer, &length, *bufPos, maxBufPos)"
BerDecoder_decodeLength,declaration,bufPos =,,"buffer, &elementLength, bufPos, elementEndBufPos",mms/iso_mms/server/mms_access_result.c,82,"bufPos = BerDecoder_decodeLength(buffer, &elementLength, bufPos, elementEndBufPos)"
BerDecoder_decodeLength,declaration,bufPos =,,"buffer, &dataLength, bufPos, dataEndBufPos",mms/iso_mms/server/mms_access_result.c,148,"bufPos = BerDecoder_decodeLength(buffer, &dataLength, bufPos, dataEndBufPos)"
BerDecoder_decodeLength,declaration,int newBufPos =,,"buffer, &elementLength, bufPos + 1, dataEndBufPos",mms/iso_mms/server/mms_access_result.c,181,"int newBufPos = BerDecoder_decodeLength(buffer, &elementLength, bufPos + 1, dataEndBufPos)"
BerDecoder_decodeLength,declaration,bufPos =,,"buffer, &length, bufPos, maxBufPos",mms/iso_mms/server/mms_association_service.c,241,"bufPos = BerDecoder_decodeLength(buffer, &length, bufPos, maxBufPos)"
BerDecoder_decodeLength,declaration,bufPos =,,"buffer, &length, bufPos, maxBufPos",mms/iso_mms/server/mms_association_service.c,317,"bufPos = BerDecoder_decodeLength(buffer, &length, bufPos, maxBufPos)"
BerDecoder_decodeLength,declaration,bufPos =,,"buffer, &length, bufPos, maxBufPos",mms/iso_mms/server/mms_file_service.c,227,"bufPos = BerDecoder_decodeLength(buffer, &length, bufPos, maxBufPos)"
BerDecoder_decodeLength,declaration,bufPos =,,"buffer, &length, bufPos, maxBufPos",mms/iso_mms/server/mms_file_service.c,302,"bufPos = BerDecoder_decodeLength(buffer, &length, bufPos, maxBufPos)"
BerDecoder_decodeLength,declaration,bufPos =,,"buffer, &length, bufPos, maxBufPos",mms/iso_mms/server/mms_file_service.c,651,"bufPos = BerDecoder_decodeLength(buffer, &length, bufPos, maxBufPos)"
BerDecoder_decodeLength,declaration,bufPos =,,"buffer, &length, bufPos, maxBufPos",mms/iso_mms/server/mms_file_service.c,1106,"bufPos = BerDecoder_decodeLength(buffer, &length, bufPos, maxBufPos)"
BerDecoder_decodeLength,declaration,bufPos =,,"buffer, &length, bufPos, maxBufPos",mms/iso_mms/server/mms_file_service.c,1203,"bufPos = BerDecoder_decodeLength(buffer, &length, bufPos, maxBufPos)"
BerDecoder_decodeLength,declaration,bufPos =,,"buffer, &length, bufPos, maxBufPos",mms/iso_mms/server/mms_get_namelist_service.c,510,"bufPos = BerDecoder_decodeLength(buffer, &length, bufPos, maxBufPos)"
BerDecoder_decodeLength,declaration,bufPos =,,"buffer, &length, bufPos, maxBufPos",mms/iso_mms/server/mms_get_namelist_service.c,531,"bufPos = BerDecoder_decodeLength(buffer, &length, bufPos, maxBufPos)"
BerDecoder_decodeLength,declaration,*bufPos =,,"buffer, &length, *bufPos, maxBufPos",mms/iso_mms/server/mms_journal_service.c,180,"*bufPos = BerDecoder_decodeLength(buffer, &length, *bufPos, maxBufPos)"
BerDecoder_decodeLength,declaration,bufPos =,,"requestBuffer, &length, bufPos, maxBufPos",mms/iso_mms/server/mms_journal_service.c,234,"bufPos = BerDecoder_decodeLength(requestBuffer, &length, bufPos, maxBufPos)"
BerDecoder_decodeLength,declaration,bufPos =,,"requestBuffer, &length, bufPos, maxBufPos",mms/iso_mms/server/mms_journal_service.c,248,"bufPos = BerDecoder_decodeLength(requestBuffer, &length, bufPos, maxBufPos)"
BerDecoder_decodeLength,declaration,bufPos =,,"requestBuffer, &length, bufPos, maxBufPos",mms/iso_mms/server/mms_journal_service.c,290,"bufPos = BerDecoder_decodeLength(requestBuffer, &length, bufPos, maxBufPos)"
BerDecoder_decodeLength,declaration,bufPos =,,"requestBuffer, &length, bufPos, maxBufPos",mms/iso_mms/server/mms_journal_service.c,328,"bufPos = BerDecoder_decodeLength(requestBuffer, &length, bufPos, maxBufPos)"
BerDecoder_decodeLength,declaration,bufPos =,,"requestBuffer, &length, bufPos, maxBufPos",mms/iso_mms/server/mms_journal_service.c,364,"bufPos = BerDecoder_decodeLength(requestBuffer, &length, bufPos, maxBufPos)"
BerDecoder_decodeLength,declaration,bufPos =,,"buffer, &length, bufPos, maxBufPos",mms/iso_mms/server/mms_server_connection.c,129,"bufPos = BerDecoder_decodeLength(buffer, &length, bufPos, maxBufPos)"
BerDecoder_decodeLength,declaration,bufPos =,,"buffer, &length, bufPos, maxBufPos",mms/iso_mms/server/mms_server_connection.c,509,"bufPos = BerDecoder_decodeLength(buffer, &length, bufPos, maxBufPos)"
BerDecoder_decodeLength,declaration,bufPos =,,"buffer, &pduLength, bufPos, message->size",mms/iso_mms/server/mms_server_connection.c,677,"bufPos = BerDecoder_decodeLength(buffer, &pduLength, bufPos, message->size)"
BerDecoder_decodeLength,declaration,bufPos =,,"buffer, &dataLength, bufPos, dataEndBufPos",mms/iso_mms/server/mms_write_service.c,113,"bufPos = BerDecoder_decodeLength(buffer, &dataLength, bufPos, dataEndBufPos)"
BerDecoder_decodeLength,declaration,bufPos =,,"buffer, &nameLength, bufPos, dataEndBufPos",mms/iso_mms/server/mms_write_service.c,140,"bufPos = BerDecoder_decodeLength(buffer, &nameLength, bufPos, dataEndBufPos)"
BerDecoder_decodeLength,declaration,bufPos =,,"buffer, &nameLength, bufPos, dataEndBufPos",mms/iso_mms/server/mms_write_service.c,156,"bufPos = BerDecoder_decodeLength(buffer, &nameLength, bufPos, dataEndBufPos)"
BerDecoder_decodeLength,declaration,bufPos =,,"buffer, &dataLength, bufPos, dataEndBufPos",mms/iso_mms/server/mms_write_service.c,200,"bufPos = BerDecoder_decodeLength(buffer, &dataLength, bufPos, dataEndBufPos)"
BerDecoder_decodeLength,declaration,bufPos =,,"buffer, &dataLength, bufPos, dataEndBufPos",mms/iso_mms/server/mms_write_service.c,214,"bufPos = BerDecoder_decodeLength(buffer, &dataLength, bufPos, dataEndBufPos)"
BerDecoder_decodeLength,declaration,bufPos =,,"buffer, &length, bufPos, maxBufPos",mms/iso_mms/server/mms_write_service.c,251,"bufPos = BerDecoder_decodeLength(buffer, &length, bufPos, maxBufPos)"
BerDecoder_decodeLength,declaration,bufPos =,,"buffer, &len, bufPos, endPos",mms/iso_presentation/iso_presentation.c,183,"bufPos = BerDecoder_decodeLength(buffer, &len, bufPos, endPos)"
BerDecoder_decodeLength,declaration,bufPos =,,"buffer, &length, bufPos, endPos",mms/iso_presentation/iso_presentation.c,199,"bufPos = BerDecoder_decodeLength(buffer, &length, bufPos, endPos)"
BerDecoder_decodeLength,declaration,bufPos =,,"buffer, &len, bufPos, endPos",mms/iso_presentation/iso_presentation.c,272,"bufPos = BerDecoder_decodeLength(buffer, &len, bufPos, endPos)"
BerDecoder_decodeLength,declaration,bufPos =,,"buffer, &len, bufPos, endPos",mms/iso_presentation/iso_presentation.c,365,"bufPos = BerDecoder_decodeLength(buffer, &len, bufPos, endPos)"
BerDecoder_decodeLength,declaration,bufPos =,,"buffer, &len, bufPos, endPos",mms/iso_presentation/iso_presentation.c,413,"bufPos = BerDecoder_decodeLength(buffer, &len, bufPos, endPos)"
BerDecoder_decodeLength,declaration,bufPos =,,"buffer, &len, bufPos, maxBufPos",mms/iso_presentation/iso_presentation.c,541,"bufPos = BerDecoder_decodeLength(buffer, &len, bufPos, maxBufPos)"
BerDecoder_decodeLength,declaration,bufPos =,,"buffer, &len, bufPos, maxBufPos",mms/iso_presentation/iso_presentation.c,554,"bufPos = BerDecoder_decodeLength(buffer, &len, bufPos, maxBufPos)"
BerDecoder_decodeLength,declaration,bufPos =,,"buffer, &len, bufPos, maxBufPos",mms/iso_presentation/iso_presentation.c,674,"bufPos = BerDecoder_decodeLength(buffer, &len, bufPos, maxBufPos)"
BerDecoder_decodeLength,declaration,bufPos =,,"buffer, &len, bufPos, maxBufPos",mms/iso_presentation/iso_presentation.c,686,"bufPos = BerDecoder_decodeLength(buffer, &len, bufPos, maxBufPos)"
BerDecoder_decodeLength,declaration,bufPos =,,"buffer, &len, bufPos, maxBufPos",mms/iso_presentation/iso_presentation.c,700,"bufPos = BerDecoder_decodeLength(buffer, &len, bufPos, maxBufPos)"
BerDecoder_decodeLength,declaration,bufPos =,,"buffer, &len, bufPos, maxBufPos",mms/iso_presentation/iso_presentation.c,780,"bufPos = BerDecoder_decodeLength(buffer, &len, bufPos, maxBufPos)"
BerDecoder_decodeLength,declaration,bufPos =,,"buffer, &len, bufPos, maxBufPos",mms/iso_presentation/iso_presentation.c,796,"bufPos = BerDecoder_decodeLength(buffer, &len, bufPos, maxBufPos)"
BerDecoder_decodeLength,declaration,bufPos =,,"buffer, &len, bufPos, maxBufPos",mms/iso_presentation/iso_presentation.c,816,"bufPos = BerDecoder_decodeLength(buffer, &len, bufPos, maxBufPos)"
BerDecoder_decodeLength,definition,int,,"uint8_t* buffer, int* length, int bufPos, int maxBufPos",mms/asn1/ber_decode.c,98,"int BerDecoder_decodeLength(uint8_t* buffer, int* length, int bufPos, int maxBufPos)"
BerDecoder_decodeLengthRecursive,declaration,int newBufPos =,,"buffer, &subLength, bufPos, maxBufPos, depth, maxDepth",mms/asn1/ber_decode.c,36,"int newBufPos = BerDecoder_decodeLengthRecursive(buffer, &subLength, bufPos, maxBufPos, depth, maxDepth)"
BerDecoder_decodeLengthRecursive,declaration,return,,"buffer, length, bufPos, maxBufPos, 0, 50",mms/asn1/ber_decode.c,102,"return BerDecoder_decodeLengthRecursive(buffer, length, bufPos, maxBufPos, 0, 50)"
BerDecoder_decodeLengthRecursive,definition,int,static,"uint8_t* buffer, int* length, int bufPos, int maxBufPos, int depth, int maxDepth",mms/asn1/ber_decode.c,50,"static int BerDecoder_decodeLengthRecursive(uint8_t* buffer, int* length, int bufPos, int maxBufPos, int depth, int maxDepth)"
BerDecoder_decodeOID,declaration,LIB61850_INTERNAL void,,"uint8_t* buffer, int bufPos, int length, ItuObjectIdentifier* oid",mms/inc_private/ber_decode.h,27,"LIB61850_INTERNAL void BerDecoder_decodeOID(uint8_t* buffer, int bufPos, int length, ItuObjectIdentifier* oid)"
BerDecoder_decodeOID,definition,void,,"uint8_t* buffer, int bufPos, int length, ItuObjectIdentifier* oid",mms/asn1/ber_decode.c,217,"void BerDecoder_decodeOID(uint8_t* buffer, int bufPos, int length, ItuObjectIdentifier* oid)"
BerDecoder_decodeString,declaration,LIB61850_INTERNAL char*,,"uint8_t* buffer, int strlen, int bufPos, int maxBufPos",mms/inc_private/ber_decode.h,9,"LIB61850_INTERNAL char* BerDecoder_decodeString(uint8_t* buffer, int strlen, int bufPos, int maxBufPos)"
BerDecoder_decodeString,definition,char*,,"uint8_t* buffer, int strlen, int bufPos, int maxBufPos",mms/asn1/ber_decode.c,104,"char* BerDecoder_decodeString(uint8_t* buffer, int strlen, int bufPos, int maxBufPos)"
BerDecoder_decodeUint32,declaration,LIB61850_INTERNAL uint32_t,,"uint8_t* buffer, int intlen, int bufPos",mms/inc_private/ber_decode.h,12,"LIB61850_INTERNAL uint32_t BerDecoder_decodeUint32(uint8_t* buffer, int intlen, int bufPos)"
BerDecoder_decodeUint32,declaration,case 0x02: self->nextReference =,,"buffer, len, bufPos",mms/iso_acse/acse.c,122,"case 0x02: self->nextReference = BerDecoder_decodeUint32(buffer, len, bufPos)"
BerDecoder_decodeUint32,declaration,result =,,"buffer, len, bufPos",mms/iso_acse/acse.c,207,"result = BerDecoder_decodeUint32(buffer, len, bufPos)"
BerDecoder_decodeUint32,declaration,error->errorCode =,,"buffer, length, bufPos",mms/iso_mms/client/mms_client_connection.c,549,"error->errorCode = BerDecoder_decodeUint32(buffer, length, bufPos)"
BerDecoder_decodeUint32,declaration,uint32_t invokeId =,,"buf, invokeIdLength, bufPos",mms/iso_mms/client/mms_client_connection.c,1372,"uint32_t invokeId = BerDecoder_decodeUint32(buf, invokeIdLength, bufPos)"
BerDecoder_decodeUint32,declaration,case 0x02: invokeId =,,"buf, length, bufPos",mms/iso_mms/client/mms_client_connection.c,1506,"case 0x02: invokeId = BerDecoder_decodeUint32(buf, length, bufPos)"
BerDecoder_decodeUint32,declaration,case 0x81: filePosition =,,"buffer, length, bufPos",mms/iso_mms/client/mms_client_files.c,88,"case 0x81: filePosition = BerDecoder_decodeUint32(buffer, length, bufPos)"
BerDecoder_decodeUint32,declaration,case 0x80: self->parameters.maxPduSize =,,"buffer, length, bufPos",mms/iso_mms/client/mms_client_initiate.c,171,"case 0x80: self->parameters.maxPduSize = BerDecoder_decodeUint32(buffer, length, bufPos)"
BerDecoder_decodeUint32,declaration,case 0x81: self->parameters.maxServOutstandingCalling =,,"buffer, length, bufPos",mms/iso_mms/client/mms_client_initiate.c,178,"case 0x81: self->parameters.maxServOutstandingCalling = BerDecoder_decodeUint32(buffer, length, bufPos)"
BerDecoder_decodeUint32,declaration,case 0x82: self->parameters.maxServOutstandingCalled =,,"buffer, length, bufPos",mms/iso_mms/client/mms_client_initiate.c,186,"case 0x82: self->parameters.maxServOutstandingCalled = BerDecoder_decodeUint32(buffer, length, bufPos)"
BerDecoder_decodeUint32,declaration,case 0x83: self->parameters.dataStructureNestingLevel =,,"buffer, length, bufPos",mms/iso_mms/client/mms_client_initiate.c,194,"case 0x83: self->parameters.dataStructureNestingLevel = BerDecoder_decodeUint32(buffer, length, bufPos)"
BerDecoder_decodeUint32,declaration,uint32_t dataAccessErrorCode =,,"buf, length, bufPos",mms/iso_mms/client/mms_client_write.c,88,"uint32_t dataAccessErrorCode = BerDecoder_decodeUint32(buf, length, bufPos)"
BerDecoder_decodeUint32,declaration,uint32_t dataAccessErrorCode =,,"buf, length, bufPos",mms/iso_mms/client/mms_client_write.c,161,"uint32_t dataAccessErrorCode = BerDecoder_decodeUint32(buf, length, bufPos)"
BerDecoder_decodeUint32,declaration,uint32_t protocolVersion =,,"buffer, length, bufPos",mms/iso_mms/server/mms_association_service.c,259,"uint32_t protocolVersion = BerDecoder_decodeUint32(buffer, length, bufPos)"
BerDecoder_decodeUint32,declaration,case 0x80: self->maxPduSize =,,"buffer, length, bufPos",mms/iso_mms/server/mms_association_service.c,333,"case 0x80: self->maxPduSize = BerDecoder_decodeUint32(buffer, length, bufPos)"
BerDecoder_decodeUint32,declaration,case 0x81: self->maxServOutstandingCalling =,,"buffer, length, bufPos",mms/iso_mms/server/mms_association_service.c,340,"case 0x81: self->maxServOutstandingCalling = BerDecoder_decodeUint32(buffer, length, bufPos)"
BerDecoder_decodeUint32,declaration,case 0x82: self->maxServOutstandingCalled =,,"buffer, length, bufPos",mms/iso_mms/server/mms_association_service.c,348,"case 0x82: self->maxServOutstandingCalled = BerDecoder_decodeUint32(buffer, length, bufPos)"
BerDecoder_decodeUint32,declaration,case 0x83: self->dataStructureNestingLevel =,,"buffer, length, bufPos",mms/iso_mms/server/mms_association_service.c,356,"case 0x83: self->dataStructureNestingLevel = BerDecoder_decodeUint32(buffer, length, bufPos)"
BerDecoder_decodeUint32,declaration,case 0x81: filePosition =,,"buffer, length, bufPos",mms/iso_mms/server/mms_file_service.c,316,"case 0x81: filePosition = BerDecoder_decodeUint32(buffer, length, bufPos)"
BerDecoder_decodeUint32,declaration,objectClass =,,"buffer, length, bufPos",mms/iso_mms/server/mms_get_namelist_service.c,525,"objectClass = BerDecoder_decodeUint32(buffer, length, bufPos)"
BerDecoder_decodeUint32,declaration,case 0x02: invokeId =,,"buffer, length, bufPos",mms/iso_mms/server/mms_server_connection.c,281,"case 0x02: invokeId = BerDecoder_decodeUint32(buffer, length, bufPos)"
BerDecoder_decodeUint32,declaration,case 0x02: invokeId =,,"buffer, length, bufPos",mms/iso_mms/server/mms_server_connection.c,643,"case 0x02: invokeId = BerDecoder_decodeUint32(buffer, length, bufPos)"
BerDecoder_decodeUint32,declaration,presentationSelector =,,"buffer, length, bufPos",mms/iso_presentation/iso_presentation.c,215,"presentationSelector = BerDecoder_decodeUint32(buffer, length, bufPos)"
BerDecoder_decodeUint32,declaration,case 0x02: contextId =,,"buffer, len, bufPos",mms/iso_presentation/iso_presentation.c,283,"case 0x02: contextId = BerDecoder_decodeUint32(buffer, len, bufPos)"
BerDecoder_decodeUint32,declaration,uint32_t modeSelector =,,"buffer, len, bufPos",mms/iso_presentation/iso_presentation.c,825,"uint32_t modeSelector = BerDecoder_decodeUint32(buffer, len, bufPos)"
BerDecoder_decodeUint32,definition,uint32_t,,"uint8_t* buffer, int intLen, int bufPos",mms/asn1/ber_decode.c,121,"uint32_t BerDecoder_decodeUint32(uint8_t* buffer, int intLen, int bufPos)"
BerEncoder_Int32determineEncodedSize,declaration,LIB61850_INTERNAL int,,int32_t value,mms/inc_private/ber_encoder.h,48,LIB61850_INTERNAL int BerEncoder_Int32determineEncodedSize(int32_t value)
BerEncoder_Int32determineEncodedSize,definition,int,,int32_t value,mms/asn1/ber_encoder.c,359,int BerEncoder_Int32determineEncodedSize(int32_t value)
BerEncoder_UInt32determineEncodedSize,declaration,LIB61850_INTERNAL int,,uint32_t value,mms/inc_private/ber_encoder.h,43,LIB61850_INTERNAL int BerEncoder_UInt32determineEncodedSize(uint32_t value)
BerEncoder_UInt32determineEncodedSize,declaration,nextRefLength =,,self->nextReference,mms/iso_acse/acse.c,544,nextRefLength = BerEncoder_UInt32determineEncodedSize(self->nextReference)
BerEncoder_UInt32determineEncodedSize,declaration,calledAEQualifierLength =,,isoParameters->remoteAEQualifier,mms/iso_acse/acse.c,633,calledAEQualifierLength = BerEncoder_UInt32determineEncodedSize( isoParameters->remoteAEQualifier)
BerEncoder_UInt32determineEncodedSize,declaration,callingAEQualifierLength =,,isoParameters->localAEQualifier,mms/iso_acse/acse.c,647,callingAEQualifierLength = BerEncoder_UInt32determineEncodedSize( isoParameters->localAEQualifier)
BerEncoder_UInt32determineEncodedSize,declaration,uint32_t invokeIdSize =,,invokeId,mms/iso_mms/client/mms_client_files.c,234,uint32_t invokeIdSize = BerEncoder_UInt32determineEncodedSize(invokeId)
BerEncoder_UInt32determineEncodedSize,declaration,uint32_t invokeIdSize =,,invokeId,mms/iso_mms/client/mms_client_files.c,268,uint32_t invokeIdSize = BerEncoder_UInt32determineEncodedSize(invokeId)
BerEncoder_UInt32determineEncodedSize,declaration,uint32_t invokeIdSize =,,invokeId,mms/iso_mms/client/mms_client_files.c,297,uint32_t invokeIdSize = BerEncoder_UInt32determineEncodedSize(invokeId)
BerEncoder_UInt32determineEncodedSize,declaration,uint32_t invokeIdSize =,,invokeId,mms/iso_mms/client/mms_client_files.c,346,uint32_t invokeIdSize = BerEncoder_UInt32determineEncodedSize(invokeId)
BerEncoder_UInt32determineEncodedSize,declaration,uint32_t invokeIdSize =,,invokeId,mms/iso_mms/client/mms_client_files.c,384,uint32_t invokeIdSize = BerEncoder_UInt32determineEncodedSize(invokeId)
BerEncoder_UInt32determineEncodedSize,declaration,uint32_t invokeIdSize =,,invokeId,mms/iso_mms/client/mms_client_files.c,416,uint32_t invokeIdSize = BerEncoder_UInt32determineEncodedSize(invokeId)
BerEncoder_UInt32determineEncodedSize,declaration,uint32_t invokeIdSize =,,invokeId,mms/iso_mms/client/mms_client_files.c,793,uint32_t invokeIdSize = BerEncoder_UInt32determineEncodedSize(invokeId)
BerEncoder_UInt32determineEncodedSize,declaration,uint32_t invokeIdSize =,,invokeId,mms/iso_mms/client/mms_client_identify.c,15,uint32_t invokeIdSize = BerEncoder_UInt32determineEncodedSize(invokeId)
BerEncoder_UInt32determineEncodedSize,declaration,uint32_t localDetailSize =,,self->parameters.maxPduSize,mms/iso_mms/client/mms_client_initiate.c,21,uint32_t localDetailSize = BerEncoder_UInt32determineEncodedSize(self->parameters.maxPduSize)
BerEncoder_UInt32determineEncodedSize,declaration,uint32_t proposedMaxServerOutstandingCallingSize =,,self->maxOutstandingCalling,mms/iso_mms/client/mms_client_initiate.c,24,uint32_t proposedMaxServerOutstandingCallingSize = BerEncoder_UInt32determineEncodedSize(self->maxOutstandingCalling)
BerEncoder_UInt32determineEncodedSize,declaration,uint32_t proposedMaxServerOutstandingCalledSize =,,self->maxOutstandingCalled,mms/iso_mms/client/mms_client_initiate.c,27,uint32_t proposedMaxServerOutstandingCalledSize = BerEncoder_UInt32determineEncodedSize(self->maxOutstandingCalled)
BerEncoder_UInt32determineEncodedSize,declaration,uint32_t dataStructureNestingLevelSize =,,dataStructureNestingLevel,mms/iso_mms/client/mms_client_initiate.c,30,uint32_t dataStructureNestingLevelSize = BerEncoder_UInt32determineEncodedSize(dataStructureNestingLevel)
BerEncoder_UInt32determineEncodedSize,declaration,uint32_t invokeIdSize =,,invokeId,mms/iso_mms/client/mms_client_journals.c,494,uint32_t invokeIdSize = BerEncoder_UInt32determineEncodedSize(invokeId)
BerEncoder_UInt32determineEncodedSize,declaration,uint32_t invokeIdSize =,,invokeId,mms/iso_mms/client/mms_client_journals.c,560,uint32_t invokeIdSize = BerEncoder_UInt32determineEncodedSize(invokeId)
BerEncoder_UInt32determineEncodedSize,declaration,uint32_t invokeIdSize =,,invokeId,mms/iso_mms/client/mms_client_status.c,15,uint32_t invokeIdSize = BerEncoder_UInt32determineEncodedSize(invokeId)
BerEncoder_UInt32determineEncodedSize,declaration,int length =,,(uint32_t) self->value.dataAccessError,mms/iso_mms/server/mms_access_result.c,525,int length = BerEncoder_UInt32determineEncodedSize((uint32_t) self->value.dataAccessError)
BerEncoder_UInt32determineEncodedSize,declaration,else size = 2 +,,(uint32_t) self->value.dataAccessError,mms/iso_mms/server/mms_access_result.c,530,else size = 2 + BerEncoder_UInt32determineEncodedSize((uint32_t) self->value.dataAccessError)
BerEncoder_UInt32determineEncodedSize,declaration,initiateResponseLength += 2 +,,self->maxPduSize,mms/iso_mms/server/mms_association_service.c,209,initiateResponseLength += 2 + BerEncoder_UInt32determineEncodedSize(self->maxPduSize)
BerEncoder_UInt32determineEncodedSize,declaration,initiateResponseLength += 2 +,,self->maxServOutstandingCalling,mms/iso_mms/server/mms_association_service.c,211,initiateResponseLength += 2 + BerEncoder_UInt32determineEncodedSize(self->maxServOutstandingCalling)
BerEncoder_UInt32determineEncodedSize,declaration,initiateResponseLength += 2 +,,self->maxServOutstandingCalled,mms/iso_mms/server/mms_association_service.c,212,initiateResponseLength += 2 + BerEncoder_UInt32determineEncodedSize(self->maxServOutstandingCalled)
BerEncoder_UInt32determineEncodedSize,declaration,initiateResponseLength += 2 +,,self->dataStructureNestingLevel,mms/iso_mms/server/mms_association_service.c,213,initiateResponseLength += 2 + BerEncoder_UInt32determineEncodedSize(self->dataStructureNestingLevel)
BerEncoder_UInt32determineEncodedSize,declaration,uint32_t invokeIdSize =,,invokeId,mms/iso_mms/server/mms_file_service.c,16,uint32_t invokeIdSize = BerEncoder_UInt32determineEncodedSize(invokeId) + 2
BerEncoder_UInt32determineEncodedSize,declaration,uint32_t sizeOfFileSize =,,fileSize,mms/iso_mms/server/mms_file_service.c,83,uint32_t sizeOfFileSize = BerEncoder_UInt32determineEncodedSize(fileSize)
BerEncoder_UInt32determineEncodedSize,declaration,uint32_t invokeIdSize =,,invokeId,mms/iso_mms/server/mms_file_service.c,188,uint32_t invokeIdSize = BerEncoder_UInt32determineEncodedSize(invokeId) + 2
BerEncoder_UInt32determineEncodedSize,declaration,uint32_t frsmIdSize =,,frsm->frsmId,mms/iso_mms/server/mms_file_service.c,190,uint32_t frsmIdSize = BerEncoder_UInt32determineEncodedSize(frsm->frsmId) + 2
BerEncoder_UInt32determineEncodedSize,declaration,uint32_t invokeIdSize =,,invokeId,mms/iso_mms/server/mms_file_service.c,831,uint32_t invokeIdSize = BerEncoder_UInt32determineEncodedSize(invokeId) + 2
BerEncoder_UInt32determineEncodedSize,declaration,uint32_t invokeIdSize =,,(uint32_t) invokeId,mms/iso_mms/server/mms_file_service.c,1053,uint32_t invokeIdSize = BerEncoder_UInt32determineEncodedSize((uint32_t) invokeId) + 2
BerEncoder_UInt32determineEncodedSize,declaration,uint32_t invokeIdSize =,,(uint32_t) invokeId,mms/iso_mms/server/mms_get_namelist_service.c,449,uint32_t invokeIdSize = BerEncoder_UInt32determineEncodedSize((uint32_t) invokeId) + 2
BerEncoder_UInt32determineEncodedSize,declaration,uint32_t invokeIdLength =,,invokeId,mms/iso_mms/server/mms_identify_service.c,15,uint32_t invokeIdLength = BerEncoder_UInt32determineEncodedSize(invokeId)
BerEncoder_UInt32determineEncodedSize,declaration,uint32_t invokeIdSize =,,(uint32_t) invokeId,mms/iso_mms/server/mms_journal_service.c,523,uint32_t invokeIdSize = BerEncoder_UInt32determineEncodedSize((uint32_t) invokeId) + 2
BerEncoder_UInt32determineEncodedSize,declaration,uint32_t invokeIdSize =,,invokeId,mms/iso_mms/server/mms_named_variable_list_service.c,51,uint32_t invokeIdSize = BerEncoder_UInt32determineEncodedSize(invokeId) + 2
BerEncoder_UInt32determineEncodedSize,declaration,uint32_t numberMatchedSize = 2 +,,numberMatched,mms/iso_mms/server/mms_named_variable_list_service.c,52,uint32_t numberMatchedSize = 2 + BerEncoder_UInt32determineEncodedSize(numberMatched)
BerEncoder_UInt32determineEncodedSize,declaration,uint32_t numberDeletedSize = 2 +,,numberDeleted,mms/iso_mms/server/mms_named_variable_list_service.c,55,uint32_t numberDeletedSize = 2 + BerEncoder_UInt32determineEncodedSize(numberDeleted)
BerEncoder_UInt32determineEncodedSize,declaration,uint32_t invokeIdSize =,,(uint32_t) invokeId,mms/iso_mms/server/mms_named_variable_list_service.c,257,uint32_t invokeIdSize = BerEncoder_UInt32determineEncodedSize((uint32_t) invokeId) + 2
BerEncoder_UInt32determineEncodedSize,declaration,uint32_t invokeIdSize =,,invokeId,mms/iso_mms/server/mms_read_service.c,448,uint32_t invokeIdSize = BerEncoder_UInt32determineEncodedSize(invokeId) + 2
BerEncoder_UInt32determineEncodedSize,declaration,uint32_t invokeIdSize =,,invokeId,mms/iso_mms/server/mms_server_common.c,147,uint32_t invokeIdSize = BerEncoder_UInt32determineEncodedSize(invokeId) + 2
BerEncoder_UInt32determineEncodedSize,declaration,invokeIdLength =,,*invokeId,mms/iso_mms/server/mms_server_connection.c,49,invokeIdLength = BerEncoder_UInt32determineEncodedSize(*invokeId)
BerEncoder_UInt32determineEncodedSize,declaration,uint32_t invokeIdLength =,,invokeId,mms/iso_mms/server/mms_status_service.c,23,uint32_t invokeIdLength = BerEncoder_UInt32determineEncodedSize(invokeId)
BerEncoder_UInt32determineEncodedSize,declaration,uint32_t vmdPhysicalStatusLength =,,(uint32_t) mmsServer->vmdPhysicalStatus,mms/iso_mms/server/mms_status_service.c,31,uint32_t vmdPhysicalStatusLength = BerEncoder_UInt32determineEncodedSize((uint32_t) mmsServer->vmdPhysicalStatus)
BerEncoder_UInt32determineEncodedSize,declaration,uint32_t vmdLogicalStatusLength =,,(uint32_t) mmsServer->vmdLogicalStatus,mms/iso_mms/server/mms_status_service.c,33,uint32_t vmdLogicalStatusLength = BerEncoder_UInt32determineEncodedSize((uint32_t) mmsServer->vmdLogicalStatus)
BerEncoder_UInt32determineEncodedSize,declaration,uint32_t invokeIdLength =,,invokeId,mms/iso_mms/server/mms_write_service.c,19,uint32_t invokeIdLength = BerEncoder_UInt32determineEncodedSize(invokeId)
BerEncoder_UInt32determineEncodedSize,definition,int,,uint32_t value,mms/asn1/ber_encoder.c,336,int BerEncoder_UInt32determineEncodedSize(uint32_t value)
BerEncoder_compressInteger,declaration,LIB61850_INTERNAL int,,"uint8_t* integer, int originalSize",mms/inc_private/ber_encoder.h,68,"LIB61850_INTERNAL int BerEncoder_compressInteger(uint8_t* integer, int originalSize)"
BerEncoder_compressInteger,definition,int,,"uint8_t* integer, int originalSize",mms/asn1/ber_encoder.c,180,"int BerEncoder_compressInteger(uint8_t* integer, int originalSize)"
BerEncoder_determineEncodedBitStringSize,declaration,LIB61850_INTERNAL int,,int bitStringSize,mms/inc_private/ber_encoder.h,57,LIB61850_INTERNAL int BerEncoder_determineEncodedBitStringSize(int bitStringSize)
BerEncoder_determineEncodedBitStringSize,declaration,size =,,elementSize,mms/iso_mms/server/mms_access_result.c,387,size = BerEncoder_determineEncodedBitStringSize(elementSize)
BerEncoder_determineEncodedBitStringSize,declaration,size =,,elementSize,mms/iso_mms/server/mms_access_result.c,469,size = BerEncoder_determineEncodedBitStringSize(elementSize)
BerEncoder_determineEncodedBitStringSize,declaration,else size =,,self->value.bitString.size,mms/iso_mms/server/mms_access_result.c,562,else size = BerEncoder_determineEncodedBitStringSize(self->value.bitString.size)
BerEncoder_determineEncodedBitStringSize,definition,int,,int bitStringSize,mms/asn1/ber_encoder.c,150,int BerEncoder_determineEncodedBitStringSize(int bitStringSize)
BerEncoder_determineEncodedStringSize,declaration,LIB61850_INTERNAL int,,const char* string,mms/inc_private/ber_encoder.h,54,LIB61850_INTERNAL int BerEncoder_determineEncodedStringSize(const char* string)
BerEncoder_determineEncodedStringSize,declaration,else size =,,self->value.visibleString.buf,mms/iso_mms/server/mms_access_result.c,537,else size = BerEncoder_determineEncodedStringSize(self->value.visibleString.buf)
BerEncoder_determineEncodedStringSize,declaration,else size =,,self->value.visibleString.buf,mms/iso_mms/server/mms_access_result.c,600,else size = BerEncoder_determineEncodedStringSize(self->value.visibleString.buf)
BerEncoder_determineEncodedStringSize,declaration,elementLength =,,(char*) element->data,mms/iso_mms/server/mms_get_namelist_service.c,425,elementLength = BerEncoder_determineEncodedStringSize((char*) element->data)
BerEncoder_determineEncodedStringSize,declaration,uint32_t varSpecSize =,,spec->itemId,mms/iso_mms/server/mms_information_report.c,98,uint32_t varSpecSize = BerEncoder_determineEncodedStringSize(spec->itemId)
BerEncoder_determineEncodedStringSize,declaration,uint32_t varSpecSize =,,spec->itemId,mms/iso_mms/server/mms_information_report.c,170,uint32_t varSpecSize = BerEncoder_determineEncodedStringSize(spec->itemId)
BerEncoder_determineEncodedStringSize,declaration,varSpecSize +=,,spec->domainId,mms/iso_mms/server/mms_information_report.c,175,varSpecSize += BerEncoder_determineEncodedStringSize(spec->domainId)
BerEncoder_determineEncodedStringSize,declaration,objectNameSize =,,itemId,mms/iso_mms/server/mms_information_report.c,238,objectNameSize = BerEncoder_determineEncodedStringSize(itemId)
BerEncoder_determineEncodedStringSize,definition,int,,const char* string,mms/asn1/ber_encoder.c,395,int BerEncoder_determineEncodedStringSize(const char* string)
BerEncoder_determineLengthSize,declaration,size +=,,byteSize,mms/asn1/ber_encoder.c,160,size += BerEncoder_determineLengthSize(byteSize)
BerEncoder_determineLengthSize,declaration,size +=,,length,mms/asn1/ber_encoder.c,404,size += BerEncoder_determineLengthSize(length)
BerEncoder_determineLengthSize,declaration,LIB61850_INTERNAL int,,uint32_t length,mms/inc_private/ber_encoder.h,51,LIB61850_INTERNAL int BerEncoder_determineLengthSize(uint32_t length)
BerEncoder_determineLengthSize,declaration,variableContentLength +=,,payloadLength,mms/iso_acse/acse.c,543,variableContentLength += BerEncoder_determineLengthSize(payloadLength)
BerEncoder_determineLengthSize,declaration,variableContentLength +=,,assocDataLength,mms/iso_acse/acse.c,552,variableContentLength += BerEncoder_determineLengthSize(assocDataLength)
BerEncoder_determineLengthSize,declaration,variableContentLength +=,,userInfoLength,mms/iso_acse/acse.c,557,variableContentLength += BerEncoder_determineLengthSize(userInfoLength)
BerEncoder_determineLengthSize,declaration,authValueStringLength =,,passwordLength,mms/iso_acse/acse.c,669,authValueStringLength = BerEncoder_determineLengthSize( passwordLength)
BerEncoder_determineLengthSize,declaration,int authValueLength =,,passwordLength + authValueStringLength + 1,mms/iso_acse/acse.c,674,int authValueLength = BerEncoder_determineLengthSize( passwordLength + authValueStringLength + 1)
BerEncoder_determineLengthSize,declaration,userInfoLength +=,,payloadLength,mms/iso_acse/acse.c,692,userInfoLength += BerEncoder_determineLengthSize(payloadLength)
BerEncoder_determineLengthSize,declaration,userInfoLength +=,,assocDataLength,mms/iso_acse/acse.c,700,userInfoLength += BerEncoder_determineLengthSize(assocDataLength)
BerEncoder_determineLengthSize,declaration,userInfoLength +=,,userInfoLength,mms/iso_acse/acse.c,705,userInfoLength += BerEncoder_determineLengthSize(userInfoLength)
BerEncoder_determineLengthSize,declaration,uint32_t fileNameSize = 1 +,,fileNameStringSize,mms/iso_mms/client/mms_client_files.c,237,uint32_t fileNameSize = 1 + BerEncoder_determineLengthSize(fileNameStringSize) + fileNameStringSize
BerEncoder_determineLengthSize,declaration,uint32_t fileOpenRequestSize = 1 +,,fileNameSeqSize) + fileNameSeqSize + 2 + BerEncoder_UInt32determineEncodedSize(initialPosition,mms/iso_mms/client/mms_client_files.c,240,uint32_t fileOpenRequestSize = 1 + BerEncoder_determineLengthSize(fileNameSeqSize) + fileNameSeqSize + 2 + BerEncoder_UInt32determineEncodedSize(initialPosition)
BerEncoder_determineLengthSize,declaration,uint32_t confirmedRequestPduSize = 2 + invokeIdSize + 2 +,,fileOpenRequestSize,mms/iso_mms/client/mms_client_files.c,242,uint32_t confirmedRequestPduSize = 2 + invokeIdSize + 2 + BerEncoder_determineLengthSize(fileOpenRequestSize) + fileOpenRequestSize
BerEncoder_determineLengthSize,declaration,uint32_t fileNameSize = 1 +,,fileNameStringSize,mms/iso_mms/client/mms_client_files.c,271,uint32_t fileNameSize = 1 + BerEncoder_determineLengthSize(fileNameStringSize) + fileNameStringSize
BerEncoder_determineLengthSize,declaration,uint32_t confirmedRequestPduSize = 1 + 2 + invokeIdSize + 1 +,,fileDeleteRequestSize,mms/iso_mms/client/mms_client_files.c,274,uint32_t confirmedRequestPduSize = 1 + 2 + invokeIdSize + 1 + BerEncoder_determineLengthSize(fileDeleteRequestSize) + fileDeleteRequestSize
BerEncoder_determineLengthSize,declaration,uint32_t fileNameSeqSize = 1 +,,fileNameStringSize,mms/iso_mms/client/mms_client_files.c,329,uint32_t fileNameSeqSize = 1 + BerEncoder_determineLengthSize(fileNameStringSize) + fileNameStringSize
BerEncoder_determineLengthSize,declaration,return fileNameSeqSize + 1 +,,fileNameSeqSize,mms/iso_mms/client/mms_client_files.c,339,return fileNameSeqSize + 1 + BerEncoder_determineLengthSize(fileNameSeqSize)
BerEncoder_determineLengthSize,declaration,confirmedRequestPduSize +=,,parameterSize,mms/iso_mms/client/mms_client_files.c,357,confirmedRequestPduSize += BerEncoder_determineLengthSize(parameterSize) + parameterSize
BerEncoder_determineLengthSize,declaration,uint32_t confirmedRequestPduSize = 2 + invokeIdSize + 2 +,,parameterSize,mms/iso_mms/client/mms_client_files.c,391,uint32_t confirmedRequestPduSize = 2 + invokeIdSize + 2 + BerEncoder_determineLengthSize(parameterSize) + parameterSize
BerEncoder_determineLengthSize,declaration,uint32_t confirmedRequestPduSize = 2 + invokeIdSize + 2 +,,parameterSize,mms/iso_mms/client/mms_client_files.c,423,uint32_t confirmedRequestPduSize = 2 + invokeIdSize + 2 + BerEncoder_determineLengthSize(parameterSize) + parameterSize
BerEncoder_determineLengthSize,declaration,uint32_t domainIdSize = 1 +,,domainIdStringSize,mms/iso_mms/client/mms_client_journals.c,498,uint32_t domainIdSize = 1 + BerEncoder_determineLengthSize(domainIdStringSize) + domainIdStringSize
BerEncoder_determineLengthSize,declaration,uint32_t itemIdSize = 1 +,,itemIdStringSize,mms/iso_mms/client/mms_client_journals.c,501,uint32_t itemIdSize = 1 + BerEncoder_determineLengthSize(itemIdStringSize) + itemIdStringSize
BerEncoder_determineLengthSize,declaration,uint32_t journalNameSize = 1 +,,objectIdSize) + (objectIdSize,mms/iso_mms/client/mms_client_journals.c,504,uint32_t journalNameSize = 1 + BerEncoder_determineLengthSize(objectIdSize) + (objectIdSize)
BerEncoder_determineLengthSize,declaration,uint32_t journalReadSize = 1 +,,journalReadContentSize) + (journalReadContentSize,mms/iso_mms/client/mms_client_journals.c,516,uint32_t journalReadSize = 1 + BerEncoder_determineLengthSize(journalReadContentSize) + (journalReadContentSize)
BerEncoder_determineLengthSize,declaration,uint32_t domainIdSize = 1 +,,domainIdStringSize,mms/iso_mms/client/mms_client_journals.c,564,uint32_t domainIdSize = 1 + BerEncoder_determineLengthSize(domainIdStringSize) + domainIdStringSize
BerEncoder_determineLengthSize,declaration,uint32_t itemIdSize = 1 +,,itemIdStringSize,mms/iso_mms/client/mms_client_journals.c,567,uint32_t itemIdSize = 1 + BerEncoder_determineLengthSize(itemIdStringSize) + itemIdStringSize
BerEncoder_determineLengthSize,declaration,uint32_t journalNameSize = 1 +,,objectIdSize) + (objectIdSize,mms/iso_mms/client/mms_client_journals.c,570,uint32_t journalNameSize = 1 + BerEncoder_determineLengthSize(objectIdSize) + (objectIdSize)
BerEncoder_determineLengthSize,declaration,uint32_t entryToStartAfterSize = 1 +,,entryToStartAfterContentSize,mms/iso_mms/client/mms_client_journals.c,578,uint32_t entryToStartAfterSize = 1 + BerEncoder_determineLengthSize(entryToStartAfterContentSize) + entryToStartAfterContentSize
BerEncoder_determineLengthSize,declaration,uint32_t journalReadSize = 1 +,,journalReadContentSize) + (journalReadContentSize,mms/iso_mms/client/mms_client_journals.c,583,uint32_t journalReadSize = 1 + BerEncoder_determineLengthSize(journalReadContentSize) + (journalReadContentSize)
BerEncoder_determineLengthSize,declaration,size = 1 + elementsSize +,,elementsSize,mms/iso_mms/server/mms_access_result.c,37,size = 1 + elementsSize + BerEncoder_determineLengthSize(elementsSize)
BerEncoder_determineLengthSize,declaration,else size = 1 + componentsSize +,,componentsSize,mms/iso_mms/server/mms_access_result.c,66,else size = 1 + componentsSize + BerEncoder_determineLengthSize(componentsSize)
BerEncoder_determineLengthSize,declaration,size = 1 + componentsSize +,,componentsSize,mms/iso_mms/server/mms_access_result.c,346,size = 1 + componentsSize + BerEncoder_determineLengthSize(componentsSize)
BerEncoder_determineLengthSize,declaration,size = 1 + elementSize +,,elementSize,mms/iso_mms/server/mms_access_result.c,374,size = 1 + elementSize + BerEncoder_determineLengthSize(elementSize)
BerEncoder_determineLengthSize,declaration,size = 1 +,,elementSize,mms/iso_mms/server/mms_access_result.c,394,size = 1 + BerEncoder_determineLengthSize(elementSize) + elementSize
BerEncoder_determineLengthSize,declaration,size = 1 + elementSize +,,elementSize,mms/iso_mms/server/mms_access_result.c,402,size = 1 + elementSize + BerEncoder_determineLengthSize(elementSize)
BerEncoder_determineLengthSize,declaration,size = 1 + componentsSize +,,componentsSize,mms/iso_mms/server/mms_access_result.c,426,size = 1 + componentsSize + BerEncoder_determineLengthSize(componentsSize)
BerEncoder_determineLengthSize,declaration,size = 1 + elementSize +,,elementSize,mms/iso_mms/server/mms_access_result.c,446,size = 1 + elementSize + BerEncoder_determineLengthSize(elementSize)
BerEncoder_determineLengthSize,declaration,size = 1 + elementSize +,,elementSize,mms/iso_mms/server/mms_access_result.c,456,size = 1 + elementSize + BerEncoder_determineLengthSize(elementSize)
BerEncoder_determineLengthSize,declaration,size = 1 +,,elementSize,mms/iso_mms/server/mms_access_result.c,476,size = 1 + BerEncoder_determineLengthSize(elementSize) + elementSize
BerEncoder_determineLengthSize,declaration,size = 1 + elementSize +,,elementSize,mms/iso_mms/server/mms_access_result.c,484,size = 1 + elementSize + BerEncoder_determineLengthSize(elementSize)
BerEncoder_determineLengthSize,declaration,else size = 1 +,,self->value.octetString.size,mms/iso_mms/server/mms_access_result.c,577,else size = 1 + BerEncoder_determineLengthSize(self->value.octetString.size) + self->value.octetString.size
BerEncoder_determineLengthSize,declaration,uint32_t fileAttributesSize = 1 +,,sizeOfFileSize,mms/iso_mms/server/mms_file_service.c,86,uint32_t fileAttributesSize = 1 + BerEncoder_determineLengthSize(sizeOfFileSize) + sizeOfFileSize + 2 + gtStringSize
BerEncoder_determineLengthSize,declaration,uint32_t confirmedResponsePDUSize = invokeIdSize + 2 +,,openFileResponseSize,mms/iso_mms/server/mms_file_service.c,194,uint32_t confirmedResponsePDUSize = invokeIdSize + 2 + BerEncoder_determineLengthSize(openFileResponseSize) + openFileResponseSize
BerEncoder_determineLengthSize,declaration,fileReadResponseSize +=,,fileChunkSize,mms/iso_mms/server/mms_file_service.c,828,fileReadResponseSize += BerEncoder_determineLengthSize(fileChunkSize)
BerEncoder_determineLengthSize,declaration,uint32_t confirmedResponsePDUSize = invokeIdSize + 2 +,,fileReadResponseSize,mms/iso_mms/server/mms_file_service.c,833,uint32_t confirmedResponsePDUSize = invokeIdSize + 2 + BerEncoder_determineLengthSize(fileReadResponseSize) + fileReadResponseSize
BerEncoder_determineLengthSize,declaration,uint32_t fileNameSeqSize = 1 +,,fileNameStringSize,mms/iso_mms/server/mms_file_service.c,917,uint32_t fileNameSeqSize = 1 + BerEncoder_determineLengthSize(fileNameStringSize) + fileNameStringSize
BerEncoder_determineLengthSize,declaration,return fileNameSeqSize + 1 +,,fileNameSeqSize,mms/iso_mms/server/mms_file_service.c,927,return fileNameSeqSize + 1 + BerEncoder_determineLengthSize(fileNameSeqSize)
BerEncoder_determineLengthSize,declaration,int overallEntrySize = 1 +,,dirEntrySize,mms/iso_mms/server/mms_file_service.c,985,int overallEntrySize = 1 + BerEncoder_determineLengthSize(dirEntrySize) + dirEntrySize
BerEncoder_determineLengthSize,declaration,uint32_t listOfDirectoryEntrySize = 1 +,,tempEncoded,mms/iso_mms/server/mms_file_service.c,1057,uint32_t listOfDirectoryEntrySize = 1 + BerEncoder_determineLengthSize(tempEncoded) + tempEncoded
BerEncoder_determineLengthSize,declaration,uint32_t fileDirectoryResponseSize = 1 +,,listOfDirectoryEntrySize,mms/iso_mms/server/mms_file_service.c,1059,uint32_t fileDirectoryResponseSize = 1 + BerEncoder_determineLengthSize(listOfDirectoryEntrySize) + listOfDirectoryEntrySize
BerEncoder_determineLengthSize,declaration,uint32_t confirmedResponsePDUSize = invokeIdSize + 2 +,,fileDirectoryResponseSize,mms/iso_mms/server/mms_file_service.c,1065,uint32_t confirmedResponsePDUSize = invokeIdSize + 2 + BerEncoder_determineLengthSize(fileDirectoryResponseSize) + fileDirectoryResponseSize
BerEncoder_determineLengthSize,declaration,uint32_t listOfIdentifierSize = 1 +,,identifierListSize,mms/iso_mms/server/mms_get_namelist_service.c,440,uint32_t listOfIdentifierSize = 1 + BerEncoder_determineLengthSize(identifierListSize) + identifierListSize
BerEncoder_determineLengthSize,declaration,uint32_t confirmedServiceResponseSize = 1 +,,getNameListSize,mms/iso_mms/server/mms_get_namelist_service.c,447,uint32_t confirmedServiceResponseSize = 1 + BerEncoder_determineLengthSize(getNameListSize) + getNameListSize
BerEncoder_determineLengthSize,declaration,uint32_t identityLength = 3 +,,vendorNameLength) + BerEncoder_determineLengthSize(modelNameLength) + BerEncoder_determineLengthSize(revisionLength,mms/iso_mms/server/mms_identify_service.c,23,uint32_t identityLength = 3 + BerEncoder_determineLengthSize(vendorNameLength) + BerEncoder_determineLengthSize(modelNameLength) + BerEncoder_determineLengthSize(revisionLength) + vendorNameLength + modelNameLength + revisionLength
BerEncoder_determineLengthSize,declaration,uint32_t identifyResponseLength = invokeIdLength + 2 + 1 +,,identityLength,mms/iso_mms/server/mms_identify_service.c,27,uint32_t identifyResponseLength = invokeIdLength + 2 + 1 + BerEncoder_determineLengthSize(identityLength) + identityLength
BerEncoder_determineLengthSize,declaration,uint32_t varSpecSize = 1 +,,itemIdSize,mms/iso_mms/server/mms_information_report.c,14,uint32_t varSpecSize = 1 + BerEncoder_determineLengthSize(itemIdSize) + itemIdSize
BerEncoder_determineLengthSize,declaration,uint32_t sequenceSize = 1 +,,varSpecSize,mms/iso_mms/server/mms_information_report.c,15,uint32_t sequenceSize = 1 + BerEncoder_determineLengthSize(varSpecSize) + varSpecSize
BerEncoder_determineLengthSize,declaration,uint32_t listOfVariableSize = 1 +,,sequenceSize,mms/iso_mms/server/mms_information_report.c,16,uint32_t listOfVariableSize = 1 + BerEncoder_determineLengthSize(sequenceSize) + sequenceSize
BerEncoder_determineLengthSize,declaration,uint32_t listOfAccessResultSize = 1 +,,accessResultSize,mms/iso_mms/server/mms_information_report.c,19,uint32_t listOfAccessResultSize = 1 + BerEncoder_determineLengthSize(accessResultSize) + accessResultSize
BerEncoder_determineLengthSize,declaration,uint32_t variableSpecSize = 1 +,,listOfVariableSize,mms/iso_mms/server/mms_information_report.c,21,uint32_t variableSpecSize = 1 + BerEncoder_determineLengthSize(listOfVariableSize) + listOfVariableSize
BerEncoder_determineLengthSize,declaration,uint32_t informationReportSize = 1 +,,informationReportContentSize,mms/iso_mms/server/mms_information_report.c,25,uint32_t informationReportSize = 1 + BerEncoder_determineLengthSize(informationReportContentSize) + informationReportContentSize
BerEncoder_determineLengthSize,declaration,uint32_t completeMessageSize = 1 + informationReportSize +,,informationReportSize,mms/iso_mms/server/mms_information_report.c,28,uint32_t completeMessageSize = 1 + informationReportSize + BerEncoder_determineLengthSize(informationReportSize)
BerEncoder_determineLengthSize,declaration,uint32_t listOfVariableSize = 1 +,,listOfVarSpecSize,mms/iso_mms/server/mms_information_report.c,111,uint32_t listOfVariableSize = 1 + BerEncoder_determineLengthSize(listOfVarSpecSize) + listOfVarSpecSize
BerEncoder_determineLengthSize,declaration,uint32_t listOfAccessResultSize = 1 +,,accessResultSize,mms/iso_mms/server/mms_information_report.c,126,uint32_t listOfAccessResultSize = 1 + BerEncoder_determineLengthSize(accessResultSize) + accessResultSize
BerEncoder_determineLengthSize,declaration,uint32_t variableSpecSize = 1 +,,listOfVariableSize,mms/iso_mms/server/mms_information_report.c,128,uint32_t variableSpecSize = 1 + BerEncoder_determineLengthSize(listOfVariableSize) + listOfVariableSize
BerEncoder_determineLengthSize,declaration,uint32_t informationReportSize = 1 +,,informationReportContentSize,mms/iso_mms/server/mms_information_report.c,132,uint32_t informationReportSize = 1 + BerEncoder_determineLengthSize(informationReportContentSize) + informationReportContentSize
BerEncoder_determineLengthSize,declaration,uint32_t completeMessageSize = 1 + informationReportSize +,,informationReportSize,mms/iso_mms/server/mms_information_report.c,135,uint32_t completeMessageSize = 1 + informationReportSize + BerEncoder_determineLengthSize(informationReportSize)
BerEncoder_determineLengthSize,declaration,uint32_t varSpecSizeComplete = varSpecSize +,,varSpecSize,mms/iso_mms/server/mms_information_report.c,176,uint32_t varSpecSizeComplete = varSpecSize + BerEncoder_determineLengthSize(varSpecSize) + 1
BerEncoder_determineLengthSize,declaration,uint32_t sequenceSize = varSpecSizeComplete +,,varSpecSizeComplete,mms/iso_mms/server/mms_information_report.c,177,uint32_t sequenceSize = varSpecSizeComplete + BerEncoder_determineLengthSize(varSpecSizeComplete) + 1
BerEncoder_determineLengthSize,declaration,uint32_t sequenceSize = varSpecSize +,,varSpecSize,mms/iso_mms/server/mms_information_report.c,187,uint32_t sequenceSize = varSpecSize + BerEncoder_determineLengthSize(varSpecSize) + 1
BerEncoder_determineLengthSize,declaration,variableAccessSpecSize +=,,objectNameSize,mms/iso_mms/server/mms_information_report.c,241,variableAccessSpecSize += BerEncoder_determineLengthSize(objectNameSize)
BerEncoder_determineLengthSize,declaration,listOfAccessResultSize = accessResultSize +,,accessResultSize,mms/iso_mms/server/mms_information_report.c,255,listOfAccessResultSize = accessResultSize + BerEncoder_determineLengthSize(accessResultSize) + 1
BerEncoder_determineLengthSize,declaration,informationReportSize = 1 + informationReportContentSize +,,informationReportContentSize,mms/iso_mms/server/mms_information_report.c,260,informationReportSize = 1 + informationReportContentSize + BerEncoder_determineLengthSize(informationReportContentSize)
BerEncoder_determineLengthSize,declaration,uint32_t completeMessageSize = 1 + informationReportSize +,,informationReportSize,mms/iso_mms/server/mms_information_report.c,263,uint32_t completeMessageSize = 1 + informationReportSize + BerEncoder_determineLengthSize(informationReportSize)
BerEncoder_determineLengthSize,declaration,uint32_t dataRefLen = 1 +,,dataRefStrLen,mms/iso_mms/server/mms_journal_service.c,70,uint32_t dataRefLen = 1 + BerEncoder_determineLengthSize(dataRefStrLen) + dataRefStrLen
BerEncoder_determineLengthSize,declaration,uint32_t valueSpecLen = 1 +,,dataSize,mms/iso_mms/server/mms_journal_service.c,71,uint32_t valueSpecLen = 1 + BerEncoder_determineLengthSize(dataSize) + dataSize
BerEncoder_determineLengthSize,declaration,uint32_t firstVariableLen = 1 +,,valueSpecLen + dataRefLen,mms/iso_mms/server/mms_journal_service.c,73,uint32_t firstVariableLen = 1 + BerEncoder_determineLengthSize(valueSpecLen + dataRefLen) + valueSpecLen + dataRefLen
BerEncoder_determineLengthSize,declaration,uint32_t secondVariableLen = 1 +,,reasonCodeContentLen,mms/iso_mms/server/mms_journal_service.c,88,uint32_t secondVariableLen = 1 + BerEncoder_determineLengthSize(reasonCodeContentLen) + reasonCodeContentLen
BerEncoder_determineLengthSize,declaration,int journalVariablesLen = 1 +,,dataContentLen,mms/iso_mms/server/mms_journal_service.c,123,int journalVariablesLen = 1 + BerEncoder_determineLengthSize(dataContentLen) + dataContentLen
BerEncoder_determineLengthSize,declaration,int dataLen = 1 +,,journalVariablesLen,mms/iso_mms/server/mms_journal_service.c,125,int dataLen = 1 + BerEncoder_determineLengthSize(journalVariablesLen) + journalVariablesLen
BerEncoder_determineLengthSize,declaration,int entryContentLen = 1 +,,dataAndTimeLen,mms/iso_mms/server/mms_journal_service.c,129,int entryContentLen = 1 + BerEncoder_determineLengthSize(dataAndTimeLen) + dataAndTimeLen
BerEncoder_determineLengthSize,declaration,uint32_t listOfEntriesLen = 1 +,,dataSize,mms/iso_mms/server/mms_journal_service.c,525,uint32_t listOfEntriesLen = 1 + BerEncoder_determineLengthSize(dataSize) + dataSize
BerEncoder_determineLengthSize,declaration,uint32_t readJournalLen = 2 +,,listOfEntriesLen + moreFollowsLen) + (listOfEntriesLen + moreFollowsLen,mms/iso_mms/server/mms_journal_service.c,533,uint32_t readJournalLen = 2 + BerEncoder_determineLengthSize(listOfEntriesLen + moreFollowsLen) + (listOfEntriesLen + moreFollowsLen)
BerEncoder_determineLengthSize,declaration,varAccessSpecSize += itemIdLen +,,itemIdLen,mms/iso_mms/server/mms_read_service.c,355,varAccessSpecSize += itemIdLen + BerEncoder_determineLengthSize(itemIdLen) + 1
BerEncoder_determineLengthSize,declaration,varAccessSpecSize += domainIdLen +,,domainIdLen,mms/iso_mms/server/mms_read_service.c,361,varAccessSpecSize += domainIdLen + BerEncoder_determineLengthSize(domainIdLen) + 1
BerEncoder_determineLengthSize,declaration,varAccessSpecSize += 1 +,,specificityLength,mms/iso_mms/server/mms_read_service.c,366,varAccessSpecSize += 1 + BerEncoder_determineLengthSize(specificityLength)
BerEncoder_determineLengthSize,declaration,varAccessSpecSize += 1 +,,variableListNameLength,mms/iso_mms/server/mms_read_service.c,370,varAccessSpecSize += 1 + BerEncoder_determineLengthSize(variableListNameLength)
BerEncoder_determineLengthSize,declaration,varAccessSpecSize += 1 +,,varAccessSpecLength,mms/iso_mms/server/mms_read_service.c,374,varAccessSpecSize += 1 + BerEncoder_determineLengthSize(varAccessSpecLength)
BerEncoder_determineLengthSize,declaration,uint32_t listOfAccessResultsLength = 1 +,,accessResultSize,mms/iso_mms/server/mms_read_service.c,438,uint32_t listOfAccessResultsLength = 1 + BerEncoder_determineLengthSize(accessResultSize) + accessResultSize
BerEncoder_determineLengthSize,declaration,uint32_t confirmedServiceResponseLength = 1 +,,confirmedServiceResponseContentLength,mms/iso_mms/server/mms_read_service.c,444,uint32_t confirmedServiceResponseLength = 1 + BerEncoder_determineLengthSize(confirmedServiceResponseContentLength) + confirmedServiceResponseContentLength
BerEncoder_determineLengthSize,declaration,uint32_t mmsPduSize = 1 +,,confirmedResponseContentSize,mms/iso_mms/server/mms_read_service.c,452,uint32_t mmsPduSize = 1 + BerEncoder_determineLengthSize(confirmedResponseContentSize) + confirmedResponseContentSize
BerEncoder_determineLengthSize,declaration,uint32_t serviceErrorSize = 1 +,,serviceErrorContentSize,mms/iso_mms/server/mms_server_common.c,158,uint32_t serviceErrorSize = 1 + BerEncoder_determineLengthSize(serviceErrorContentSize) + serviceErrorContentSize
BerEncoder_determineLengthSize,declaration,uint32_t statusResponseLength = invokeIdLength + 2 + 1 +,,statusLength,mms/iso_mms/server/mms_status_service.c,36,uint32_t statusResponseLength = invokeIdLength + 2 + 1 + BerEncoder_determineLengthSize(statusLength) + statusLength
BerEncoder_determineLengthSize,declaration,uint32_t writeResponseLength = 2 + invokeIdLength + 1 +,,accessResultsLength,mms/iso_mms/server/mms_write_service.c,34,uint32_t writeResponseLength = 2 + invokeIdLength + 1 + BerEncoder_determineLengthSize(accessResultsLength) + accessResultsLength
BerEncoder_determineLengthSize,declaration,encodedDataSetLength +=,,payloadLength,mms/iso_presentation/iso_presentation.c,47,encodedDataSetLength += BerEncoder_determineLengthSize(payloadLength)
BerEncoder_determineLengthSize,declaration,fullyEncodedDataLength +=,,encodedDataSetLength,mms/iso_presentation/iso_presentation.c,50,fullyEncodedDataLength += BerEncoder_determineLengthSize(encodedDataSetLength) + 1
BerEncoder_determineLengthSize,declaration,encodedUserDataLength +=,,fullyEncodedDataLength,mms/iso_presentation/iso_presentation.c,71,encodedUserDataLength += BerEncoder_determineLengthSize(fullyEncodedDataLength)
BerEncoder_determineLengthSize,declaration,contentLength += 1 +,,normalModeLength,mms/iso_presentation/iso_presentation.c,102,contentLength += 1 + BerEncoder_determineLengthSize(normalModeLength)
BerEncoder_determineLengthSize,declaration,int userDataLengthFieldSize =,,payloadLength,mms/iso_presentation/iso_presentation.c,605,int userDataLengthFieldSize = BerEncoder_determineLengthSize(payloadLength)
BerEncoder_determineLengthSize,declaration,int pdvListLengthFieldSize =,,pdvListLength,mms/iso_presentation/iso_presentation.c,609,int pdvListLengthFieldSize = BerEncoder_determineLengthSize(pdvListLength)
BerEncoder_determineLengthSize,declaration,int userDataLengthFieldSize =,,payloadLength,mms/iso_presentation/iso_presentation.c,635,int userDataLengthFieldSize = BerEncoder_determineLengthSize(payloadLength)
BerEncoder_determineLengthSize,declaration,int pdvListLengthFieldSize =,,pdvListLength,mms/iso_presentation/iso_presentation.c,639,int pdvListLengthFieldSize = BerEncoder_determineLengthSize(pdvListLength)
BerEncoder_determineLengthSize,declaration,contentLength +=,,normalModeLength,mms/iso_presentation/iso_presentation.c,918,contentLength += BerEncoder_determineLengthSize(normalModeLength) + 1
BerEncoder_determineLengthSize,definition,int,,uint32_t length,mms/asn1/ber_encoder.c,382,int BerEncoder_determineLengthSize(uint32_t length)
BerEncoder_encodeAsn1PrimitiveValue,declaration,LIB61850_INTERNAL int,,"uint8_t tag, Asn1PrimitiveValue* value, uint8_t* buffer, int bufPos",mms/inc_private/ber_encoder.h,24,"LIB61850_INTERNAL int BerEncoder_encodeAsn1PrimitiveValue(uint8_t tag, Asn1PrimitiveValue* value, uint8_t* buffer, int bufPos)"
BerEncoder_encodeAsn1PrimitiveValue,definition,int,,"uint8_t tag, Asn1PrimitiveValue* value, uint8_t* buffer, int bufPos",mms/asn1/ber_encoder.c,81,"int BerEncoder_encodeAsn1PrimitiveValue(uint8_t tag, Asn1PrimitiveValue* value, uint8_t* buffer, int bufPos)"
BerEncoder_encodeBitString,declaration,LIB61850_INTERNAL int,,"uint8_t tag, int bitStringSize, uint8_t* bitString, uint8_t* buffer, int bufPos",mms/inc_private/ber_encoder.h,36,"LIB61850_INTERNAL int BerEncoder_encodeBitString(uint8_t tag, int bitStringSize, uint8_t* bitString, uint8_t* buffer, int bufPos)"
BerEncoder_encodeBitString,declaration,bufPos =,,"0x82, 85, servicesSupported, buffer, bufPos",mms/iso_mms/client/mms_client_initiate.c,79,"bufPos = BerEncoder_encodeBitString(0x82, 85, servicesSupported, buffer, bufPos)"
BerEncoder_encodeBitString,declaration,bufPos =,,"0x81, 11, self->negotiatedParameterCBC, buffer, bufPos",mms/iso_mms/server/mms_association_service.c,64,"bufPos = BerEncoder_encodeBitString(0x81, 11, self->negotiatedParameterCBC, buffer, bufPos)"
BerEncoder_encodeBitString,definition,int,,"uint8_t tag, int bitStringSize, uint8_t* bitString, uint8_t* buffer, int bufPos",mms/asn1/ber_encoder.c,113,"int BerEncoder_encodeBitString(uint8_t tag, int bitStringSize, uint8_t* bitString, uint8_t* buffer, int bufPos)"
BerEncoder_encodeBoolean,declaration,LIB61850_INTERNAL int,,"uint8_t tag, bool value, uint8_t* buffer, int bufPos",mms/inc_private/ber_encoder.h,15,"LIB61850_INTERNAL int BerEncoder_encodeBoolean(uint8_t tag, bool value, uint8_t* buffer, int bufPos)"
BerEncoder_encodeBoolean,declaration,bufPos =,,"0x80, extendedDerivation, buffer, bufPos",mms/iso_mms/client/mms_client_status.c,24,"bufPos = BerEncoder_encodeBoolean(0x80, extendedDerivation, buffer, bufPos)"
BerEncoder_encodeBoolean,definition,int,,"uint8_t tag, bool value, uint8_t* buffer, int bufPos",mms/asn1/ber_encoder.c,44,"int BerEncoder_encodeBoolean(uint8_t tag, bool value, uint8_t* buffer, int bufPos)"
BerEncoder_encodeFloat,declaration,LIB61850_INTERNAL int,,"uint8_t* floatValue, uint8_t formatWidth, uint8_t exponentWidth, uint8_t* buffer, int bufPos",mms/inc_private/ber_encoder.h,39,"LIB61850_INTERNAL int BerEncoder_encodeFloat(uint8_t* floatValue, uint8_t formatWidth, uint8_t exponentWidth, uint8_t* buffer, int bufPos)"
BerEncoder_encodeFloat,declaration,bufPos =,,"self->value.floatingPoint.buf, self->value.floatingPoint.formatWidth, self->value.floatingPoint.exponentWidth, buffer, bufPos",mms/iso_mms/server/mms_access_result.c,588,"bufPos = BerEncoder_encodeFloat(self->value.floatingPoint.buf, self->value.floatingPoint.formatWidth, self->value.floatingPoint.exponentWidth, buffer, bufPos)"
BerEncoder_encodeFloat,definition,int,,"uint8_t* floatValue, uint8_t formatWidth, uint8_t exponentWidth, uint8_t* buffer, int bufPos",mms/asn1/ber_encoder.c,312,"int BerEncoder_encodeFloat(uint8_t* floatValue, uint8_t formatWidth, uint8_t exponentWidth, uint8_t* buffer, int bufPos)"
BerEncoder_encodeInt32,declaration,LIB61850_INTERNAL int,,"int32_t value, uint8_t* buffer, int bufPos",mms/inc_private/ber_encoder.h,30,"LIB61850_INTERNAL int BerEncoder_encodeInt32(int32_t value, uint8_t* buffer, int bufPos)"
BerEncoder_encodeInt32,declaration,bufPos =,,"frsm->frsmId, buffer, bufPos",mms/iso_mms/server/mms_file_service.c,210,"bufPos = BerEncoder_encodeInt32(frsm->frsmId, buffer, bufPos)"
BerEncoder_encodeInt32,definition,int,,"int32_t value, uint8_t* buffer, int bufPos",mms/asn1/ber_encoder.c,251,"int BerEncoder_encodeInt32(int32_t value, uint8_t* buffer, int bufPos)"
BerEncoder_encodeLength,declaration,bufPos =,,"length, buffer, bufPos",mms/asn1/ber_encoder.c,40,"bufPos = BerEncoder_encodeLength(length, buffer, bufPos)"
BerEncoder_encodeLength,declaration,bufPos =,,"(uint32_t)length, buffer, bufPos",mms/asn1/ber_encoder.c,67,"bufPos = BerEncoder_encodeLength((uint32_t)length, buffer, bufPos)"
BerEncoder_encodeLength,declaration,bufPos =,,"value->size, buffer, bufPos",mms/asn1/ber_encoder.c,86,"bufPos = BerEncoder_encodeLength(value->size, buffer, bufPos)"
BerEncoder_encodeLength,declaration,bufPos =,,"octetStringSize, buffer, bufPos",mms/asn1/ber_encoder.c,102,"bufPos = BerEncoder_encodeLength(octetStringSize, buffer, bufPos)"
BerEncoder_encodeLength,declaration,bufPos =,,"byteSize + 1, buffer, bufPos",mms/asn1/ber_encoder.c,125,"bufPos = BerEncoder_encodeLength(byteSize + 1, buffer, bufPos)"
BerEncoder_encodeLength,declaration,bufPos =,,"fileOpenRequestSize, buffer, bufPos",mms/iso_mms/client/mms_client_files.c,255,"bufPos = BerEncoder_encodeLength(fileOpenRequestSize, buffer, bufPos)"
BerEncoder_encodeLength,declaration,bufPos =,,"fileDeleteRequestSize, buffer, bufPos",mms/iso_mms/client/mms_client_files.c,287,"bufPos = BerEncoder_encodeLength(fileDeleteRequestSize, buffer, bufPos)"
BerEncoder_encodeLength,declaration,bufPos =,,"parameterSize, buffer, bufPos",mms/iso_mms/client/mms_client_files.c,370,"bufPos = BerEncoder_encodeLength(parameterSize, buffer, bufPos)"
BerEncoder_encodeLength,declaration,bufPos =,,"parameterSize, buffer, bufPos",mms/iso_mms/client/mms_client_files.c,404,"bufPos = BerEncoder_encodeLength(parameterSize, buffer, bufPos)"
BerEncoder_encodeLength,declaration,bufPos =,,"parameterSize, buffer, bufPos",mms/iso_mms/client/mms_client_files.c,436,"bufPos = BerEncoder_encodeLength(parameterSize, buffer, bufPos)"
BerEncoder_encodeLength,declaration,bufPos =,,"journalReadSize, buffer, bufPos",mms/iso_mms/client/mms_client_journals.c,532,"bufPos = BerEncoder_encodeLength(journalReadSize, buffer, bufPos)"
BerEncoder_encodeLength,declaration,bufPos =,,"journalReadSize, buffer, bufPos",mms/iso_mms/client/mms_client_journals.c,599,"bufPos = BerEncoder_encodeLength(journalReadSize, buffer, bufPos)"
BerEncoder_encodeLength,declaration,bufPos =,,"elementsSize, buffer, bufPos",mms/iso_mms/server/mms_access_result.c,26,"bufPos = BerEncoder_encodeLength(elementsSize, buffer, bufPos)"
BerEncoder_encodeLength,declaration,bufPos =,,"componentsSize, buffer, bufPos",mms/iso_mms/server/mms_access_result.c,59,"bufPos = BerEncoder_encodeLength(componentsSize, buffer, bufPos)"
BerEncoder_encodeLength,declaration,bufPos =,,"listOfEntriesLen + moreFollowsLen, buffer, bufPos",mms/iso_mms/server/mms_journal_service.c,546,"bufPos = BerEncoder_encodeLength(listOfEntriesLen + moreFollowsLen, buffer, bufPos)"
BerEncoder_encodeOIDToBuffer,declaration,LIB61850_INTERNAL int,,"const char* oidString, uint8_t* buffer, int maxBufLen",mms/inc_private/ber_encoder.h,60,"LIB61850_INTERNAL int BerEncoder_encodeOIDToBuffer(const char* oidString, uint8_t* buffer, int maxBufLen)"
BerEncoder_encodeOIDToBuffer,declaration,self->remoteApTitleLen =,,"apTitle, self->remoteApTitle, 10",mms/iso_common/iso_connection_parameters.c,171,"self->remoteApTitleLen = BerEncoder_encodeOIDToBuffer(apTitle, self->remoteApTitle, 10)"
BerEncoder_encodeOIDToBuffer,declaration,self->localApTitleLen =,,"apTitle, self->localApTitle, 10",mms/iso_common/iso_connection_parameters.c,191,"self->localApTitleLen = BerEncoder_encodeOIDToBuffer(apTitle, self->localApTitle, 10)"
BerEncoder_encodeOIDToBuffer,definition,int,,"const char* oidString, uint8_t* buffer, int maxBufLen",mms/asn1/ber_encoder.c,414,"int BerEncoder_encodeOIDToBuffer(const char* oidString, uint8_t* buffer, int maxBufLen)"
BerEncoder_encodeOctetString,declaration,LIB61850_INTERNAL int,,"uint8_t tag, uint8_t* octetString, uint32_t octetStringSize, uint8_t* buffer, int bufPos",mms/inc_private/ber_encoder.h,21,"LIB61850_INTERNAL int BerEncoder_encodeOctetString(uint8_t tag, uint8_t* octetString, uint32_t octetStringSize, uint8_t* buffer, int bufPos)"
BerEncoder_encodeOctetString,declaration,bufPos =,,"0x19, (uint8_t*) fileName, fileNameStringSize, buffer, bufPos",mms/iso_mms/client/mms_client_files.c,258,"bufPos = BerEncoder_encodeOctetString(0x19, (uint8_t*) fileName, fileNameStringSize, buffer, bufPos)"
BerEncoder_encodeOctetString,declaration,bufPos =,,"0x19, (uint8_t*) fileName, fileNameStringSize, buffer, bufPos",mms/iso_mms/client/mms_client_files.c,289,"bufPos = BerEncoder_encodeOctetString(0x19, (uint8_t*) fileName, fileNameStringSize, buffer, bufPos)"
BerEncoder_encodeOctetString,declaration,bufPos =,,"0x49, frsmIdBer.octets, frsmIdBer.size, buffer, bufPos",mms/iso_mms/client/mms_client_files.c,320,"bufPos = BerEncoder_encodeOctetString(0x49, frsmIdBer.octets, frsmIdBer.size, buffer, bufPos)"
BerEncoder_encodeOctetString,declaration,bufPos =,,"0x19, (uint8_t*) fileSpecification, fileNameStringSize, buffer, bufPos",mms/iso_mms/client/mms_client_files.c,334,"bufPos = BerEncoder_encodeOctetString(0x19, (uint8_t*) fileSpecification, fileNameStringSize, buffer, bufPos)"
BerEncoder_encodeOctetString,declaration,bufPos =,,"0x4a, frsmIdBer.octets, frsmIdBer.size, buffer, bufPos",mms/iso_mms/client/mms_client_files.c,814,"bufPos = BerEncoder_encodeOctetString(0x4a, frsmIdBer.octets, frsmIdBer.size, buffer, bufPos)"
BerEncoder_encodeOctetString,declaration,bufPos =,,"0x1a, (uint8_t*) domainId, domainIdStringSize, buffer, bufPos",mms/iso_mms/client/mms_client_journals.c,539,"bufPos = BerEncoder_encodeOctetString(0x1a, (uint8_t*) domainId, domainIdStringSize, buffer, bufPos)"
BerEncoder_encodeOctetString,declaration,bufPos =,,"0x1a, (uint8_t*) itemId, itemIdStringSize, buffer, bufPos",mms/iso_mms/client/mms_client_journals.c,541,"bufPos = BerEncoder_encodeOctetString(0x1a, (uint8_t*) itemId, itemIdStringSize, buffer, bufPos)"
BerEncoder_encodeOctetString,declaration,bufPos =,,"0x80, startingTime->value.binaryTime.buf, startingTime->value.binaryTime.size, buffer, bufPos",mms/iso_mms/client/mms_client_journals.c,545,"bufPos = BerEncoder_encodeOctetString(0x80, startingTime->value.binaryTime.buf, startingTime->value.binaryTime.size, buffer, bufPos)"
BerEncoder_encodeOctetString,declaration,bufPos =,,"0x80, endingTime->value.binaryTime.buf, endingTime->value.binaryTime.size, buffer, bufPos",mms/iso_mms/client/mms_client_journals.c,550,"bufPos = BerEncoder_encodeOctetString(0x80, endingTime->value.binaryTime.buf, endingTime->value.binaryTime.size, buffer, bufPos)"
BerEncoder_encodeOctetString,declaration,bufPos =,,"0x1a, (uint8_t*) domainId, domainIdStringSize, buffer, bufPos",mms/iso_mms/client/mms_client_journals.c,606,"bufPos = BerEncoder_encodeOctetString(0x1a, (uint8_t*) domainId, domainIdStringSize, buffer, bufPos)"
BerEncoder_encodeOctetString,declaration,bufPos =,,"0x1a, (uint8_t*) itemId, itemIdStringSize, buffer, bufPos",mms/iso_mms/client/mms_client_journals.c,608,"bufPos = BerEncoder_encodeOctetString(0x1a, (uint8_t*) itemId, itemIdStringSize, buffer, bufPos)"
BerEncoder_encodeOctetString,declaration,bufPos =,,"0x80, timeSpecification->value.binaryTime.buf, timeSpecification->value.binaryTime.size, buffer, bufPos",mms/iso_mms/client/mms_client_journals.c,612,"bufPos = BerEncoder_encodeOctetString(0x80, timeSpecification->value.binaryTime.buf, timeSpecification->value.binaryTime.size, buffer, bufPos)"
BerEncoder_encodeOctetString,declaration,bufPos =,,"0x81, entrySpecification->value.octetString.buf, entrySpecification->value.octetString.size, buffer, bufPos",mms/iso_mms/client/mms_client_journals.c,616,"bufPos = BerEncoder_encodeOctetString(0x81, entrySpecification->value.octetString.buf, entrySpecification->value.octetString.size, buffer, bufPos)"
BerEncoder_encodeOctetString,declaration,bufPos =,,"0x81, (uint8_t*) gtString, gtStringSize, buffer, bufPos",mms/iso_mms/server/mms_file_service.c,97,"bufPos = BerEncoder_encodeOctetString(0x81, (uint8_t*) gtString, gtStringSize, buffer, bufPos)"
BerEncoder_encodeOctetString,declaration,bufPos =,,"0x19, (uint8_t*) fileSpecification, fileNameStringSize, buffer, bufPos",mms/iso_mms/server/mms_file_service.c,922,"bufPos = BerEncoder_encodeOctetString(0x19, (uint8_t*) fileSpecification, fileNameStringSize, buffer, bufPos)"
BerEncoder_encodeOctetString,declaration,bufPos =,,"0x80, (uint8_t*) dataRef, dataRefStrLen, buffer, bufPos",mms/iso_mms/server/mms_journal_service.c,102,"bufPos = BerEncoder_encodeOctetString(0x80, (uint8_t*) dataRef, dataRefStrLen, buffer, bufPos)"
BerEncoder_encodeOctetString,declaration,bufPos =,,"0xa1, data, dataSize, buffer, bufPos",mms/iso_mms/server/mms_journal_service.c,105,"bufPos = BerEncoder_encodeOctetString(0xa1, data, dataSize, buffer, bufPos)"
BerEncoder_encodeOctetString,declaration,bufPos =,,"0x80, (uint8_t*) REASON_CODE_STR, 10, buffer, bufPos",mms/iso_mms/server/mms_journal_service.c,112,"bufPos = BerEncoder_encodeOctetString(0x80, (uint8_t*) REASON_CODE_STR, 10, buffer, bufPos)"
BerEncoder_encodeOctetString,declaration,headerBufPos =,,"0x80, (uint8_t*) &(encoder->currentEntryId), 8, buffer, headerBufPos",mms/iso_mms/server/mms_journal_service.c,139,"headerBufPos = BerEncoder_encodeOctetString(0x80, (uint8_t*) &(encoder->currentEntryId), 8, buffer, headerBufPos)"
BerEncoder_encodeOctetString,declaration,headerBufPos =,,"0x80, occurenceTime.value.binaryTime.buf, 6, buffer, headerBufPos",mms/iso_mms/server/mms_journal_service.c,151,"headerBufPos = BerEncoder_encodeOctetString(0x80, occurenceTime.value.binaryTime.buf, 6, buffer, headerBufPos)"
BerEncoder_encodeOctetString,definition,int,,"uint8_t tag, uint8_t* octetString, uint32_t octetStringSize, uint8_t* buffer, int bufPos",mms/asn1/ber_encoder.c,97,"int BerEncoder_encodeOctetString(uint8_t tag, uint8_t* octetString, uint32_t octetStringSize, uint8_t* buffer, int bufPos)"
BerEncoder_encodeStringWithTag,declaration,LIB61850_INTERNAL int,,"uint8_t tag, const char* string, uint8_t* buffer, int bufPos",mms/inc_private/ber_encoder.h,18,"LIB61850_INTERNAL int BerEncoder_encodeStringWithTag(uint8_t tag, const char* string, uint8_t* buffer, int bufPos)"
BerEncoder_encodeStringWithTag,declaration,bufPos =,,"0x1a, (char*) element->data, buffer, bufPos",mms/iso_mms/server/mms_get_namelist_service.c,472,"bufPos = BerEncoder_encodeStringWithTag(0x1a, (char*) element->data, buffer, bufPos)"
BerEncoder_encodeStringWithTag,declaration,bufPos =,,"0x80, MmsServer_getVendorName(mmsServer), buffer, bufPos",mms/iso_mms/server/mms_identify_service.c,39,"bufPos = BerEncoder_encodeStringWithTag(0x80, MmsServer_getVendorName(mmsServer), buffer, bufPos)"
BerEncoder_encodeStringWithTag,declaration,bufPos =,,"0x81, MmsServer_getModelName(mmsServer), buffer, bufPos",mms/iso_mms/server/mms_identify_service.c,40,"bufPos = BerEncoder_encodeStringWithTag(0x81, MmsServer_getModelName(mmsServer), buffer, bufPos)"
BerEncoder_encodeStringWithTag,declaration,bufPos =,,"0x82, MmsServer_getRevision(mmsServer), buffer, bufPos",mms/iso_mms/server/mms_identify_service.c,41,"bufPos = BerEncoder_encodeStringWithTag(0x82, MmsServer_getRevision(mmsServer), buffer, bufPos)"
BerEncoder_encodeStringWithTag,declaration,bufPos =,,"0x80, itemId, buffer, bufPos",mms/iso_mms/server/mms_information_report.c,59,"bufPos = BerEncoder_encodeStringWithTag(0x80, itemId, buffer, bufPos)"
BerEncoder_encodeStringWithTag,declaration,bufPos =,,"0x1a, spec->domainId, buffer, bufPos",mms/iso_mms/server/mms_information_report.c,182,"bufPos = BerEncoder_encodeStringWithTag(0x1a, spec->domainId, buffer, bufPos)"
BerEncoder_encodeStringWithTag,declaration,bufPos =,,"0x1a, spec->itemId, buffer, bufPos",mms/iso_mms/server/mms_information_report.c,183,"bufPos = BerEncoder_encodeStringWithTag(0x1a, spec->itemId, buffer, bufPos)"
BerEncoder_encodeStringWithTag,declaration,bufPos =,,"0x80, spec->itemId, buffer, bufPos",mms/iso_mms/server/mms_information_report.c,190,"bufPos = BerEncoder_encodeStringWithTag(0x80, spec->itemId, buffer, bufPos)"
BerEncoder_encodeStringWithTag,declaration,bufPos =,,"0x80, itemId, buffer, bufPos",mms/iso_mms/server/mms_information_report.c,289,"bufPos = BerEncoder_encodeStringWithTag(0x80, itemId, buffer, bufPos)"
BerEncoder_encodeStringWithTag,declaration,bufPos =,,"0x1a, accessSpec->itemId, buffer, bufPos",mms/iso_mms/server/mms_read_service.c,402,"bufPos = BerEncoder_encodeStringWithTag(0x1a, accessSpec->itemId, buffer, bufPos)"
BerEncoder_encodeStringWithTag,definition,int,,"uint8_t tag, const char* string, uint8_t* buffer, int bufPos",mms/asn1/ber_encoder.c,58,"int BerEncoder_encodeStringWithTag(uint8_t tag, const char* string, uint8_t* buffer, int bufPos)"
BerEncoder_encodeTL,declaration,LIB61850_INTERNAL int,,"uint8_t tag, uint32_t length, uint8_t* buffer, int bufPos",mms/inc_private/ber_encoder.h,12,"LIB61850_INTERNAL int BerEncoder_encodeTL(uint8_t tag, uint32_t length, uint8_t* buffer, int bufPos)"
BerEncoder_encodeTL,declaration,bufPos =,,"0x61, contentLength, buffer, bufPos",mms/iso_acse/acse.c,566,"bufPos = BerEncoder_encodeTL(0x61, contentLength, buffer, bufPos)"
BerEncoder_encodeTL,declaration,bufPos =,,"0xa1, 7, buffer, bufPos",mms/iso_acse/acse.c,568,"bufPos = BerEncoder_encodeTL(0xa1, 7, buffer, bufPos)"
BerEncoder_encodeTL,declaration,bufPos =,,"0x06, 5, buffer, bufPos",mms/iso_acse/acse.c,571,"bufPos = BerEncoder_encodeTL(0x06, 5, buffer, bufPos)"
BerEncoder_encodeTL,declaration,bufPos =,,"0xa2, 3, buffer, bufPos",mms/iso_acse/acse.c,574,"bufPos = BerEncoder_encodeTL(0xa2, 3, buffer, bufPos)"
BerEncoder_encodeTL,declaration,bufPos =,,"0x02, 1, buffer, bufPos",mms/iso_acse/acse.c,577,"bufPos = BerEncoder_encodeTL(0x02, 1, buffer, bufPos)"
BerEncoder_encodeTL,declaration,bufPos =,,"0xa3, 5, buffer, bufPos",mms/iso_acse/acse.c,579,"bufPos = BerEncoder_encodeTL(0xa3, 5, buffer, bufPos)"
BerEncoder_encodeTL,declaration,bufPos =,,"0xa1, 3, buffer, bufPos",mms/iso_acse/acse.c,582,"bufPos = BerEncoder_encodeTL(0xa1, 3, buffer, bufPos)"
BerEncoder_encodeTL,declaration,bufPos =,,"0x02, 1, buffer, bufPos",mms/iso_acse/acse.c,583,"bufPos = BerEncoder_encodeTL(0x02, 1, buffer, bufPos)"
BerEncoder_encodeTL,declaration,bufPos =,,"0xbe, userInfoLength, buffer, bufPos",mms/iso_acse/acse.c,585,"bufPos = BerEncoder_encodeTL(0xbe, userInfoLength, buffer, bufPos)"
BerEncoder_encodeTL,declaration,bufPos =,,"0x28, assocDataLength, buffer, bufPos",mms/iso_acse/acse.c,588,"bufPos = BerEncoder_encodeTL(0x28, assocDataLength, buffer, bufPos)"
BerEncoder_encodeTL,declaration,bufPos =,,"0x02, nextRefLength, buffer, bufPos",mms/iso_acse/acse.c,591,"bufPos = BerEncoder_encodeTL(0x02, nextRefLength, buffer, bufPos)"
BerEncoder_encodeTL,declaration,bufPos =,,"0xa0, payloadLength, buffer, bufPos",mms/iso_acse/acse.c,595,"bufPos = BerEncoder_encodeTL(0xa0, payloadLength, buffer, bufPos)"
BerEncoder_encodeTL,declaration,bufPos =,,"0x60, contentLength, buffer, bufPos",mms/iso_acse/acse.c,712,"bufPos = BerEncoder_encodeTL(0x60, contentLength, buffer, bufPos)"
BerEncoder_encodeTL,declaration,bufPos =,,"0xa1, 7, buffer, bufPos",mms/iso_acse/acse.c,714,"bufPos = BerEncoder_encodeTL(0xa1, 7, buffer, bufPos)"
BerEncoder_encodeTL,declaration,bufPos =,,"0x06, 5, buffer, bufPos",mms/iso_acse/acse.c,717,"bufPos = BerEncoder_encodeTL(0x06, 5, buffer, bufPos)"
BerEncoder_encodeTL,declaration,bufPos =,,"0xa2, isoParameters->remoteApTitleLen + 2, buffer, bufPos",mms/iso_acse/acse.c,723,"bufPos = BerEncoder_encodeTL(0xa2, isoParameters->remoteApTitleLen + 2, buffer, bufPos)"
BerEncoder_encodeTL,declaration,bufPos =,,"0x06, isoParameters->remoteApTitleLen, buffer, bufPos",mms/iso_acse/acse.c,726,"bufPos = BerEncoder_encodeTL(0x06, isoParameters->remoteApTitleLen, buffer, bufPos)"
BerEncoder_encodeTL,declaration,bufPos =,,"0xa3, calledAEQualifierLength + 2, buffer, bufPos",mms/iso_acse/acse.c,732,"bufPos = BerEncoder_encodeTL(0xa3, calledAEQualifierLength + 2, buffer, bufPos)"
BerEncoder_encodeTL,declaration,bufPos =,,"0x02, calledAEQualifierLength, buffer, bufPos",mms/iso_acse/acse.c,736,"bufPos = BerEncoder_encodeTL(0x02, calledAEQualifierLength, buffer, bufPos)"
BerEncoder_encodeTL,declaration,bufPos =,,"0xa6, isoParameters->localApTitleLen + 2, buffer, bufPos",mms/iso_acse/acse.c,744,"bufPos = BerEncoder_encodeTL(0xa6, isoParameters->localApTitleLen + 2, buffer, bufPos)"
BerEncoder_encodeTL,declaration,bufPos =,,"0x06, isoParameters->localApTitleLen, buffer, bufPos",mms/iso_acse/acse.c,747,"bufPos = BerEncoder_encodeTL(0x06, isoParameters->localApTitleLen, buffer, bufPos)"
BerEncoder_encodeTL,declaration,bufPos =,,"0xa7, callingAEQualifierLength + 2, buffer, bufPos",mms/iso_acse/acse.c,752,"bufPos = BerEncoder_encodeTL(0xa7, callingAEQualifierLength + 2, buffer, bufPos)"
BerEncoder_encodeTL,declaration,bufPos =,,"0x02, callingAEQualifierLength, buffer, bufPos",mms/iso_acse/acse.c,756,"bufPos = BerEncoder_encodeTL(0x02, callingAEQualifierLength, buffer, bufPos)"
BerEncoder_encodeTL,declaration,bufPos =,,"0x8a, 2, buffer, bufPos",mms/iso_acse/acse.c,764,"bufPos = BerEncoder_encodeTL(0x8a, 2, buffer, bufPos)"
BerEncoder_encodeTL,declaration,bufPos =,,"0x8b, 3, buffer, bufPos",mms/iso_acse/acse.c,771,"bufPos = BerEncoder_encodeTL(0x8b, 3, buffer, bufPos)"
BerEncoder_encodeTL,declaration,bufPos =,,"0xac, authValueStringLength + passwordLength + 1, buffer, bufPos",mms/iso_acse/acse.c,775,"bufPos = BerEncoder_encodeTL(0xac, authValueStringLength + passwordLength + 1, buffer, bufPos)"
BerEncoder_encodeTL,declaration,bufPos =,,"0x80, passwordLength, buffer, bufPos",mms/iso_acse/acse.c,779,"bufPos = BerEncoder_encodeTL(0x80, passwordLength, buffer, bufPos)"
BerEncoder_encodeTL,declaration,bufPos =,,"0xbe, userInfoLen, buffer, bufPos",mms/iso_acse/acse.c,789,"bufPos = BerEncoder_encodeTL(0xbe, userInfoLen, buffer, bufPos)"
BerEncoder_encodeTL,declaration,bufPos =,,"0x28, assocDataLength, buffer, bufPos",mms/iso_acse/acse.c,792,"bufPos = BerEncoder_encodeTL(0x28, assocDataLength, buffer, bufPos)"
BerEncoder_encodeTL,declaration,bufPos =,,"0x02, 1, buffer, bufPos",mms/iso_acse/acse.c,795,"bufPos = BerEncoder_encodeTL(0x02, 1, buffer, bufPos)"
BerEncoder_encodeTL,declaration,bufPos =,,"0xa0, payloadLength, buffer, bufPos",mms/iso_acse/acse.c,799,"bufPos = BerEncoder_encodeTL(0xa0, payloadLength, buffer, bufPos)"
BerEncoder_encodeTL,declaration,bufPos =,,"0xa0, confirmedRequestPduSize, buffer, bufPos",mms/iso_mms/client/mms_client_files.c,247,"bufPos = BerEncoder_encodeTL(0xa0, confirmedRequestPduSize, buffer, bufPos)"
BerEncoder_encodeTL,declaration,bufPos =,,"0x02, invokeIdSize, buffer, bufPos",mms/iso_mms/client/mms_client_files.c,249,"bufPos = BerEncoder_encodeTL(0x02, invokeIdSize, buffer, bufPos)"
BerEncoder_encodeTL,declaration,bufPos =,,"0xa0, fileNameSeqSize, buffer, bufPos",mms/iso_mms/client/mms_client_files.c,256,"bufPos = BerEncoder_encodeTL(0xa0, fileNameSeqSize, buffer, bufPos)"
BerEncoder_encodeTL,declaration,bufPos =,,"0xa0, confirmedRequestPduSize, buffer, bufPos",mms/iso_mms/client/mms_client_files.c,279,"bufPos = BerEncoder_encodeTL(0xa0, confirmedRequestPduSize, buffer, bufPos)"
BerEncoder_encodeTL,declaration,bufPos =,,"0x02, invokeIdSize, buffer, bufPos",mms/iso_mms/client/mms_client_files.c,281,"bufPos = BerEncoder_encodeTL(0x02, invokeIdSize, buffer, bufPos)"
BerEncoder_encodeTL,declaration,bufPos =,,"0xa0, confirmedRequestPduSize, buffer, bufPos",mms/iso_mms/client/mms_client_files.c,313,"bufPos = BerEncoder_encodeTL(0xa0, confirmedRequestPduSize, buffer, bufPos)"
BerEncoder_encodeTL,declaration,bufPos =,,"0x02, invokeIdSize, buffer, bufPos",mms/iso_mms/client/mms_client_files.c,315,"bufPos = BerEncoder_encodeTL(0x02, invokeIdSize, buffer, bufPos)"
BerEncoder_encodeTL,declaration,bufPos =,,"tag, fileNameSeqSize, buffer, bufPos",mms/iso_mms/client/mms_client_files.c,332,"bufPos = BerEncoder_encodeTL(tag, fileNameSeqSize, buffer, bufPos)"
BerEncoder_encodeTL,declaration,bufPos =,,"0xa0, confirmedRequestPduSize, buffer, bufPos",mms/iso_mms/client/mms_client_files.c,362,"bufPos = BerEncoder_encodeTL(0xa0, confirmedRequestPduSize, buffer, bufPos)"
BerEncoder_encodeTL,declaration,bufPos =,,"0x02, invokeIdSize, buffer, bufPos",mms/iso_mms/client/mms_client_files.c,364,"bufPos = BerEncoder_encodeTL(0x02, invokeIdSize, buffer, bufPos)"
BerEncoder_encodeTL,declaration,bufPos =,,"0xa0, confirmedRequestPduSize, buffer, bufPos",mms/iso_mms/client/mms_client_files.c,396,"bufPos = BerEncoder_encodeTL(0xa0, confirmedRequestPduSize, buffer, bufPos)"
BerEncoder_encodeTL,declaration,bufPos =,,"0x02, invokeIdSize, buffer, bufPos",mms/iso_mms/client/mms_client_files.c,398,"bufPos = BerEncoder_encodeTL(0x02, invokeIdSize, buffer, bufPos)"
BerEncoder_encodeTL,declaration,bufPos =,,"0xa0, confirmedRequestPduSize, buffer, bufPos",mms/iso_mms/client/mms_client_files.c,428,"bufPos = BerEncoder_encodeTL(0xa0, confirmedRequestPduSize, buffer, bufPos)"
BerEncoder_encodeTL,declaration,bufPos =,,"0x02, invokeIdSize, buffer, bufPos",mms/iso_mms/client/mms_client_files.c,430,"bufPos = BerEncoder_encodeTL(0x02, invokeIdSize, buffer, bufPos)"
BerEncoder_encodeTL,declaration,bufPos =,,"0xa0, confirmedRequestPduSize, buffer, bufPos",mms/iso_mms/client/mms_client_files.c,807,"bufPos = BerEncoder_encodeTL(0xa0, confirmedRequestPduSize, buffer, bufPos)"
BerEncoder_encodeTL,declaration,bufPos =,,"0x02, invokeIdSize, buffer, bufPos",mms/iso_mms/client/mms_client_files.c,809,"bufPos = BerEncoder_encodeTL(0x02, invokeIdSize, buffer, bufPos)"
BerEncoder_encodeTL,declaration,bufPos =,,"0xa0, confirmedRequestPduSize, buffer, bufPos",mms/iso_mms/client/mms_client_identify.c,20,"bufPos = BerEncoder_encodeTL(0xa0, confirmedRequestPduSize, buffer, bufPos)"
BerEncoder_encodeTL,declaration,bufPos =,,"0x02, invokeIdSize, buffer, bufPos",mms/iso_mms/client/mms_client_identify.c,22,"bufPos = BerEncoder_encodeTL(0x02, invokeIdSize, buffer, bufPos)"
BerEncoder_encodeTL,declaration,bufPos =,,"0x82, 0, buffer, bufPos",mms/iso_mms/client/mms_client_identify.c,24,"bufPos = BerEncoder_encodeTL(0x82, 0, buffer, bufPos)"
BerEncoder_encodeTL,declaration,bufPos =,,"0xa8, initiateRequestPduSize, buffer, bufPos",mms/iso_mms/client/mms_client_initiate.c,46,"bufPos = BerEncoder_encodeTL(0xa8, initiateRequestPduSize, buffer, bufPos)"
BerEncoder_encodeTL,declaration,bufPos =,,"0x80, localDetailSize, buffer, bufPos",mms/iso_mms/client/mms_client_initiate.c,48,"bufPos = BerEncoder_encodeTL(0x80, localDetailSize, buffer, bufPos)"
BerEncoder_encodeTL,declaration,bufPos =,,"0x81, proposedMaxServerOutstandingCallingSize, buffer, bufPos",mms/iso_mms/client/mms_client_initiate.c,52,"bufPos = BerEncoder_encodeTL(0x81, proposedMaxServerOutstandingCallingSize, buffer, bufPos)"
BerEncoder_encodeTL,declaration,bufPos =,,"0x82, proposedMaxServerOutstandingCalledSize, buffer, bufPos",mms/iso_mms/client/mms_client_initiate.c,56,"bufPos = BerEncoder_encodeTL(0x82, proposedMaxServerOutstandingCalledSize, buffer, bufPos)"
BerEncoder_encodeTL,declaration,bufPos =,,"0x83, dataStructureNestingLevelSize, buffer, bufPos",mms/iso_mms/client/mms_client_initiate.c,60,"bufPos = BerEncoder_encodeTL(0x83, dataStructureNestingLevelSize, buffer, bufPos)"
BerEncoder_encodeTL,declaration,bufPos =,,"0xa4, initRequestDetailSize, buffer, bufPos",mms/iso_mms/client/mms_client_initiate.c,64,"bufPos = BerEncoder_encodeTL(0xa4, initRequestDetailSize, buffer, bufPos)"
BerEncoder_encodeTL,declaration,bufPos =,,"0xa0, confirmedRequestPduSize, buffer, bufPos",mms/iso_mms/client/mms_client_journals.c,524,"bufPos = BerEncoder_encodeTL(0xa0, confirmedRequestPduSize, buffer, bufPos)"
BerEncoder_encodeTL,declaration,bufPos =,,"0x02, invokeIdSize, buffer, bufPos",mms/iso_mms/client/mms_client_journals.c,526,"bufPos = BerEncoder_encodeTL(0x02, invokeIdSize, buffer, bufPos)"
BerEncoder_encodeTL,declaration,bufPos =,,"0xa0, journalNameSize, buffer, bufPos",mms/iso_mms/client/mms_client_journals.c,534,"bufPos = BerEncoder_encodeTL(0xa0, journalNameSize, buffer, bufPos)"
BerEncoder_encodeTL,declaration,bufPos =,,"0xa1, objectIdSize, buffer, bufPos",mms/iso_mms/client/mms_client_journals.c,537,"bufPos = BerEncoder_encodeTL(0xa1, objectIdSize, buffer, bufPos)"
BerEncoder_encodeTL,declaration,bufPos =,,"0xa1, startingTimeSize, buffer, bufPos",mms/iso_mms/client/mms_client_journals.c,542,"bufPos = BerEncoder_encodeTL(0xa1, startingTimeSize, buffer, bufPos)"
BerEncoder_encodeTL,declaration,bufPos =,,"0xa2, endingTimeSize, buffer, bufPos",mms/iso_mms/client/mms_client_journals.c,547,"bufPos = BerEncoder_encodeTL(0xa2, endingTimeSize, buffer, bufPos)"
BerEncoder_encodeTL,declaration,bufPos =,,"0xa0, confirmedRequestPduSize, buffer, bufPos",mms/iso_mms/client/mms_client_journals.c,591,"bufPos = BerEncoder_encodeTL(0xa0, confirmedRequestPduSize, buffer, bufPos)"
BerEncoder_encodeTL,declaration,bufPos =,,"0x02, invokeIdSize, buffer, bufPos",mms/iso_mms/client/mms_client_journals.c,593,"bufPos = BerEncoder_encodeTL(0x02, invokeIdSize, buffer, bufPos)"
BerEncoder_encodeTL,declaration,bufPos =,,"0xa0, journalNameSize, buffer, bufPos",mms/iso_mms/client/mms_client_journals.c,601,"bufPos = BerEncoder_encodeTL(0xa0, journalNameSize, buffer, bufPos)"
BerEncoder_encodeTL,declaration,bufPos =,,"0xa1, objectIdSize, buffer, bufPos",mms/iso_mms/client/mms_client_journals.c,604,"bufPos = BerEncoder_encodeTL(0xa1, objectIdSize, buffer, bufPos)"
BerEncoder_encodeTL,declaration,bufPos =,,"0xa5, entryToStartAfterContentSize, buffer, bufPos",mms/iso_mms/client/mms_client_journals.c,609,"bufPos = BerEncoder_encodeTL(0xa5, entryToStartAfterContentSize, buffer, bufPos)"
BerEncoder_encodeTL,declaration,bufPos =,,"0xa0, confirmedRequestPduSize, buffer, bufPos",mms/iso_mms/client/mms_client_status.c,20,"bufPos = BerEncoder_encodeTL(0xa0, confirmedRequestPduSize, buffer, bufPos)"
BerEncoder_encodeTL,declaration,bufPos =,,"0x02, invokeIdSize, buffer, bufPos",mms/iso_mms/client/mms_client_status.c,22,"bufPos = BerEncoder_encodeTL(0x02, invokeIdSize, buffer, bufPos)"
BerEncoder_encodeTL,declaration,bufPos =,,"0x80, length, buffer, bufPos",mms/iso_mms/server/mms_access_result.c,526,"bufPos = BerEncoder_encodeTL(0x80, length, buffer, bufPos)"
BerEncoder_encodeTL,declaration,bufPos =,,"0x87, floatSize, buffer, bufPos",mms/iso_mms/server/mms_access_result.c,587,"bufPos = BerEncoder_encodeTL(0x87, floatSize, buffer, bufPos)"
BerEncoder_encodeTL,declaration,bufPos =,,"0xa4, initResponseDetailSize, buffer, bufPos",mms/iso_mms/server/mms_association_service.c,57,"bufPos = BerEncoder_encodeTL(0xa4, initResponseDetailSize, buffer, bufPos)"
BerEncoder_encodeTL,declaration,bufPos =,,"0xa9, initiateResponseLength, buffer, bufPos",mms/iso_mms/server/mms_association_service.c,216,"bufPos = BerEncoder_encodeTL(0xa9, initiateResponseLength, buffer, bufPos)"
BerEncoder_encodeTL,declaration,bufPos =,,"0xa1, confirmedResponsePDUSize, buffer, bufPos",mms/iso_mms/server/mms_file_service.c,23,"bufPos = BerEncoder_encodeTL(0xa1, confirmedResponsePDUSize, buffer, bufPos)"
BerEncoder_encodeTL,declaration,bufPos =,,"0x02, invokeIdSize - 2, buffer, bufPos",mms/iso_mms/server/mms_file_service.c,25,"bufPos = BerEncoder_encodeTL(0x02, invokeIdSize - 2, buffer, bufPos)"
BerEncoder_encodeTL,declaration,bufPos =,,"tag, 0, buffer, bufPos",mms/iso_mms/server/mms_file_service.c,30,"bufPos = BerEncoder_encodeTL(tag, 0, buffer, bufPos)"
BerEncoder_encodeTL,declaration,bufPos =,,"tag, fileAttributesSize, buffer, bufPos",mms/iso_mms/server/mms_file_service.c,94,"bufPos = BerEncoder_encodeTL(tag, fileAttributesSize, buffer, bufPos)"
BerEncoder_encodeTL,declaration,bufPos =,,"0x80, sizeOfFileSize, buffer, bufPos",mms/iso_mms/server/mms_file_service.c,95,"bufPos = BerEncoder_encodeTL(0x80, sizeOfFileSize, buffer, bufPos)"
BerEncoder_encodeTL,declaration,bufPos =,,"0xa1, confirmedResponsePDUSize, buffer, bufPos",mms/iso_mms/server/mms_file_service.c,201,"bufPos = BerEncoder_encodeTL(0xa1, confirmedResponsePDUSize, buffer, bufPos)"
BerEncoder_encodeTL,declaration,bufPos =,,"0x02, invokeIdSize - 2, buffer, bufPos",mms/iso_mms/server/mms_file_service.c,203,"bufPos = BerEncoder_encodeTL(0x02, invokeIdSize - 2, buffer, bufPos)"
BerEncoder_encodeTL,declaration,bufPos =,,"0x48, openFileResponseSize, buffer, bufPos",mms/iso_mms/server/mms_file_service.c,208,"bufPos = BerEncoder_encodeTL(0x48, openFileResponseSize, buffer, bufPos)"
BerEncoder_encodeTL,declaration,bufPos =,,"0x80, frsmIdSize - 2, buffer, bufPos",mms/iso_mms/server/mms_file_service.c,209,"bufPos = BerEncoder_encodeTL(0x80, frsmIdSize - 2, buffer, bufPos)"
BerEncoder_encodeTL,declaration,bufPos =,,"0xa1, confirmedResponsePDUSize, buffer, bufPos",mms/iso_mms/server/mms_file_service.c,840,"bufPos = BerEncoder_encodeTL(0xa1, confirmedResponsePDUSize, buffer, bufPos)"
BerEncoder_encodeTL,declaration,bufPos =,,"0x02, invokeIdSize - 2, buffer, bufPos",mms/iso_mms/server/mms_file_service.c,842,"bufPos = BerEncoder_encodeTL(0x02, invokeIdSize - 2, buffer, bufPos)"
BerEncoder_encodeTL,declaration,bufPos =,,"0x49, fileReadResponseSize, buffer, bufPos",mms/iso_mms/server/mms_file_service.c,847,"bufPos = BerEncoder_encodeTL(0x49, fileReadResponseSize, buffer, bufPos)"
BerEncoder_encodeTL,declaration,bufPos =,,"0x80, fileChunkSize, buffer, bufPos",mms/iso_mms/server/mms_file_service.c,848,"bufPos = BerEncoder_encodeTL(0x80, fileChunkSize, buffer, bufPos)"
BerEncoder_encodeTL,declaration,bufPos =,,"tag, fileNameSeqSize, buffer, bufPos",mms/iso_mms/server/mms_file_service.c,920,"bufPos = BerEncoder_encodeTL(tag, fileNameSeqSize, buffer, bufPos)"
BerEncoder_encodeTL,declaration,bufPos =,,"0x30, dirEntrySize, buffer, bufPos",mms/iso_mms/server/mms_file_service.c,994,"bufPos = BerEncoder_encodeTL(0x30, dirEntrySize, buffer, bufPos)"
BerEncoder_encodeTL,declaration,bufPos =,,"0xa1, confirmedResponsePDUSize, buffer, bufPos",mms/iso_mms/server/mms_file_service.c,1070,"bufPos = BerEncoder_encodeTL(0xa1, confirmedResponsePDUSize, buffer, bufPos)"
BerEncoder_encodeTL,declaration,bufPos =,,"0x02, invokeIdSize - 2, buffer, bufPos",mms/iso_mms/server/mms_file_service.c,1072,"bufPos = BerEncoder_encodeTL(0x02, invokeIdSize - 2, buffer, bufPos)"
BerEncoder_encodeTL,declaration,bufPos =,,"0x4d, fileDirectoryResponseSize, buffer, bufPos",mms/iso_mms/server/mms_file_service.c,1077,"bufPos = BerEncoder_encodeTL(0x4d, fileDirectoryResponseSize, buffer, bufPos)"
BerEncoder_encodeTL,declaration,bufPos =,,"0xa0, listOfDirectoryEntrySize, buffer, bufPos",mms/iso_mms/server/mms_file_service.c,1078,"bufPos = BerEncoder_encodeTL(0xa0, listOfDirectoryEntrySize, buffer, bufPos)"
BerEncoder_encodeTL,declaration,bufPos =,,"0x30, listOfDirectoryEntrySeqSize, buffer, bufPos",mms/iso_mms/server/mms_file_service.c,1079,"bufPos = BerEncoder_encodeTL(0x30, listOfDirectoryEntrySeqSize, buffer, bufPos)"
BerEncoder_encodeTL,declaration,bufPos =,,"0xa1, confirmedResponsePDUSize, buffer, bufPos",mms/iso_mms/server/mms_get_namelist_service.c,459,"bufPos = BerEncoder_encodeTL(0xa1, confirmedResponsePDUSize, buffer, bufPos)"
BerEncoder_encodeTL,declaration,bufPos =,,"0x02, invokeIdSize - 2, buffer, bufPos",mms/iso_mms/server/mms_get_namelist_service.c,461,"bufPos = BerEncoder_encodeTL(0x02, invokeIdSize - 2, buffer, bufPos)"
BerEncoder_encodeTL,declaration,bufPos =,,"0xa1, getNameListSize, buffer, bufPos",mms/iso_mms/server/mms_get_namelist_service.c,464,"bufPos = BerEncoder_encodeTL(0xa1, getNameListSize, buffer, bufPos)"
BerEncoder_encodeTL,declaration,bufPos =,,"0xa0, identifierListSize, buffer, bufPos",mms/iso_mms/server/mms_get_namelist_service.c,466,"bufPos = BerEncoder_encodeTL(0xa0, identifierListSize, buffer, bufPos)"
BerEncoder_encodeTL,declaration,bufPos =,,"0xa1, identifyResponseLength, buffer, bufPos",mms/iso_mms/server/mms_identify_service.c,30,"bufPos = BerEncoder_encodeTL(0xa1, identifyResponseLength, buffer, bufPos)"
BerEncoder_encodeTL,declaration,bufPos =,,"0x02, invokeIdLength, buffer, bufPos",mms/iso_mms/server/mms_identify_service.c,33,"bufPos = BerEncoder_encodeTL(0x02, invokeIdLength, buffer, bufPos)"
BerEncoder_encodeTL,declaration,bufPos =,,"0xa2, identityLength, buffer, bufPos",mms/iso_mms/server/mms_identify_service.c,37,"bufPos = BerEncoder_encodeTL(0xa2, identityLength, buffer, bufPos)"
BerEncoder_encodeTL,declaration,bufPos =,,"0xa3, informationReportSize, buffer, bufPos",mms/iso_mms/server/mms_information_report.c,50,"bufPos = BerEncoder_encodeTL(0xa3, informationReportSize, buffer, bufPos)"
BerEncoder_encodeTL,declaration,bufPos =,,"0xa0, informationReportContentSize, buffer, bufPos",mms/iso_mms/server/mms_information_report.c,53,"bufPos = BerEncoder_encodeTL(0xa0, informationReportContentSize, buffer, bufPos)"
BerEncoder_encodeTL,declaration,bufPos =,,"0xa0, listOfVariableSize, buffer, bufPos",mms/iso_mms/server/mms_information_report.c,54,"bufPos = BerEncoder_encodeTL(0xa0, listOfVariableSize, buffer, bufPos)"
BerEncoder_encodeTL,declaration,bufPos =,,"0x30, sequenceSize, buffer, bufPos",mms/iso_mms/server/mms_information_report.c,57,"bufPos = BerEncoder_encodeTL(0x30, sequenceSize, buffer, bufPos)"
BerEncoder_encodeTL,declaration,bufPos =,,"0xa0, varSpecSize, buffer, bufPos",mms/iso_mms/server/mms_information_report.c,58,"bufPos = BerEncoder_encodeTL(0xa0, varSpecSize, buffer, bufPos)"
BerEncoder_encodeTL,declaration,bufPos =,,"0xa0, accessResultSize, buffer, bufPos",mms/iso_mms/server/mms_information_report.c,60,"bufPos = BerEncoder_encodeTL(0xa0, accessResultSize, buffer, bufPos)"
BerEncoder_encodeTL,declaration,bufPos =,,"0xa3, informationReportSize, buffer, bufPos",mms/iso_mms/server/mms_information_report.c,156,"bufPos = BerEncoder_encodeTL(0xa3, informationReportSize, buffer, bufPos)"
BerEncoder_encodeTL,declaration,bufPos =,,"0xa0, informationReportContentSize, buffer, bufPos",mms/iso_mms/server/mms_information_report.c,159,"bufPos = BerEncoder_encodeTL(0xa0, informationReportContentSize, buffer, bufPos)"
BerEncoder_encodeTL,declaration,bufPos =,,"0xa0, listOfVariableSize, buffer, bufPos",mms/iso_mms/server/mms_information_report.c,160,"bufPos = BerEncoder_encodeTL(0xa0, listOfVariableSize, buffer, bufPos)"
BerEncoder_encodeTL,declaration,bufPos =,,"0x30, sequenceSize, buffer, bufPos",mms/iso_mms/server/mms_information_report.c,178,"bufPos = BerEncoder_encodeTL(0x30, sequenceSize, buffer, bufPos)"
BerEncoder_encodeTL,declaration,bufPos =,,"0xa0, varSpecSizeComplete, buffer, bufPos",mms/iso_mms/server/mms_information_report.c,180,"bufPos = BerEncoder_encodeTL(0xa0, varSpecSizeComplete, buffer, bufPos)"
BerEncoder_encodeTL,declaration,bufPos =,,"0xa1, varSpecSize, buffer, bufPos",mms/iso_mms/server/mms_information_report.c,181,"bufPos = BerEncoder_encodeTL(0xa1, varSpecSize, buffer, bufPos)"
BerEncoder_encodeTL,declaration,bufPos =,,"0x30, sequenceSize, buffer, bufPos",mms/iso_mms/server/mms_information_report.c,188,"bufPos = BerEncoder_encodeTL(0x30, sequenceSize, buffer, bufPos)"
BerEncoder_encodeTL,declaration,bufPos =,,"0xa0, varSpecSize, buffer, bufPos",mms/iso_mms/server/mms_information_report.c,189,"bufPos = BerEncoder_encodeTL(0xa0, varSpecSize, buffer, bufPos)"
BerEncoder_encodeTL,declaration,bufPos =,,"0xa0, accessResultSize, buffer, bufPos",mms/iso_mms/server/mms_information_report.c,196,"bufPos = BerEncoder_encodeTL(0xa0, accessResultSize, buffer, bufPos)"
BerEncoder_encodeTL,declaration,bufPos =,,"0xa3, informationReportSize, buffer, bufPos",mms/iso_mms/server/mms_information_report.c,283,"bufPos = BerEncoder_encodeTL(0xa3, informationReportSize, buffer, bufPos)"
BerEncoder_encodeTL,declaration,bufPos =,,"0xa0, informationReportContentSize, buffer, bufPos",mms/iso_mms/server/mms_information_report.c,286,"bufPos = BerEncoder_encodeTL(0xa0, informationReportContentSize, buffer, bufPos)"
BerEncoder_encodeTL,declaration,bufPos =,,"0xa1, objectNameSize, buffer, bufPos",mms/iso_mms/server/mms_information_report.c,287,"bufPos = BerEncoder_encodeTL(0xa1, objectNameSize, buffer, bufPos)"
BerEncoder_encodeTL,declaration,bufPos =,,"0xa0, accessResultSize, buffer, bufPos",mms/iso_mms/server/mms_information_report.c,290,"bufPos = BerEncoder_encodeTL(0xa0, accessResultSize, buffer, bufPos)"
BerEncoder_encodeTL,declaration,bufPos =,,"0x30, valueSpecLen + dataRefLen, buffer, bufPos",mms/iso_mms/server/mms_journal_service.c,100,"bufPos = BerEncoder_encodeTL(0x30, valueSpecLen + dataRefLen, buffer, bufPos)"
BerEncoder_encodeTL,declaration,bufPos =,,"0x30, reasonCodeContentLen , buffer, bufPos",mms/iso_mms/server/mms_journal_service.c,108,"bufPos = BerEncoder_encodeTL(0x30, reasonCodeContentLen , buffer, bufPos)"
BerEncoder_encodeTL,declaration,bufPos =,,"0xa1, reasonCodeValueLen, buffer, bufPos",mms/iso_mms/server/mms_journal_service.c,114,"bufPos = BerEncoder_encodeTL(0xa1, reasonCodeValueLen, buffer, bufPos)"
BerEncoder_encodeTL,declaration,headerBufPos =,,"0x30, journalEntryContentLen, buffer, headerBufPos",mms/iso_mms/server/mms_journal_service.c,137,"headerBufPos = BerEncoder_encodeTL(0x30, journalEntryContentLen, buffer, headerBufPos)"
BerEncoder_encodeTL,declaration,headerBufPos =,,"0xa1, 2, buffer, headerBufPos",mms/iso_mms/server/mms_journal_service.c,141,"headerBufPos = BerEncoder_encodeTL(0xa1, 2, buffer, headerBufPos)"
BerEncoder_encodeTL,declaration,headerBufPos =,,"0x30, 0, buffer, headerBufPos",mms/iso_mms/server/mms_journal_service.c,143,"headerBufPos = BerEncoder_encodeTL(0x30, 0, buffer, headerBufPos)"
BerEncoder_encodeTL,declaration,headerBufPos =,,"0xa2, dataAndTimeLen, buffer, headerBufPos",mms/iso_mms/server/mms_journal_service.c,144,"headerBufPos = BerEncoder_encodeTL(0xa2, dataAndTimeLen, buffer, headerBufPos)"
BerEncoder_encodeTL,declaration,headerBufPos =,,"0xa2, journalVariablesLen, buffer, headerBufPos",mms/iso_mms/server/mms_journal_service.c,152,"headerBufPos = BerEncoder_encodeTL(0xa2, journalVariablesLen, buffer, headerBufPos)"
BerEncoder_encodeTL,declaration,headerBufPos =,,"0xa1, dataContentLen, buffer, headerBufPos",mms/iso_mms/server/mms_journal_service.c,154,"headerBufPos = BerEncoder_encodeTL(0xa1, dataContentLen, buffer, headerBufPos)"
BerEncoder_encodeTL,declaration,bufPos =,,"0xa1, confirmedResponsePDUSize, buffer, bufPos",mms/iso_mms/server/mms_journal_service.c,538,"bufPos = BerEncoder_encodeTL(0xa1, confirmedResponsePDUSize, buffer, bufPos)"
BerEncoder_encodeTL,declaration,bufPos =,,"0x02, invokeIdSize - 2, buffer, bufPos",mms/iso_mms/server/mms_journal_service.c,540,"bufPos = BerEncoder_encodeTL(0x02, invokeIdSize - 2, buffer, bufPos)"
BerEncoder_encodeTL,declaration,bufPos =,,"0xa0, dataSize, buffer, bufPos",mms/iso_mms/server/mms_journal_service.c,548,"bufPos = BerEncoder_encodeTL(0xa0, dataSize, buffer, bufPos)"
BerEncoder_encodeTL,declaration,bufPos =,,"0xa1, confirmedResponsePDUSize, buffer, bufPos",mms/iso_mms/server/mms_named_variable_list_service.c,65,"bufPos = BerEncoder_encodeTL(0xa1, confirmedResponsePDUSize, buffer, bufPos)"
BerEncoder_encodeTL,declaration,bufPos =,,"0x02, invokeIdSize - 2, buffer, bufPos",mms/iso_mms/server/mms_named_variable_list_service.c,67,"bufPos = BerEncoder_encodeTL(0x02, invokeIdSize - 2, buffer, bufPos)"
BerEncoder_encodeTL,declaration,bufPos =,,"0xad, numberMatchedSize + numberDeletedSize, buffer, bufPos",mms/iso_mms/server/mms_named_variable_list_service.c,70,"bufPos = BerEncoder_encodeTL(0xad, numberMatchedSize + numberDeletedSize, buffer, bufPos)"
BerEncoder_encodeTL,declaration,bufPos =,,"0x80, numberMatchedSize - 2, buffer, bufPos",mms/iso_mms/server/mms_named_variable_list_service.c,72,"bufPos = BerEncoder_encodeTL(0x80, numberMatchedSize - 2, buffer, bufPos)"
BerEncoder_encodeTL,declaration,bufPos =,,"0x81, numberDeletedSize - 2, buffer, bufPos",mms/iso_mms/server/mms_named_variable_list_service.c,75,"bufPos = BerEncoder_encodeTL(0x81, numberDeletedSize - 2, buffer, bufPos)"
BerEncoder_encodeTL,declaration,bufPos =,,"0xa1, confirmedResponsePDUSize, buffer, bufPos",mms/iso_mms/server/mms_named_variable_list_service.c,263,"bufPos = BerEncoder_encodeTL(0xa1, confirmedResponsePDUSize, buffer, bufPos)"
BerEncoder_encodeTL,declaration,bufPos =,,"0x02, invokeIdSize - 2, buffer, bufPos",mms/iso_mms/server/mms_named_variable_list_service.c,265,"bufPos = BerEncoder_encodeTL(0x02, invokeIdSize - 2, buffer, bufPos)"
BerEncoder_encodeTL,declaration,bufPos =,,"0x8b, 0, buffer, bufPos",mms/iso_mms/server/mms_named_variable_list_service.c,268,"bufPos = BerEncoder_encodeTL(0x8b, 0, buffer, bufPos)"
BerEncoder_encodeTL,declaration,bufPos =,,"0xa0, varAccessSpecLength, buffer, bufPos",mms/iso_mms/server/mms_read_service.c,382,"bufPos = BerEncoder_encodeTL(0xa0, varAccessSpecLength, buffer, bufPos)"
BerEncoder_encodeTL,declaration,bufPos =,,"0xa1, variableListNameLength, buffer, bufPos",mms/iso_mms/server/mms_read_service.c,388,"bufPos = BerEncoder_encodeTL(0xa1, variableListNameLength, buffer, bufPos)"
BerEncoder_encodeTL,declaration,bufPos =,,"0xa0, specificityLength, buffer, bufPos",mms/iso_mms/server/mms_read_service.c,391,"bufPos = BerEncoder_encodeTL(0xa0, specificityLength, buffer, bufPos)"
BerEncoder_encodeTL,declaration,bufPos =,,"0xa1, specificityLength, buffer, bufPos",mms/iso_mms/server/mms_read_service.c,394,"bufPos = BerEncoder_encodeTL(0xa1, specificityLength, buffer, bufPos)"
BerEncoder_encodeTL,declaration,bufPos =,,"0xa2, specificityLength, buffer, bufPos",mms/iso_mms/server/mms_read_service.c,397,"bufPos = BerEncoder_encodeTL(0xa2, specificityLength, buffer, bufPos)"
BerEncoder_encodeTL,declaration,bufPos =,,"0xa1, confirmedResponseContentSize, buffer, bufPos",mms/iso_mms/server/mms_read_service.c,472,"bufPos = BerEncoder_encodeTL(0xa1, confirmedResponseContentSize, buffer, bufPos)"
BerEncoder_encodeTL,declaration,bufPos =,,"0x02, invokeIdSize - 2, buffer, bufPos",mms/iso_mms/server/mms_read_service.c,475,"bufPos = BerEncoder_encodeTL(0x02, invokeIdSize - 2, buffer, bufPos)"
BerEncoder_encodeTL,declaration,bufPos =,,"0xa4, confirmedServiceResponseContentLength, buffer, bufPos",mms/iso_mms/server/mms_read_service.c,479,"bufPos = BerEncoder_encodeTL(0xa4, confirmedServiceResponseContentLength, buffer, bufPos)"
BerEncoder_encodeTL,declaration,bufPos =,,"0xa1, accessResultSize, buffer, bufPos",mms/iso_mms/server/mms_read_service.c,486,"bufPos = BerEncoder_encodeTL(0xa1, accessResultSize, buffer, bufPos)"
BerEncoder_encodeTL,declaration,bufPos =,,"0xa2, confirmedErrorContentSize, buffer, bufPos",mms/iso_mms/server/mms_server_common.c,167,"bufPos = BerEncoder_encodeTL(0xa2, confirmedErrorContentSize, buffer, bufPos)"
BerEncoder_encodeTL,declaration,bufPos =,,"0x80, invokeIdSize - 2, buffer, bufPos",mms/iso_mms/server/mms_server_common.c,169,"bufPos = BerEncoder_encodeTL(0x80, invokeIdSize - 2, buffer, bufPos)"
BerEncoder_encodeTL,declaration,bufPos =,,"0xa2, serviceErrorContentSize, buffer, bufPos",mms/iso_mms/server/mms_server_common.c,172,"bufPos = BerEncoder_encodeTL(0xa2, serviceErrorContentSize, buffer, bufPos)"
BerEncoder_encodeTL,declaration,bufPos =,,"0xa0, 3, buffer, bufPos",mms/iso_mms/server/mms_server_common.c,174,"bufPos = BerEncoder_encodeTL(0xa0, 3, buffer, bufPos)"
BerEncoder_encodeTL,declaration,bufPos =,,"0xaa, serviceErrorContentSize, buffer, bufPos",mms/iso_mms/server/mms_server_common.c,208,"bufPos = BerEncoder_encodeTL(0xaa, serviceErrorContentSize, buffer, bufPos)"
BerEncoder_encodeTL,declaration,bufPos =,,"0xa0, 3, buffer, bufPos",mms/iso_mms/server/mms_server_common.c,210,"bufPos = BerEncoder_encodeTL(0xa0, 3, buffer, bufPos)"
BerEncoder_encodeTL,declaration,bufPos =,,"0xa4, rejectPduLength, buffer, bufPos",mms/iso_mms/server/mms_server_connection.c,52,"bufPos = BerEncoder_encodeTL(0xa4, rejectPduLength, buffer, bufPos)"
BerEncoder_encodeTL,declaration,bufPos =,,"0x80, invokeIdLength, buffer, bufPos",mms/iso_mms/server/mms_server_connection.c,58,"bufPos = BerEncoder_encodeTL(0x80, invokeIdLength, buffer, bufPos)"
BerEncoder_encodeTL,declaration,bufPos =,,"0xa1, statusResponseLength, buffer, bufPos",mms/iso_mms/server/mms_status_service.c,38,"bufPos = BerEncoder_encodeTL(0xa1, statusResponseLength, buffer, bufPos)"
BerEncoder_encodeTL,declaration,bufPos =,,"0x02, invokeIdLength, buffer, bufPos",mms/iso_mms/server/mms_status_service.c,41,"bufPos = BerEncoder_encodeTL(0x02, invokeIdLength, buffer, bufPos)"
BerEncoder_encodeTL,declaration,bufPos =,,"0xa0, statusLength, buffer, bufPos",mms/iso_mms/server/mms_status_service.c,45,"bufPos = BerEncoder_encodeTL(0xa0, statusLength, buffer, bufPos)"
BerEncoder_encodeTL,declaration,bufPos =,,"0x80, vmdLogicalStatusLength, buffer, bufPos",mms/iso_mms/server/mms_status_service.c,47,"bufPos = BerEncoder_encodeTL(0x80, vmdLogicalStatusLength, buffer, bufPos)"
BerEncoder_encodeTL,declaration,bufPos =,,"0x81, vmdPhysicalStatusLength, buffer, bufPos",mms/iso_mms/server/mms_status_service.c,49,"bufPos = BerEncoder_encodeTL(0x81, vmdPhysicalStatusLength, buffer, bufPos)"
BerEncoder_encodeTL,declaration,bufPos =,,"0xa1, writeResponseLength, buffer, bufPos",mms/iso_mms/server/mms_write_service.c,46,"bufPos = BerEncoder_encodeTL(0xa1, writeResponseLength, buffer, bufPos)"
BerEncoder_encodeTL,declaration,bufPos =,,"0x02, invokeIdLength, buffer, bufPos",mms/iso_mms/server/mms_write_service.c,50,"bufPos = BerEncoder_encodeTL(0x02, invokeIdLength, buffer, bufPos)"
BerEncoder_encodeTL,declaration,bufPos =,,"0xa5, accessResultsLength, buffer, bufPos",mms/iso_mms/server/mms_write_service.c,54,"bufPos = BerEncoder_encodeTL(0xa5, accessResultsLength, buffer, bufPos)"
BerEncoder_encodeTL,declaration,bufPos =,,"0x30, 7, buffer, bufPos",mms/iso_presentation/iso_presentation.c,27,"bufPos = BerEncoder_encodeTL(0x30, 7, buffer, bufPos)"
BerEncoder_encodeTL,declaration,bufPos =,,"0x80, 1, buffer, bufPos",mms/iso_presentation/iso_presentation.c,28,"bufPos = BerEncoder_encodeTL(0x80, 1, buffer, bufPos)"
BerEncoder_encodeTL,declaration,bufPos =,,"0x81, 2, buffer, bufPos",mms/iso_presentation/iso_presentation.c,30,"bufPos = BerEncoder_encodeTL(0x81, 2, buffer, bufPos)"
BerEncoder_encodeTL,declaration,bufPos =,,"0x61, fullyEncodedDataLength, buffer, bufPos",mms/iso_presentation/iso_presentation.c,55,"bufPos = BerEncoder_encodeTL(0x61, fullyEncodedDataLength, buffer, bufPos)"
BerEncoder_encodeTL,declaration,bufPos =,,"0x30, encodedDataSetLength, buffer, bufPos",mms/iso_presentation/iso_presentation.c,57,"bufPos = BerEncoder_encodeTL(0x30, encodedDataSetLength, buffer, bufPos)"
BerEncoder_encodeTL,declaration,bufPos =,,"0x02, 1, buffer, bufPos",mms/iso_presentation/iso_presentation.c,58,"bufPos = BerEncoder_encodeTL(0x02, 1, buffer, bufPos)"
BerEncoder_encodeTL,declaration,bufPos =,,"0xa0, payloadLength, buffer, bufPos",mms/iso_presentation/iso_presentation.c,62,"bufPos = BerEncoder_encodeTL(0xa0, payloadLength, buffer, bufPos)"
BerEncoder_encodeTL,declaration,bufPos =,,"0x31, contentLength, buffer, bufPos",mms/iso_presentation/iso_presentation.c,107,"bufPos = BerEncoder_encodeTL(0x31, contentLength, buffer, bufPos)"
BerEncoder_encodeTL,declaration,bufPos =,,"0xa0, 3, buffer, bufPos",mms/iso_presentation/iso_presentation.c,109,"bufPos = BerEncoder_encodeTL(0xa0, 3, buffer, bufPos)"
BerEncoder_encodeTL,declaration,bufPos =,,"0x80, 1, buffer, bufPos",mms/iso_presentation/iso_presentation.c,112,"bufPos = BerEncoder_encodeTL(0x80, 1, buffer, bufPos)"
BerEncoder_encodeTL,declaration,bufPos =,,"0xa2, normalModeLength, buffer, bufPos",mms/iso_presentation/iso_presentation.c,114,"bufPos = BerEncoder_encodeTL(0xa2, normalModeLength, buffer, bufPos)"
BerEncoder_encodeTL,declaration,bufPos =,,"0x81, self->callingPresentationSelector.size, buffer, bufPos",mms/iso_presentation/iso_presentation.c,117,"bufPos = BerEncoder_encodeTL(0x81, self->callingPresentationSelector.size, buffer, bufPos)"
BerEncoder_encodeTL,declaration,bufPos =,,"0x82, self->calledPresentationSelector.size, buffer, bufPos",mms/iso_presentation/iso_presentation.c,122,"bufPos = BerEncoder_encodeTL(0x82, self->calledPresentationSelector.size, buffer, bufPos)"
BerEncoder_encodeTL,declaration,bufPos =,,"0xa4, 35, buffer, bufPos",mms/iso_presentation/iso_presentation.c,127,"bufPos = BerEncoder_encodeTL(0xa4, 35, buffer, bufPos)"
BerEncoder_encodeTL,declaration,bufPos =,,"0x30, 15, buffer, bufPos",mms/iso_presentation/iso_presentation.c,130,"bufPos = BerEncoder_encodeTL(0x30, 15, buffer, bufPos)"
BerEncoder_encodeTL,declaration,bufPos =,,"0x02, 1, buffer, bufPos",mms/iso_presentation/iso_presentation.c,133,"bufPos = BerEncoder_encodeTL(0x02, 1, buffer, bufPos)"
BerEncoder_encodeTL,declaration,bufPos =,,"0x06, 4, buffer, bufPos",mms/iso_presentation/iso_presentation.c,136,"bufPos = BerEncoder_encodeTL(0x06, 4, buffer, bufPos)"
BerEncoder_encodeTL,declaration,bufPos =,,"0x30, 4, buffer, bufPos",mms/iso_presentation/iso_presentation.c,140,"bufPos = BerEncoder_encodeTL(0x30, 4, buffer, bufPos)"
BerEncoder_encodeTL,declaration,bufPos =,,"0x06, 2, buffer, bufPos",mms/iso_presentation/iso_presentation.c,142,"bufPos = BerEncoder_encodeTL(0x06, 2, buffer, bufPos)"
BerEncoder_encodeTL,declaration,bufPos =,,"0x30, 16, buffer, bufPos",mms/iso_presentation/iso_presentation.c,145,"bufPos = BerEncoder_encodeTL(0x30, 16, buffer, bufPos)"
BerEncoder_encodeTL,declaration,bufPos =,,"0x02, 1, buffer, bufPos",mms/iso_presentation/iso_presentation.c,148,"bufPos = BerEncoder_encodeTL(0x02, 1, buffer, bufPos)"
BerEncoder_encodeTL,declaration,bufPos =,,"0x06, 5, buffer, bufPos",mms/iso_presentation/iso_presentation.c,151,"bufPos = BerEncoder_encodeTL(0x06, 5, buffer, bufPos)"
BerEncoder_encodeTL,declaration,bufPos =,,"0x30, 4, buffer, bufPos",mms/iso_presentation/iso_presentation.c,155,"bufPos = BerEncoder_encodeTL(0x30, 4, buffer, bufPos)"
BerEncoder_encodeTL,declaration,bufPos =,,"0x06, 2, buffer, bufPos",mms/iso_presentation/iso_presentation.c,157,"bufPos = BerEncoder_encodeTL(0x06, 2, buffer, bufPos)"
BerEncoder_encodeTL,declaration,bufPos =,,"0x61, presentationLength, buffer, bufPos",mms/iso_presentation/iso_presentation.c,612,"bufPos = BerEncoder_encodeTL(0x61, presentationLength, buffer, bufPos)"
BerEncoder_encodeTL,declaration,bufPos =,,"0x30, pdvListLength, buffer, bufPos",mms/iso_presentation/iso_presentation.c,614,"bufPos = BerEncoder_encodeTL(0x30, pdvListLength, buffer, bufPos)"
BerEncoder_encodeTL,declaration,bufPos =,,"0xa0, payloadLength, buffer, bufPos",mms/iso_presentation/iso_presentation.c,620,"bufPos = BerEncoder_encodeTL(0xa0, payloadLength, buffer, bufPos)"
BerEncoder_encodeTL,declaration,bufPos =,,"0x61, presentationLength, buffer, bufPos",mms/iso_presentation/iso_presentation.c,642,"bufPos = BerEncoder_encodeTL(0x61, presentationLength, buffer, bufPos)"
BerEncoder_encodeTL,declaration,bufPos =,,"0x30, pdvListLength, buffer, bufPos",mms/iso_presentation/iso_presentation.c,644,"bufPos = BerEncoder_encodeTL(0x30, pdvListLength, buffer, bufPos)"
BerEncoder_encodeTL,declaration,bufPos =,,"0xa0, payloadLength, buffer, bufPos",mms/iso_presentation/iso_presentation.c,650,"bufPos = BerEncoder_encodeTL(0xa0, payloadLength, buffer, bufPos)"
BerEncoder_encodeTL,declaration,bufPos =,,"0xa0, contentLength, buffer, bufPos",mms/iso_presentation/iso_presentation.c,890,"bufPos = BerEncoder_encodeTL(0xa0, contentLength, buffer, bufPos)"
BerEncoder_encodeTL,declaration,bufPos =,,"0x31, contentLength, buffer, bufPos",mms/iso_presentation/iso_presentation.c,923,"bufPos = BerEncoder_encodeTL(0x31, contentLength, buffer, bufPos)"
BerEncoder_encodeTL,declaration,bufPos =,,"0xa0, 3, buffer, bufPos",mms/iso_presentation/iso_presentation.c,925,"bufPos = BerEncoder_encodeTL(0xa0, 3, buffer, bufPos)"
BerEncoder_encodeTL,declaration,bufPos =,,"0x80, 1, buffer, bufPos",mms/iso_presentation/iso_presentation.c,928,"bufPos = BerEncoder_encodeTL(0x80, 1, buffer, bufPos)"
BerEncoder_encodeTL,declaration,bufPos =,,"0xa2, normalModeLength, buffer, bufPos",mms/iso_presentation/iso_presentation.c,930,"bufPos = BerEncoder_encodeTL(0xa2, normalModeLength, buffer, bufPos)"
BerEncoder_encodeTL,declaration,bufPos =,,"0x83, 4, buffer, bufPos",mms/iso_presentation/iso_presentation.c,933,"bufPos = BerEncoder_encodeTL(0x83, 4, buffer, bufPos)"
BerEncoder_encodeTL,declaration,bufPos =,,"0xa5, 18, buffer, bufPos",mms/iso_presentation/iso_presentation.c,938,"bufPos = BerEncoder_encodeTL(0xa5, 18, buffer, bufPos)"
BerEncoder_encodeTL,definition,int,,"uint8_t tag, uint32_t length, uint8_t* buffer, int bufPos",mms/asn1/ber_encoder.c,35,"int BerEncoder_encodeTL(uint8_t tag, uint32_t length, uint8_t* buffer, int bufPos)"
BerEncoder_encodeUInt32,declaration,LIB61850_INTERNAL int,,"uint32_t value, uint8_t* buffer, int bufPos",mms/inc_private/ber_encoder.h,27,"LIB61850_INTERNAL int BerEncoder_encodeUInt32(uint32_t value, uint8_t* buffer, int bufPos)"
BerEncoder_encodeUInt32,declaration,bufPos =,,"self->nextReference, buffer, bufPos",mms/iso_acse/acse.c,594,"bufPos = BerEncoder_encodeUInt32(self->nextReference, buffer, bufPos)"
BerEncoder_encodeUInt32,declaration,bufPos =,,"isoParameters->remoteAEQualifier, buffer, bufPos",mms/iso_acse/acse.c,738,"bufPos = BerEncoder_encodeUInt32(isoParameters->remoteAEQualifier, buffer, bufPos)"
BerEncoder_encodeUInt32,declaration,bufPos =,,"isoParameters->localAEQualifier, buffer, bufPos",mms/iso_acse/acse.c,758,"bufPos = BerEncoder_encodeUInt32(isoParameters->localAEQualifier, buffer, bufPos)"
BerEncoder_encodeUInt32,declaration,bufPos =,,"invokeId, buffer, bufPos",mms/iso_mms/client/mms_client_files.c,250,"bufPos = BerEncoder_encodeUInt32(invokeId, buffer, bufPos)"
BerEncoder_encodeUInt32,declaration,bufPos =,,"invokeId, buffer, bufPos",mms/iso_mms/client/mms_client_files.c,282,"bufPos = BerEncoder_encodeUInt32(invokeId, buffer, bufPos)"
BerEncoder_encodeUInt32,declaration,bufPos =,,"invokeId, buffer, bufPos",mms/iso_mms/client/mms_client_files.c,316,"bufPos = BerEncoder_encodeUInt32(invokeId, buffer, bufPos)"
BerEncoder_encodeUInt32,declaration,bufPos =,,"invokeId, buffer, bufPos",mms/iso_mms/client/mms_client_files.c,365,"bufPos = BerEncoder_encodeUInt32(invokeId, buffer, bufPos)"
BerEncoder_encodeUInt32,declaration,bufPos =,,"invokeId, buffer, bufPos",mms/iso_mms/client/mms_client_files.c,399,"bufPos = BerEncoder_encodeUInt32(invokeId, buffer, bufPos)"
BerEncoder_encodeUInt32,declaration,bufPos =,,"invokeId, buffer, bufPos",mms/iso_mms/client/mms_client_files.c,431,"bufPos = BerEncoder_encodeUInt32(invokeId, buffer, bufPos)"
BerEncoder_encodeUInt32,declaration,bufPos =,,"invokeId, buffer, bufPos",mms/iso_mms/client/mms_client_files.c,810,"bufPos = BerEncoder_encodeUInt32(invokeId, buffer, bufPos)"
BerEncoder_encodeUInt32,declaration,bufPos =,,"invokeId, buffer, bufPos",mms/iso_mms/client/mms_client_identify.c,23,"bufPos = BerEncoder_encodeUInt32(invokeId, buffer, bufPos)"
BerEncoder_encodeUInt32,declaration,bufPos =,,"self->parameters.maxPduSize, buffer, bufPos",mms/iso_mms/client/mms_client_initiate.c,51,"bufPos = BerEncoder_encodeUInt32(self->parameters.maxPduSize, buffer, bufPos)"
BerEncoder_encodeUInt32,declaration,bufPos =,,"self->maxOutstandingCalling, buffer, bufPos",mms/iso_mms/client/mms_client_initiate.c,55,"bufPos = BerEncoder_encodeUInt32(self->maxOutstandingCalling, buffer, bufPos)"
BerEncoder_encodeUInt32,declaration,bufPos =,,"self->maxOutstandingCalled, buffer, bufPos",mms/iso_mms/client/mms_client_initiate.c,59,"bufPos = BerEncoder_encodeUInt32(self->maxOutstandingCalled, buffer, bufPos)"
BerEncoder_encodeUInt32,declaration,bufPos =,,"dataStructureNestingLevel, buffer, bufPos",mms/iso_mms/client/mms_client_initiate.c,63,"bufPos = BerEncoder_encodeUInt32(dataStructureNestingLevel, buffer, bufPos)"
BerEncoder_encodeUInt32,declaration,bufPos =,,"invokeId, buffer, bufPos",mms/iso_mms/client/mms_client_journals.c,527,"bufPos = BerEncoder_encodeUInt32(invokeId, buffer, bufPos)"
BerEncoder_encodeUInt32,declaration,bufPos =,,"invokeId, buffer, bufPos",mms/iso_mms/client/mms_client_journals.c,594,"bufPos = BerEncoder_encodeUInt32(invokeId, buffer, bufPos)"
BerEncoder_encodeUInt32,declaration,bufPos =,,"invokeId, buffer, bufPos",mms/iso_mms/client/mms_client_status.c,23,"bufPos = BerEncoder_encodeUInt32(invokeId, buffer, bufPos)"
BerEncoder_encodeUInt32,declaration,bufPos =,,"(uint32_t) self->value.dataAccessError, buffer, bufPos",mms/iso_mms/server/mms_access_result.c,528,"bufPos = BerEncoder_encodeUInt32((uint32_t) self->value.dataAccessError, buffer, bufPos)"
BerEncoder_encodeUInt32,declaration,bufPos =,,"invokeId, buffer, bufPos",mms/iso_mms/server/mms_file_service.c,27,"bufPos = BerEncoder_encodeUInt32(invokeId, buffer, bufPos)"
BerEncoder_encodeUInt32,declaration,bufPos =,,"fileSize, buffer, bufPos",mms/iso_mms/server/mms_file_service.c,96,"bufPos = BerEncoder_encodeUInt32(fileSize, buffer, bufPos)"
BerEncoder_encodeUInt32,declaration,bufPos =,,"invokeId, buffer, bufPos",mms/iso_mms/server/mms_file_service.c,205,"bufPos = BerEncoder_encodeUInt32(invokeId, buffer, bufPos)"
BerEncoder_encodeUInt32,declaration,bufPos =,,"invokeId, buffer, bufPos",mms/iso_mms/server/mms_file_service.c,844,"bufPos = BerEncoder_encodeUInt32(invokeId, buffer, bufPos)"
BerEncoder_encodeUInt32,declaration,bufPos =,,"invokeId, buffer, bufPos",mms/iso_mms/server/mms_file_service.c,1074,"bufPos = BerEncoder_encodeUInt32(invokeId, buffer, bufPos)"
BerEncoder_encodeUInt32,declaration,bufPos =,,"invokeId, buffer, bufPos",mms/iso_mms/server/mms_get_namelist_service.c,463,"bufPos = BerEncoder_encodeUInt32(invokeId, buffer, bufPos)"
BerEncoder_encodeUInt32,declaration,bufPos =,,"invokeId, buffer, bufPos",mms/iso_mms/server/mms_identify_service.c,36,"bufPos = BerEncoder_encodeUInt32(invokeId, buffer, bufPos)"
BerEncoder_encodeUInt32,declaration,bufPos =,,"(uint32_t) invokeId, buffer, bufPos",mms/iso_mms/server/mms_journal_service.c,542,"bufPos = BerEncoder_encodeUInt32((uint32_t) invokeId, buffer, bufPos)"
BerEncoder_encodeUInt32,declaration,bufPos =,,"invokeId, buffer, bufPos",mms/iso_mms/server/mms_named_variable_list_service.c,69,"bufPos = BerEncoder_encodeUInt32(invokeId, buffer, bufPos)"
BerEncoder_encodeUInt32,declaration,bufPos =,,"numberMatched, buffer, bufPos",mms/iso_mms/server/mms_named_variable_list_service.c,74,"bufPos = BerEncoder_encodeUInt32(numberMatched, buffer, bufPos)"
BerEncoder_encodeUInt32,declaration,bufPos =,,"numberDeleted, buffer, bufPos",mms/iso_mms/server/mms_named_variable_list_service.c,77,"bufPos = BerEncoder_encodeUInt32(numberDeleted, buffer, bufPos)"
BerEncoder_encodeUInt32,declaration,bufPos =,,"invokeId, buffer, bufPos",mms/iso_mms/server/mms_named_variable_list_service.c,267,"bufPos = BerEncoder_encodeUInt32(invokeId, buffer, bufPos)"
BerEncoder_encodeUInt32,declaration,bufPos =,,"invokeId, buffer, bufPos",mms/iso_mms/server/mms_read_service.c,478,"bufPos = BerEncoder_encodeUInt32(invokeId, buffer, bufPos)"
BerEncoder_encodeUInt32,declaration,bufPos =,,"invokeId, buffer, bufPos",mms/iso_mms/server/mms_server_common.c,171,"bufPos = BerEncoder_encodeUInt32(invokeId, buffer, bufPos)"
BerEncoder_encodeUInt32,declaration,bufPos =,,"*invokeId, buffer, bufPos",mms/iso_mms/server/mms_server_connection.c,60,"bufPos = BerEncoder_encodeUInt32(*invokeId, buffer, bufPos)"
BerEncoder_encodeUInt32,declaration,bufPos =,,"invokeId, buffer, bufPos",mms/iso_mms/server/mms_status_service.c,44,"bufPos = BerEncoder_encodeUInt32(invokeId, buffer, bufPos)"
BerEncoder_encodeUInt32,declaration,bufPos =,,"(uint32_t) mmsServer->vmdLogicalStatus, buffer, bufPos",mms/iso_mms/server/mms_status_service.c,48,"bufPos = BerEncoder_encodeUInt32((uint32_t) mmsServer->vmdLogicalStatus, buffer, bufPos)"
BerEncoder_encodeUInt32,declaration,bufPos =,,"(uint32_t) mmsServer->vmdPhysicalStatus, buffer, bufPos",mms/iso_mms/server/mms_status_service.c,50,"bufPos = BerEncoder_encodeUInt32((uint32_t) mmsServer->vmdPhysicalStatus, buffer, bufPos)"
BerEncoder_encodeUInt32,declaration,bufPos =,,"invokeId, buffer, bufPos",mms/iso_mms/server/mms_write_service.c,53,"bufPos = BerEncoder_encodeUInt32(invokeId, buffer, bufPos)"
BerEncoder_encodeUInt32,definition,int,,"uint32_t value, uint8_t* buffer, int bufPos",mms/asn1/ber_encoder.c,223,"int BerEncoder_encodeUInt32(uint32_t value, uint8_t* buffer, int bufPos)"
BerEncoder_encodeUInt32WithTL,declaration,LIB61850_INTERNAL int,,"uint8_t tag, uint32_t value, uint8_t* buffer, int bufPos",mms/inc_private/ber_encoder.h,33,"LIB61850_INTERNAL int BerEncoder_encodeUInt32WithTL(uint8_t tag, uint32_t value, uint8_t* buffer, int bufPos)"
BerEncoder_encodeUInt32WithTL,declaration,bufPos =,,"0x81, initialPosition, buffer, bufPos",mms/iso_mms/client/mms_client_files.c,259,"bufPos = BerEncoder_encodeUInt32WithTL(0x81, initialPosition, buffer, bufPos)"
BerEncoder_encodeUInt32WithTL,declaration,bufPos =,,"0x80, 1, buffer, bufPos",mms/iso_mms/server/mms_association_service.c,59,"bufPos = BerEncoder_encodeUInt32WithTL(0x80, 1, buffer, bufPos)"
BerEncoder_encodeUInt32WithTL,declaration,bufPos =,,"0x80, self->maxPduSize, buffer, bufPos",mms/iso_mms/server/mms_association_service.c,219,"bufPos = BerEncoder_encodeUInt32WithTL(0x80, self->maxPduSize, buffer, bufPos)"
BerEncoder_encodeUInt32WithTL,declaration,bufPos =,,"0x81, self->maxServOutstandingCalling, buffer, bufPos",mms/iso_mms/server/mms_association_service.c,221,"bufPos = BerEncoder_encodeUInt32WithTL(0x81, self->maxServOutstandingCalling, buffer, bufPos)"
BerEncoder_encodeUInt32WithTL,declaration,bufPos =,,"0x82, self->maxServOutstandingCalled, buffer, bufPos",mms/iso_mms/server/mms_association_service.c,223,"bufPos = BerEncoder_encodeUInt32WithTL(0x82, self->maxServOutstandingCalled, buffer, bufPos)"
BerEncoder_encodeUInt32WithTL,declaration,bufPos =,,"0x83, self->dataStructureNestingLevel, buffer, bufPos",mms/iso_mms/server/mms_association_service.c,225,"bufPos = BerEncoder_encodeUInt32WithTL(0x83, self->dataStructureNestingLevel, buffer, bufPos)"
BerEncoder_encodeUInt32WithTL,declaration,int size =,,"0x80, value, buffer, 0",mms/iso_mms/server/mms_file_service.c,394,"int size = BerEncoder_encodeUInt32WithTL(0x80, value, buffer, 0)"
BerEncoder_encodeUInt32WithTL,declaration,int size =,,"0x86, numberDeleted, buffer, 0",mms/iso_mms/server/mms_named_variable_list_service.c,87,"int size = BerEncoder_encodeUInt32WithTL(0x86, numberDeleted, buffer, 0)"
BerEncoder_encodeUInt32WithTL,definition,int,,"uint8_t tag, uint32_t value, uint8_t* buffer, int bufPos",mms/asn1/ber_encoder.c,281,"int BerEncoder_encodeUInt32WithTL(uint8_t tag, uint32_t value, uint8_t* buffer, int bufPos)"
BerEncoder_revertByteOrder,declaration,LIB61850_INTERNAL void,,"uint8_t* octets, const int size",mms/inc_private/ber_encoder.h,65,"LIB61850_INTERNAL void BerEncoder_revertByteOrder(uint8_t* octets, const int size)"
BerEncoder_revertByteOrder,definition,void,,"uint8_t* octets, const int size",mms/asn1/ber_encoder.c,167,"void BerEncoder_revertByteOrder(uint8_t* octets, const int size)"
BerInteger_createFromBuffer,declaration,Asn1PrimitiveValue* berInteger =,,"accessResultList[i]->choice.integer.buf, size",mms/iso_mms/client/mms_client_read.c,175,"Asn1PrimitiveValue* berInteger = BerInteger_createFromBuffer(accessResultList[i]->choice.integer.buf, size)"
BerInteger_createFromBuffer,declaration,Asn1PrimitiveValue* berInteger =,,"accessResultList[i]->choice.Unsigned.buf, accessResultList[i]->choice.Unsigned.size",mms/iso_mms/client/mms_client_read.c,192,"Asn1PrimitiveValue* berInteger = BerInteger_createFromBuffer(accessResultList[i]->choice.Unsigned.buf, accessResultList[i]->choice.Unsigned.size)"
BerInteger_createFromBuffer,declaration,Asn1PrimitiveValue* berInteger =,,"dataElement->choice.integer.buf, dataElement->choice.integer.size",mms/iso_mms/common/mms_common_msg.c,244,"Asn1PrimitiveValue* berInteger = BerInteger_createFromBuffer( dataElement->choice.integer.buf, dataElement->choice.integer.size)"
BerInteger_createFromBuffer,declaration,Asn1PrimitiveValue* berInteger =,,"dataElement->choice.Unsigned.buf, dataElement->choice.Unsigned.size",mms/iso_mms/common/mms_common_msg.c,260,"Asn1PrimitiveValue* berInteger = BerInteger_createFromBuffer( dataElement->choice.Unsigned.buf, dataElement->choice.Unsigned.size)"
BerInteger_createFromBuffer,definition,Asn1PrimitiveValue*,,"uint8_t* buf, int size",mms/asn1/ber_integer.c,31,"Asn1PrimitiveValue* BerInteger_createFromBuffer(uint8_t* buf, int size)"
BerInteger_createFromInt32,declaration,LIB61850_INTERNAL Asn1PrimitiveValue*,,int32_t value,mms/inc_private/ber_integer.h,22,LIB61850_INTERNAL Asn1PrimitiveValue* BerInteger_createFromInt32(int32_t value)
BerInteger_createFromInt32,declaration,self->value.integer =,,(int32_t) integer,mms/iso_mms/common/mms_value.c,617,self->value.integer = BerInteger_createFromInt32((int32_t) integer)
BerInteger_createFromInt32,declaration,self->value.integer =,,(int32_t) integer,mms/iso_mms/common/mms_value.c,635,self->value.integer = BerInteger_createFromInt32((int32_t) integer)
BerInteger_createFromInt32,declaration,self->value.integer =,,integer,mms/iso_mms/common/mms_value.c,877,self->value.integer = BerInteger_createFromInt32(integer)
BerInteger_createFromInt32,definition,Asn1PrimitiveValue*,,int32_t value,mms/asn1/ber_integer.c,77,Asn1PrimitiveValue* BerInteger_createFromInt32(int32_t value)
BerInteger_createFromInt64,declaration,LIB61850_INTERNAL Asn1PrimitiveValue*,,int64_t value,mms/inc_private/ber_integer.h,37,LIB61850_INTERNAL Asn1PrimitiveValue* BerInteger_createFromInt64(int64_t value)
BerInteger_createFromInt64,declaration,self->value.integer =,,integer,mms/iso_mms/common/mms_value.c,913,self->value.integer = BerInteger_createFromInt64(integer)
BerInteger_createFromInt64,definition,Asn1PrimitiveValue*,,int64_t value,mms/asn1/ber_integer.c,177,Asn1PrimitiveValue* BerInteger_createFromInt64(int64_t value)
BerInteger_createFromUint32,declaration,LIB61850_INTERNAL Asn1PrimitiveValue*,,uint32_t value,mms/inc_private/ber_integer.h,34,LIB61850_INTERNAL Asn1PrimitiveValue* BerInteger_createFromUint32(uint32_t value)
BerInteger_createFromUint32,declaration,self->value.integer =,,integer,mms/iso_mms/common/mms_value.c,895,self->value.integer = BerInteger_createFromUint32(integer)
BerInteger_createFromUint32,definition,Asn1PrimitiveValue*,,uint32_t value,mms/asn1/ber_integer.c,149,Asn1PrimitiveValue* BerInteger_createFromUint32(uint32_t value)
BerInteger_createInt32,declaration,Asn1PrimitiveValue* asn1Value =,,,mms/asn1/ber_integer.c,81,Asn1PrimitiveValue* asn1Value = BerInteger_createInt32()
BerInteger_createInt32,declaration,Asn1PrimitiveValue* asn1Value =,,,mms/asn1/ber_integer.c,153,Asn1PrimitiveValue* asn1Value = BerInteger_createInt32()
BerInteger_createInt32,declaration,LIB61850_INTERNAL Asn1PrimitiveValue*,,void,mms/inc_private/ber_integer.h,13,LIB61850_INTERNAL Asn1PrimitiveValue* BerInteger_createInt32(void)
BerInteger_createInt32,definition,Asn1PrimitiveValue*,,,mms/asn1/ber_integer.c,25,Asn1PrimitiveValue* BerInteger_createInt32()
BerInteger_createInt64,declaration,Asn1PrimitiveValue* asn1Value =,,,mms/asn1/ber_integer.c,181,Asn1PrimitiveValue* asn1Value = BerInteger_createInt64()
BerInteger_createInt64,declaration,LIB61850_INTERNAL Asn1PrimitiveValue*,,void,mms/inc_private/ber_integer.h,40,LIB61850_INTERNAL Asn1PrimitiveValue* BerInteger_createInt64(void)
BerInteger_createInt64,declaration,else self->value.integer =,,,mms/iso_mms/common/mms_value.c,1384,else self->value.integer = BerInteger_createInt64()
BerInteger_createInt64,declaration,else self->value.integer =,,,mms/iso_mms/common/mms_value.c,1406,else self->value.integer = BerInteger_createInt64()
BerInteger_createInt64,definition,Asn1PrimitiveValue*,,,mms/asn1/ber_integer.c,162,Asn1PrimitiveValue* BerInteger_createInt64()
BerInteger_setFromBerInteger,declaration,LIB61850_INTERNAL bool,,"Asn1PrimitiveValue* self, Asn1PrimitiveValue* value",mms/inc_private/ber_integer.h,16,"LIB61850_INTERNAL bool BerInteger_setFromBerInteger(Asn1PrimitiveValue* self, Asn1PrimitiveValue* value)"
BerInteger_setFromBerInteger,definition,bool,,"Asn1PrimitiveValue* self, Asn1PrimitiveValue* value",mms/asn1/ber_integer.c,53,"bool BerInteger_setFromBerInteger(Asn1PrimitiveValue* self, Asn1PrimitiveValue* value)"
BerInteger_setInt32,declaration,(unknown),,"asn1Value, value",mms/asn1/ber_integer.c,85,"BerInteger_setInt32(asn1Value, value)"
BerInteger_setInt32,declaration,LIB61850_INTERNAL bool,,"Asn1PrimitiveValue* self, int32_t value",mms/inc_private/ber_integer.h,19,"LIB61850_INTERNAL bool BerInteger_setInt32(Asn1PrimitiveValue* self, int32_t value)"
BerInteger_setInt32,declaration,(unknown),,"&frsmIdBer, frsmId",mms/iso_mms/client/mms_client_files.c,304,"BerInteger_setInt32(&frsmIdBer, frsmId)"
BerInteger_setInt32,declaration,(unknown),,"&frsmIdBer, frsmId",mms/iso_mms/client/mms_client_files.c,800,"BerInteger_setInt32(&frsmIdBer, frsmId)"
BerInteger_setInt32,declaration,(unknown),,"self->value.integer, (int32_t) integer",mms/iso_mms/common/mms_value.c,651,"BerInteger_setInt32(self->value.integer, (int32_t) integer)"
BerInteger_setInt32,declaration,(unknown),,"self->value.integer, (int32_t) integer",mms/iso_mms/common/mms_value.c,661,"BerInteger_setInt32(self->value.integer, (int32_t) integer)"
BerInteger_setInt32,declaration,(unknown),,"self->value.integer, integer",mms/iso_mms/common/mms_value.c,671,"BerInteger_setInt32(self->value.integer, integer)"
BerInteger_setInt32,definition,bool,,"Asn1PrimitiveValue* self, int32_t value",mms/asn1/ber_integer.c,68,"bool BerInteger_setInt32(Asn1PrimitiveValue* self, int32_t value)"
BerInteger_setInt64,declaration,(unknown),,"asn1Value, value",mms/asn1/ber_integer.c,185,"BerInteger_setInt64(asn1Value, value)"
BerInteger_setInt64,declaration,LIB61850_INTERNAL bool,,"Asn1PrimitiveValue* self, int64_t value",mms/inc_private/ber_integer.h,43,"LIB61850_INTERNAL bool BerInteger_setInt64(Asn1PrimitiveValue* self, int64_t value)"
BerInteger_setInt64,declaration,(unknown),,"self->value.integer, integer",mms/iso_mms/common/mms_value.c,681,"BerInteger_setInt64(self->value.integer, integer)"
BerInteger_setInt64,definition,bool,,"Asn1PrimitiveValue* self, int64_t value",mms/asn1/ber_integer.c,168,"bool BerInteger_setInt64(Asn1PrimitiveValue* self, int64_t value)"
BerInteger_setUint16,declaration,LIB61850_INTERNAL bool,,"Asn1PrimitiveValue* self, uint16_t value",mms/inc_private/ber_integer.h,28,"LIB61850_INTERNAL bool BerInteger_setUint16(Asn1PrimitiveValue* self, uint16_t value)"
BerInteger_setUint16,declaration,(unknown),,"self->value.integer, integer",mms/iso_mms/common/mms_value.c,701,"BerInteger_setUint16(self->value.integer, integer)"
BerInteger_setUint16,definition,bool,,"Asn1PrimitiveValue* self, uint16_t value",mms/asn1/ber_integer.c,90,"bool BerInteger_setUint16(Asn1PrimitiveValue* self, uint16_t value)"
BerInteger_setUint32,declaration,(unknown),,"asn1Value, value",mms/asn1/ber_integer.c,157,"BerInteger_setUint32(asn1Value, value)"
BerInteger_setUint32,declaration,LIB61850_INTERNAL bool,,"Asn1PrimitiveValue* self, uint32_t value",mms/inc_private/ber_integer.h,31,"LIB61850_INTERNAL bool BerInteger_setUint32(Asn1PrimitiveValue* self, uint32_t value)"
BerInteger_setUint32,declaration,(unknown),,"self->value.integer, integer",mms/iso_mms/common/mms_value.c,691,"BerInteger_setUint32(self->value.integer, integer)"
BerInteger_setUint32,definition,bool,,"Asn1PrimitiveValue* self, uint32_t value",mms/asn1/ber_integer.c,124,"bool BerInteger_setUint32(Asn1PrimitiveValue* self, uint32_t value)"
BerInteger_setUint8,declaration,LIB61850_INTERNAL bool,,"Asn1PrimitiveValue* self, uint8_t value",mms/inc_private/ber_integer.h,25,"LIB61850_INTERNAL bool BerInteger_setUint8(Asn1PrimitiveValue* self, uint8_t value)"
BerInteger_setUint8,declaration,(unknown),,"self->value.integer, integer",mms/iso_mms/common/mms_value.c,711,"BerInteger_setUint8(self->value.integer, integer)"
BerInteger_setUint8,definition,bool,,"Asn1PrimitiveValue* self, uint8_t value",mms/asn1/ber_integer.c,115,"bool BerInteger_setUint8(Asn1PrimitiveValue* self, uint8_t value)"
BerInteger_toInt32,declaration,LIB61850_INTERNAL void,,"Asn1PrimitiveValue* self, int32_t* nativeValue",mms/inc_private/ber_integer.h,46,"LIB61850_INTERNAL void BerInteger_toInt32(Asn1PrimitiveValue* self, int32_t* nativeValue)"
BerInteger_toInt32,definition,void,,"Asn1PrimitiveValue* self, int32_t* nativeValue",mms/asn1/ber_integer.c,190,"void BerInteger_toInt32(Asn1PrimitiveValue* self, int32_t* nativeValue)"
BerInteger_toInt64,declaration,LIB61850_INTERNAL void,,"Asn1PrimitiveValue* self, int64_t* nativeValue",mms/inc_private/ber_integer.h,52,"LIB61850_INTERNAL void BerInteger_toInt64(Asn1PrimitiveValue* self, int64_t* nativeValue)"
BerInteger_toInt64,definition,void,,"Asn1PrimitiveValue* self, int64_t* nativeValue",mms/asn1/ber_integer.c,217,"void BerInteger_toInt64(Asn1PrimitiveValue* self, int64_t* nativeValue)"
BerInteger_toUint32,declaration,LIB61850_INTERNAL void,,"Asn1PrimitiveValue* self, uint32_t* nativeValue",mms/inc_private/ber_integer.h,49,"LIB61850_INTERNAL void BerInteger_toUint32(Asn1PrimitiveValue* self, uint32_t* nativeValue)"
BerInteger_toUint32,definition,void,,"Asn1PrimitiveValue* self, uint32_t* nativeValue",mms/asn1/ber_integer.c,205,"void BerInteger_toUint32(Asn1PrimitiveValue* self, uint32_t* nativeValue)"
BufferChain_init,declaration,(unknown),,"payload, payloadBuffer->size, payloadBuffer->size, NULL, payloadBuffer->buffer",mms/iso_client/iso_client_connection.c,711,"BufferChain_init(payload, payloadBuffer->size, payloadBuffer->size, NULL, payloadBuffer->buffer)"
BufferChain_init,declaration,(unknown),,"mmsBufferPart, mmsResponseBuffer.size, mmsResponseBuffer.size, NULL, self->sendBuffer",mms/iso_server/iso_connection.c,240,"BufferChain_init(mmsBufferPart, mmsResponseBuffer.size, mmsResponseBuffer.size, NULL, self->sendBuffer)"
BufferChain_init,declaration,(unknown),,"mmsBufferPart, mmsResponseBuffer.size, mmsResponseBuffer.size, NULL, self->sendBuffer",mms/iso_server/iso_connection.c,334,"BufferChain_init(mmsBufferPart, mmsResponseBuffer.size, mmsResponseBuffer.size, NULL, self->sendBuffer)"
ByteBuffer_append,declaration,int appendedBytes =,,"writeBuffer, (uint8_t*) buffer, size",mms/iso_mms/client/mms_client_common.c,14,"int appendedBytes = ByteBuffer_append(writeBuffer, (uint8_t*) buffer, size)"
ByteBuffer_append,declaration,(unknown),,"payload, buffer, bufSize",mms/iso_mms/client/mms_client_connection.c,4911,"ByteBuffer_append(payload, buffer, bufSize)"
ByteBuffer_append,declaration,int appendedBytes =,,"writeBuffer, (uint8_t*) buffer, size",mms/iso_mms/server/mms_server_common.c,10,"int appendedBytes = ByteBuffer_append(writeBuffer, (uint8_t*) buffer, size)"
ByteBuffer_appendByte,declaration,(unknown),,"response, 0x8c",mms/iso_mms/server/mms_association_service.c,402,"ByteBuffer_appendByte(response, 0x8c)"
ByteBuffer_appendByte,declaration,(unknown),,"response, 0x00",mms/iso_mms/server/mms_association_service.c,403,"ByteBuffer_appendByte(response, 0x00)"
ByteBuffer_create,declaration,self->transmitBuffer =,,"NULL, CONFIG_MMS_MAXIMUM_PDU_SIZE",mms/iso_mms/server/mms_server.c,78,"self->transmitBuffer = ByteBuffer_create(NULL, CONFIG_MMS_MAXIMUM_PDU_SIZE)"
ByteBuffer_getBuffer,declaration,uint8_t* buffer =,,self->writeBuffer,mms/iso_cotp/cotp.c,193,uint8_t* buffer = ByteBuffer_getBuffer(self->writeBuffer)
ByteBuffer_getBuffer,declaration,uint8_t* buf =,,payload,mms/iso_mms/client/mms_client_connection.c,1158,uint8_t* buf = ByteBuffer_getBuffer(payload)
ByteBuffer_getBuffer,declaration,uint8_t* buffer =,,response,mms/iso_mms/client/mms_client_identify.c,35,uint8_t* buffer = ByteBuffer_getBuffer(response)
ByteBuffer_getBuffer,declaration,uint8_t* buffer =,,response,mms/iso_mms/client/mms_client_initiate.c,154,uint8_t* buffer = ByteBuffer_getBuffer(response)
ByteBuffer_getBuffer,declaration,uint8_t* buffer =,,response,mms/iso_mms/client/mms_client_journals.c,393,uint8_t* buffer = ByteBuffer_getBuffer(response)
ByteBuffer_getBuffer,declaration,uint8_t* buffer =,,response,mms/iso_mms/client/mms_client_status.c,34,uint8_t* buffer = ByteBuffer_getBuffer(response)
ByteBuffer_getSize,declaration,int remainingSize =,,self->writeBuffer,mms/iso_cotp/cotp.c,192,int remainingSize = ByteBuffer_getSize(self->writeBuffer)
ByteBuffer_getSize,declaration,int maxBufPos =,,response,mms/iso_mms/client/mms_client_identify.c,37,int maxBufPos = ByteBuffer_getSize(response)
ByteBuffer_getSize,declaration,int maxBufPos =,,response,mms/iso_mms/client/mms_client_initiate.c,152,int maxBufPos = ByteBuffer_getSize(response)
ByteBuffer_getSize,declaration,int maxBufPos =,,response,mms/iso_mms/client/mms_client_journals.c,394,int maxBufPos = ByteBuffer_getSize(response)
ByteBuffer_getSize,declaration,int maxBufPos =,,response,mms/iso_mms/client/mms_client_status.c,36,int maxBufPos = ByteBuffer_getSize(response)
ByteBuffer_setSize,declaration,(unknown),,"self->writeBuffer, 0",mms/iso_cotp/cotp.c,236,"ByteBuffer_setSize(self->writeBuffer, 0)"
ByteBuffer_setSize,declaration,(unknown),,"response, 0",mms/iso_mms/server/mms_get_var_access_service.c,342,"ByteBuffer_setSize(response, 0)"
ByteBuffer_setSize,declaration,(unknown),,"response, 0",mms/iso_mms/server/mms_named_variable_list_service.c,811,"ByteBuffer_setSize(response, 0)"
ByteBuffer_setSize,declaration,(unknown),,"response, 0",mms/iso_mms/server/mms_named_variable_list_service.c,854,"ByteBuffer_setSize(response, 0)"
ByteBuffer_setSize,declaration,(unknown),,"response, 0",mms/iso_mms/server/mms_named_variable_list_service.c,896,"ByteBuffer_setSize(response, 0)"
ByteBuffer_setSize,declaration,(unknown),,"response, 0",mms/iso_mms/server/mms_named_variable_list_service.c,919,"ByteBuffer_setSize(response, 0)"
ByteBuffer_setSize,declaration,(unknown),,"response, 0",mms/iso_mms/server/mms_read_service.c,937,"ByteBuffer_setSize(response, 0)"
ByteBuffer_setSize,declaration,(unknown),,"response, 0",mms/iso_mms/server/mms_read_service.c,952,"ByteBuffer_setSize(response, 0)"
ByteBuffer_setSize,declaration,(unknown),,"response, 0",mms/iso_mms/server/mms_write_service.c,82,"ByteBuffer_setSize(response, 0)"
ByteBuffer_wrap,declaration,(unknown),,"self->receiveBuffer, self->receiveBuf, 0, ISO_CLIENT_BUFFER_SIZE",mms/iso_client/iso_client_connection.c,149,"ByteBuffer_wrap(self->receiveBuffer, self->receiveBuf, 0, ISO_CLIENT_BUFFER_SIZE)"
ByteBuffer_wrap,declaration,(unknown),,"self->cotpReadBuffer, self->cotpReadBuf, 0, CONFIG_COTP_MAX_TPDU_SIZE + TPKT_RFC1006_HEADER_SIZE",mms/iso_client/iso_client_connection.c,159,"ByteBuffer_wrap(self->cotpReadBuffer, self->cotpReadBuf, 0, CONFIG_COTP_MAX_TPDU_SIZE + TPKT_RFC1006_HEADER_SIZE)"
ByteBuffer_wrap,declaration,(unknown),,"self->cotpWriteBuffer, self->cotpWriteBuf, 0, CONFIG_COTP_MAX_TPDU_SIZE + TPKT_RFC1006_HEADER_SIZE",mms/iso_client/iso_client_connection.c,162,"ByteBuffer_wrap(self->cotpWriteBuffer, self->cotpWriteBuf, 0, CONFIG_COTP_MAX_TPDU_SIZE + TPKT_RFC1006_HEADER_SIZE)"
ByteBuffer_wrap,declaration,(unknown),,"self->receivePayloadBuffer, self->acseConnection.userDataBuffer, self->acseConnection.userDataBufferSize, self->acseConnection.userDataBufferSize",mms/iso_client/iso_client_connection.c,500,"ByteBuffer_wrap(self->receivePayloadBuffer, self->acseConnection.userDataBuffer, self->acseConnection.userDataBufferSize, self->acseConnection.userDataBufferSize)"
ByteBuffer_wrap,declaration,(unknown),,"&(self->nextPayload), buffer + bufPos, userDataLength, userDataLength",mms/iso_presentation/iso_presentation.c,749,"ByteBuffer_wrap(&(self->nextPayload), buffer + bufPos, userDataLength, userDataLength)"
ByteBuffer_wrap,declaration,(unknown),,"&mmsRequest, self->acseConnection->userDataBuffer, self->acseConnection->userDataBufferSize, self->acseConnection->userDataBufferSize",mms/iso_server/iso_connection.c,226,"ByteBuffer_wrap(&mmsRequest, self->acseConnection->userDataBuffer, self->acseConnection->userDataBufferSize, self->acseConnection->userDataBufferSize)"
ByteBuffer_wrap,declaration,(unknown),,"&mmsResponseBuffer, self->sendBuffer, 0, SEND_BUF_SIZE",mms/iso_server/iso_connection.c,230,"ByteBuffer_wrap(&mmsResponseBuffer, self->sendBuffer, 0, SEND_BUF_SIZE)"
ByteBuffer_wrap,declaration,(unknown),,"&(self->cotpReadBuffer), self->cotpReadBuf, 0, CONFIG_COTP_MAX_TPDU_SIZE + TPKT_RFC1006_HEADER_SIZE",mms/iso_server/iso_connection.c,511,"ByteBuffer_wrap(&(self->cotpReadBuffer), self->cotpReadBuf, 0, CONFIG_COTP_MAX_TPDU_SIZE + TPKT_RFC1006_HEADER_SIZE)"
ByteBuffer_wrap,declaration,(unknown),,"&(self->cotpWriteBuffer), self->cotpWriteBuf, 0, CONFIG_COTP_MAX_TPDU_SIZE + TPKT_RFC1006_HEADER_SIZE",mms/iso_server/iso_connection.c,513,"ByteBuffer_wrap(&(self->cotpWriteBuffer), self->cotpWriteBuf, 0, CONFIG_COTP_MAX_TPDU_SIZE + TPKT_RFC1006_HEADER_SIZE)"
ByteBuffer_wrap,declaration,(unknown),,"&session->userData, message->buffer + offset, message->size - offset, message->maxSize - offset",mms/iso_session/iso_session.c,202,"ByteBuffer_wrap(&session->userData, message->buffer + offset, message->size - offset, message->maxSize - offset)"
ByteBuffer_wrap,declaration,(unknown),,"&self->userData, message->buffer + 4, message->size - 4, message->maxSize - 4",mms/iso_session/iso_session.c,520,"ByteBuffer_wrap(&self->userData, message->buffer + 4, message->size - 4, message->maxSize - 4)"
Conversions_generalizedTimeToMsTime,declaration,*lastModified =,,gtString,mms/iso_mms/client/mms_client_files.c,474,*lastModified = Conversions_generalizedTimeToMsTime(gtString)
Conversions_msTimeToGeneralizedTime,declaration,(unknown),,"MmsValue_getBinaryTimeAsUtcMs(self), tempBuf",mms/iso_mms/common/mms_value.c,2215,"Conversions_msTimeToGeneralizedTime(MmsValue_getBinaryTimeAsUtcMs(self), tempBuf)"
Conversions_msTimeToGeneralizedTime,declaration,(unknown),,"MmsValue_getUtcTimeInMs(self), tempBuf",mms/iso_mms/common/mms_value.c,2297,"Conversions_msTimeToGeneralizedTime(MmsValue_getUtcTimeInMs(self), tempBuf)"
Conversions_msTimeToGeneralizedTime,declaration,(unknown),,"msTime, (uint8_t*) gtString",mms/iso_mms/server/mms_file_service.c,184,"Conversions_msTimeToGeneralizedTime(msTime, (uint8_t*) gtString)"
Conversions_msTimeToGeneralizedTime,declaration,(unknown),,"msTime, (uint8_t*) gtString",mms/iso_mms/server/mms_file_service.c,977,"Conversions_msTimeToGeneralizedTime(msTime, (uint8_t*) gtString)"
CotpConnection_flushBuffer,declaration,LIB61850_INTERNAL void,,CotpConnection* self,mms/inc_private/cotp.h,94,LIB61850_INTERNAL void CotpConnection_flushBuffer(CotpConnection* self)
CotpConnection_flushBuffer,declaration,(unknown),,self->cotpConnection,mms/iso_server/iso_connection.c,141,CotpConnection_flushBuffer(self->cotpConnection)
CotpConnection_flushBuffer,definition,void,,CotpConnection* self,mms/iso_cotp/cotp.c,768,void CotpConnection_flushBuffer(CotpConnection* self)
CotpConnection_getLocalRef,declaration,LIB61850_INTERNAL int,,CotpConnection* self,mms/inc_private/cotp.h,91,LIB61850_INTERNAL int CotpConnection_getLocalRef(CotpConnection* self)
CotpConnection_getLocalRef,definition,int,,CotpConnection* self,mms/iso_cotp/cotp.c,592,int CotpConnection_getLocalRef(CotpConnection* self)
CotpConnection_getPayload,declaration,LIB61850_INTERNAL ByteBuffer*,,CotpConnection* self,mms/inc_private/cotp.h,85,LIB61850_INTERNAL ByteBuffer* CotpConnection_getPayload(CotpConnection* self)
CotpConnection_getPayload,declaration,ByteBuffer* cotpPayload =,,self->cotpConnection,mms/iso_server/iso_connection.c,192,ByteBuffer* cotpPayload = CotpConnection_getPayload(self->cotpConnection)
CotpConnection_getPayload,definition,ByteBuffer*,,CotpConnection* self,mms/iso_cotp/cotp.c,580,ByteBuffer* CotpConnection_getPayload(CotpConnection* self)
CotpConnection_getRemoteRef,declaration,LIB61850_INTERNAL int,,CotpConnection* self,mms/inc_private/cotp.h,88,LIB61850_INTERNAL int CotpConnection_getRemoteRef(CotpConnection* self)
CotpConnection_getRemoteRef,definition,int,,CotpConnection* self,mms/iso_cotp/cotp.c,586,int CotpConnection_getRemoteRef(CotpConnection* self)
CotpConnection_getTpduSize,declaration,LIB61850_INTERNAL int,,CotpConnection* self,mms/inc_private/cotp.h,56,LIB61850_INTERNAL int CotpConnection_getTpduSize(CotpConnection* self)
CotpConnection_getTpduSize,declaration,int fragmentPayloadSize =,,self,mms/iso_cotp/cotp.c,249,int fragmentPayloadSize = CotpConnection_getTpduSize(self) - COTP_DATA_HEADER_SIZE
CotpConnection_getTpduSize,definition,int,,CotpConnection* self,mms/iso_cotp/cotp.c,557,int CotpConnection_getTpduSize(CotpConnection* self)
CotpConnection_init,declaration,LIB61850_INTERNAL void,,"CotpConnection* self, Socket socket, ByteBuffer* payloadBuffer, ByteBuffer* readBuffer, ByteBuffer* writeBuffer, uint8_t* socketExtensionBuffer, int socketExtensionBufferSize",mms/inc_private/cotp.h,62,"LIB61850_INTERNAL void CotpConnection_init(CotpConnection* self, Socket socket, ByteBuffer* payloadBuffer, ByteBuffer* readBuffer, ByteBuffer* writeBuffer, uint8_t* socketExtensionBuffer, int socketExtensionBufferSize)"
CotpConnection_init,declaration,(unknown),,"self->cotpConnection, self->socket, self->receiveBuffer, self->cotpReadBuffer, self->cotpWriteBuffer, socketExtensionBuffer, socketExtensionBufferSize",mms/iso_client/iso_client_connection.c,193,"CotpConnection_init(self->cotpConnection, self->socket, self->receiveBuffer, self->cotpReadBuffer, self->cotpWriteBuffer, socketExtensionBuffer, socketExtensionBufferSize)"
CotpConnection_init,declaration,(unknown),,"self->cotpConnection, self->socket, &(self->rcvBuffer), &(self->cotpReadBuffer), &(self->cotpWriteBuffer), socketExtensionBuffer, socketExtensionBufferSize",mms/iso_server/iso_connection.c,518,"CotpConnection_init(self->cotpConnection, self->socket, &(self->rcvBuffer), &(self->cotpReadBuffer), &(self->cotpWriteBuffer), socketExtensionBuffer, socketExtensionBufferSize)"
CotpConnection_init,definition,void,,"CotpConnection* self, Socket socket, ByteBuffer* payloadBuffer, ByteBuffer* readBuffer, ByteBuffer* writeBuffer, uint8_t* socketExtensionBuffer, int socketExtensionBufferSize",mms/iso_cotp/cotp.c,516,"void CotpConnection_init(CotpConnection* self, Socket socket, ByteBuffer* payloadBuffer, ByteBuffer* readBuffer, ByteBuffer* writeBuffer, uint8_t* socketExtensionBuffer, int socketExtensionBufferSize)"
CotpConnection_parseIncomingMessage,declaration,LIB61850_INTERNAL CotpIndication,,CotpConnection* self,mms/inc_private/cotp.h,67,LIB61850_INTERNAL CotpIndication CotpConnection_parseIncomingMessage(CotpConnection* self)
CotpConnection_parseIncomingMessage,declaration,CotpIndication cotpIndication =,,self->cotpConnection,mms/iso_client/iso_client_connection.c,384,CotpIndication cotpIndication = CotpConnection_parseIncomingMessage(self->cotpConnection)
CotpConnection_parseIncomingMessage,declaration,CotpIndication cotpIndication =,,self->cotpConnection,mms/iso_client/iso_client_connection.c,443,CotpIndication cotpIndication = CotpConnection_parseIncomingMessage(self->cotpConnection)
CotpConnection_parseIncomingMessage,declaration,CotpIndication cotpIndication =,,self->cotpConnection,mms/iso_client/iso_client_connection.c,542,CotpIndication cotpIndication = CotpConnection_parseIncomingMessage(self->cotpConnection)
CotpConnection_parseIncomingMessage,declaration,CotpIndication cotpIndication =,,self->cotpConnection,mms/iso_server/iso_connection.c,168,CotpIndication cotpIndication = CotpConnection_parseIncomingMessage(self->cotpConnection)
CotpConnection_parseIncomingMessage,definition,CotpIndication,,CotpConnection* self,mms/iso_cotp/cotp.c,716,CotpIndication CotpConnection_parseIncomingMessage(CotpConnection* self)
CotpConnection_readToTpktBuffer,declaration,LIB61850_INTERNAL TpktState,,CotpConnection* self,mms/inc_private/cotp.h,73,LIB61850_INTERNAL TpktState CotpConnection_readToTpktBuffer(CotpConnection* self)
CotpConnection_readToTpktBuffer,declaration,TpktState packetState =,,self->cotpConnection,mms/iso_client/iso_client_connection.c,380,TpktState packetState = CotpConnection_readToTpktBuffer(self->cotpConnection)
CotpConnection_readToTpktBuffer,declaration,TpktState packetState =,,self->cotpConnection,mms/iso_client/iso_client_connection.c,439,TpktState packetState = CotpConnection_readToTpktBuffer(self->cotpConnection)
CotpConnection_readToTpktBuffer,declaration,TpktState packetState =,,self->cotpConnection,mms/iso_client/iso_client_connection.c,535,TpktState packetState = CotpConnection_readToTpktBuffer(self->cotpConnection)
CotpConnection_readToTpktBuffer,definition,TpktState,,CotpConnection* self,mms/iso_cotp/cotp.c,775,TpktState CotpConnection_readToTpktBuffer(CotpConnection* self)
CotpConnection_resetPayload,declaration,LIB61850_INTERNAL void,,CotpConnection* self,mms/inc_private/cotp.h,70,LIB61850_INTERNAL void CotpConnection_resetPayload(CotpConnection* self)
CotpConnection_resetPayload,declaration,(unknown),,self->cotpConnection,mms/iso_client/iso_client_connection.c,512,CotpConnection_resetPayload(self->cotpConnection)
CotpConnection_resetPayload,declaration,(unknown),,self->cotpConnection,mms/iso_client/iso_client_connection.c,584,CotpConnection_resetPayload(self->cotpConnection)
CotpConnection_resetPayload,declaration,(unknown),,self,mms/iso_cotp/cotp.c,543,CotpConnection_resetPayload(self)
CotpConnection_resetPayload,declaration,(unknown),,self->cotpConnection,mms/iso_server/iso_connection.c,430,CotpConnection_resetPayload(self->cotpConnection)
CotpConnection_resetPayload,definition,void,,CotpConnection* self,mms/iso_cotp/cotp.c,727,void CotpConnection_resetPayload(CotpConnection* self)
CotpConnection_sendConnectionRequestMessage,declaration,LIB61850_INTERNAL CotpIndication,,"CotpConnection* self, IsoConnectionParameters isoParameters",mms/inc_private/cotp.h,76,"LIB61850_INTERNAL CotpIndication CotpConnection_sendConnectionRequestMessage(CotpConnection* self, IsoConnectionParameters isoParameters)"
CotpConnection_sendConnectionRequestMessage,definition,CotpIndication,,"CotpConnection* self, IsoConnectionParameters isoParameters",mms/iso_cotp/cotp.c,363,"CotpIndication CotpConnection_sendConnectionRequestMessage(CotpConnection* self, IsoConnectionParameters isoParameters)"
CotpConnection_sendConnectionResponseMessage,declaration,LIB61850_INTERNAL CotpIndication,,CotpConnection* self,mms/inc_private/cotp.h,79,LIB61850_INTERNAL CotpIndication CotpConnection_sendConnectionResponseMessage(CotpConnection* self)
CotpConnection_sendConnectionResponseMessage,definition,CotpIndication,,CotpConnection* self,mms/iso_cotp/cotp.c,410,CotpIndication CotpConnection_sendConnectionResponseMessage(CotpConnection* self)
CotpConnection_sendDataMessage,declaration,LIB61850_INTERNAL CotpIndication,,"CotpConnection* self, BufferChain payload",mms/inc_private/cotp.h,82,"LIB61850_INTERNAL CotpIndication CotpConnection_sendDataMessage(CotpConnection* self, BufferChain payload)"
CotpConnection_sendDataMessage,declaration,(unknown),,"self->cotpConnection, sessionBuffer",mms/iso_client/iso_client_connection.c,275,"CotpConnection_sendDataMessage(self->cotpConnection, sessionBuffer)"
CotpConnection_sendDataMessage,declaration,CotpIndication indication =,,"self->cotpConnection, sessionBuffer",mms/iso_client/iso_client_connection.c,726,"CotpIndication indication = CotpConnection_sendDataMessage(self->cotpConnection, sessionBuffer)"
CotpConnection_sendDataMessage,declaration,(unknown),,"self->cotpConnection, sessionBuffer",mms/iso_client/iso_client_connection.c,857,"CotpConnection_sendDataMessage(self->cotpConnection, sessionBuffer)"
CotpConnection_sendDataMessage,declaration,(unknown),,"self->cotpConnection, sessionBuffer",mms/iso_client/iso_client_connection.c,898,"CotpConnection_sendDataMessage(self->cotpConnection, sessionBuffer)"
CotpConnection_sendDataMessage,declaration,(unknown),,"self->cotpConnection, sessionBufferPart",mms/iso_server/iso_connection.c,274,"CotpConnection_sendDataMessage(self->cotpConnection, sessionBufferPart)"
CotpConnection_sendDataMessage,declaration,(unknown),,"self->cotpConnection, sessionBufferPart",mms/iso_server/iso_connection.c,352,"CotpConnection_sendDataMessage(self->cotpConnection, sessionBufferPart)"
CotpConnection_sendDataMessage,declaration,(unknown),,"self->cotpConnection, sessionBufferPart",mms/iso_server/iso_connection.c,399,"CotpConnection_sendDataMessage(self->cotpConnection, sessionBufferPart)"
CotpConnection_sendDataMessage,declaration,indication =,,"self->cotpConnection, sessionBuffer",mms/iso_server/iso_connection.c,664,"indication = CotpConnection_sendDataMessage(self->cotpConnection, sessionBuffer)"
CotpConnection_sendDataMessage,definition,CotpIndication,,"CotpConnection* self, BufferChain payload",mms/iso_cotp/cotp.c,242,"CotpIndication CotpConnection_sendDataMessage(CotpConnection* self, BufferChain payload)"
CotpConnection_setTpduSize,declaration,LIB61850_INTERNAL void,,"CotpConnection* self, int tpduSize",mms/inc_private/cotp.h,59,"LIB61850_INTERNAL void CotpConnection_setTpduSize(CotpConnection* self, int tpduSize )"
CotpConnection_setTpduSize,declaration,(unknown),,"self, requestedTpduSize",mms/iso_cotp/cotp.c,456,"CotpConnection_setTpduSize(self, requestedTpduSize)"
CotpConnection_setTpduSize,declaration,(unknown),,"self, COTP_MAX_TPDU_SIZE",mms/iso_cotp/cotp.c,545,"CotpConnection_setTpduSize(self, COTP_MAX_TPDU_SIZE)"
CotpConnection_setTpduSize,definition,void,,"CotpConnection* self, int tpduSize",mms/iso_cotp/cotp.c,563,"void CotpConnection_setTpduSize(CotpConnection* self, int tpduSize )"
FileSystem_closeDirectory,declaration,(unknown),,directory,mms/iso_mms/server/mms_file_service.c,960,FileSystem_closeDirectory(directory)
FileSystem_closeFile,declaration,(unknown),,frsm->fileHandle,mms/iso_mms/client/mms_client_files.c,201,FileSystem_closeFile(frsm->fileHandle)
FileSystem_closeFile,declaration,(unknown),,connection->frsms[i].fileHandle,mms/iso_mms/client/mms_client_files.c,220,FileSystem_closeFile(connection->frsms[i].fileHandle)
FileSystem_closeFile,declaration,(unknown),,task->fileHandle,mms/iso_mms/server/mms_file_service.c,446,FileSystem_closeFile(task->fileHandle)
FileSystem_closeFile,declaration,(unknown),,task->fileHandle,mms/iso_mms/server/mms_file_service.c,478,FileSystem_closeFile(task->fileHandle)
FileSystem_closeFile,declaration,(unknown),,task->fileHandle,mms/iso_mms/server/mms_file_service.c,509,FileSystem_closeFile(task->fileHandle)
FileSystem_closeFile,declaration,(unknown),,task->fileHandle,mms/iso_mms/server/mms_file_service.c,526,FileSystem_closeFile(task->fileHandle)
FileSystem_closeFile,declaration,(unknown),,task->fileHandle,mms/iso_mms/server/mms_file_service.c,547,FileSystem_closeFile(task->fileHandle)
FileSystem_closeFile,declaration,(unknown),,task->fileHandle,mms/iso_mms/server/mms_file_service.c,581,FileSystem_closeFile(task->fileHandle)
FileSystem_closeFile,declaration,(unknown),,frsm->fileHandle,mms/iso_mms/server/mms_file_service.c,897,FileSystem_closeFile(frsm->fileHandle)
FileSystem_closeFile,declaration,(unknown),,fileTask->fileHandle,mms/iso_mms/server/mms_server_connection.c,617,FileSystem_closeFile(fileTask->fileHandle)
FileSystem_openFile,declaration,return,,"extendedFileName, readWrite",mms/iso_mms/common/mms_common_msg.c,620,"return FileSystem_openFile(extendedFileName, readWrite)"
FileSystem_readDirectory,declaration,char* fileName =,,"directory, &isDirectory",mms/iso_mms/server/mms_file_service.c,941,"char* fileName = FileSystem_readDirectory(directory, &isDirectory)"
FileSystem_readDirectory,declaration,fileName =,,"directory, &isDirectory",mms/iso_mms/server/mms_file_service.c,957,"fileName = FileSystem_readDirectory(directory, &isDirectory)"
FileSystem_readFile,declaration,(unknown),,"frsm->fileHandle, buffer + bufPos, fileChunkSize",mms/iso_mms/server/mms_file_service.c,850,"FileSystem_readFile(frsm->fileHandle, buffer + bufPos, fileChunkSize)"
FileSystem_writeFile,declaration,(unknown),,"task->fileHandle, buffer, bytesReceived",mms/iso_mms/server/mms_server_connection.c,472,"FileSystem_writeFile(task->fileHandle, buffer, bytesReceived)"
GLOBAL_FREEMEM,declaration,(unknown),,self,mms/asn1/asn1_ber_primitive_value.c,20,GLOBAL_FREEMEM(self)
GLOBAL_FREEMEM,declaration,(unknown),,clone,mms/asn1/asn1_ber_primitive_value.c,46,GLOBAL_FREEMEM(clone)
GLOBAL_FREEMEM,declaration,(unknown),,self->octets,mms/asn1/asn1_ber_primitive_value.c,85,GLOBAL_FREEMEM(self->octets)
GLOBAL_FREEMEM,declaration,(unknown),,self,mms/asn1/asn1_ber_primitive_value.c,86,GLOBAL_FREEMEM(self)
GLOBAL_FREEMEM,declaration,(unknown),,self->cotpConnection->socketExtensionBuffer,mms/iso_client/iso_client_connection.c,795,GLOBAL_FREEMEM(self->cotpConnection->socketExtensionBuffer)
GLOBAL_FREEMEM,declaration,(unknown),,self->cotpConnection,mms/iso_client/iso_client_connection.c,797,GLOBAL_FREEMEM(self->cotpConnection)
GLOBAL_FREEMEM,declaration,(unknown),,self->transmitPayloadBuffer,mms/iso_client/iso_client_connection.c,817,GLOBAL_FREEMEM(self->transmitPayloadBuffer)
GLOBAL_FREEMEM,declaration,(unknown),,self->receivePayloadBuffer,mms/iso_client/iso_client_connection.c,819,GLOBAL_FREEMEM(self->receivePayloadBuffer)
GLOBAL_FREEMEM,declaration,(unknown),,self->sendBuffer,mms/iso_client/iso_client_connection.c,824,GLOBAL_FREEMEM(self->sendBuffer)
GLOBAL_FREEMEM,declaration,(unknown),,self,mms/iso_client/iso_client_connection.c,826,GLOBAL_FREEMEM(self)
GLOBAL_FREEMEM,declaration,(unknown),,self,mms/iso_common/iso_connection_parameters.c,25,GLOBAL_FREEMEM(self)
GLOBAL_FREEMEM,declaration,(unknown),,self,mms/iso_common/iso_connection_parameters.c,121,GLOBAL_FREEMEM(self)
GLOBAL_FREEMEM,declaration,(unknown),,alternateAccess->list.array[0]->choice.unnamed->choice.selectAccess.choice.indexRange.lowIndex.buf,mms/iso_mms/client/mms_client_common.c,92,GLOBAL_FREEMEM(alternateAccess->list.array[0]->choice.unnamed->choice.selectAccess.choice.indexRange.lowIndex.buf)
GLOBAL_FREEMEM,declaration,(unknown),,alternateAccess->list.array[0]->choice.unnamed->choice.selectAccess.choice.indexRange.numberOfElements.buf,mms/iso_mms/client/mms_client_common.c,97,GLOBAL_FREEMEM(alternateAccess->list.array[0]->choice.unnamed->choice.selectAccess.choice.indexRange.numberOfElements.buf)
GLOBAL_FREEMEM,declaration,(unknown),,alternateAccess->list.array[0]->choice.unnamed->choice.selectAccess.choice.index.buf,mms/iso_mms/client/mms_client_common.c,102,GLOBAL_FREEMEM(alternateAccess->list.array[0]->choice.unnamed->choice.selectAccess.choice.index.buf)
GLOBAL_FREEMEM,declaration,(unknown),,alternateAccess->list.array[0]->choice.unnamed,mms/iso_mms/client/mms_client_common.c,111,GLOBAL_FREEMEM(alternateAccess->list.array[0]->choice.unnamed)
GLOBAL_FREEMEM,declaration,(unknown),,alternateAccess->list.array[0],mms/iso_mms/client/mms_client_common.c,113,GLOBAL_FREEMEM(alternateAccess->list.array[0])
GLOBAL_FREEMEM,declaration,(unknown),,alternateAccess->list.array,mms/iso_mms/client/mms_client_common.c,114,GLOBAL_FREEMEM(alternateAccess->list.array)
GLOBAL_FREEMEM,declaration,(unknown),,alternateAccess,mms/iso_mms/client/mms_client_common.c,115,GLOBAL_FREEMEM(alternateAccess)
GLOBAL_FREEMEM,declaration,(unknown),,variableListName,mms/iso_mms/client/mms_client_connection.c,90,GLOBAL_FREEMEM(variableListName)
GLOBAL_FREEMEM,declaration,(unknown),,self->outstandingCalls,mms/iso_mms/client/mms_client_connection.c,1684,GLOBAL_FREEMEM(self->outstandingCalls)
GLOBAL_FREEMEM,declaration,(unknown),,self->filestoreBasepath,mms/iso_mms/client/mms_client_connection.c,1708,GLOBAL_FREEMEM(self->filestoreBasepath)
GLOBAL_FREEMEM,declaration,(unknown),,self->outstandingCalls,mms/iso_mms/client/mms_client_connection.c,1776,GLOBAL_FREEMEM(self->outstandingCalls)
GLOBAL_FREEMEM,declaration,(unknown),,self->tag,mms/iso_mms/client/mms_client_connection.c,3545,GLOBAL_FREEMEM(self->tag)
GLOBAL_FREEMEM,declaration,(unknown),,self,mms/iso_mms/client/mms_client_connection.c,3547,GLOBAL_FREEMEM(self)
GLOBAL_FREEMEM,declaration,(unknown),,self,mms/iso_mms/client/mms_client_connection.c,3560,GLOBAL_FREEMEM(self)
GLOBAL_FREEMEM,declaration,(unknown),,self,mms/iso_mms/client/mms_client_connection.c,4936,GLOBAL_FREEMEM(self)
GLOBAL_FREEMEM,declaration,(unknown),,self,mms/iso_mms/client/mms_client_connection.c,4989,GLOBAL_FREEMEM(self)
GLOBAL_FREEMEM,declaration,(unknown),,journalVariable,mms/iso_mms/client/mms_client_journals.c,113,GLOBAL_FREEMEM(journalVariable)
GLOBAL_FREEMEM,declaration,(unknown),,listOfVars,mms/iso_mms/client/mms_client_read.c,556,GLOBAL_FREEMEM(listOfVars)
GLOBAL_FREEMEM,declaration,(unknown),,readRequest->variableAccessSpecification.choice.listOfVariable.list.array,mms/iso_mms/client/mms_client_read.c,559,GLOBAL_FREEMEM(readRequest->variableAccessSpecification.choice.listOfVariable.list.array)
GLOBAL_FREEMEM,declaration,(unknown),,alternateAccess->list.array[0]->choice.unnamed,mms/iso_mms/client/mms_client_read.c,619,GLOBAL_FREEMEM(alternateAccess->list.array[0]->choice.unnamed)
GLOBAL_FREEMEM,declaration,(unknown),,alternateAccess->list.array[0],mms/iso_mms/client/mms_client_read.c,621,GLOBAL_FREEMEM(alternateAccess->list.array[0])
GLOBAL_FREEMEM,declaration,(unknown),,alternateAccess->list.array,mms/iso_mms/client/mms_client_read.c,622,GLOBAL_FREEMEM(alternateAccess->list.array)
GLOBAL_FREEMEM,declaration,(unknown),,alternateAccess,mms/iso_mms/client/mms_client_read.c,623,GLOBAL_FREEMEM(alternateAccess)
GLOBAL_FREEMEM,declaration,(unknown),,readRequest->variableAccessSpecification.choice.listOfVariable.list.array[0],mms/iso_mms/client/mms_client_read.c,681,GLOBAL_FREEMEM(readRequest->variableAccessSpecification.choice.listOfVariable.list.array[0])
GLOBAL_FREEMEM,declaration,(unknown),,readRequest->variableAccessSpecification.choice.listOfVariable.list.array,mms/iso_mms/client/mms_client_read.c,683,GLOBAL_FREEMEM(readRequest->variableAccessSpecification.choice.listOfVariable.list.array)
GLOBAL_FREEMEM,declaration,(unknown),,listOfVars[i],mms/iso_mms/client/mms_client_read.c,819,GLOBAL_FREEMEM(listOfVars[i])
GLOBAL_FREEMEM,declaration,(unknown),,listOfVars,mms/iso_mms/client/mms_client_read.c,821,GLOBAL_FREEMEM(listOfVars)
GLOBAL_FREEMEM,declaration,(unknown),,dataElement->choice.structure->list.array,mms/iso_mms/client/mms_client_write.c,210,GLOBAL_FREEMEM(dataElement->choice.structure->list.array)
GLOBAL_FREEMEM,declaration,(unknown),,dataElement->choice.structure,mms/iso_mms/client/mms_client_write.c,212,GLOBAL_FREEMEM(dataElement->choice.structure)
GLOBAL_FREEMEM,declaration,(unknown),,dataElement->choice.array->list.array,mms/iso_mms/client/mms_client_write.c,221,GLOBAL_FREEMEM(dataElement->choice.array->list.array)
GLOBAL_FREEMEM,declaration,(unknown),,dataElement->choice.array,mms/iso_mms/client/mms_client_write.c,223,GLOBAL_FREEMEM(dataElement->choice.array)
GLOBAL_FREEMEM,declaration,(unknown),,dataElement->choice.floatingpoint.buf,mms/iso_mms/client/mms_client_write.c,226,GLOBAL_FREEMEM(dataElement->choice.floatingpoint.buf)
GLOBAL_FREEMEM,declaration,(unknown),,dataElement->choice.utctime.buf,mms/iso_mms/client/mms_client_write.c,229,GLOBAL_FREEMEM(dataElement->choice.utctime.buf)
GLOBAL_FREEMEM,declaration,(unknown),,dataElement,mms/iso_mms/client/mms_client_write.c,231,GLOBAL_FREEMEM(dataElement)
GLOBAL_FREEMEM,declaration,(unknown),,request->variableAccessSpecification.choice.listOfVariable.list.array[i],mms/iso_mms/client/mms_client_write.c,290,GLOBAL_FREEMEM(request->variableAccessSpecification.choice.listOfVariable.list.array[i])
GLOBAL_FREEMEM,declaration,(unknown),,request->variableAccessSpecification.choice.listOfVariable.list.array,mms/iso_mms/client/mms_client_write.c,293,GLOBAL_FREEMEM(request->variableAccessSpecification.choice.listOfVariable.list.array)
GLOBAL_FREEMEM,declaration,(unknown),,request->listOfData.list.array,mms/iso_mms/client/mms_client_write.c,298,GLOBAL_FREEMEM(request->listOfData.list.array)
GLOBAL_FREEMEM,declaration,(unknown),,request->variableAccessSpecification.choice.listOfVariable.list.array[0],mms/iso_mms/client/mms_client_write.c,339,GLOBAL_FREEMEM(request->variableAccessSpecification.choice.listOfVariable.list.array[0])
GLOBAL_FREEMEM,declaration,(unknown),,request->variableAccessSpecification.choice.listOfVariable.list.array,mms/iso_mms/client/mms_client_write.c,341,GLOBAL_FREEMEM(request->variableAccessSpecification.choice.listOfVariable.list.array)
GLOBAL_FREEMEM,declaration,(unknown),,request->listOfData.list.array,mms/iso_mms/client/mms_client_write.c,347,GLOBAL_FREEMEM(request->listOfData.list.array)
GLOBAL_FREEMEM,declaration,(unknown),,request->listOfData.list.array,mms/iso_mms/client/mms_client_write.c,427,GLOBAL_FREEMEM(request->listOfData.list.array)
GLOBAL_FREEMEM,declaration,(unknown),,request->variableAccessSpecification.choice.listOfVariable.list.array[0],mms/iso_mms/client/mms_client_write.c,476,GLOBAL_FREEMEM(request->variableAccessSpecification.choice.listOfVariable.list.array[0])
GLOBAL_FREEMEM,declaration,(unknown),,request->variableAccessSpecification.choice.listOfVariable.list.array,mms/iso_mms/client/mms_client_write.c,478,GLOBAL_FREEMEM(request->variableAccessSpecification.choice.listOfVariable.list.array)
GLOBAL_FREEMEM,declaration,(unknown),,request->listOfData.list.array,mms/iso_mms/client/mms_client_write.c,485,GLOBAL_FREEMEM(request->listOfData.list.array)
GLOBAL_FREEMEM,declaration,(unknown),,request->variableAccessSpecification.choice.listOfVariable.list.array[0],mms/iso_mms/client/mms_client_write.c,534,GLOBAL_FREEMEM(request->variableAccessSpecification.choice.listOfVariable.list.array[0])
GLOBAL_FREEMEM,declaration,(unknown),,request->variableAccessSpecification.choice.listOfVariable.list.array,mms/iso_mms/client/mms_client_write.c,536,GLOBAL_FREEMEM(request->variableAccessSpecification.choice.listOfVariable.list.array)
GLOBAL_FREEMEM,declaration,(unknown),,request->listOfData.list.array,mms/iso_mms/client/mms_client_write.c,542,GLOBAL_FREEMEM(request->listOfData.list.array)
GLOBAL_FREEMEM,declaration,(unknown),,request->variableAccessSpecification.choice.listOfVariable.list.array[0],mms/iso_mms/client/mms_client_write.c,593,GLOBAL_FREEMEM(request->variableAccessSpecification.choice.listOfVariable.list.array[0])
GLOBAL_FREEMEM,declaration,(unknown),,request->variableAccessSpecification.choice.listOfVariable.list.array,mms/iso_mms/client/mms_client_write.c,595,GLOBAL_FREEMEM(request->variableAccessSpecification.choice.listOfVariable.list.array)
GLOBAL_FREEMEM,declaration,(unknown),,request->listOfData.list.array,mms/iso_mms/client/mms_client_write.c,601,GLOBAL_FREEMEM(request->listOfData.list.array)
GLOBAL_FREEMEM,declaration,(unknown),,value,mms/iso_mms/common/mms_common_msg.c,316,GLOBAL_FREEMEM(value)
GLOBAL_FREEMEM,declaration,(unknown),,value,mms/iso_mms/common/mms_common_msg.c,436,GLOBAL_FREEMEM(value)
GLOBAL_FREEMEM,declaration,(unknown),,typeSpec->typeSpec.structure.elements,mms/iso_mms/common/mms_type_spec.c,24,GLOBAL_FREEMEM(typeSpec->typeSpec.structure.elements)
GLOBAL_FREEMEM,declaration,(unknown),,typeSpec,mms/iso_mms/common/mms_type_spec.c,31,GLOBAL_FREEMEM(typeSpec)
GLOBAL_FREEMEM,declaration,(unknown),,self->value.octetString.buf,mms/iso_mms/common/mms_value.c,269,GLOBAL_FREEMEM(self->value.octetString.buf)
GLOBAL_FREEMEM,declaration,(unknown),,self,mms/iso_mms/common/mms_value.c,348,GLOBAL_FREEMEM(self)
GLOBAL_FREEMEM,declaration,(unknown),,self,mms/iso_mms/common/mms_value.c,620,GLOBAL_FREEMEM(self)
GLOBAL_FREEMEM,declaration,(unknown),,self,mms/iso_mms/common/mms_value.c,638,GLOBAL_FREEMEM(self)
GLOBAL_FREEMEM,declaration,(unknown),,self,mms/iso_mms/common/mms_value.c,880,GLOBAL_FREEMEM(self)
GLOBAL_FREEMEM,declaration,(unknown),,self,mms/iso_mms/common/mms_value.c,898,GLOBAL_FREEMEM(self)
GLOBAL_FREEMEM,declaration,(unknown),,self,mms/iso_mms/common/mms_value.c,916,GLOBAL_FREEMEM(self)
GLOBAL_FREEMEM,declaration,(unknown),,newValue,mms/iso_mms/common/mms_value.c,1181,GLOBAL_FREEMEM(newValue)
GLOBAL_FREEMEM,declaration,(unknown),,newValue,mms/iso_mms/common/mms_value.c,1194,GLOBAL_FREEMEM(newValue)
GLOBAL_FREEMEM,declaration,(unknown),,newValue,mms/iso_mms/common/mms_value.c,1216,GLOBAL_FREEMEM(newValue)
GLOBAL_FREEMEM,declaration,(unknown),,newValue,mms/iso_mms/common/mms_value.c,1236,GLOBAL_FREEMEM(newValue)
GLOBAL_FREEMEM,declaration,(unknown),,newValue,mms/iso_mms/common/mms_value.c,1262,GLOBAL_FREEMEM(newValue)
GLOBAL_FREEMEM,declaration,case MMS_OCTET_STRING:,,self->value.octetString.buf,mms/iso_mms/common/mms_value.c,1302,case MMS_OCTET_STRING: GLOBAL_FREEMEM(self->value.octetString.buf)
GLOBAL_FREEMEM,declaration,(unknown),,self->value.structure.components,mms/iso_mms/common/mms_value.c,1321,GLOBAL_FREEMEM(self->value.structure.components)
GLOBAL_FREEMEM,declaration,(unknown),,self,mms/iso_mms/common/mms_value.c,1326,GLOBAL_FREEMEM(self)
GLOBAL_FREEMEM,declaration,case MMS_BIT_STRING:,,self->value.bitString.buf,mms/iso_mms/common/mms_value.c,1342,case MMS_BIT_STRING: GLOBAL_FREEMEM(self->value.bitString.buf)
GLOBAL_FREEMEM,declaration,case MMS_OCTET_STRING:,,self->value.octetString.buf,mms/iso_mms/common/mms_value.c,1345,case MMS_OCTET_STRING: GLOBAL_FREEMEM(self->value.octetString.buf)
GLOBAL_FREEMEM,declaration,(unknown),,self->value.structure.components,mms/iso_mms/common/mms_value.c,1364,GLOBAL_FREEMEM(self->value.structure.components)
GLOBAL_FREEMEM,declaration,(unknown),,self,mms/iso_mms/common/mms_value.c,1369,GLOBAL_FREEMEM(self)
GLOBAL_FREEMEM,declaration,(unknown),,self,mms/iso_mms/common/mms_value.c,1388,GLOBAL_FREEMEM(self)
GLOBAL_FREEMEM,declaration,(unknown),,self,mms/iso_mms/common/mms_value.c,1410,GLOBAL_FREEMEM(self)
GLOBAL_FREEMEM,declaration,(unknown),,self,mms/iso_mms/common/mms_value.c,1449,GLOBAL_FREEMEM(self)
GLOBAL_FREEMEM,declaration,(unknown),,self,mms/iso_mms/common/mms_value.c,1533,GLOBAL_FREEMEM(self)
GLOBAL_FREEMEM,declaration,(unknown),,self,mms/iso_mms/common/mms_value.c,1600,GLOBAL_FREEMEM(self)
GLOBAL_FREEMEM,declaration,(unknown),,self->value.visibleString.buf,mms/iso_mms/common/mms_value.c,1666,GLOBAL_FREEMEM(self->value.visibleString.buf)
GLOBAL_FREEMEM,declaration,(unknown),,self,mms/iso_mms/common/mms_value.c,1706,GLOBAL_FREEMEM(self)
GLOBAL_FREEMEM,declaration,(unknown),,self,mms/iso_mms/common/mms_value.c,1738,GLOBAL_FREEMEM(self)
GLOBAL_FREEMEM,declaration,(unknown),,self,mms/iso_mms/common/mms_value.c,1889,GLOBAL_FREEMEM(self)
GLOBAL_FREEMEM,declaration,(unknown),,self,mms/iso_mms/common/mms_value.c,1992,GLOBAL_FREEMEM(self)
GLOBAL_FREEMEM,declaration,(unknown),,self,mms/iso_mms/common/mms_value.c,2027,GLOBAL_FREEMEM(self)
GLOBAL_FREEMEM,declaration,(unknown),,self->namedVariables,mms/iso_mms/server/mms_device.c,32,GLOBAL_FREEMEM(self->namedVariables)
GLOBAL_FREEMEM,declaration,(unknown),,self->domains,mms/iso_mms/server/mms_device.c,38,GLOBAL_FREEMEM(self->domains)
GLOBAL_FREEMEM,declaration,(unknown),,self,mms/iso_mms/server/mms_device.c,40,GLOBAL_FREEMEM(self)
GLOBAL_FREEMEM,declaration,(unknown),,self->domainName,mms/iso_mms/server/mms_domain.c,32,GLOBAL_FREEMEM(self->domainName)
GLOBAL_FREEMEM,declaration,(unknown),,self->namedVariables,mms/iso_mms/server/mms_domain.c,37,GLOBAL_FREEMEM(self->namedVariables)
GLOBAL_FREEMEM,declaration,(unknown),,self,mms/iso_mms/server/mms_domain.c,46,GLOBAL_FREEMEM(self)
GLOBAL_FREEMEM,declaration,(unknown),,variableName,mms/iso_mms/server/mms_get_namelist_service.c,160,GLOBAL_FREEMEM(variableName)
GLOBAL_FREEMEM,declaration,(unknown),,typeSpec->choice.structure.components.list.array[i]->componentName->buf,mms/iso_mms/server/mms_get_var_access_service.c,131,GLOBAL_FREEMEM(typeSpec->choice.structure.components.list.array[i]->componentName->buf)
GLOBAL_FREEMEM,declaration,(unknown),,typeSpec->choice.structure.components.list.array[i]->componentName,mms/iso_mms/server/mms_get_var_access_service.c,132,GLOBAL_FREEMEM(typeSpec->choice.structure.components.list.array[i]->componentName)
GLOBAL_FREEMEM,declaration,(unknown),,typeSpec->choice.structure.components.list.array[i]->componentType,mms/iso_mms/server/mms_get_var_access_service.c,134,GLOBAL_FREEMEM(typeSpec->choice.structure.components.list.array[i]->componentType)
GLOBAL_FREEMEM,declaration,(unknown),,typeSpec->choice.structure.components.list.array[i],mms/iso_mms/server/mms_get_var_access_service.c,135,GLOBAL_FREEMEM(typeSpec->choice.structure.components.list.array[i])
GLOBAL_FREEMEM,declaration,(unknown),,typeSpec->choice.structure.components.list.array,mms/iso_mms/server/mms_get_var_access_service.c,137,GLOBAL_FREEMEM(typeSpec->choice.structure.components.list.array)
GLOBAL_FREEMEM,declaration,(unknown),,typeSpec->choice.array.numberOfElements.buf,mms/iso_mms/server/mms_get_var_access_service.c,141,GLOBAL_FREEMEM(typeSpec->choice.array.numberOfElements.buf)
GLOBAL_FREEMEM,declaration,(unknown),,typeSpec->choice.array.elementType,mms/iso_mms/server/mms_get_var_access_service.c,143,GLOBAL_FREEMEM(typeSpec->choice.array.elementType)
GLOBAL_FREEMEM,declaration,(unknown),,getVarAccessAttr->typeSpecification.choice.structure.components.list.array[i]->componentName->buf,mms/iso_mms/server/mms_get_var_access_service.c,156,GLOBAL_FREEMEM(getVarAccessAttr->typeSpecification.choice.structure.components.list.array[i]->componentName->buf)
GLOBAL_FREEMEM,declaration,(unknown),,getVarAccessAttr->typeSpecification.choice.structure.components.list.array[i]->componentName,mms/iso_mms/server/mms_get_var_access_service.c,157,GLOBAL_FREEMEM(getVarAccessAttr->typeSpecification.choice.structure.components.list.array[i]->componentName)
GLOBAL_FREEMEM,declaration,(unknown),,typeSpec,mms/iso_mms/server/mms_get_var_access_service.c,161,GLOBAL_FREEMEM(typeSpec)
GLOBAL_FREEMEM,declaration,(unknown),,getVarAccessAttr->typeSpecification.choice.structure.components.list.array[i],mms/iso_mms/server/mms_get_var_access_service.c,162,GLOBAL_FREEMEM(getVarAccessAttr->typeSpecification.choice.structure.components.list.array[i])
GLOBAL_FREEMEM,declaration,(unknown),,getVarAccessAttr->typeSpecification.choice.structure.components.list.array,mms/iso_mms/server/mms_get_var_access_service.c,164,GLOBAL_FREEMEM(getVarAccessAttr->typeSpecification.choice.structure.components.list.array)
GLOBAL_FREEMEM,declaration,(unknown),,getVarAccessAttr->typeSpecification.choice.array.numberOfElements.buf,mms/iso_mms/server/mms_get_var_access_service.c,172,GLOBAL_FREEMEM(getVarAccessAttr->typeSpecification.choice.array.numberOfElements.buf)
GLOBAL_FREEMEM,declaration,(unknown),,getVarAccessAttr->typeSpecification.choice.array.elementType,mms/iso_mms/server/mms_get_var_access_service.c,176,GLOBAL_FREEMEM(getVarAccessAttr->typeSpecification.choice.array.elementType)
GLOBAL_FREEMEM,declaration,(unknown),,domainIdStr,mms/iso_mms/server/mms_get_var_access_service.c,305,GLOBAL_FREEMEM(domainIdStr)
GLOBAL_FREEMEM,declaration,(unknown),,nameIdStr,mms/iso_mms/server/mms_get_var_access_service.c,307,GLOBAL_FREEMEM(nameIdStr)
GLOBAL_FREEMEM,declaration,(unknown),,nameIdStr,mms/iso_mms/server/mms_get_var_access_service.c,319,GLOBAL_FREEMEM(nameIdStr)
GLOBAL_FREEMEM,declaration,(unknown),,self->name,mms/iso_mms/server/mms_journal.c,28,GLOBAL_FREEMEM(self->name)
GLOBAL_FREEMEM,declaration,(unknown),,self,mms/iso_mms/server/mms_journal.c,29,GLOBAL_FREEMEM(self)
GLOBAL_FREEMEM,declaration,(unknown),,self->variableName,mms/iso_mms/server/mms_named_variable_list.c,31,GLOBAL_FREEMEM(self->variableName)
GLOBAL_FREEMEM,declaration,(unknown),,self,mms/iso_mms/server/mms_named_variable_list.c,35,GLOBAL_FREEMEM(self)
GLOBAL_FREEMEM,declaration,(unknown),,self->name,mms/iso_mms/server/mms_named_variable_list.c,111,GLOBAL_FREEMEM(self->name)
GLOBAL_FREEMEM,declaration,(unknown),,self,mms/iso_mms/server/mms_named_variable_list.c,112,GLOBAL_FREEMEM(self)
GLOBAL_FREEMEM,declaration,(unknown),,self->filestoreBasepath,mms/iso_mms/server/mms_server.c,183,GLOBAL_FREEMEM(self->filestoreBasepath)
GLOBAL_FREEMEM,declaration,(unknown),,element,mms/iso_mms/server/mms_server_common.c,420,GLOBAL_FREEMEM(element)
GLOBAL_FREEMEM,declaration,(unknown),,entry,mms/iso_mms/server/mms_value_cache.c,248,GLOBAL_FREEMEM(entry)
GLOBAL_FREEMEM,declaration,(unknown),,self,mms/iso_mms/server/mms_value_cache.c,258,GLOBAL_FREEMEM(self)
GLOBAL_FREEMEM,declaration,(unknown),,self->presentation,mms/iso_server/iso_connection.c,94,GLOBAL_FREEMEM(self->presentation)
GLOBAL_FREEMEM,declaration,(unknown),,self->acseConnection,mms/iso_server/iso_connection.c,95,GLOBAL_FREEMEM(self->acseConnection)
GLOBAL_FREEMEM,declaration,(unknown),,self->cotpReadBuf,mms/iso_server/iso_connection.c,96,GLOBAL_FREEMEM(self->cotpReadBuf)
GLOBAL_FREEMEM,declaration,(unknown),,self->cotpWriteBuf,mms/iso_server/iso_connection.c,98,GLOBAL_FREEMEM(self->cotpWriteBuf)
GLOBAL_FREEMEM,declaration,(unknown),,self->cotpConnection->socketExtensionBuffer,mms/iso_server/iso_connection.c,103,GLOBAL_FREEMEM(self->cotpConnection->socketExtensionBuffer)
GLOBAL_FREEMEM,declaration,(unknown),,self->cotpConnection,mms/iso_server/iso_connection.c,106,GLOBAL_FREEMEM(self->cotpConnection)
GLOBAL_FREEMEM,declaration,(unknown),,self->sendBuffer,mms/iso_server/iso_connection.c,115,GLOBAL_FREEMEM(self->sendBuffer)
GLOBAL_FREEMEM,declaration,(unknown),,self->clientAddress,mms/iso_server/iso_connection.c,116,GLOBAL_FREEMEM(self->clientAddress)
GLOBAL_FREEMEM,declaration,(unknown),,self->localAddress,mms/iso_server/iso_connection.c,117,GLOBAL_FREEMEM(self->localAddress)
GLOBAL_FREEMEM,declaration,(unknown),,self,mms/iso_server/iso_connection.c,485,GLOBAL_FREEMEM(self)
GLOBAL_FREEMEM,declaration,(unknown),,self->cotpConnection->socketExtensionBuffer,mms/iso_server/iso_connection.c,594,GLOBAL_FREEMEM(self->cotpConnection->socketExtensionBuffer)
GLOBAL_FREEMEM,declaration,(unknown),,self,mms/iso_server/iso_connection.c,597,GLOBAL_FREEMEM(self)
GLOBAL_FREEMEM,declaration,(unknown),,self->localIpAddress,mms/iso_server/iso_server.c,633,GLOBAL_FREEMEM(self->localIpAddress)
GLOBAL_FREEMEM,declaration,(unknown),,self,mms/iso_server/iso_server.c,869,GLOBAL_FREEMEM(self)
Hal_getTimeInMs,declaration,self->nextReadTimeout =,,,mms/iso_client/iso_client_connection.c,326,self->nextReadTimeout = Hal_getTimeInMs() + self->readTimeoutInMs
Hal_getTimeInMs,declaration,uint64_t currentTime =,,,mms/iso_client/iso_client_connection.c,344,uint64_t currentTime = Hal_getTimeInMs()
Hal_getTimeInMs,declaration,uint64_t currentTime =,,,mms/iso_client/iso_client_connection.c,365,uint64_t currentTime = Hal_getTimeInMs()
Hal_getTimeInMs,declaration,self->nextReadTimeout =,,,mms/iso_client/iso_client_connection.c,400,self->nextReadTimeout = Hal_getTimeInMs() + self->readTimeoutInMs
Hal_getTimeInMs,declaration,uint64_t currentTime =,,,mms/iso_client/iso_client_connection.c,426,uint64_t currentTime = Hal_getTimeInMs()
Hal_getTimeInMs,declaration,self->nextReadTimeout =,,,mms/iso_client/iso_client_connection.c,677,self->nextReadTimeout = Hal_getTimeInMs() + connectTimeoutInMs
Hal_getTimeInMs,declaration,self->outstandingCalls[i].timeout =,,,mms/iso_mms/client/mms_client_connection.c,277,self->outstandingCalls[i].timeout = Hal_getTimeInMs() + self->requestTimeout
Hal_getTimeInMs,declaration,uint64_t currentTime =,,,mms/iso_mms/client/mms_client_connection.c,1062,uint64_t currentTime = Hal_getTimeInMs()
Hal_getTimeInMs,declaration,uint64_t timeout =,,,mms/iso_mms/client/mms_client_connection.c,1993,uint64_t timeout = Hal_getTimeInMs() + self->requestTimeout
Hal_getTimeInMs,declaration,self->concludeTimeout =,,,mms/iso_mms/client/mms_client_connection.c,2081,self->concludeTimeout = Hal_getTimeInMs() + self->requestTimeout
Hal_getTimeInMs,declaration,obtainFileCall->timeout =,,,mms/iso_mms/client/mms_client_files.c,124,obtainFileCall->timeout = Hal_getTimeInMs() + connection->requestTimeout
Hal_getTimeInMs,declaration,task->nextTimeout =,,,mms/iso_mms/server/mms_file_service.c,462,task->nextTimeout = Hal_getTimeInMs() + 2000
Hal_getTimeInMs,declaration,task->nextTimeout =,,,mms/iso_mms/server/mms_file_service.c,495,task->nextTimeout = Hal_getTimeInMs() + 2000
Hal_getTimeInMs,declaration,task->nextTimeout =,,,mms/iso_mms/server/mms_file_service.c,763,task->nextTimeout = Hal_getTimeInMs() + 2000
Handleset_addSocket,declaration,(unknown),,"self->handleSet, self->socket",mms/iso_cotp/cotp.c,525,"Handleset_addSocket( self->handleSet, self->socket )"
Handleset_addSocket,declaration,(unknown),,"handles, self->socket",mms/iso_server/iso_connection.c,129,"Handleset_addSocket(handles, self->socket)"
Handleset_addSocket,declaration,(unknown),,"self->handleSet, self->socket",mms/iso_server/iso_connection.c,549,"Handleset_addSocket(self->handleSet, self->socket)"
Handleset_addSocket,declaration,(unknown),,"self->handleset, self->serverSocket",mms/iso_server/iso_server.c,450,"Handleset_addSocket(self->handleset, self->serverSocket)"
Handleset_destroy,declaration,(unknown),,self->handleSet,mms/iso_server/iso_connection.c,87,Handleset_destroy(self->handleSet)
Handleset_destroy,declaration,(unknown),,self->handleset,mms/iso_server/iso_server.c,775,Handleset_destroy(self->handleset)
Handleset_destroy,declaration,(unknown),,self->handleset,mms/iso_server/iso_server.c,804,Handleset_destroy(self->handleset)
Handleset_new,declaration,self->handleSet =,,,mms/iso_cotp/cotp.c,524,self->handleSet = Handleset_new()
Handleset_new,declaration,self->handleSet =,,,mms/iso_server/iso_connection.c,548,self->handleSet = Handleset_new()
Handleset_removeSocket,declaration,(unknown),,"handles, self->socket",mms/iso_server/iso_connection.c,135,"Handleset_removeSocket(handles, self->socket)"
Handleset_waitReady,declaration,result =,,"self->handleset, timeoutMs",mms/iso_server/iso_server.c,731,"result = Handleset_waitReady(self->handleset, timeoutMs)"
IsoApplicationReference_getAeQualifier,declaration,LIB61850_API int,,IsoApplicationReference self,mms/inc/iso_connection_parameters.h,79,LIB61850_API int IsoApplicationReference_getAeQualifier(IsoApplicationReference self)
IsoApplicationReference_getAeQualifier,definition,LIB61850_API int,,IsoApplicationReference self,mms/iso_common/iso_connection_parameters.c,72,LIB61850_API int IsoApplicationReference_getAeQualifier(IsoApplicationReference self)
IsoApplicationReference_getApTitle,declaration,LIB61850_API const ItuObjectIdentifier*,,const IsoApplicationReference* self,mms/inc/iso_connection_parameters.h,82,LIB61850_API const ItuObjectIdentifier* IsoApplicationReference_getApTitle(const IsoApplicationReference* self)
IsoApplicationReference_getApTitle,definition,LIB61850_API const ItuObjectIdentifier*,,const IsoApplicationReference* self,mms/iso_common/iso_connection_parameters.c,78,LIB61850_API const ItuObjectIdentifier* IsoApplicationReference_getApTitle(const IsoApplicationReference* self)
IsoClientConnection_abortAsync,declaration,LIB61850_INTERNAL void,,IsoClientConnection self,mms/inc_private/iso_client_connection.h,49,LIB61850_INTERNAL void IsoClientConnection_abortAsync(IsoClientConnection self)
IsoClientConnection_abortAsync,declaration,(unknown),,self->isoClient,mms/iso_mms/client/mms_client_connection.c,1973,IsoClientConnection_abortAsync(self->isoClient)
IsoClientConnection_abortAsync,declaration,(unknown),,self->isoClient,mms/iso_mms/client/mms_client_connection.c,1992,IsoClientConnection_abortAsync(self->isoClient)
IsoClientConnection_abortAsync,definition,void,,IsoClientConnection self,mms/iso_client/iso_client_connection.c,862,void IsoClientConnection_abortAsync(IsoClientConnection self)
IsoClientConnection_allocateTransmitBuffer,declaration,LIB61850_INTERNAL ByteBuffer*,,IsoClientConnection self,mms/inc_private/iso_client_connection.h,56,LIB61850_INTERNAL ByteBuffer* IsoClientConnection_allocateTransmitBuffer(IsoClientConnection self)
IsoClientConnection_allocateTransmitBuffer,declaration,(unknown),,self,mms/iso_client/iso_client_connection.c,832,IsoClientConnection_allocateTransmitBuffer(self)
IsoClientConnection_allocateTransmitBuffer,declaration,(unknown),,self,mms/iso_client/iso_client_connection.c,872,IsoClientConnection_allocateTransmitBuffer(self)
IsoClientConnection_allocateTransmitBuffer,declaration,ByteBuffer* response =,,self->isoClient,mms/iso_mms/client/mms_client_connection.c,1459,ByteBuffer* response = IsoClientConnection_allocateTransmitBuffer(self->isoClient)
IsoClientConnection_allocateTransmitBuffer,declaration,ByteBuffer* response =,,self->isoClient,mms/iso_mms/client/mms_client_connection.c,1472,ByteBuffer* response = IsoClientConnection_allocateTransmitBuffer(self->isoClient)
IsoClientConnection_allocateTransmitBuffer,declaration,ByteBuffer* response =,,self->isoClient,mms/iso_mms/client/mms_client_connection.c,1485,ByteBuffer* response = IsoClientConnection_allocateTransmitBuffer(self->isoClient)
IsoClientConnection_allocateTransmitBuffer,declaration,ByteBuffer* payload =,,self->isoClient,mms/iso_mms/client/mms_client_connection.c,1928,ByteBuffer* payload = IsoClientConnection_allocateTransmitBuffer(self->isoClient)
IsoClientConnection_allocateTransmitBuffer,declaration,ByteBuffer* concludeMessage =,,self->isoClient,mms/iso_mms/client/mms_client_connection.c,2074,ByteBuffer* concludeMessage = IsoClientConnection_allocateTransmitBuffer(self->isoClient)
IsoClientConnection_allocateTransmitBuffer,declaration,ByteBuffer* payload =,,self->isoClient,mms/iso_mms/client/mms_client_connection.c,2116,ByteBuffer* payload = IsoClientConnection_allocateTransmitBuffer(self->isoClient)
IsoClientConnection_allocateTransmitBuffer,declaration,ByteBuffer* payload =,,self->isoClient,mms/iso_mms/client/mms_client_connection.c,2365,ByteBuffer* payload = IsoClientConnection_allocateTransmitBuffer(self->isoClient)
IsoClientConnection_allocateTransmitBuffer,declaration,ByteBuffer* payload =,,self->isoClient,mms/iso_mms/client/mms_client_connection.c,2432,ByteBuffer* payload = IsoClientConnection_allocateTransmitBuffer(self->isoClient)
IsoClientConnection_allocateTransmitBuffer,declaration,ByteBuffer* payload =,,self->isoClient,mms/iso_mms/client/mms_client_connection.c,2533,ByteBuffer* payload = IsoClientConnection_allocateTransmitBuffer(self->isoClient)
IsoClientConnection_allocateTransmitBuffer,declaration,ByteBuffer* payload =,,self->isoClient,mms/iso_mms/client/mms_client_connection.c,2603,ByteBuffer* payload = IsoClientConnection_allocateTransmitBuffer(self->isoClient)
IsoClientConnection_allocateTransmitBuffer,declaration,ByteBuffer* payload =,,self->isoClient,mms/iso_mms/client/mms_client_connection.c,2671,ByteBuffer* payload = IsoClientConnection_allocateTransmitBuffer(self->isoClient)
IsoClientConnection_allocateTransmitBuffer,declaration,ByteBuffer* payload =,,self->isoClient,mms/iso_mms/client/mms_client_connection.c,2745,ByteBuffer* payload = IsoClientConnection_allocateTransmitBuffer(self->isoClient)
IsoClientConnection_allocateTransmitBuffer,declaration,ByteBuffer* payload =,,self->isoClient,mms/iso_mms/client/mms_client_connection.c,2815,ByteBuffer* payload = IsoClientConnection_allocateTransmitBuffer(self->isoClient)
IsoClientConnection_allocateTransmitBuffer,declaration,ByteBuffer* payload =,,self->isoClient,mms/iso_mms/client/mms_client_connection.c,2909,ByteBuffer* payload = IsoClientConnection_allocateTransmitBuffer(self->isoClient)
IsoClientConnection_allocateTransmitBuffer,declaration,ByteBuffer* payload =,,self->isoClient,mms/iso_mms/client/mms_client_connection.c,2980,ByteBuffer* payload = IsoClientConnection_allocateTransmitBuffer(self->isoClient)
IsoClientConnection_allocateTransmitBuffer,declaration,ByteBuffer* payload =,,self->isoClient,mms/iso_mms/client/mms_client_connection.c,3063,ByteBuffer* payload = IsoClientConnection_allocateTransmitBuffer(self->isoClient)
IsoClientConnection_allocateTransmitBuffer,declaration,ByteBuffer* payload =,,self->isoClient,mms/iso_mms/client/mms_client_connection.c,3124,ByteBuffer* payload = IsoClientConnection_allocateTransmitBuffer(self->isoClient)
IsoClientConnection_allocateTransmitBuffer,declaration,ByteBuffer* payload =,,self->isoClient,mms/iso_mms/client/mms_client_connection.c,3188,ByteBuffer* payload = IsoClientConnection_allocateTransmitBuffer(self->isoClient)
IsoClientConnection_allocateTransmitBuffer,declaration,ByteBuffer* payload =,,self->isoClient,mms/iso_mms/client/mms_client_connection.c,3251,ByteBuffer* payload = IsoClientConnection_allocateTransmitBuffer(self->isoClient)
IsoClientConnection_allocateTransmitBuffer,declaration,ByteBuffer* payload =,,self->isoClient,mms/iso_mms/client/mms_client_connection.c,3337,ByteBuffer* payload = IsoClientConnection_allocateTransmitBuffer(self->isoClient)
IsoClientConnection_allocateTransmitBuffer,declaration,ByteBuffer* payload =,,self->isoClient,mms/iso_mms/client/mms_client_connection.c,3427,ByteBuffer* payload = IsoClientConnection_allocateTransmitBuffer(self->isoClient)
IsoClientConnection_allocateTransmitBuffer,declaration,ByteBuffer* payload =,,self->isoClient,mms/iso_mms/client/mms_client_connection.c,3518,ByteBuffer* payload = IsoClientConnection_allocateTransmitBuffer(self->isoClient)
IsoClientConnection_allocateTransmitBuffer,declaration,ByteBuffer* payload =,,self->isoClient,mms/iso_mms/client/mms_client_connection.c,3672,ByteBuffer* payload = IsoClientConnection_allocateTransmitBuffer(self->isoClient)
IsoClientConnection_allocateTransmitBuffer,declaration,ByteBuffer* payload =,,self->isoClient,mms/iso_mms/client/mms_client_connection.c,3747,ByteBuffer* payload = IsoClientConnection_allocateTransmitBuffer(self->isoClient)
IsoClientConnection_allocateTransmitBuffer,declaration,ByteBuffer* payload =,,self->isoClient,mms/iso_mms/client/mms_client_connection.c,3855,ByteBuffer* payload = IsoClientConnection_allocateTransmitBuffer(self->isoClient)
IsoClientConnection_allocateTransmitBuffer,declaration,ByteBuffer* payload =,,self->isoClient,mms/iso_mms/client/mms_client_connection.c,3953,ByteBuffer* payload = IsoClientConnection_allocateTransmitBuffer(self->isoClient)
IsoClientConnection_allocateTransmitBuffer,declaration,ByteBuffer* payload =,,self->isoClient,mms/iso_mms/client/mms_client_connection.c,4031,ByteBuffer* payload = IsoClientConnection_allocateTransmitBuffer(self->isoClient)
IsoClientConnection_allocateTransmitBuffer,declaration,ByteBuffer* payload =,,self->isoClient,mms/iso_mms/client/mms_client_connection.c,4141,ByteBuffer* payload = IsoClientConnection_allocateTransmitBuffer(self->isoClient)
IsoClientConnection_allocateTransmitBuffer,declaration,ByteBuffer* payload =,,self->isoClient,mms/iso_mms/client/mms_client_connection.c,4255,ByteBuffer* payload = IsoClientConnection_allocateTransmitBuffer(self->isoClient)
IsoClientConnection_allocateTransmitBuffer,declaration,ByteBuffer* payload =,,self->isoClient,mms/iso_mms/client/mms_client_connection.c,4332,ByteBuffer* payload = IsoClientConnection_allocateTransmitBuffer(self->isoClient)
IsoClientConnection_allocateTransmitBuffer,declaration,ByteBuffer* payload =,,self->isoClient,mms/iso_mms/client/mms_client_connection.c,4417,ByteBuffer* payload = IsoClientConnection_allocateTransmitBuffer(self->isoClient)
IsoClientConnection_allocateTransmitBuffer,declaration,ByteBuffer* payload =,,self->isoClient,mms/iso_mms/client/mms_client_connection.c,4507,ByteBuffer* payload = IsoClientConnection_allocateTransmitBuffer(self->isoClient)
IsoClientConnection_allocateTransmitBuffer,declaration,ByteBuffer* payload =,,self->isoClient,mms/iso_mms/client/mms_client_connection.c,4573,ByteBuffer* payload = IsoClientConnection_allocateTransmitBuffer(self->isoClient)
IsoClientConnection_allocateTransmitBuffer,declaration,ByteBuffer* payload =,,self->isoClient,mms/iso_mms/client/mms_client_connection.c,4639,ByteBuffer* payload = IsoClientConnection_allocateTransmitBuffer(self->isoClient)
IsoClientConnection_allocateTransmitBuffer,declaration,ByteBuffer* payload =,,self->isoClient,mms/iso_mms/client/mms_client_connection.c,4733,ByteBuffer* payload = IsoClientConnection_allocateTransmitBuffer(self->isoClient)
IsoClientConnection_allocateTransmitBuffer,declaration,ByteBuffer* payload =,,self->isoClient,mms/iso_mms/client/mms_client_connection.c,4805,ByteBuffer* payload = IsoClientConnection_allocateTransmitBuffer(self->isoClient)
IsoClientConnection_allocateTransmitBuffer,declaration,ByteBuffer* payload =,,self->isoClient,mms/iso_mms/client/mms_client_connection.c,4878,ByteBuffer* payload = IsoClientConnection_allocateTransmitBuffer(self->isoClient)
IsoClientConnection_allocateTransmitBuffer,declaration,ByteBuffer* payload =,,self->isoClient,mms/iso_mms/client/mms_client_connection.c,4909,ByteBuffer* payload = IsoClientConnection_allocateTransmitBuffer(self->isoClient)
IsoClientConnection_allocateTransmitBuffer,definition,ByteBuffer*,,IsoClientConnection self,mms/iso_client/iso_client_connection.c,903,ByteBuffer* IsoClientConnection_allocateTransmitBuffer(IsoClientConnection self)
IsoClientConnection_associate,declaration,LIB61850_INTERNAL void,,"IsoClientConnection self, uint32_t connectTimeoutInMs",mms/inc_private/iso_client_connection.h,39,"LIB61850_INTERNAL void IsoClientConnection_associate(IsoClientConnection self, uint32_t connectTimeoutInMs)"
IsoClientConnection_associateAsync,declaration,LIB61850_INTERNAL bool,,"IsoClientConnection self, uint32_t connectTimeoutInMs, uint32_t readTimeoutInMs",mms/inc_private/iso_client_connection.h,32,"LIB61850_INTERNAL bool IsoClientConnection_associateAsync(IsoClientConnection self, uint32_t connectTimeoutInMs, uint32_t readTimeoutInMs)"
IsoClientConnection_associateAsync,definition,bool,,"IsoClientConnection self, uint32_t connectTimeoutInMs, uint32_t readTimeoutInMs",mms/iso_client/iso_client_connection.c,647,"bool IsoClientConnection_associateAsync(IsoClientConnection self, uint32_t connectTimeoutInMs, uint32_t readTimeoutInMs)"
IsoClientConnection_close,declaration,LIB61850_INTERNAL void,,IsoClientConnection self,mms/inc_private/iso_client_connection.h,53,LIB61850_INTERNAL void IsoClientConnection_close(IsoClientConnection self)
IsoClientConnection_close,declaration,(unknown),,self,mms/iso_client/iso_client_connection.c,779,IsoClientConnection_close(self)
IsoClientConnection_close,declaration,(unknown),,self->isoClient,mms/iso_mms/client/mms_client_connection.c,2011,IsoClientConnection_close(self->isoClient)
IsoClientConnection_close,declaration,(unknown),,self->isoClient,mms/iso_mms/client/mms_client_connection.c,2014,IsoClientConnection_close(self->isoClient)
IsoClientConnection_close,definition,void,,IsoClientConnection self,mms/iso_client/iso_client_connection.c,742,void IsoClientConnection_close(IsoClientConnection self)
IsoClientConnection_create,declaration,LIB61850_INTERNAL IsoClientConnection,,"IsoConnectionParameters parameters, IsoIndicationCallback callback, void* callbackParameter",mms/inc_private/iso_client_connection.h,26,"LIB61850_INTERNAL IsoClientConnection IsoClientConnection_create(IsoConnectionParameters parameters, IsoIndicationCallback callback, void* callbackParameter)"
IsoClientConnection_create,declaration,self->isoClient =,,"self->isoParameters, (IsoIndicationCallback) mmsIsoCallback, (void*) self",mms/iso_mms/client/mms_client_connection.c,1614,"self->isoClient = IsoClientConnection_create(self->isoParameters, (IsoIndicationCallback) mmsIsoCallback, (void*) self)"
IsoClientConnection_create,definition,IsoClientConnection,,"IsoConnectionParameters parameters, IsoIndicationCallback callback, void* callbackParameter",mms/iso_client/iso_client_connection.c,119,"IsoClientConnection IsoClientConnection_create(IsoConnectionParameters parameters, IsoIndicationCallback callback, void* callbackParameter)"
IsoClientConnection_destroy,declaration,LIB61850_INTERNAL void,,IsoClientConnection self,mms/inc_private/iso_client_connection.h,29,LIB61850_INTERNAL void IsoClientConnection_destroy(IsoClientConnection self)
IsoClientConnection_destroy,definition,void,,IsoClientConnection self,mms/iso_client/iso_client_connection.c,766,void IsoClientConnection_destroy(IsoClientConnection self)
IsoClientConnection_handleConnection,declaration,LIB61850_INTERNAL bool,,IsoClientConnection self,mms/inc_private/iso_client_connection.h,35,LIB61850_INTERNAL bool IsoClientConnection_handleConnection(IsoClientConnection self)
IsoClientConnection_handleConnection,declaration,(unknown),,self,mms/iso_client/iso_client_connection.c,758,IsoClientConnection_handleConnection(self)
IsoClientConnection_handleConnection,declaration,return,,self->isoClient,mms/iso_mms/client/mms_client_connection.c,1954,return IsoClientConnection_handleConnection(self->isoClient)
IsoClientConnection_handleConnection,definition,bool,,IsoClientConnection self,mms/iso_client/iso_client_connection.c,298,bool IsoClientConnection_handleConnection(IsoClientConnection self)
IsoClientConnection_release,declaration,LIB61850_INTERNAL void,,IsoClientConnection self,mms/inc_private/iso_client_connection.h,46,LIB61850_INTERNAL void IsoClientConnection_release(IsoClientConnection self)
IsoClientConnection_release,declaration,(unknown),,self->isoClient,mms/iso_mms/client/mms_client_connection.c,1236,IsoClientConnection_release(self->isoClient)
IsoClientConnection_release,definition,void,,IsoClientConnection self,mms/iso_client/iso_client_connection.c,868,void IsoClientConnection_release(IsoClientConnection self)
IsoClientConnection_releaseTransmitBuffer,declaration,LIB61850_INTERNAL void,,IsoClientConnection self,mms/inc_private/iso_client_connection.h,60,LIB61850_INTERNAL void IsoClientConnection_releaseTransmitBuffer(IsoClientConnection self)
IsoClientConnection_releaseTransmitBuffer,declaration,(unknown),,self,mms/iso_client/iso_client_connection.c,331,IsoClientConnection_releaseTransmitBuffer(self)
IsoClientConnection_releaseTransmitBuffer,declaration,(unknown),,self,mms/iso_client/iso_client_connection.c,338,IsoClientConnection_releaseTransmitBuffer(self)
IsoClientConnection_releaseTransmitBuffer,declaration,(unknown),,self,mms/iso_client/iso_client_connection.c,350,IsoClientConnection_releaseTransmitBuffer(self)
IsoClientConnection_releaseTransmitBuffer,declaration,(unknown),,self,mms/iso_client/iso_client_connection.c,371,IsoClientConnection_releaseTransmitBuffer(self)
IsoClientConnection_releaseTransmitBuffer,declaration,(unknown),,self,mms/iso_client/iso_client_connection.c,390,IsoClientConnection_releaseTransmitBuffer(self)
IsoClientConnection_releaseTransmitBuffer,declaration,(unknown),,self,mms/iso_client/iso_client_connection.c,410,IsoClientConnection_releaseTransmitBuffer(self)
IsoClientConnection_releaseTransmitBuffer,declaration,(unknown),,self,mms/iso_client/iso_client_connection.c,693,IsoClientConnection_releaseTransmitBuffer(self)
IsoClientConnection_releaseTransmitBuffer,declaration,(unknown),,self->isoClient,mms/iso_mms/client/mms_client_connection.c,366,IsoClientConnection_releaseTransmitBuffer(self->isoClient)
IsoClientConnection_releaseTransmitBuffer,definition,void,,IsoClientConnection self,mms/iso_client/iso_client_connection.c,912,void IsoClientConnection_releaseTransmitBuffer(IsoClientConnection self)
IsoClientConnection_sendMessage,declaration,LIB61850_INTERNAL void,,"IsoClientConnection self, ByteBuffer* payload",mms/inc_private/iso_client_connection.h,42,"LIB61850_INTERNAL void IsoClientConnection_sendMessage(IsoClientConnection self, ByteBuffer* payload)"
IsoClientConnection_sendMessage,declaration,(unknown),,"self->isoClient, response",mms/iso_mms/client/mms_client_connection.c,1463,"IsoClientConnection_sendMessage(self->isoClient, response)"
IsoClientConnection_sendMessage,declaration,(unknown),,"self->isoClient, response",mms/iso_mms/client/mms_client_connection.c,1476,"IsoClientConnection_sendMessage(self->isoClient, response)"
IsoClientConnection_sendMessage,declaration,(unknown),,"self->isoClient, response",mms/iso_mms/client/mms_client_connection.c,1489,"IsoClientConnection_sendMessage(self->isoClient, response)"
IsoClientConnection_sendMessage,declaration,(unknown),,"self->isoClient, concludeMessage",mms/iso_mms/client/mms_client_connection.c,2082,"IsoClientConnection_sendMessage(self->isoClient, concludeMessage)"
IsoClientConnection_sendMessage,definition,void,,"IsoClientConnection self, ByteBuffer* payloadBuffer",mms/iso_client/iso_client_connection.c,703,"void IsoClientConnection_sendMessage(IsoClientConnection self, ByteBuffer* payloadBuffer)"
IsoConnectionParameters_create,declaration,LIB61850_API IsoConnectionParameters,,void,mms/inc/iso_connection_parameters.h,146,LIB61850_API IsoConnectionParameters IsoConnectionParameters_create(void)
IsoConnectionParameters_create,declaration,self->isoParameters =,,,mms/iso_mms/client/mms_client_connection.c,1600,self->isoParameters = IsoConnectionParameters_create()
IsoConnectionParameters_create,definition,IsoConnectionParameters,,,mms/iso_common/iso_connection_parameters.c,105,IsoConnectionParameters IsoConnectionParameters_create()
IsoConnectionParameters_destroy,declaration,LIB61850_API void,,IsoConnectionParameters self,mms/inc/iso_connection_parameters.h,150,LIB61850_API void IsoConnectionParameters_destroy(IsoConnectionParameters self)
IsoConnectionParameters_destroy,definition,void,,IsoConnectionParameters self,mms/iso_common/iso_connection_parameters.c,113,void IsoConnectionParameters_destroy(IsoConnectionParameters self)
IsoConnectionParameters_setAcseAuthenticationParameter,declaration,LIB61850_API void,,"IsoConnectionParameters self, AcseAuthenticationParameter acseAuthParameter",mms/inc/iso_connection_parameters.h,158,"LIB61850_API void IsoConnectionParameters_setAcseAuthenticationParameter(IsoConnectionParameters self, AcseAuthenticationParameter acseAuthParameter)"
IsoConnectionParameters_setAcseAuthenticationParameter,definition,void,,"IsoConnectionParameters self, AcseAuthenticationParameter acseAuthParameter",mms/iso_common/iso_connection_parameters.c,136,"void IsoConnectionParameters_setAcseAuthenticationParameter(IsoConnectionParameters self, AcseAuthenticationParameter acseAuthParameter)"
IsoConnectionParameters_setLocalAddresses,declaration,LIB61850_API void,,"IsoConnectionParameters self, PSelector pSelector, SSelector sSelector, TSelector tSelector",mms/inc/iso_connection_parameters.h,183,"LIB61850_API void IsoConnectionParameters_setLocalAddresses(IsoConnectionParameters self, PSelector pSelector, SSelector sSelector, TSelector tSelector)"
IsoConnectionParameters_setLocalAddresses,declaration,(unknown),,"self->isoParameters, pSelector, sSelector, tSelector",mms/iso_mms/client/mms_client_connection.c,1607,"IsoConnectionParameters_setLocalAddresses(self->isoParameters, pSelector, sSelector, tSelector)"
IsoConnectionParameters_setLocalAddresses,definition,void,,"IsoConnectionParameters self, PSelector pSelector, SSelector sSelector, TSelector tSelector",mms/iso_common/iso_connection_parameters.c,195,"void IsoConnectionParameters_setLocalAddresses(IsoConnectionParameters self, PSelector pSelector, SSelector sSelector, TSelector tSelector)"
IsoConnectionParameters_setLocalApTitle,declaration,LIB61850_API void,,"IsoConnectionParameters self, const char* apTitle, int aeQualifier",mms/inc/iso_connection_parameters.h,179,"LIB61850_API void IsoConnectionParameters_setLocalApTitle(IsoConnectionParameters self, const char* apTitle, int aeQualifier)"
IsoConnectionParameters_setLocalApTitle,declaration,(unknown),,"self->isoParameters, ""1.1.1.999"", 12",mms/iso_mms/client/mms_client_connection.c,1609,"IsoConnectionParameters_setLocalApTitle(self->isoParameters, ""1.1.1.999"", 12)"
IsoConnectionParameters_setLocalApTitle,definition,void,,"IsoConnectionParameters self, const char* apTitle, int aeQualifier",mms/iso_common/iso_connection_parameters.c,183,"void IsoConnectionParameters_setLocalApTitle(IsoConnectionParameters self, const char* apTitle, int aeQualifier)"
IsoConnectionParameters_setLocalTcpParameters,declaration,LIB61850_API void,,"IsoConnectionParameters self, const char* localIpAddress, int localTcpPort",mms/inc/iso_connection_parameters.h,167,"LIB61850_API void IsoConnectionParameters_setLocalTcpParameters(IsoConnectionParameters self, const char* localIpAddress, int localTcpPort)"
IsoConnectionParameters_setLocalTcpParameters,definition,void,,"IsoConnectionParameters self, const char* localIpAddress, int localTcpPort",mms/iso_common/iso_connection_parameters.c,150,"void IsoConnectionParameters_setLocalTcpParameters(IsoConnectionParameters self, const char* localIpAddress, int localTcpPort)"
IsoConnectionParameters_setRemoteAddresses,declaration,LIB61850_API void,,"IsoConnectionParameters self, PSelector pSelector, SSelector sSelector, TSelector tSelector",mms/inc/iso_connection_parameters.h,175,"LIB61850_API void IsoConnectionParameters_setRemoteAddresses(IsoConnectionParameters self, PSelector pSelector, SSelector sSelector, TSelector tSelector)"
IsoConnectionParameters_setRemoteAddresses,declaration,(unknown),,"self->isoParameters, pSelector, sSelector, tSelector",mms/iso_mms/client/mms_client_connection.c,1610,"IsoConnectionParameters_setRemoteAddresses(self->isoParameters, pSelector, sSelector, tSelector)"
IsoConnectionParameters_setRemoteAddresses,definition,void,,"IsoConnectionParameters self, PSelector pSelector, SSelector sSelector, TSelector tSelector",mms/iso_common/iso_connection_parameters.c,175,"void IsoConnectionParameters_setRemoteAddresses(IsoConnectionParameters self, PSelector pSelector, SSelector sSelector, TSelector tSelector)"
IsoConnectionParameters_setRemoteApTitle,declaration,LIB61850_API void,,"IsoConnectionParameters self, const char* apTitle, int aeQualifier",mms/inc/iso_connection_parameters.h,171,"LIB61850_API void IsoConnectionParameters_setRemoteApTitle(IsoConnectionParameters self, const char* apTitle, int aeQualifier)"
IsoConnectionParameters_setRemoteApTitle,declaration,(unknown),,"self->isoParameters, ""1.1.1.999.1"", 12",mms/iso_mms/client/mms_client_connection.c,1611,"IsoConnectionParameters_setRemoteApTitle(self->isoParameters, ""1.1.1.999.1"", 12)"
IsoConnectionParameters_setRemoteApTitle,definition,void,,"IsoConnectionParameters self, const char* apTitle, int aeQualifier",mms/iso_common/iso_connection_parameters.c,163,"void IsoConnectionParameters_setRemoteApTitle(IsoConnectionParameters self, const char* apTitle, int aeQualifier)"
IsoConnectionParameters_setTcpParameters,declaration,LIB61850_API void,,"IsoConnectionParameters self, const char* hostname, int tcpPort",mms/inc/iso_connection_parameters.h,163,"LIB61850_API void IsoConnectionParameters_setTcpParameters(IsoConnectionParameters self, const char* hostname, int tcpPort)"
IsoConnectionParameters_setTcpParameters,definition,void,,"IsoConnectionParameters self, const char* hostname, int tcpPort",mms/iso_common/iso_connection_parameters.c,143,"void IsoConnectionParameters_setTcpParameters(IsoConnectionParameters self, const char* hostname, int tcpPort)"
IsoConnectionParameters_setTlsConfiguration,declaration,LIB61850_API void,,"IsoConnectionParameters self, TLSConfiguration tlsConfig",mms/inc/iso_connection_parameters.h,154,"LIB61850_API void IsoConnectionParameters_setTlsConfiguration(IsoConnectionParameters self, TLSConfiguration tlsConfig)"
IsoConnectionParameters_setTlsConfiguration,declaration,(unknown),,"self->isoParameters, tlsConfig",mms/iso_mms/client/mms_client_connection.c,1619,"IsoConnectionParameters_setTlsConfiguration(self->isoParameters, tlsConfig)"
IsoConnectionParameters_setTlsConfiguration,definition,void,,"IsoConnectionParameters self, TLSConfiguration tlsConfig",mms/iso_common/iso_connection_parameters.c,125,"void IsoConnectionParameters_setTlsConfiguration(IsoConnectionParameters self, TLSConfiguration tlsConfig)"
IsoConnection_addToHandleSet,declaration,LIB61850_INTERNAL void,,"const IsoConnection self, HandleSet handles",mms/inc_private/iso_server_private.h,29,"LIB61850_INTERNAL void IsoConnection_addToHandleSet(const IsoConnection self, HandleSet handles)"
IsoConnection_addToHandleSet,definition,void,,"const IsoConnection self, HandleSet handles",mms/iso_server/iso_connection.c,125,"void IsoConnection_addToHandleSet(const IsoConnection self, HandleSet handles)"
IsoConnection_callTickHandler,declaration,LIB61850_INTERNAL void,,IsoConnection self,mms/inc_private/iso_server_private.h,16,LIB61850_INTERNAL void IsoConnection_callTickHandler(IsoConnection self)
IsoConnection_callTickHandler,declaration,(unknown),,self,mms/iso_server/iso_connection.c,153,IsoConnection_callTickHandler(self)
IsoConnection_callTickHandler,declaration,(unknown),,isoConnection,mms/iso_server/iso_server.c,354,IsoConnection_callTickHandler(isoConnection)
IsoConnection_callTickHandler,declaration,(unknown),,self->openClientConnections[i],mms/iso_server/iso_server.c,365,IsoConnection_callTickHandler(self->openClientConnections[i])
IsoConnection_callTickHandler,definition,void,,IsoConnection self,mms/iso_server/iso_connection.c,137,void IsoConnection_callTickHandler(IsoConnection self)
IsoConnection_close,declaration,LIB61850_INTERNAL void,,IsoConnection self,mms/inc_private/iso_server.h,53,LIB61850_INTERNAL void IsoConnection_close(IsoConnection self)
IsoConnection_close,declaration,(unknown),,isoConnection,mms/iso_server/iso_server.c,221,IsoConnection_close(isoConnection)
IsoConnection_close,declaration,(unknown),,isoConnection,mms/iso_server/iso_server.c,251,IsoConnection_close(isoConnection)
IsoConnection_close,declaration,(unknown),,con,mms/iso_server/iso_server.c,286,IsoConnection_close(con)
IsoConnection_close,declaration,(unknown),,isoConnection,mms/iso_server/iso_server.c,310,IsoConnection_close(isoConnection)
IsoConnection_close,declaration,(unknown),,self->openClientConnections[i],mms/iso_server/iso_server.c,327,IsoConnection_close(self->openClientConnections[i])
IsoConnection_close,definition,void,,IsoConnection self,mms/iso_server/iso_connection.c,681,void IsoConnection_close(IsoConnection self)
IsoConnection_destroy,declaration,LIB61850_INTERNAL void,,IsoConnection self,mms/inc_private/iso_server_private.h,13,LIB61850_INTERNAL void IsoConnection_destroy(IsoConnection self)
IsoConnection_destroy,declaration,(unknown),,isoConnection,mms/iso_server/iso_server.c,229,IsoConnection_destroy(isoConnection)
IsoConnection_destroy,declaration,(unknown),,isoConnection,mms/iso_server/iso_server.c,261,IsoConnection_destroy(isoConnection)
IsoConnection_destroy,declaration,(unknown),,con,mms/iso_server/iso_server.c,287,IsoConnection_destroy(con)
IsoConnection_destroy,declaration,(unknown),,isoConnection,mms/iso_server/iso_server.c,312,IsoConnection_destroy(isoConnection)
IsoConnection_destroy,declaration,(unknown),,self->openClientConnections[i],mms/iso_server/iso_server.c,328,IsoConnection_destroy(self->openClientConnections[i])
IsoConnection_destroy,declaration,(unknown),,self->openClientConnections[i],mms/iso_server/iso_server.c,417,IsoConnection_destroy(self->openClientConnections[i])
IsoConnection_destroy,definition,void,,IsoConnection self,mms/iso_server/iso_connection.c,574,void IsoConnection_destroy(IsoConnection self)
IsoConnection_getLocalAddress,declaration,LIB61850_INTERNAL char*,,IsoConnection self,mms/inc_private/iso_server.h,50,LIB61850_INTERNAL char* IsoConnection_getLocalAddress(IsoConnection self)
IsoConnection_getLocalAddress,declaration,return,,self->isoConnection,mms/iso_mms/server/mms_server_connection.c,850,return IsoConnection_getLocalAddress(self->isoConnection)
IsoConnection_getLocalAddress,definition,char*,,IsoConnection self,mms/iso_server/iso_connection.c,606,char* IsoConnection_getLocalAddress(IsoConnection self)
IsoConnection_getPeerAddress,declaration,LIB61850_INTERNAL char*,,IsoConnection self,mms/inc_private/iso_server.h,47,LIB61850_INTERNAL char* IsoConnection_getPeerAddress(IsoConnection self)
IsoConnection_getPeerAddress,declaration,return,,self->isoConnection,mms/iso_mms/server/mms_server_connection.c,844,return IsoConnection_getPeerAddress(self->isoConnection)
IsoConnection_getPeerAddress,definition,char*,,IsoConnection self,mms/iso_server/iso_connection.c,600,char* IsoConnection_getPeerAddress(IsoConnection self)
IsoConnection_getSecurityToken,declaration,LIB61850_INTERNAL void*,,IsoConnection self,mms/inc_private/iso_server.h,67,LIB61850_INTERNAL void* IsoConnection_getSecurityToken(IsoConnection self)
IsoConnection_getSecurityToken,declaration,return,,self->isoConnection,mms/iso_mms/server/mms_server_connection.c,856,return IsoConnection_getSecurityToken(self->isoConnection)
IsoConnection_getSecurityToken,definition,void*,,IsoConnection self,mms/iso_server/iso_connection.c,715,void* IsoConnection_getSecurityToken(IsoConnection self)
IsoConnection_getState,definition,int,,IsoConnection self,mms/iso_server/iso_connection.c,558,int IsoConnection_getState(IsoConnection self)
IsoConnection_handleTcpConnection,declaration,LIB61850_INTERNAL void,,"IsoConnection self, bool isSingleThread",mms/inc_private/iso_server_private.h,19,"LIB61850_INTERNAL void IsoConnection_handleTcpConnection(IsoConnection self, bool isSingleThread)"
IsoConnection_handleTcpConnection,declaration,(unknown),,"self->openClientConnections[i], true",mms/iso_server/iso_server.c,413,"IsoConnection_handleTcpConnection(self->openClientConnections[i], true)"
IsoConnection_handleTcpConnection,definition,void,,"IsoConnection self, bool isSingleThread",mms/iso_server/iso_connection.c,147,"void IsoConnection_handleTcpConnection(IsoConnection self, bool isSingleThread)"
IsoConnection_installListener,declaration,LIB61850_INTERNAL void,,"IsoConnection self, MessageReceivedHandler rcvdHandler, UserLayerTickHandler tickHandler, void* parameter",mms/inc_private/iso_server.h,62,"LIB61850_INTERNAL void IsoConnection_installListener(IsoConnection self, MessageReceivedHandler rcvdHandler, UserLayerTickHandler tickHandler, void* parameter)"
IsoConnection_installListener,definition,void,,"IsoConnection self, MessageReceivedHandler rcvdHandler, UserLayerTickHandler tickHandler, void* parameter",mms/iso_server/iso_connection.c,705,"void IsoConnection_installListener(IsoConnection self, MessageReceivedHandler rcvdHandler, UserLayerTickHandler tickHandler, void* parameter)"
IsoConnection_isRunning,declaration,LIB61850_INTERNAL bool,,IsoConnection self,mms/inc_private/iso_server_private.h,46,LIB61850_INTERNAL bool IsoConnection_isRunning(IsoConnection self)
IsoConnection_isRunning,definition,bool,,IsoConnection self,mms/iso_server/iso_connection.c,721,bool IsoConnection_isRunning(IsoConnection self)
IsoConnection_lock,declaration,LIB61850_INTERNAL void,,IsoConnection self,mms/inc_private/iso_server.h,56,LIB61850_INTERNAL void IsoConnection_lock(IsoConnection self)
IsoConnection_lock,declaration,(unknown),,task->connection->isoConnection,mms/iso_mms/server/mms_file_service.c,420,IsoConnection_lock(task->connection->isoConnection)
IsoConnection_lock,definition,void,,IsoConnection self,mms/iso_server/iso_connection.c,612,void IsoConnection_lock(IsoConnection self)
IsoConnection_removeFromHandleSet,declaration,LIB61850_INTERNAL void,,"const IsoConnection self, HandleSet handles",mms/inc_private/iso_server_private.h,33,"LIB61850_INTERNAL void IsoConnection_removeFromHandleSet(const IsoConnection self, HandleSet handles)"
IsoConnection_removeFromHandleSet,declaration,(unknown),,"connection, self->handleset",mms/iso_server/iso_server.c,170,"IsoConnection_removeFromHandleSet(connection, self->handleset)"
IsoConnection_removeFromHandleSet,declaration,(unknown),,"isoConnection, self->handleset",mms/iso_server/iso_server.c,253,"IsoConnection_removeFromHandleSet(isoConnection, self->handleset)"
IsoConnection_removeFromHandleSet,definition,void,,"const IsoConnection self, HandleSet handles",mms/iso_server/iso_connection.c,131,"void IsoConnection_removeFromHandleSet(const IsoConnection self, HandleSet handles)"
IsoConnection_sendMessage,declaration,LIB61850_INTERNAL bool,,"IsoConnection self, ByteBuffer* message",mms/inc_private/iso_server.h,70,"LIB61850_INTERNAL bool IsoConnection_sendMessage(IsoConnection self, ByteBuffer* message)"
IsoConnection_sendMessage,declaration,(unknown),,"task->connection->isoConnection, message",mms/iso_mms/server/mms_file_service.c,461,"IsoConnection_sendMessage(task->connection->isoConnection, message)"
IsoConnection_sendMessage,declaration,(unknown),,"task->connection->isoConnection, message",mms/iso_mms/server/mms_file_service.c,493,"IsoConnection_sendMessage(task->connection->isoConnection, message)"
IsoConnection_sendMessage,declaration,(unknown),,"task->connection->isoConnection, message",mms/iso_mms/server/mms_file_service.c,522,"IsoConnection_sendMessage(task->connection->isoConnection, message)"
IsoConnection_sendMessage,declaration,(unknown),,"task->connection->isoConnection, message",mms/iso_mms/server/mms_file_service.c,543,"IsoConnection_sendMessage(task->connection->isoConnection, message)"
IsoConnection_sendMessage,declaration,(unknown),,"task->connection->isoConnection, message",mms/iso_mms/server/mms_file_service.c,567,"IsoConnection_sendMessage(task->connection->isoConnection, message)"
IsoConnection_sendMessage,declaration,(unknown),,"task->connection->isoConnection, request",mms/iso_mms/server/mms_file_service.c,759,"IsoConnection_sendMessage(task->connection->isoConnection, request)"
IsoConnection_sendMessage,declaration,(unknown),,"self->isoConnection, reportBuffer",mms/iso_mms/server/mms_information_report.c,66,"IsoConnection_sendMessage(self->isoConnection, reportBuffer)"
IsoConnection_sendMessage,declaration,(unknown),,"self->isoConnection, reportBuffer",mms/iso_mms/server/mms_information_report.c,212,"IsoConnection_sendMessage(self->isoConnection, reportBuffer)"
IsoConnection_sendMessage,declaration,(unknown),,"self->isoConnection, reportBuffer",mms/iso_mms/server/mms_information_report.c,305,"IsoConnection_sendMessage(self->isoConnection, reportBuffer)"
IsoConnection_sendMessage,declaration,(unknown),,"self->isoConnection, response",mms/iso_mms/server/mms_read_service.c,956,"IsoConnection_sendMessage(self->isoConnection, response)"
IsoConnection_sendMessage,declaration,return,,"self->isoConnection, message",mms/iso_mms/server/mms_server_connection.c,814,"return IsoConnection_sendMessage(self->isoConnection, message)"
IsoConnection_sendMessage,declaration,(unknown),,"self->isoConnection, response",mms/iso_mms/server/mms_write_service.c,86,"IsoConnection_sendMessage(self->isoConnection, response)"
IsoConnection_sendMessage,definition,bool,,"IsoConnection self, ByteBuffer* message",mms/iso_server/iso_connection.c,628,"bool IsoConnection_sendMessage(IsoConnection self, ByteBuffer* message)"
IsoConnection_start,declaration,LIB61850_INTERNAL void,,IsoConnection self,mms/inc_private/iso_server_private.h,10,LIB61850_INTERNAL void IsoConnection_start(IsoConnection self)
IsoConnection_start,definition,void,,IsoConnection self,mms/iso_server/iso_connection.c,564,void IsoConnection_start(IsoConnection self)
IsoConnection_unlock,declaration,LIB61850_INTERNAL void,,IsoConnection self,mms/inc_private/iso_server.h,59,LIB61850_INTERNAL void IsoConnection_unlock(IsoConnection self)
IsoConnection_unlock,declaration,(unknown),,task->connection->isoConnection,mms/iso_mms/server/mms_file_service.c,599,IsoConnection_unlock(task->connection->isoConnection)
IsoConnection_unlock,declaration,(unknown),,self->isoConnection,mms/iso_mms/server/mms_information_report.c,220,IsoConnection_unlock(self->isoConnection)
IsoConnection_unlock,definition,void,,IsoConnection self,mms/iso_server/iso_connection.c,620,void IsoConnection_unlock(IsoConnection self)
IsoPresentation_createAbortUserMessage,declaration,LIB61850_INTERNAL void,,"IsoPresentation* self, BufferChain writeBuffer, BufferChain payload",mms/inc_private/iso_presentation.h,42,"LIB61850_INTERNAL void IsoPresentation_createAbortUserMessage(IsoPresentation* self, BufferChain writeBuffer, BufferChain payload)"
IsoPresentation_createAbortUserMessage,declaration,(unknown),,"self->presentation, presentationBuffer, acseBuffer",mms/iso_client/iso_client_connection.c,847,"IsoPresentation_createAbortUserMessage(self->presentation, presentationBuffer, acseBuffer)"
IsoPresentation_createAbortUserMessage,definition,void,,"IsoPresentation* self, BufferChain writeBuffer, BufferChain payload",mms/iso_presentation/iso_presentation.c,880,"void IsoPresentation_createAbortUserMessage(IsoPresentation* self, BufferChain writeBuffer, BufferChain payload)"
IsoPresentation_createConnectPdu,declaration,LIB61850_INTERNAL void,,"IsoPresentation* self, IsoConnectionParameters parameters, BufferChain buffer, BufferChain payload",mms/inc_private/iso_presentation.h,26,"LIB61850_INTERNAL void IsoPresentation_createConnectPdu(IsoPresentation* self, IsoConnectionParameters parameters, BufferChain buffer, BufferChain payload)"
IsoPresentation_createConnectPdu,declaration,(unknown),,"self->presentation, self->parameters, presentationBuffer, acseBuffer",mms/iso_client/iso_client_connection.c,266,"IsoPresentation_createConnectPdu(self->presentation, self->parameters, presentationBuffer, acseBuffer)"
IsoPresentation_createConnectPdu,definition,void,,"IsoPresentation* self, IsoConnectionParameters parameters, BufferChain buffer, BufferChain payload",mms/iso_presentation/iso_presentation.c,869,"void IsoPresentation_createConnectPdu(IsoPresentation* self, IsoConnectionParameters parameters, BufferChain buffer, BufferChain payload)"
IsoPresentation_createCpaMessage,declaration,LIB61850_INTERNAL void,,"IsoPresentation* self, BufferChain writeBuffer, BufferChain payload",mms/inc_private/iso_presentation.h,30,"LIB61850_INTERNAL void IsoPresentation_createCpaMessage(IsoPresentation* self, BufferChain writeBuffer, BufferChain payload)"
IsoPresentation_createCpaMessage,declaration,(unknown),,"self->presentation, presentationBufferPart, acseBufferPart",mms/iso_server/iso_connection.c,264,"IsoPresentation_createCpaMessage(self->presentation, presentationBufferPart, acseBufferPart)"
IsoPresentation_createCpaMessage,definition,void,,"IsoPresentation* self, BufferChain writeBuffer, BufferChain payload",mms/iso_presentation/iso_presentation.c,900,"void IsoPresentation_createCpaMessage(IsoPresentation* self, BufferChain writeBuffer, BufferChain payload)"
IsoPresentation_createUserData,declaration,LIB61850_INTERNAL void,,"IsoPresentation* self, BufferChain writeBuffer, BufferChain payload",mms/inc_private/iso_presentation.h,33,"LIB61850_INTERNAL void IsoPresentation_createUserData(IsoPresentation* self, BufferChain writeBuffer, BufferChain payload)"
IsoPresentation_createUserData,declaration,(unknown),,"self->presentation, presentationBuffer, payload",mms/iso_client/iso_client_connection.c,719,"IsoPresentation_createUserData(self->presentation, presentationBuffer, payload)"
IsoPresentation_createUserData,declaration,(unknown),,"self->presentation, presentationBufferPart, mmsBufferPart",mms/iso_server/iso_connection.c,342,"IsoPresentation_createUserData(self->presentation, presentationBufferPart, mmsBufferPart)"
IsoPresentation_createUserData,declaration,(unknown),,"self->presentation, presentationBuffer, payloadBuffer",mms/iso_server/iso_connection.c,653,"IsoPresentation_createUserData(self->presentation, presentationBuffer, payloadBuffer)"
IsoPresentation_createUserData,definition,void,,"IsoPresentation* self, BufferChain writeBuffer, BufferChain payload",mms/iso_presentation/iso_presentation.c,597,"void IsoPresentation_createUserData(IsoPresentation* self, BufferChain writeBuffer, BufferChain payload)"
IsoPresentation_createUserDataACSE,declaration,LIB61850_INTERNAL void,,"IsoPresentation* self, BufferChain writeBuffer, BufferChain payload",mms/inc_private/iso_presentation.h,36,"LIB61850_INTERNAL void IsoPresentation_createUserDataACSE(IsoPresentation* self, BufferChain writeBuffer, BufferChain payload)"
IsoPresentation_createUserDataACSE,declaration,(unknown),,"self->presentation, presentationBuffer, acseBuffer",mms/iso_client/iso_client_connection.c,888,"IsoPresentation_createUserDataACSE(self->presentation, presentationBuffer, acseBuffer)"
IsoPresentation_createUserDataACSE,declaration,(unknown),,"self->presentation, presentationBufferPart, acseBufferPart",mms/iso_server/iso_connection.c,390,"IsoPresentation_createUserDataACSE(self->presentation, presentationBufferPart, acseBufferPart)"
IsoPresentation_createUserDataACSE,definition,void,,"IsoPresentation* self, BufferChain writeBuffer, BufferChain payload",mms/iso_presentation/iso_presentation.c,627,"void IsoPresentation_createUserDataACSE(IsoPresentation* self, BufferChain writeBuffer, BufferChain payload)"
IsoPresentation_init,declaration,LIB61850_INTERNAL void,,IsoPresentation* session,mms/inc_private/iso_presentation.h,17,LIB61850_INTERNAL void IsoPresentation_init(IsoPresentation* session)
IsoPresentation_init,declaration,(unknown),,self->presentation,mms/iso_client/iso_client_connection.c,264,IsoPresentation_init(self->presentation)
IsoPresentation_init,declaration,(unknown),,self->presentation,mms/iso_server/iso_connection.c,530,IsoPresentation_init(self->presentation)
IsoPresentation_init,definition,void,,IsoPresentation* self,mms/iso_presentation/iso_presentation.c,591,void IsoPresentation_init(IsoPresentation* self)
IsoPresentation_parseAcceptMessage,declaration,LIB61850_INTERNAL int,,"IsoPresentation* self, ByteBuffer* byteBuffer",mms/inc_private/iso_presentation.h,39,"LIB61850_INTERNAL int IsoPresentation_parseAcceptMessage(IsoPresentation* self, ByteBuffer* byteBuffer)"
IsoPresentation_parseAcceptMessage,definition,int,,"IsoPresentation* self, ByteBuffer* byteBuffer",mms/iso_presentation/iso_presentation.c,522,"int IsoPresentation_parseAcceptMessage(IsoPresentation* self, ByteBuffer* byteBuffer)"
IsoPresentation_parseConnect,declaration,LIB61850_INTERNAL int,,"IsoPresentation* session, ByteBuffer* message",mms/inc_private/iso_presentation.h,23,"LIB61850_INTERNAL int IsoPresentation_parseConnect(IsoPresentation* session, ByteBuffer* message)"
IsoPresentation_parseConnect,definition,int,,"IsoPresentation* self, ByteBuffer* byteBuffer",mms/iso_presentation/iso_presentation.c,760,"int IsoPresentation_parseConnect(IsoPresentation* self, ByteBuffer* byteBuffer)"
IsoPresentation_parseUserData,declaration,LIB61850_INTERNAL int,,"IsoPresentation* session, ByteBuffer* message",mms/inc_private/iso_presentation.h,20,"LIB61850_INTERNAL int IsoPresentation_parseUserData(IsoPresentation* session, ByteBuffer* message)"
IsoPresentation_parseUserData,definition,int,,"IsoPresentation* self, ByteBuffer* readBuffer",mms/iso_presentation/iso_presentation.c,657,"int IsoPresentation_parseUserData(IsoPresentation* self, ByteBuffer* readBuffer)"
IsoServer_closeConnection,declaration,LIB61850_INTERNAL bool,,"IsoServer self, IsoConnection con",mms/inc_private/iso_server.h,130,"LIB61850_INTERNAL bool IsoServer_closeConnection(IsoServer self, IsoConnection con)"
IsoServer_closeConnection,definition,bool,,"IsoServer self, IsoConnection con",mms/iso_server/iso_server.c,271,"bool IsoServer_closeConnection(IsoServer self, IsoConnection con)"
IsoServer_closeConnectionIndication,declaration,LIB61850_INTERNAL void,,"IsoServer self, IsoConnection isoConnection",mms/inc_private/iso_server.h,127,"LIB61850_INTERNAL void IsoServer_closeConnectionIndication(IsoServer self, IsoConnection isoConnection)"
IsoServer_closeConnectionIndication,declaration,(unknown),,"self->isoServer, self",mms/iso_server/iso_connection.c,459,"IsoServer_closeConnectionIndication(self->isoServer, self)"
IsoServer_create,declaration,LIB61850_INTERNAL IsoServer,,TLSConfiguration tlsConfiguration,mms/inc_private/iso_server.h,74,LIB61850_INTERNAL IsoServer IsoServer_create(TLSConfiguration tlsConfiguration)
IsoServer_create,declaration,IsoServer isoServer =,,tlsConfiguration,mms/iso_mms/server/mms_server.c,60,IsoServer isoServer = IsoServer_create(tlsConfiguration)
IsoServer_create,declaration,IsoServer isoServer =,,tlsConfiguration,mms/iso_mms/server/mms_server.c,123,IsoServer isoServer = IsoServer_create(tlsConfiguration)
IsoServer_destroy,declaration,LIB61850_INTERNAL void,,IsoServer self,mms/inc_private/iso_server.h,134,LIB61850_INTERNAL void IsoServer_destroy(IsoServer self)
IsoServer_destroy,definition,void,,IsoServer self,mms/iso_server/iso_server.c,829,void IsoServer_destroy(IsoServer self)
IsoServer_getAuthenticator,declaration,LIB61850_INTERNAL AcseAuthenticator,,IsoServer self,mms/inc_private/iso_server.h,96,LIB61850_INTERNAL AcseAuthenticator IsoServer_getAuthenticator(IsoServer self)
IsoServer_getAuthenticator,definition,AcseAuthenticator,,IsoServer self,mms/iso_server/iso_server.c,653,AcseAuthenticator IsoServer_getAuthenticator(IsoServer self)
IsoServer_getAuthenticatorParameter,declaration,LIB61850_INTERNAL void*,,IsoServer self,mms/inc_private/iso_server.h,99,LIB61850_INTERNAL void* IsoServer_getAuthenticatorParameter(IsoServer self)
IsoServer_getAuthenticatorParameter,definition,void*,,IsoServer self,mms/iso_server/iso_server.c,659,void* IsoServer_getAuthenticatorParameter(IsoServer self)
IsoServer_getConnectionCounter,declaration,LIB61850_INTERNAL int,,IsoServer self,mms/inc_private/iso_server.h,118,LIB61850_INTERNAL int IsoServer_getConnectionCounter(IsoServer self)
IsoServer_getConnectionCounter,declaration,count +=,,isoServer,mms/iso_mms/server/mms_server.c,852,count += IsoServer_getConnectionCounter(isoServer)
IsoServer_getConnectionCounter,definition,int,,IsoServer self,mms/iso_server/iso_server.c,749,int IsoServer_getConnectionCounter(IsoServer self)
IsoServer_getState,declaration,LIB61850_INTERNAL IsoServerState,,IsoServer self,mms/inc_private/iso_server.h,86,LIB61850_INTERNAL IsoServerState IsoServer_getState(IsoServer self)
IsoServer_getState,definition,IsoServerState,,IsoServer self,mms/iso_server/iso_server.c,640,IsoServerState IsoServer_getState(IsoServer self)
IsoServer_getTLSConfiguration,declaration,LIB61850_INTERNAL TLSConfiguration,,IsoServer self,mms/inc_private/iso_server.h,102,LIB61850_INTERNAL TLSConfiguration IsoServer_getTLSConfiguration(IsoServer self)
IsoServer_getTLSConfiguration,definition,TLSConfiguration,,IsoServer self,mms/iso_server/iso_server.c,665,TLSConfiguration IsoServer_getTLSConfiguration(IsoServer self)
IsoServer_processIncomingMessages,declaration,LIB61850_INTERNAL void,,IsoServer self,mms/inc_private/iso_server.h,114,LIB61850_INTERNAL void IsoServer_processIncomingMessages(IsoServer self)
IsoServer_processIncomingMessages,declaration,(unknown),,isoServer,mms/iso_mms/server/mms_server.c,805,IsoServer_processIncomingMessages(isoServer)
IsoServer_processIncomingMessages,definition,void,,IsoServer self,mms/iso_server/iso_server.c,742,void IsoServer_processIncomingMessages(IsoServer self)
IsoServer_setAuthenticator,declaration,LIB61850_INTERNAL void,,"IsoServer self, AcseAuthenticator authenticator, void* authenticatorParameter",mms/inc_private/iso_server.h,93,"LIB61850_INTERNAL void IsoServer_setAuthenticator(IsoServer self, AcseAuthenticator authenticator, void* authenticatorParameter)"
IsoServer_setAuthenticator,declaration,(unknown),,"isoServer, authenticator, authenticatorParameter",mms/iso_mms/server/mms_server.c,390,"IsoServer_setAuthenticator(isoServer, authenticator, authenticatorParameter)"
IsoServer_setAuthenticator,definition,void,,"IsoServer self, AcseAuthenticator authenticator, void* authenticatorParameter",mms/iso_server/iso_server.c,646,"void IsoServer_setAuthenticator(IsoServer self, AcseAuthenticator authenticator, void* authenticatorParameter)"
IsoServer_setConnectionHandler,declaration,LIB61850_INTERNAL void,,"IsoServer self, ConnectionIndicationHandler handler, void* parameter",mms/inc_private/iso_server.h,89,"LIB61850_INTERNAL void IsoServer_setConnectionHandler(IsoServer self, ConnectionIndicationHandler handler, void* parameter)"
IsoServer_setConnectionHandler,declaration,(unknown),,"isoServer, isoConnectionIndicationHandler, (void*) self",mms/iso_mms/server/mms_server.c,698,"IsoServer_setConnectionHandler(isoServer, isoConnectionIndicationHandler, (void*) self)"
IsoServer_setConnectionHandler,declaration,(unknown),,"isoServer, isoConnectionIndicationHandler, (void*) self",mms/iso_mms/server/mms_server.c,745,"IsoServer_setConnectionHandler(isoServer, isoConnectionIndicationHandler, (void*) self)"
IsoServer_setConnectionHandler,definition,void,,"IsoServer self, ConnectionIndicationHandler handler, void* parameter",mms/iso_server/iso_server.c,821,"void IsoServer_setConnectionHandler(IsoServer self, ConnectionIndicationHandler handler, void* parameter)"
IsoServer_setLocalIpAddress,declaration,LIB61850_INTERNAL void,,"IsoServer self, const char* ipAddress",mms/inc_private/iso_server.h,83,"LIB61850_INTERNAL void IsoServer_setLocalIpAddress(IsoServer self, const char* ipAddress)"
IsoServer_setLocalIpAddress,declaration,(unknown),,"isoServer, ipAddr",mms/iso_mms/server/mms_server.c,127,"IsoServer_setLocalIpAddress(isoServer, ipAddr)"
IsoServer_setLocalIpAddress,declaration,(unknown),,"isoServer, localIpAddress",mms/iso_mms/server/mms_server.c,156,"IsoServer_setLocalIpAddress(isoServer, localIpAddress)"
IsoServer_setLocalIpAddress,definition,void,,"IsoServer self, const char* ipAddress",mms/iso_server/iso_server.c,629,"void IsoServer_setLocalIpAddress(IsoServer self, const char* ipAddress)"
IsoServer_setMaxConnections,declaration,LIB61850_INTERNAL void,,"IsoServer self, int maxConnections",mms/inc_private/iso_server.h,80,"LIB61850_INTERNAL void IsoServer_setMaxConnections(IsoServer self, int maxConnections)"
IsoServer_setMaxConnections,declaration,(unknown),,"isoServer, maxConnections",mms/iso_mms/server/mms_server.c,209,"IsoServer_setMaxConnections(isoServer, maxConnections)"
IsoServer_setTcpPort,declaration,LIB61850_INTERNAL void,,"IsoServer self, int port",mms/inc_private/iso_server.h,77,"LIB61850_INTERNAL void IsoServer_setTcpPort(IsoServer self, int port)"
IsoServer_startListening,declaration,LIB61850_INTERNAL void,,IsoServer self,mms/inc_private/iso_server.h,105,LIB61850_INTERNAL void IsoServer_startListening(IsoServer self)
IsoServer_startListening,declaration,(unknown),,isoServer,mms/iso_mms/server/mms_server.c,703,IsoServer_startListening(isoServer)
IsoServer_startListeningThreadless,declaration,LIB61850_INTERNAL void,,IsoServer self,mms/inc_private/iso_server.h,111,LIB61850_INTERNAL void IsoServer_startListeningThreadless(IsoServer self)
IsoServer_startListeningThreadless,declaration,(unknown),,isoServer,mms/iso_mms/server/mms_server.c,750,IsoServer_startListeningThreadless(isoServer)
IsoServer_stopListening,declaration,LIB61850_INTERNAL void,,IsoServer self,mms/inc_private/iso_server.h,108,LIB61850_INTERNAL void IsoServer_stopListening(IsoServer self)
IsoServer_stopListening,declaration,(unknown),,isoServer,mms/iso_mms/server/mms_server.c,721,IsoServer_stopListening(isoServer)
IsoServer_stopListeningThreadless,declaration,LIB61850_INTERNAL void,,IsoServer self,mms/inc_private/iso_server.h,124,LIB61850_INTERNAL void IsoServer_stopListeningThreadless(IsoServer self)
IsoServer_stopListeningThreadless,declaration,(unknown),,isoServer,mms/iso_mms/server/mms_server.c,881,IsoServer_stopListeningThreadless(isoServer)
IsoServer_stopListeningThreadless,definition,void,,IsoServer self,mms/iso_server/iso_server.c,766,void IsoServer_stopListeningThreadless(IsoServer self)
IsoServer_waitReady,declaration,LIB61850_INTERNAL int,,"IsoServer self, unsigned int timeoutMs",mms/inc_private/iso_server.h,121,"LIB61850_INTERNAL int IsoServer_waitReady(IsoServer self, unsigned int timeoutMs)"
IsoServer_waitReady,declaration,serverResult =,,"isoServer, timeoutMs",mms/iso_mms/server/mms_server.c,777,"serverResult = IsoServer_waitReady(isoServer, timeoutMs)"
IsoServer_waitReady,declaration,serverResult =,,"isoServer, 0",mms/iso_mms/server/mms_server.c,782,"serverResult = IsoServer_waitReady(isoServer, 0)"
IsoServer_waitReady,definition,int,,"IsoServer self, unsigned int timeoutMs",mms/iso_server/iso_server.c,722,"int IsoServer_waitReady(IsoServer self, unsigned int timeoutMs)"
IsoSession_createAbortSpdu,declaration,LIB61850_INTERNAL void,,"IsoSession* self, BufferChain buffer, BufferChain payload",mms/inc_private/iso_session.h,49,"LIB61850_INTERNAL void IsoSession_createAbortSpdu(IsoSession* self, BufferChain buffer, BufferChain payload)"
IsoSession_createAbortSpdu,declaration,(unknown),,"self->session, sessionBuffer, presentationBuffer",mms/iso_client/iso_client_connection.c,855,"IsoSession_createAbortSpdu(self->session, sessionBuffer, presentationBuffer)"
IsoSession_createAbortSpdu,definition,void,,"IsoSession* self, BufferChain buffer, BufferChain payload",mms/iso_session/iso_session.c,346,"void IsoSession_createAbortSpdu(IsoSession* self, BufferChain buffer, BufferChain payload)"
IsoSession_createAcceptSpdu,declaration,LIB61850_INTERNAL void,,"IsoSession* self, BufferChain buffer, BufferChain payload",mms/inc_private/iso_session.h,43,"LIB61850_INTERNAL void IsoSession_createAcceptSpdu(IsoSession* self, BufferChain buffer, BufferChain payload)"
IsoSession_createAcceptSpdu,declaration,(unknown),,"self->session, sessionBufferPart, presentationBufferPart",mms/iso_server/iso_connection.c,272,"IsoSession_createAcceptSpdu(self->session, sessionBufferPart, presentationBufferPart)"
IsoSession_createAcceptSpdu,definition,void,,"IsoSession* self, BufferChain buffer, BufferChain payload",mms/iso_session/iso_session.c,405,"void IsoSession_createAcceptSpdu(IsoSession* self, BufferChain buffer, BufferChain payload)"
IsoSession_createConnectSpdu,declaration,LIB61850_INTERNAL void,,"IsoSession* self, IsoConnectionParameters isoParameters, BufferChain buffer, BufferChain payload",mms/inc_private/iso_session.h,34,"LIB61850_INTERNAL void IsoSession_createConnectSpdu(IsoSession* self, IsoConnectionParameters isoParameters, BufferChain buffer, BufferChain payload)"
IsoSession_createConnectSpdu,declaration,(unknown),,"self->session, self->parameters, sessionBuffer, presentationBuffer",mms/iso_client/iso_client_connection.c,273,"IsoSession_createConnectSpdu(self->session, self->parameters, sessionBuffer, presentationBuffer)"
IsoSession_createConnectSpdu,definition,void,,"IsoSession* self, IsoConnectionParameters isoParameters, BufferChain buffer, BufferChain payload",mms/iso_session/iso_session.c,312,"void IsoSession_createConnectSpdu(IsoSession* self, IsoConnectionParameters isoParameters, BufferChain buffer, BufferChain payload)"
IsoSession_createDataSpdu,declaration,LIB61850_INTERNAL void,,"IsoSession* self, BufferChain buffer, BufferChain payload",mms/inc_private/iso_session.h,40,"LIB61850_INTERNAL void IsoSession_createDataSpdu(IsoSession* self, BufferChain buffer, BufferChain payload)"
IsoSession_createDataSpdu,declaration,(unknown),,"self->session, sessionBuffer, presentationBuffer",mms/iso_client/iso_client_connection.c,724,"IsoSession_createDataSpdu(self->session, sessionBuffer, presentationBuffer)"
IsoSession_createDataSpdu,declaration,(unknown),,"self->session, sessionBufferPart, presentationBufferPart",mms/iso_server/iso_connection.c,350,"IsoSession_createDataSpdu(self->session, sessionBufferPart, presentationBufferPart)"
IsoSession_createDataSpdu,declaration,(unknown),,"self->session, sessionBuffer, presentationBuffer",mms/iso_server/iso_connection.c,660,"IsoSession_createDataSpdu(self->session, sessionBuffer, presentationBuffer)"
IsoSession_createDataSpdu,definition,void,,"IsoSession* self, BufferChain buffer, BufferChain payload",mms/iso_session/iso_session.c,225,"void IsoSession_createDataSpdu(IsoSession* self, BufferChain buffer, BufferChain payload)"
IsoSession_createDisconnectSpdu,declaration,LIB61850_INTERNAL void,,"IsoSession* self, BufferChain buffer, BufferChain payload",mms/inc_private/iso_session.h,55,"LIB61850_INTERNAL void IsoSession_createDisconnectSpdu(IsoSession* self, BufferChain buffer, BufferChain payload)"
IsoSession_createDisconnectSpdu,declaration,(unknown),,"self->session, sessionBufferPart, presentationBufferPart",mms/iso_server/iso_connection.c,397,"IsoSession_createDisconnectSpdu(self->session, sessionBufferPart, presentationBufferPart)"
IsoSession_createDisconnectSpdu,definition,void,,"IsoSession* self, BufferChain buffer, BufferChain payload",mms/iso_session/iso_session.c,386,"void IsoSession_createDisconnectSpdu(IsoSession* self, BufferChain buffer, BufferChain payload)"
IsoSession_createFinishSpdu,declaration,LIB61850_INTERNAL void,,"IsoSession* self, BufferChain buffer, BufferChain payload",mms/inc_private/iso_session.h,52,"LIB61850_INTERNAL void IsoSession_createFinishSpdu(IsoSession* self, BufferChain buffer, BufferChain payload)"
IsoSession_createFinishSpdu,declaration,(unknown),,"NULL, sessionBuffer, presentationBuffer",mms/iso_client/iso_client_connection.c,896,"IsoSession_createFinishSpdu(NULL, sessionBuffer, presentationBuffer)"
IsoSession_createFinishSpdu,definition,void,,"IsoSession* self, BufferChain buffer, BufferChain payload",mms/iso_session/iso_session.c,367,"void IsoSession_createFinishSpdu(IsoSession* self, BufferChain buffer, BufferChain payload)"
IsoSession_createRefuseSpdu,declaration,LIB61850_INTERNAL void,,"IsoSession* self, BufferChain buffer, BufferChain payload, uint8_t reasonCode",mms/inc_private/iso_session.h,46,"LIB61850_INTERNAL void IsoSession_createRefuseSpdu(IsoSession* self, BufferChain buffer, BufferChain payload, uint8_t reasonCode)"
IsoSession_createRefuseSpdu,definition,void,,"IsoSession* self, BufferChain buffer, BufferChain payload, uint8_t reasonCode",mms/iso_session/iso_session.c,435,"void IsoSession_createRefuseSpdu(IsoSession* self, BufferChain buffer, BufferChain payload, uint8_t reasonCode)"
IsoSession_getUserData,declaration,LIB61850_INTERNAL ByteBuffer*,,IsoSession* session,mms/inc_private/iso_session.h,31,LIB61850_INTERNAL ByteBuffer* IsoSession_getUserData(IsoSession* session)
IsoSession_getUserData,declaration,ByteBuffer* sessionUserData =,,self->session,mms/iso_server/iso_connection.c,198,ByteBuffer* sessionUserData = IsoSession_getUserData(self->session)
IsoSession_getUserData,definition,ByteBuffer*,,IsoSession* session,mms/iso_session/iso_session.c,465,ByteBuffer* IsoSession_getUserData(IsoSession* session)
IsoSession_init,declaration,LIB61850_INTERNAL void,,IsoSession* session,mms/inc_private/iso_session.h,28,LIB61850_INTERNAL void IsoSession_init(IsoSession* session)
IsoSession_init,declaration,(unknown),,self->session,mms/iso_client/iso_client_connection.c,271,IsoSession_init(self->session)
IsoSession_init,declaration,(unknown),,self->session,mms/iso_server/iso_connection.c,527,IsoSession_init(self->session)
IsoSession_init,definition,void,,IsoSession* session,mms/iso_session/iso_session.c,450,void IsoSession_init(IsoSession* session)
IsoSession_parseMessage,declaration,LIB61850_INTERNAL IsoSessionIndication,,"IsoSession* self, ByteBuffer* message",mms/inc_private/iso_session.h,37,"LIB61850_INTERNAL IsoSessionIndication IsoSession_parseMessage(IsoSession* self, ByteBuffer* message)"
IsoSession_parseMessage,declaration,sessionIndication =,,"self->session, CotpConnection_getPayload(self->cotpConnection)",mms/iso_client/iso_client_connection.c,459,"sessionIndication = IsoSession_parseMessage(self->session, CotpConnection_getPayload(self->cotpConnection))"
IsoSession_parseMessage,declaration,IsoSessionIndication sessionIndication =,,"self->session, CotpConnection_getPayload(self->cotpConnection)",mms/iso_client/iso_client_connection.c,559,"IsoSessionIndication sessionIndication = IsoSession_parseMessage(self->session, CotpConnection_getPayload(self->cotpConnection))"
IsoSession_parseMessage,declaration,IsoSessionIndication sIndication =,,"self->session, cotpPayload",mms/iso_server/iso_connection.c,196,"IsoSessionIndication sIndication = IsoSession_parseMessage(self->session, cotpPayload)"
IsoSession_parseMessage,definition,IsoSessionIndication,,"IsoSession* self, ByteBuffer* message",mms/iso_session/iso_session.c,471,"IsoSessionIndication IsoSession_parseMessage(IsoSession* self, ByteBuffer* message)"
ItuObjectIdentifier_getArc,declaration,LIB61850_API const uint16_t*,,ItuObjectIdentifier* self,mms/inc/iso_connection_parameters.h,88,LIB61850_API const uint16_t* ItuObjectIdentifier_getArc(ItuObjectIdentifier* self)
ItuObjectIdentifier_getArc,definition,LIB61850_API const uint16_t*,,ItuObjectIdentifier* self,mms/iso_common/iso_connection_parameters.c,96,LIB61850_API const uint16_t* ItuObjectIdentifier_getArc(ItuObjectIdentifier* self)
ItuObjectIdentifier_getArcCount,declaration,LIB61850_API int,,ItuObjectIdentifier* self,mms/inc/iso_connection_parameters.h,85,LIB61850_API int ItuObjectIdentifier_getArcCount(ItuObjectIdentifier* self)
ItuObjectIdentifier_getArcCount,definition,LIB61850_API int,,ItuObjectIdentifier* self,mms/iso_common/iso_connection_parameters.c,87,LIB61850_API int ItuObjectIdentifier_getArcCount(ItuObjectIdentifier* self)
LinkedList_add,declaration,(unknown),,"journalEntry->journalVariables, (void*) journalVariable",mms/iso_mms/client/mms_client_journals.c,104,"LinkedList_add(journalEntry->journalVariables, (void*) journalVariable)"
LinkedList_add,declaration,(unknown),,"journalEntries, (void*) journalEntry",mms/iso_mms/client/mms_client_journals.c,337,"LinkedList_add(journalEntries, (void*) journalEntry)"
LinkedList_add,declaration,(unknown),,"attributes, listEntry",mms/iso_mms/client/mms_client_named_variable_list.c,268,"LinkedList_add(attributes, listEntry)"
LinkedList_add,declaration,(unknown),,"elementNames, StringUtils_copyString(typeSpec->name)",mms/iso_mms/common/mms_type_spec.c,174,"LinkedList_add(elementNames, StringUtils_copyString(typeSpec->name))"
LinkedList_add,declaration,(unknown),,"self->journals, (void*) journal",mms/iso_mms/server/mms_domain.c,63,"LinkedList_add(self->journals, (void*) journal)"
LinkedList_add,declaration,(unknown),,"self->namedVariableLists, variableList",mms/iso_mms/server/mms_domain.c,91,"LinkedList_add(self->namedVariableLists, variableList)"
LinkedList_add,declaration,(unknown),,"list, device->namedVariables[i]->name",mms/iso_mms/server/mms_get_namelist_service.c,54,"LinkedList_add(list, device->namedVariables[i]->name)"
LinkedList_add,declaration,(unknown),,"nameList, (void*) journal->name",mms/iso_mms/server/mms_get_namelist_service.c,211,"LinkedList_add(nameList, (void*) journal->name)"
LinkedList_add,declaration,(unknown),,"nameList, StringUtils_copyString(MmsNamedVariableList_getName(variableList))",mms/iso_mms/server/mms_get_namelist_service.c,309,"LinkedList_add(nameList, StringUtils_copyString(MmsNamedVariableList_getName(variableList)))"
LinkedList_add,declaration,(unknown),,"self->listOfVariables, variable",mms/iso_mms/server/mms_named_variable_list.c,89,"LinkedList_add(self->listOfVariables, variable)"
LinkedList_add,declaration,(unknown),,"vmdScopeNVLs, (void*) namedVariableList",mms/iso_mms/server/mms_named_variable_list_service.c,654,"LinkedList_add(vmdScopeNVLs, (void*) namedVariableList)"
LinkedList_add,declaration,(unknown),,"self->isoServerList, isoServer",mms/iso_mms/server/mms_server.c,64,"LinkedList_add(self->isoServerList, isoServer)"
LinkedList_add,declaration,(unknown),,"self->isoServerList, isoServer",mms/iso_mms/server/mms_server.c,134,"LinkedList_add(self->isoServerList, isoServer)"
LinkedList_add,declaration,(unknown),,"self->namedVariableLists, variableList",mms/iso_mms/server/mms_server_connection.c,821,"LinkedList_add(self->namedVariableLists, variableList)"
LinkedList_create,declaration,journalEntry->journalVariables =,,,mms/iso_mms/client/mms_client_journals.c,173,journalEntry->journalVariables = LinkedList_create()
LinkedList_create,declaration,journalEntries =,,,mms/iso_mms/client/mms_client_journals.c,446,journalEntries = LinkedList_create()
LinkedList_create,declaration,LinkedList attributes =,,,mms/iso_mms/client/mms_client_named_variable_list.c,196,LinkedList attributes = LinkedList_create()
LinkedList_create,declaration,LinkedList elementNames =,,,mms/iso_mms/common/mms_type_spec.c,167,LinkedList elementNames = LinkedList_create()
LinkedList_create,declaration,self->namedVariableLists =,,,mms/iso_mms/server/mms_device.c,12,self->namedVariableLists = LinkedList_create()
LinkedList_create,declaration,self->namedVariableLists =,,,mms/iso_mms/server/mms_domain.c,22,self->namedVariableLists = LinkedList_create()
LinkedList_create,declaration,LinkedList list =,,,mms/iso_mms/server/mms_get_namelist_service.c,28,LinkedList list = LinkedList_create()
LinkedList_create,declaration,LinkedList list =,,,mms/iso_mms/server/mms_get_namelist_service.c,48,LinkedList list = LinkedList_create()
LinkedList_create,declaration,nameList =,,,mms/iso_mms/server/mms_get_namelist_service.c,197,nameList = LinkedList_create()
LinkedList_create,declaration,nameList =,,,mms/iso_mms/server/mms_get_namelist_service.c,241,nameList = LinkedList_create()
LinkedList_create,declaration,LinkedList nameList =,,,mms/iso_mms/server/mms_get_namelist_service.c,297,LinkedList nameList = LinkedList_create()
LinkedList_create,declaration,LinkedList nameList =,,,mms/iso_mms/server/mms_get_namelist_service.c,766,LinkedList nameList = LinkedList_create()
LinkedList_create,declaration,self->listOfVariables =,,,mms/iso_mms/server/mms_named_variable_list.c,61,self->listOfVariables = LinkedList_create()
LinkedList_create,declaration,LinkedList values =,,,mms/iso_mms/server/mms_read_service.c,520,LinkedList values = LinkedList_create()
LinkedList_create,declaration,LinkedList values =,,,mms/iso_mms/server/mms_read_service.c,709,LinkedList values = LinkedList_create()
LinkedList_destroy,declaration,(unknown),,list,mms/iso_mms/client/mms_client_connection.c,2241,LinkedList_destroy(list)
LinkedList_destroy,declaration,(unknown),,*nameList,mms/iso_mms/client/mms_client_get_namelist.c,173,LinkedList_destroy(*nameList)
LinkedList_destroy,declaration,(unknown),,nameList,mms/iso_mms/server/mms_get_namelist_service.c,629,LinkedList_destroy(nameList)
LinkedList_destroy,declaration,(unknown),,nameList,mms/iso_mms/server/mms_get_namelist_service.c,662,LinkedList_destroy(nameList)
LinkedList_destroy,declaration,(unknown),,nameList,mms/iso_mms/server/mms_get_namelist_service.c,753,LinkedList_destroy(nameList)
LinkedList_destroy,declaration,(unknown),,nameList,mms/iso_mms/server/mms_get_namelist_service.c,771,LinkedList_destroy(nameList)
LinkedList_destroy,declaration,(unknown),,nameList,mms/iso_mms/server/mms_get_namelist_service.c,799,LinkedList_destroy(nameList)
LinkedList_destroyDeep,declaration,(unknown),,"self->journalVariables, (LinkedListValueDeleteFunction) MmsJournalVariable_destroy",mms/iso_mms/client/mms_client_connection.c,3558,"LinkedList_destroyDeep(self->journalVariables, (LinkedListValueDeleteFunction) MmsJournalVariable_destroy)"
LinkedList_destroyDeep,declaration,else,,"parameter.result, (LinkedListValueDeleteFunction) MmsValue_delete",mms/iso_mms/client/mms_client_connection.c,4708,"else LinkedList_destroyDeep(parameter.result, (LinkedListValueDeleteFunction) MmsValue_delete)"
LinkedList_destroyDeep,declaration,else,,"parameter.result, (LinkedListValueDeleteFunction) MmsValue_delete",mms/iso_mms/client/mms_client_connection.c,4852,"else LinkedList_destroyDeep(parameter.result, (LinkedListValueDeleteFunction) MmsValue_delete)"
LinkedList_destroyDeep,declaration,(unknown),,"journalEntries, (LinkedListValueDeleteFunction) MmsJournalEntry_destroy",mms/iso_mms/client/mms_client_journals.c,439,"LinkedList_destroyDeep(journalEntries, (LinkedListValueDeleteFunction) MmsJournalEntry_destroy)"
LinkedList_destroyDeep,declaration,(unknown),,"journalEntries, (LinkedListValueDeleteFunction) MmsJournalEntry_destroy",mms/iso_mms/client/mms_client_journals.c,452,"LinkedList_destroyDeep(journalEntries, (LinkedListValueDeleteFunction) MmsJournalEntry_destroy)"
LinkedList_destroyDeep,declaration,(unknown),,"journalEntries, (LinkedListValueDeleteFunction) MmsJournalEntry_destroy",mms/iso_mms/client/mms_client_journals.c,476,"LinkedList_destroyDeep(journalEntries, (LinkedListValueDeleteFunction) MmsJournalEntry_destroy)"
LinkedList_destroyDeep,declaration,(unknown),,"*accessResults, (LinkedListValueDeleteFunction) MmsValue_delete",mms/iso_mms/client/mms_client_write.c,115,"LinkedList_destroyDeep(*accessResults, (LinkedListValueDeleteFunction) MmsValue_delete)"
LinkedList_destroyDeep,declaration,(unknown),,"self->journals, (LinkedListValueDeleteFunction) MmsJournal_destroy",mms/iso_mms/server/mms_domain.c,42,"LinkedList_destroyDeep(self->journals, (LinkedListValueDeleteFunction) MmsJournal_destroy)"
LinkedList_destroyDeep,declaration,(unknown),,"self->namedVariableLists, (LinkedListValueDeleteFunction) MmsNamedVariableList_destroy",mms/iso_mms/server/mms_domain.c,44,"LinkedList_destroyDeep(self->namedVariableLists, (LinkedListValueDeleteFunction) MmsNamedVariableList_destroy)"
LinkedList_destroyDeep,declaration,(unknown),,"self->listOfVariables, deleteVariableListEntry",mms/iso_mms/server/mms_named_variable_list.c,110,"LinkedList_destroyDeep(self->listOfVariables, deleteVariableListEntry)"
LinkedList_destroyDeep,declaration,(unknown),,"self->isoServerList, (LinkedListValueDeleteFunction) IsoServer_destroy",mms/iso_mms/server/mms_server.c,442,"LinkedList_destroyDeep(self->isoServerList, (LinkedListValueDeleteFunction) IsoServer_destroy)"
LinkedList_destroyStatic,declaration,(unknown),,nameList,mms/iso_mms/server/mms_get_namelist_service.c,645,LinkedList_destroyStatic(nameList)
LinkedList_destroyStatic,declaration,(unknown),,nameList,mms/iso_mms/server/mms_get_namelist_service.c,696,LinkedList_destroyStatic(nameList)
LinkedList_destroyStatic,declaration,(unknown),,nameList,mms/iso_mms/server/mms_get_namelist_service.c,724,LinkedList_destroyStatic(nameList)
LinkedList_destroyStatic,declaration,(unknown),,values,mms/iso_mms/server/mms_read_service.c,114,LinkedList_destroyStatic(values)
LinkedList_get,declaration,LinkedList elem =,,"self->isoServerList, 0",mms/iso_mms/server/mms_server.c,150,"LinkedList elem = LinkedList_get(self->isoServerList, 0)"
LinkedList_get,declaration,LinkedList elem =,,"self->isoServerList, 0",mms/iso_mms/server/mms_server.c,164,"LinkedList elem = LinkedList_get(self->isoServerList, 0)"
LinkedList_getLastElement,declaration,LinkedList element =,,*nameList,mms/iso_mms/client/mms_client_get_namelist.c,135,LinkedList element = LinkedList_getLastElement(*nameList)
LinkedList_getNext,declaration,LinkedList element =,,listOfVariables,mms/iso_mms/client/mms_client_named_variable_list.c,353,LinkedList element = LinkedList_getNext(listOfVariables)
LinkedList_getNext,declaration,element =,,element,mms/iso_mms/client/mms_client_named_variable_list.c,387,element = LinkedList_getNext(element)
LinkedList_getNext,declaration,LinkedList item =,,itemIds,mms/iso_mms/client/mms_client_write.c,261,LinkedList item = LinkedList_getNext(itemIds)
LinkedList_getNext,declaration,LinkedList valueElement =,,values,mms/iso_mms/client/mms_client_write.c,263,LinkedList valueElement = LinkedList_getNext(values)
LinkedList_getNext,declaration,item =,,item,mms/iso_mms/client/mms_client_write.c,276,item = LinkedList_getNext(item)
LinkedList_getNext,declaration,valueElement =,,valueElement,mms/iso_mms/client/mms_client_write.c,278,valueElement = LinkedList_getNext(valueElement)
LinkedList_getNext,declaration,LinkedList valueElement =,,values,mms/iso_mms/client/mms_client_write.c,400,LinkedList valueElement = LinkedList_getNext(values)
LinkedList_getNext,declaration,valueElement =,,valueElement,mms/iso_mms/client/mms_client_write.c,410,valueElement = LinkedList_getNext(valueElement)
LinkedList_getNext,declaration,LinkedList journal =,,self->journals,mms/iso_mms/server/mms_domain.c,71,LinkedList journal = LinkedList_getNext(self->journals)
LinkedList_getNext,declaration,journal =,,journal,mms/iso_mms/server/mms_domain.c,80,journal = LinkedList_getNext(journal)
LinkedList_getNext,declaration,LinkedList variableListsElement =,,variableLists,mms/iso_mms/server/mms_get_namelist_service.c,298,LinkedList variableListsElement = LinkedList_getNext(variableLists)
LinkedList_getNext,declaration,variableListsElement =,,variableListsElement,mms/iso_mms/server/mms_get_namelist_service.c,312,variableListsElement = LinkedList_getNext(variableListsElement)
LinkedList_getNext,declaration,LinkedList specElement =,,variableAccessDeclarations,mms/iso_mms/server/mms_information_report.c,92,LinkedList specElement = LinkedList_getNext(variableAccessDeclarations)
LinkedList_getNext,declaration,specElement =,,specElement,mms/iso_mms/server/mms_information_report.c,109,specElement = LinkedList_getNext(specElement)
LinkedList_getNext,declaration,LinkedList valueElement =,,values,mms/iso_mms/server/mms_information_report.c,115,LinkedList valueElement = LinkedList_getNext(values)
LinkedList_getNext,declaration,valueElement =,,valueElement,mms/iso_mms/server/mms_information_report.c,123,valueElement = LinkedList_getNext(valueElement)
LinkedList_getNext,declaration,specElement =,,variableAccessDeclarations,mms/iso_mms/server/mms_information_report.c,163,specElement = LinkedList_getNext(variableAccessDeclarations)
LinkedList_getNext,declaration,specElement =,,specElement,mms/iso_mms/server/mms_information_report.c,194,specElement = LinkedList_getNext(specElement)
LinkedList_getNext,declaration,valueElement =,,values,mms/iso_mms/server/mms_information_report.c,199,valueElement = LinkedList_getNext(values)
LinkedList_getNext,declaration,valueElement =,,valueElement,mms/iso_mms/server/mms_information_report.c,207,valueElement = LinkedList_getNext(valueElement)
LinkedList_getNext,declaration,LinkedList value =,,values,mms/iso_mms/server/mms_information_report.c,243,LinkedList value = LinkedList_getNext(values)
LinkedList_getNext,declaration,value =,,value,mms/iso_mms/server/mms_information_report.c,252,value = LinkedList_getNext(value)
LinkedList_getNext,declaration,value =,,values,mms/iso_mms/server/mms_information_report.c,292,value = LinkedList_getNext(values)
LinkedList_getNext,declaration,value =,,value,mms/iso_mms/server/mms_information_report.c,300,value = LinkedList_getNext(value)
LinkedList_getNext,declaration,LinkedList variable =,,variables,mms/iso_mms/server/mms_named_variable_list_service.c,704,LinkedList variable = LinkedList_getNext(variables)
LinkedList_getNext,declaration,variable =,,variable,mms/iso_mms/server/mms_named_variable_list_service.c,745,variable = LinkedList_getNext(variable)
LinkedList_getNext,declaration,LinkedList value =,,values,mms/iso_mms/server/mms_read_service.c,104,LinkedList value = LinkedList_getNext(values)
LinkedList_getNext,declaration,value =,,value,mms/iso_mms/server/mms_read_service.c,111,value = LinkedList_getNext(value)
LinkedList_getNext,declaration,LinkedList value =,,values,mms/iso_mms/server/mms_read_service.c,426,LinkedList value = LinkedList_getNext(values)
LinkedList_getNext,declaration,value =,,value,mms/iso_mms/server/mms_read_service.c,435,value = LinkedList_getNext(value)
LinkedList_getNext,declaration,value =,,values,mms/iso_mms/server/mms_read_service.c,489,value = LinkedList_getNext(values)
LinkedList_getNext,declaration,value =,,value,mms/iso_mms/server/mms_read_service.c,498,value = LinkedList_getNext(value)
LinkedList_getNext,declaration,LinkedList valueElement =,,values,mms/iso_mms/server/mms_read_service.c,611,LinkedList valueElement = LinkedList_getNext(values)
LinkedList_getNext,declaration,valueElement =,,valueElement,mms/iso_mms/server/mms_read_service.c,629,valueElement = LinkedList_getNext(valueElement)
LinkedList_getNext,declaration,LinkedList variable =,,variables,mms/iso_mms/server/mms_read_service.c,711,LinkedList variable = LinkedList_getNext(variables)
LinkedList_getNext,declaration,variable =,,variable,mms/iso_mms/server/mms_read_service.c,726,variable = LinkedList_getNext(variable)
LinkedList_getNext,declaration,LinkedList elem =,,self->isoServerList,mms/iso_mms/server/mms_server.c,203,LinkedList elem = LinkedList_getNext(self->isoServerList)
LinkedList_getNext,declaration,elem =,,elem,mms/iso_mms/server/mms_server.c,211,elem = LinkedList_getNext(elem)
LinkedList_getNext,declaration,LinkedList elem =,,self->isoServerList,mms/iso_mms/server/mms_server.c,385,LinkedList elem = LinkedList_getNext(self->isoServerList)
LinkedList_getNext,declaration,elem =,,elem,mms/iso_mms/server/mms_server.c,392,elem = LinkedList_getNext(elem)
LinkedList_getNext,declaration,LinkedList elem =,,self->isoServerList,mms/iso_mms/server/mms_server.c,692,LinkedList elem = LinkedList_getNext(self->isoServerList)
LinkedList_getNext,declaration,elem =,,elem,mms/iso_mms/server/mms_server.c,705,elem = LinkedList_getNext(elem)
LinkedList_getNext,declaration,LinkedList elem =,,self->isoServerList,mms/iso_mms/server/mms_server.c,716,LinkedList elem = LinkedList_getNext(self->isoServerList)
LinkedList_getNext,declaration,elem =,,elem,mms/iso_mms/server/mms_server.c,723,elem = LinkedList_getNext(elem)
LinkedList_getNext,declaration,LinkedList elem =,,self->isoServerList,mms/iso_mms/server/mms_server.c,739,LinkedList elem = LinkedList_getNext(self->isoServerList)
LinkedList_getNext,declaration,elem =,,elem,mms/iso_mms/server/mms_server.c,752,elem = LinkedList_getNext(elem)
LinkedList_getNext,declaration,LinkedList elem =,,self->isoServerList,mms/iso_mms/server/mms_server.c,766,LinkedList elem = LinkedList_getNext(self->isoServerList)
LinkedList_getNext,declaration,elem =,,elem,mms/iso_mms/server/mms_server.c,787,elem = LinkedList_getNext(elem)
LinkedList_getNext,declaration,LinkedList elem =,,self->isoServerList,mms/iso_mms/server/mms_server.c,800,LinkedList elem = LinkedList_getNext(self->isoServerList)
LinkedList_getNext,declaration,elem =,,elem,mms/iso_mms/server/mms_server.c,807,elem = LinkedList_getNext(elem)
LinkedList_getNext,declaration,LinkedList elem =,,self->isoServerList,mms/iso_mms/server/mms_server.c,847,LinkedList elem = LinkedList_getNext(self->isoServerList)
LinkedList_getNext,declaration,elem =,,elem,mms/iso_mms/server/mms_server.c,854,elem = LinkedList_getNext(elem)
LinkedList_getNext,declaration,LinkedList elem =,,self->isoServerList,mms/iso_mms/server/mms_server.c,876,LinkedList elem = LinkedList_getNext(self->isoServerList)
LinkedList_getNext,declaration,elem =,,elem,mms/iso_mms/server/mms_server.c,883,elem = LinkedList_getNext(elem)
LinkedList_getNext,declaration,LinkedList elem =,,self->isoServerList,mms/iso_mms/server/mms_server.c,913,LinkedList elem = LinkedList_getNext(self->isoServerList)
LinkedList_getNext,declaration,elem =,,elem,mms/iso_mms/server/mms_server.c,923,elem = LinkedList_getNext(elem)
LinkedList_getNext,declaration,LinkedList element =,,namedVariableLists,mms/iso_mms/server/mms_server_common.c,388,LinkedList element = LinkedList_getNext(namedVariableLists)
LinkedList_getNext,declaration,element =,,element,mms/iso_mms/server/mms_server_common.c,400,element = LinkedList_getNext(element)
LinkedList_getNext,declaration,LinkedList element =,,namedVariableLists,mms/iso_mms/server/mms_server_common.c,411,LinkedList element = LinkedList_getNext(namedVariableLists)
LinkedList_getNext,declaration,element =,,element,mms/iso_mms/server/mms_server_common.c,427,element = LinkedList_getNext(element)
LinkedList_getNext,declaration,openConnection =,,self->openClientConnections,mms/iso_server/iso_server.c,230,openConnection = LinkedList_getNext(self->openClientConnections)
LinkedList_getNext,declaration,else openConnection =,,openConnection,mms/iso_server/iso_server.c,232,else openConnection = LinkedList_getNext(openConnection)
LinkedList_getNext,declaration,openConnection =,,openConnection,mms/iso_server/iso_server.c,313,openConnection = LinkedList_getNext(openConnection)
LinkedList_getNext,declaration,openConnection =,,openConnection,mms/iso_server/iso_server.c,356,openConnection = LinkedList_getNext(openConnection)
LinkedList_getNext,declaration,openConnection =,,openConnection,mms/iso_server/iso_server.c,392,openConnection = LinkedList_getNext(openConnection)
LinkedList_getNext,definition,element =,,element),mms/iso_mms/server/mms_write_service.c,346,element = LinkedList_getNext(element))
LinkedList_insertAfter,declaration,element =,,"element, variableName",mms/iso_mms/client/mms_client_get_namelist.c,146,"element = LinkedList_insertAfter(element, variableName)"
LinkedList_insertAfter,declaration,lastElement =,,"lastElement, device->domains[i]->domainName",mms/iso_mms/server/mms_get_namelist_service.c,37,"lastElement = LinkedList_insertAfter(lastElement, device->domains[i]->domainName)"
LinkedList_insertAfter,declaration,listElement =,,"listElement, variableName",mms/iso_mms/server/mms_get_namelist_service.c,149,"listElement = LinkedList_insertAfter(listElement, variableName)"
LinkedList_size,declaration,int listSize =,,listOfVariables,mms/iso_mms/client/mms_client_named_variable_list.c,343,int listSize = LinkedList_size(listOfVariables)
LinkedList_size,declaration,int valuesCount =,,items,mms/iso_mms/client/mms_client_read.c,799,int valuesCount = LinkedList_size(items)
LinkedList_size,declaration,int numberOfItems =,,itemIds,mms/iso_mms/client/mms_client_write.c,245,int numberOfItems = LinkedList_size(itemIds)
LinkedList_size,declaration,int numberOfItems =,,values,mms/iso_mms/client/mms_client_write.c,390,int numberOfItems = LinkedList_size(values)
LinkedList_size,declaration,int variableCount =,,variables,mms/iso_mms/server/mms_named_variable_list_service.c,696,int variableCount = LinkedList_size(variables)
LinkedList_size,declaration,int variableCount =,,values,mms/iso_mms/server/mms_read_service.c,416,int variableCount = LinkedList_size(values)
LinkedList_size,declaration,int numberOfWriteItems =,,variables,mms/iso_mms/server/mms_write_service.c,328,int numberOfWriteItems = LinkedList_size(variables)
LogStorage_getEntries,declaration,(unknown),,"logStorage, MmsValue_getBinaryTimeAsUtcMs(&rangeStart), MmsValue_getBinaryTimeAsUtcMs(&rangeStop), entryCallback, entryDataCallback, &encoder",mms/iso_mms/server/mms_journal_service.c,497,"LogStorage_getEntries(logStorage, MmsValue_getBinaryTimeAsUtcMs(&rangeStart), MmsValue_getBinaryTimeAsUtcMs(&rangeStop), entryCallback, entryDataCallback, &encoder)"
LogStorage_getEntriesAfter,declaration,(unknown),,"logStorage, MmsValue_getBinaryTimeAsUtcMs(&rangeStart), *((uint64_t*) entryIdBuf), entryCallback, entryDataCallback, &encoder",mms/iso_mms/server/mms_journal_service.c,502,"LogStorage_getEntriesAfter(logStorage, MmsValue_getBinaryTimeAsUtcMs(&rangeStart), *((uint64_t*) entryIdBuf), entryCallback, entryDataCallback, &encoder)"
Map_addEntry,declaration,(unknown),,"valueCaches, device->domains[i], valueCache",mms/iso_mms/server/mms_server.c,18,"Map_addEntry(valueCaches, device->domains[i], valueCache)"
Map_addEntry,declaration,(unknown),,"valueCaches, (MmsDomain*) device, valueCache",mms/iso_mms/server/mms_server.c,23,"Map_addEntry(valueCaches, (MmsDomain*) device, valueCache)"
Map_addEntry,declaration,(unknown),,"self->map, StringUtils_copyString(itemId), cacheEntry",mms/iso_mms/server/mms_value_cache.c,43,"Map_addEntry(self->map, StringUtils_copyString(itemId), cacheEntry)"
Map_create,declaration,Map valueCaches =,,,mms/iso_mms/server/mms_server.c,12,Map valueCaches = Map_create()
Map_create,declaration,self->openConnections =,,,mms/iso_mms/server/mms_server.c,69,self->openConnections = Map_create()
Map_deleteDeep,declaration,(unknown),,"self->openConnections, false, closeConnection",mms/iso_mms/server/mms_server.c,443,"Map_deleteDeep(self->openConnections, false, closeConnection)"
Map_deleteDeep,declaration,(unknown),,"self->valueCaches, false, (void (*) (void*)) deleteSingleCache",mms/iso_mms/server/mms_server.c,445,"Map_deleteDeep(self->valueCaches, false, (void (*) (void*)) deleteSingleCache)"
Map_deleteDeep,declaration,(unknown),,"self->map, true, (void (*) (void*)) cacheEntryDelete",mms/iso_mms/server/mms_value_cache.c,257,"Map_deleteDeep(self->map, true, (void (*) (void*)) cacheEntryDelete)"
MemoryAllocator_getAlignedSize,declaration,int memorySize =,,sizeof(MmsValue),mms/iso_mms/common/mms_value.c,1030,int memorySize = MemoryAllocator_getAlignedSize(sizeof(MmsValue))
MemoryAllocator_getAlignedSize,declaration,case MMS_BIT_STRING: memorySize +=,,bitStringByteSize(self),mms/iso_mms/common/mms_value.c,1044,case MMS_BIT_STRING: memorySize += MemoryAllocator_getAlignedSize(bitStringByteSize(self))
MemoryAllocator_getAlignedSize,declaration,case MMS_INTEGER: case MMS_UNSIGNED: memorySize +=,,sizeof(Asn1PrimitiveValue),mms/iso_mms/common/mms_value.c,1048,case MMS_INTEGER: case MMS_UNSIGNED: memorySize += MemoryAllocator_getAlignedSize(sizeof(Asn1PrimitiveValue))
MemoryAllocator_getAlignedSize,declaration,memorySize +=,,self->value.integer->maxSize,mms/iso_mms/common/mms_value.c,1052,memorySize += MemoryAllocator_getAlignedSize(self->value.integer->maxSize)
MemoryAllocator_getAlignedSize,declaration,case MMS_OCTET_STRING: memorySize +=,,abs(self->value.octetString.maxSize),mms/iso_mms/common/mms_value.c,1054,case MMS_OCTET_STRING: memorySize += MemoryAllocator_getAlignedSize(abs(self->value.octetString.maxSize))
MemoryAllocator_getAlignedSize,declaration,case MMS_STRING: case MMS_VISIBLE_STRING: memorySize +=,,strlen(self->value.visibleString.buf) + 1,mms/iso_mms/common/mms_value.c,1058,case MMS_STRING: case MMS_VISIBLE_STRING: memorySize += MemoryAllocator_getAlignedSize(strlen(self->value.visibleString.buf) + 1)
MemoryAllocator_getAlignedSize,declaration,destinationAddress +=,,sizeof(MmsValue),mms/iso_mms/common/mms_value.c,1077,destinationAddress += MemoryAllocator_getAlignedSize(sizeof(MmsValue))
MemoryAllocator_getAlignedSize,declaration,destinationAddress +=,,bitStringByteSize(self),mms/iso_mms/common/mms_value.c,1098,destinationAddress += MemoryAllocator_getAlignedSize(bitStringByteSize(self))
MemoryAllocator_getAlignedSize,declaration,destinationAddress +=,,sizeof(Asn1PrimitiveValue),mms/iso_mms/common/mms_value.c,1107,destinationAddress += MemoryAllocator_getAlignedSize(sizeof(Asn1PrimitiveValue))
MemoryAllocator_getAlignedSize,declaration,destinationAddress +=,,self->value.integer->maxSize,mms/iso_mms/common/mms_value.c,1110,destinationAddress += MemoryAllocator_getAlignedSize(self->value.integer->maxSize)
MemoryAllocator_getAlignedSize,declaration,destinationAddress +=,,abs(self->value.octetString.maxSize),mms/iso_mms/common/mms_value.c,1117,destinationAddress += MemoryAllocator_getAlignedSize(abs(self->value.octetString.maxSize))
MemoryAllocator_getAlignedSize,declaration,destinationAddress +=,,strlen(self->value.visibleString.buf) + 1,mms/iso_mms/common/mms_value.c,1125,destinationAddress += MemoryAllocator_getAlignedSize(strlen(self->value.visibleString.buf) + 1)
MmsConnection_abort,declaration,LIB61850_API void,,"MmsConnection self, MmsError* mmsError",mms/inc/mms_client_connection.h,150,"LIB61850_API void MmsConnection_abort(MmsConnection self, MmsError* mmsError)"
MmsConnection_abort,definition,void,,"MmsConnection self, MmsError* mmsError",mms/iso_mms/client/mms_client_connection.c,1980,"void MmsConnection_abort(MmsConnection self, MmsError* mmsError)"
MmsConnection_abortAsync,declaration,LIB61850_API void,,"MmsConnection self, MmsError* mmsError",mms/inc/mms_client_connection.h,154,"LIB61850_API void MmsConnection_abortAsync(MmsConnection self, MmsError* mmsError)"
MmsConnection_abortAsync,definition,void,,"MmsConnection self, MmsError* mmsError",mms/iso_mms/client/mms_client_connection.c,1965,"void MmsConnection_abortAsync(MmsConnection self, MmsError* mmsError)"
MmsConnection_close,declaration,LIB61850_API void,,MmsConnection self,mms/inc/mms_client_connection.h,143,LIB61850_API void MmsConnection_close(MmsConnection self)
MmsConnection_close,definition,void,,MmsConnection self,mms/iso_mms/client/mms_client_connection.c,1956,void MmsConnection_close(MmsConnection self)
MmsConnection_conclude,declaration,LIB61850_API void,,"MmsConnection self, MmsError* mmsError",mms/inc/mms_client_connection.h,157,"LIB61850_API void MmsConnection_conclude(MmsConnection self, MmsError* mmsError)"
MmsConnection_conclude,definition,void,,"MmsConnection self, MmsError* mmsError",mms/iso_mms/client/mms_client_connection.c,2036,"void MmsConnection_conclude(MmsConnection self, MmsError* mmsError)"
MmsConnection_concludeAsync,declaration,LIB61850_API void,,"MmsConnection self, MmsError* mmsError, MmsConnection_ConcludeAbortHandler handler, void* parameter",mms/inc/mms_client_connection.h,161,"LIB61850_API void MmsConnection_concludeAsync(MmsConnection self, MmsError* mmsError, MmsConnection_ConcludeAbortHandler handler, void* parameter)"
MmsConnection_concludeAsync,declaration,(unknown),,"self, &err, concludeHandler, &parameter",mms/iso_mms/client/mms_client_connection.c,2049,"MmsConnection_concludeAsync(self, &err, concludeHandler, &parameter)"
MmsConnection_concludeAsync,definition,void,,"MmsConnection self, MmsError* mmsError, MmsConnection_ConcludeAbortHandler handler, void* parameter",mms/iso_mms/client/mms_client_connection.c,2063,"void MmsConnection_concludeAsync(MmsConnection self, MmsError* mmsError, MmsConnection_ConcludeAbortHandler handler, void* parameter)"
MmsConnection_connect,declaration,LIB61850_API bool,,"MmsConnection self, MmsError* mmsError, const char* serverName, int serverPort",mms/inc/mms_client_connection.h,123,"LIB61850_API bool MmsConnection_connect(MmsConnection self, MmsError* mmsError, const char* serverName, int serverPort)"
MmsConnection_connect,definition,bool,,"MmsConnection self, MmsError* mmsError, const char* serverName, int serverPort",mms/iso_mms/client/mms_client_connection.c,1845,"bool MmsConnection_connect(MmsConnection self, MmsError* mmsError, const char* serverName, int serverPort)"
MmsConnection_connectAsync,declaration,LIB61850_API void,,"MmsConnection self, MmsError* mmsError, const char* serverName, int serverPort",mms/inc/mms_client_connection.h,130,"LIB61850_API void MmsConnection_connectAsync(MmsConnection self, MmsError* mmsError, const char* serverName, int serverPort)"
MmsConnection_connectAsync,declaration,(unknown),,"self, &err, serverName, serverPort",mms/iso_mms/client/mms_client_connection.c,1864,"MmsConnection_connectAsync(self, &err, serverName, serverPort)"
MmsConnection_connectAsync,definition,void,,"MmsConnection self, MmsError* mmsError, const char* serverName, int serverPort",mms/iso_mms/client/mms_client_connection.c,1896,"void MmsConnection_connectAsync(MmsConnection self, MmsError* mmsError, const char* serverName, int serverPort)"
MmsConnection_create,declaration,LIB61850_API MmsConnection,,void,mms/inc/mms_client_connection.h,48,LIB61850_API MmsConnection MmsConnection_create(void)
MmsConnection_create,definition,MmsConnection,,,mms/iso_mms/client/mms_client_connection.c,1634,MmsConnection MmsConnection_create()
MmsConnection_createInternal,declaration,return,,"NULL, true",mms/iso_mms/client/mms_client_connection.c,1638,"return MmsConnection_createInternal(NULL, true)"
MmsConnection_createInternal,declaration,return,,"tlsConfig, true",mms/iso_mms/client/mms_client_connection.c,1644,"return MmsConnection_createInternal(tlsConfig, true)"
MmsConnection_createInternal,declaration,return,,"tlsConfig, false",mms/iso_mms/client/mms_client_connection.c,1650,"return MmsConnection_createInternal(tlsConfig, false)"
MmsConnection_createNonThreaded,declaration,LIB61850_API MmsConnection,,TLSConfiguration tlsConfig,mms/inc/mms_client_connection.h,59,LIB61850_API MmsConnection MmsConnection_createNonThreaded(TLSConfiguration tlsConfig)
MmsConnection_createNonThreaded,definition,MmsConnection,,TLSConfiguration tlsConfig,mms/iso_mms/client/mms_client_connection.c,1646,MmsConnection MmsConnection_createNonThreaded(TLSConfiguration tlsConfig)
MmsConnection_createSecure,declaration,LIB61850_API MmsConnection,,TLSConfiguration tlsConfig,mms/inc/mms_client_connection.h,55,LIB61850_API MmsConnection MmsConnection_createSecure(TLSConfiguration tlsConfig)
MmsConnection_createSecure,definition,MmsConnection,,TLSConfiguration tlsConfig,mms/iso_mms/client/mms_client_connection.c,1640,MmsConnection MmsConnection_createSecure(TLSConfiguration tlsConfig)
MmsConnection_defineNamedVariableList,declaration,LIB61850_API void,,"MmsConnection self, MmsError* mmsError, const char* domainId, const char* listName, LinkedList variableSpecs",mms/inc/mms_client_connection.h,390,"LIB61850_API void MmsConnection_defineNamedVariableList(MmsConnection self, MmsError* mmsError, const char* domainId, const char* listName, LinkedList variableSpecs)"
MmsConnection_defineNamedVariableList,definition,void,,"MmsConnection self, MmsError* mmsError, const char* domainId, const char* listName, LinkedList variableSpecs",mms/iso_mms/client/mms_client_connection.c,3023,"void MmsConnection_defineNamedVariableList(MmsConnection self, MmsError* mmsError, const char* domainId, const char* listName, LinkedList variableSpecs)"
MmsConnection_defineNamedVariableListAssociationSpecific,declaration,LIB61850_API void,,"MmsConnection self, MmsError* mmsError, const char* listName, LinkedList variableSpecs",mms/inc/mms_client_connection.h,400,"LIB61850_API void MmsConnection_defineNamedVariableListAssociationSpecific(MmsConnection self, MmsError* mmsError, const char* listName, LinkedList variableSpecs)"
MmsConnection_defineNamedVariableListAssociationSpecific,definition,void,,"MmsConnection self, MmsError* mmsError, const char* listName, LinkedList variableSpecs",mms/iso_mms/client/mms_client_connection.c,3085,"void MmsConnection_defineNamedVariableListAssociationSpecific(MmsConnection self, MmsError* mmsError, const char* listName, LinkedList variableSpecs)"
MmsConnection_defineNamedVariableListAssociationSpecificAsync,declaration,LIB61850_API void,,"MmsConnection self, uint32_t* usedInvokeId, MmsError* mmsError, const char* listName, LinkedList variableSpecs, MmsConnection_GenericServiceHandler handler, void* parameter",mms/inc/mms_client_connection.h,407,"LIB61850_API void MmsConnection_defineNamedVariableListAssociationSpecificAsync(MmsConnection self, uint32_t* usedInvokeId, MmsError* mmsError, const char* listName, LinkedList variableSpecs, MmsConnection_GenericServiceHandler handler, void* parameter)"
MmsConnection_defineNamedVariableListAssociationSpecificAsync,declaration,(unknown),,"self, NULL, &err, listName, variableSpecs, defineNVLHandler, &parameter",mms/iso_mms/client/mms_client_connection.c,3097,"MmsConnection_defineNamedVariableListAssociationSpecificAsync(self, NULL, &err, listName, variableSpecs, defineNVLHandler, &parameter)"
MmsConnection_defineNamedVariableListAssociationSpecificAsync,definition,void,,"MmsConnection self, uint32_t* usedInvokeId, MmsError* mmsError, const char* listName, LinkedList variableSpecs, MmsConnection_GenericServiceHandler handler, void* parameter",mms/iso_mms/client/mms_client_connection.c,3112,"void MmsConnection_defineNamedVariableListAssociationSpecificAsync(MmsConnection self, uint32_t* usedInvokeId, MmsError* mmsError, const char* listName, LinkedList variableSpecs, MmsConnection_GenericServiceHandler handler, void* parameter)"
MmsConnection_defineNamedVariableListAsync,declaration,LIB61850_API void,,"MmsConnection self, uint32_t* usedInvokeId, MmsError* mmsError, const char* domainId, const char* listName, LinkedList variableSpecs, MmsConnection_GenericServiceHandler handler, void* parameter",mms/inc/mms_client_connection.h,395,"LIB61850_API void MmsConnection_defineNamedVariableListAsync(MmsConnection self, uint32_t* usedInvokeId, MmsError* mmsError, const char* domainId, const char* listName, LinkedList variableSpecs, MmsConnection_GenericServiceHandler handler, void* parameter)"
MmsConnection_defineNamedVariableListAsync,declaration,(unknown),,"self, NULL, &err, domainId, listName, variableSpecs, defineNVLHandler, &parameter",mms/iso_mms/client/mms_client_connection.c,3036,"MmsConnection_defineNamedVariableListAsync(self, NULL, &err, domainId, listName, variableSpecs, defineNVLHandler, &parameter)"
MmsConnection_defineNamedVariableListAsync,definition,void,,"MmsConnection self, uint32_t* usedInvokeId, MmsError* mmsError, const char* domainId, const char* listName, LinkedList variableSpecs, MmsConnection_GenericServiceHandler handler, void* parameter",mms/iso_mms/client/mms_client_connection.c,3051,"void MmsConnection_defineNamedVariableListAsync(MmsConnection self, uint32_t* usedInvokeId, MmsError* mmsError, const char* domainId, const char* listName, LinkedList variableSpecs, MmsConnection_GenericServiceHandler handler, void* parameter)"
MmsConnection_deleteAssociationSpecificNamedVariableList,declaration,LIB61850_API bool,,"MmsConnection self, MmsError* mmsError, const char* listName",mms/inc/mms_client_connection.h,447,"LIB61850_API bool MmsConnection_deleteAssociationSpecificNamedVariableList(MmsConnection self, MmsError* mmsError, const char* listName)"
MmsConnection_deleteAssociationSpecificNamedVariableList,definition,bool,,"MmsConnection self, MmsError* mmsError, const char* listName",mms/iso_mms/client/mms_client_connection.c,3209,"bool MmsConnection_deleteAssociationSpecificNamedVariableList(MmsConnection self, MmsError* mmsError, const char* listName)"
MmsConnection_deleteAssociationSpecificNamedVariableListAsync,declaration,LIB61850_API void,,"MmsConnection self, uint32_t* usedInvokeId, MmsError* mmsError, const char* listName, MmsConnection_GenericServiceHandler handler, void* parameter",mms/inc/mms_client_connection.h,452,"LIB61850_API void MmsConnection_deleteAssociationSpecificNamedVariableListAsync(MmsConnection self, uint32_t* usedInvokeId, MmsError* mmsError, const char* listName, MmsConnection_GenericServiceHandler handler, void* parameter)"
MmsConnection_deleteAssociationSpecificNamedVariableListAsync,declaration,(unknown),,"self, NULL, &err, listName, defineNVLHandler, &parameter",mms/iso_mms/client/mms_client_connection.c,3223,"MmsConnection_deleteAssociationSpecificNamedVariableListAsync(self, NULL, &err, listName, defineNVLHandler, &parameter)"
MmsConnection_deleteAssociationSpecificNamedVariableListAsync,definition,void,,"MmsConnection self, uint32_t* usedInvokeId, MmsError* mmsError, const char* listName, MmsConnection_GenericServiceHandler handler, void* parameter",mms/iso_mms/client/mms_client_connection.c,3240,"void MmsConnection_deleteAssociationSpecificNamedVariableListAsync(MmsConnection self, uint32_t* usedInvokeId, MmsError* mmsError, const char* listName, MmsConnection_GenericServiceHandler handler, void* parameter)"
MmsConnection_deleteNamedVariableList,declaration,LIB61850_API bool,,"MmsConnection self, MmsError* mmsError, const char* domainId, const char* listName",mms/inc/mms_client_connection.h,438,"LIB61850_API bool MmsConnection_deleteNamedVariableList(MmsConnection self, MmsError* mmsError, const char* domainId, const char* listName)"
MmsConnection_deleteNamedVariableList,definition,bool,,"MmsConnection self, MmsError* mmsError, const char* domainId, const char* listName",mms/iso_mms/client/mms_client_connection.c,3146,"bool MmsConnection_deleteNamedVariableList(MmsConnection self, MmsError* mmsError, const char* domainId, const char* listName)"
MmsConnection_deleteNamedVariableListAsync,declaration,LIB61850_API void,,"MmsConnection self, uint32_t* usedInvokeId, MmsError* mmsError, const char* domainId, const char* listName, MmsConnection_GenericServiceHandler handler, void* parameter",mms/inc/mms_client_connection.h,442,"LIB61850_API void MmsConnection_deleteNamedVariableListAsync(MmsConnection self, uint32_t* usedInvokeId, MmsError* mmsError, const char* domainId, const char* listName, MmsConnection_GenericServiceHandler handler, void* parameter)"
MmsConnection_deleteNamedVariableListAsync,declaration,(unknown),,"self, NULL, &err, domainId, listName, defineNVLHandler, &parameter",mms/iso_mms/client/mms_client_connection.c,3160,"MmsConnection_deleteNamedVariableListAsync(self, NULL, &err, domainId, listName, defineNVLHandler, &parameter)"
MmsConnection_deleteNamedVariableListAsync,definition,void,,"MmsConnection self, uint32_t* usedInvokeId, MmsError* mmsError, const char* domainId, const char* listName, MmsConnection_GenericServiceHandler handler, void* parameter",mms/iso_mms/client/mms_client_connection.c,3177,"void MmsConnection_deleteNamedVariableListAsync(MmsConnection self, uint32_t* usedInvokeId, MmsError* mmsError, const char* domainId, const char* listName, MmsConnection_GenericServiceHandler handler, void* parameter)"
MmsConnection_destroy,declaration,LIB61850_API void,,MmsConnection self,mms/inc/mms_client_connection.h,119,LIB61850_API void MmsConnection_destroy(MmsConnection self)
MmsConnection_destroy,definition,void,,MmsConnection self,mms/iso_mms/client/mms_client_connection.c,1652,void MmsConnection_destroy(MmsConnection self)
MmsConnection_fileClose,declaration,LIB61850_API void,,"MmsConnection self, MmsError* mmsError, int32_t frsmId",mms/inc/mms_client_connection.h,544,"LIB61850_API void MmsConnection_fileClose(MmsConnection self, MmsError* mmsError, int32_t frsmId)"
MmsConnection_fileClose,definition,void,,"MmsConnection self, MmsError* mmsError, int32_t frsmId",mms/iso_mms/client/mms_client_connection.c,3904,"void MmsConnection_fileClose(MmsConnection self, MmsError* mmsError, int32_t frsmId)"
MmsConnection_fileCloseAsync,declaration,LIB61850_API void,,"MmsConnection self, uint32_t* usedInvokeId, MmsError* mmsError, uint32_t frsmId, MmsConnection_GenericServiceHandler handler, void* parameter",mms/inc/mms_client_connection.h,548,"LIB61850_API void MmsConnection_fileCloseAsync(MmsConnection self, uint32_t* usedInvokeId, MmsError* mmsError, uint32_t frsmId, MmsConnection_GenericServiceHandler handler, void* parameter)"
MmsConnection_fileCloseAsync,declaration,(unknown),,"self, NULL, &err, frsmId, fileOperationHandler, &parameter",mms/iso_mms/client/mms_client_connection.c,3919,"MmsConnection_fileCloseAsync(self, NULL, &err, frsmId, fileOperationHandler, &parameter)"
MmsConnection_fileCloseAsync,definition,void,,"MmsConnection self, uint32_t* usedInvokeId, MmsError* mmsError, uint32_t frsmId, MmsConnection_GenericServiceHandler handler, void* parameter",mms/iso_mms/client/mms_client_connection.c,3941,"void MmsConnection_fileCloseAsync(MmsConnection self, uint32_t* usedInvokeId, MmsError* mmsError, uint32_t frsmId, MmsConnection_GenericServiceHandler handler, void* parameter)"
MmsConnection_fileDelete,declaration,LIB61850_API void,,"MmsConnection self, MmsError* mmsError, const char* fileName",mms/inc/mms_client_connection.h,551,"LIB61850_API void MmsConnection_fileDelete(MmsConnection self, MmsError* mmsError, const char* fileName)"
MmsConnection_fileDelete,definition,void,,"MmsConnection self, MmsError* mmsError, const char* fileName",mms/iso_mms/client/mms_client_connection.c,3981,"void MmsConnection_fileDelete(MmsConnection self, MmsError* mmsError, const char* fileName)"
MmsConnection_fileDeleteAsync,declaration,LIB61850_API void,,"MmsConnection self, uint32_t* usedInvokeId, MmsError* mmsError, const char* fileName, MmsConnection_GenericServiceHandler handler, void* parameter",mms/inc/mms_client_connection.h,555,"LIB61850_API void MmsConnection_fileDeleteAsync(MmsConnection self, uint32_t* usedInvokeId, MmsError* mmsError, const char* fileName, MmsConnection_GenericServiceHandler handler, void* parameter)"
MmsConnection_fileDeleteAsync,declaration,(unknown),,"self, NULL, &err, fileName, fileOperationHandler, &parameter",mms/iso_mms/client/mms_client_connection.c,3996,"MmsConnection_fileDeleteAsync(self, NULL, &err, fileName, fileOperationHandler, &parameter)"
MmsConnection_fileDeleteAsync,definition,void,,"MmsConnection self, uint32_t* usedInvokeId, MmsError* mmsError, const char* fileName, MmsConnection_GenericServiceHandler handler, void* parameter",mms/iso_mms/client/mms_client_connection.c,4018,"void MmsConnection_fileDeleteAsync(MmsConnection self, uint32_t* usedInvokeId, MmsError* mmsError, const char* fileName, MmsConnection_GenericServiceHandler handler, void* parameter)"
MmsConnection_fileOpen,declaration,LIB61850_API int32_t,,"MmsConnection self, MmsError* mmsError, const char* filename, uint32_t initialPosition, uint32_t* fileSize, uint64_t* lastModified",mms/inc/mms_client_connection.h,523,"LIB61850_API int32_t MmsConnection_fileOpen(MmsConnection self, MmsError* mmsError, const char* filename, uint32_t initialPosition, uint32_t* fileSize, uint64_t* lastModified)"
MmsConnection_fileOpen,definition,int32_t,,"MmsConnection self, MmsError* mmsError, const char* filename, uint32_t initialPosition, uint32_t* fileSize, uint64_t* lastModified",mms/iso_mms/client/mms_client_connection.c,3793,"int32_t MmsConnection_fileOpen(MmsConnection self, MmsError* mmsError, const char* filename, uint32_t initialPosition, uint32_t* fileSize, uint64_t* lastModified)"
MmsConnection_fileOpenAsync,declaration,LIB61850_API void,,"MmsConnection self, uint32_t* usedInvokeId, MmsError* mmsError, const char* filename, uint32_t initialPosition, MmsConnection_FileOpenHandler handler, void* parameter",mms/inc/mms_client_connection.h,532,"LIB61850_API void MmsConnection_fileOpenAsync(MmsConnection self, uint32_t* usedInvokeId, MmsError* mmsError, const char* filename, uint32_t initialPosition, MmsConnection_FileOpenHandler handler, void* parameter)"
MmsConnection_fileOpenAsync,declaration,(unknown),,"self, NULL, &err, filename, initialPosition, fileOpenHandler, &parameter",mms/iso_mms/client/mms_client_connection.c,3812,"MmsConnection_fileOpenAsync(self, NULL, &err, filename, initialPosition, fileOpenHandler, &parameter)"
MmsConnection_fileOpenAsync,definition,void,,"MmsConnection self, uint32_t* usedInvokeId, MmsError* mmsError, const char* filename, uint32_t initialPosition, MmsConnection_FileOpenHandler handler, void* parameter",mms/iso_mms/client/mms_client_connection.c,3842,"void MmsConnection_fileOpenAsync(MmsConnection self, uint32_t* usedInvokeId, MmsError* mmsError, const char* filename, uint32_t initialPosition, MmsConnection_FileOpenHandler handler, void* parameter)"
MmsConnection_fileRead,declaration,LIB61850_API bool,,"MmsConnection self, MmsError* mmsError, int32_t frsmId, MmsFileReadHandler handler, void* handlerParameter",mms/inc/mms_client_connection.h,536,"LIB61850_API bool MmsConnection_fileRead(MmsConnection self, MmsError* mmsError, int32_t frsmId, MmsFileReadHandler handler, void* handlerParameter)"
MmsConnection_fileRead,definition,bool,,"MmsConnection self, MmsError* mmsError, int32_t frsmId, MmsFileReadHandler handler, void* handlerParameter",mms/iso_mms/client/mms_client_connection.c,4087,"bool MmsConnection_fileRead(MmsConnection self, MmsError* mmsError, int32_t frsmId, MmsFileReadHandler handler, void* handlerParameter)"
MmsConnection_fileReadAsync,declaration,LIB61850_API void,,"MmsConnection self, uint32_t* usedInvokeId, MmsError* mmsError, int32_t frsmId, MmsConnection_FileReadHandler handler, void* parameter",mms/inc/mms_client_connection.h,541,"LIB61850_API void MmsConnection_fileReadAsync(MmsConnection self, uint32_t* usedInvokeId, MmsError* mmsError, int32_t frsmId, MmsConnection_FileReadHandler handler, void* parameter)"
MmsConnection_fileReadAsync,declaration,(unknown),,"self, NULL, &err, frsmId, fileReadHandler, &parameter",mms/iso_mms/client/mms_client_connection.c,4105,"MmsConnection_fileReadAsync(self, NULL, &err, frsmId, fileReadHandler, &parameter)"
MmsConnection_fileReadAsync,definition,void,,"MmsConnection self, uint32_t* usedInvokeId, MmsError* mmsError, int32_t frsmId, MmsConnection_FileReadHandler handler, void* parameter",mms/iso_mms/client/mms_client_connection.c,4130,"void MmsConnection_fileReadAsync(MmsConnection self, uint32_t* usedInvokeId, MmsError* mmsError, int32_t frsmId, MmsConnection_FileReadHandler handler, void* parameter)"
MmsConnection_fileRename,declaration,LIB61850_API void,,"MmsConnection self, MmsError* mmsError, const char* currentFileName, const char* newFileName",mms/inc/mms_client_connection.h,559,"LIB61850_API void MmsConnection_fileRename(MmsConnection self, MmsError* mmsError, const char* currentFileName, const char* newFileName)"
MmsConnection_fileRename,definition,void,,"MmsConnection self, MmsError* mmsError, const char* currentFileName, const char* newFileName",mms/iso_mms/client/mms_client_connection.c,4283,"void MmsConnection_fileRename(MmsConnection self, MmsError* mmsError, const char* currentFileName, const char* newFileName)"
MmsConnection_fileRenameAsync,declaration,LIB61850_API void,,"MmsConnection self, uint32_t* usedInvokeId, MmsError* mmsError, const char* currentFileName, const char* newFileName, MmsConnection_GenericServiceHandler handler, void* parameter",mms/inc/mms_client_connection.h,563,"LIB61850_API void MmsConnection_fileRenameAsync(MmsConnection self, uint32_t* usedInvokeId, MmsError* mmsError, const char* currentFileName, const char* newFileName, MmsConnection_GenericServiceHandler handler, void* parameter)"
MmsConnection_fileRenameAsync,declaration,(unknown),,"self, NULL, &err, currentFileName, newFileName, fileOperationHandler, &parameter",mms/iso_mms/client/mms_client_connection.c,4298,"MmsConnection_fileRenameAsync(self, NULL, &err, currentFileName, newFileName, fileOperationHandler, &parameter)"
MmsConnection_fileRenameAsync,definition,void,,"MmsConnection self, uint32_t* usedInvokeId, MmsError* mmsError, const char* currentFileName, const char* newFileName, MmsConnection_GenericServiceHandler handler, void* parameter",mms/iso_mms/client/mms_client_connection.c,4319,"void MmsConnection_fileRenameAsync(MmsConnection self, uint32_t* usedInvokeId, MmsError* mmsError, const char* currentFileName, const char* newFileName, MmsConnection_GenericServiceHandler handler, void* parameter)"
MmsConnection_getDomainJournals,declaration,LIB61850_API LinkedList,,"MmsConnection self, MmsError* mmsError, const char* domainId",mms/inc/mms_client_connection.h,204,"LIB61850_API LinkedList MmsConnection_getDomainJournals(MmsConnection self, MmsError* mmsError, const char* domainId)"
MmsConnection_getDomainJournals,definition,LinkedList,,"MmsConnection self, MmsError* mmsError, const char* domainId",mms/iso_mms/client/mms_client_connection.c,2304,"LinkedList MmsConnection_getDomainJournals(MmsConnection self, MmsError* mmsError, const char* domainId)"
MmsConnection_getDomainJournalsAsync,declaration,LIB61850_API void,,"MmsConnection self, uint32_t* usedInvokeId, MmsError* mmsError, const char* domainId, const char* continueAfter, MmsConnection_GetNameListHandler handler, void* parameter",mms/inc/mms_client_connection.h,208,"LIB61850_API void MmsConnection_getDomainJournalsAsync(MmsConnection self, uint32_t* usedInvokeId, MmsError* mmsError, const char* domainId, const char* continueAfter, MmsConnection_GetNameListHandler handler, void* parameter)"
MmsConnection_getDomainJournalsAsync,definition,void,,"MmsConnection self, uint32_t* usedInvokeId, MmsError* mmsError, const char* domainId, const char* continueAfter, MmsConnection_GetNameListHandler handler, void* parameter",mms/iso_mms/client/mms_client_connection.c,2310,"void MmsConnection_getDomainJournalsAsync(MmsConnection self, uint32_t* usedInvokeId, MmsError* mmsError, const char* domainId, const char* continueAfter, MmsConnection_GetNameListHandler handler, void* parameter)"
MmsConnection_getDomainNames,declaration,LIB61850_API LinkedList,,"MmsConnection self, MmsError* mmsError",mms/inc/mms_client_connection.h,178,"LIB61850_API LinkedList MmsConnection_getDomainNames(MmsConnection self, MmsError* mmsError)"
MmsConnection_getDomainNames,definition,LinkedList,,"MmsConnection self, MmsError* mmsError",mms/iso_mms/client/mms_client_connection.c,2262,"LinkedList MmsConnection_getDomainNames(MmsConnection self, MmsError* mmsError)"
MmsConnection_getDomainNamesAsync,declaration,LIB61850_API void,,"MmsConnection self, uint32_t* usedInvokeId, MmsError* mmsError, const char* continueAfter, LinkedList result, MmsConnection_GetNameListHandler handler, void* parameter",mms/inc/mms_client_connection.h,182,"LIB61850_API void MmsConnection_getDomainNamesAsync(MmsConnection self, uint32_t* usedInvokeId, MmsError* mmsError, const char* continueAfter, LinkedList result, MmsConnection_GetNameListHandler handler, void* parameter)"
MmsConnection_getDomainNamesAsync,definition,void,,"MmsConnection self, uint32_t* usedInvokeId, MmsError* mmsError, const char* continueAfter, LinkedList result, MmsConnection_GetNameListHandler handler, void* parameter",mms/iso_mms/client/mms_client_connection.c,2268,"void MmsConnection_getDomainNamesAsync(MmsConnection self, uint32_t* usedInvokeId, MmsError* mmsError, const char* continueAfter, LinkedList result, MmsConnection_GetNameListHandler handler, void* parameter)"
MmsConnection_getDomainVariableListNames,declaration,LIB61850_API LinkedList,,"MmsConnection self, MmsError* mmsError, const char* domainId",mms/inc/mms_client_connection.h,196,"LIB61850_API LinkedList MmsConnection_getDomainVariableListNames(MmsConnection self, MmsError* mmsError, const char* domainId)"
MmsConnection_getDomainVariableListNames,definition,LinkedList,,"MmsConnection self, MmsError* mmsError, const char* domainId",mms/iso_mms/client/mms_client_connection.c,2290,"LinkedList MmsConnection_getDomainVariableListNames(MmsConnection self, MmsError* mmsError, const char* domainId)"
MmsConnection_getDomainVariableListNamesAsync,declaration,LIB61850_API void,,"MmsConnection self, uint32_t* usedInvokeId, MmsError* mmsError, const char* domainId, const char* continueAfter, LinkedList result, MmsConnection_GetNameListHandler handler, void* parameter",mms/inc/mms_client_connection.h,200,"LIB61850_API void MmsConnection_getDomainVariableListNamesAsync(MmsConnection self, uint32_t* usedInvokeId, MmsError* mmsError, const char* domainId, const char* continueAfter, LinkedList result, MmsConnection_GetNameListHandler handler, void* parameter)"
MmsConnection_getDomainVariableListNamesAsync,definition,void,,"MmsConnection self, uint32_t* usedInvokeId, MmsError* mmsError, const char* domainId, const char* continueAfter, LinkedList result, MmsConnection_GetNameListHandler handler, void* parameter",mms/iso_mms/client/mms_client_connection.c,2296,"void MmsConnection_getDomainVariableListNamesAsync(MmsConnection self, uint32_t* usedInvokeId, MmsError* mmsError, const char* domainId, const char* continueAfter, LinkedList result, MmsConnection_GetNameListHandler handler, void* parameter)"
MmsConnection_getDomainVariableNames,declaration,LIB61850_API LinkedList,,"MmsConnection self, MmsError* mmsError, const char* domainId",mms/inc/mms_client_connection.h,187,"LIB61850_API LinkedList MmsConnection_getDomainVariableNames(MmsConnection self, MmsError* mmsError, const char* domainId)"
MmsConnection_getDomainVariableNames,definition,LinkedList,,"MmsConnection self, MmsError* mmsError, const char* domainId",mms/iso_mms/client/mms_client_connection.c,2276,"LinkedList MmsConnection_getDomainVariableNames(MmsConnection self, MmsError* mmsError, const char* domainId)"
MmsConnection_getDomainVariableNamesAsync,declaration,LIB61850_API void,,"MmsConnection self, uint32_t* usedInvokeId, MmsError* mmsError, const char* domainId, const char* continueAfter, LinkedList result, MmsConnection_GetNameListHandler handler, void* parameter",mms/inc/mms_client_connection.h,191,"LIB61850_API void MmsConnection_getDomainVariableNamesAsync(MmsConnection self, uint32_t* usedInvokeId, MmsError* mmsError, const char* domainId, const char* continueAfter, LinkedList result, MmsConnection_GetNameListHandler handler, void* parameter)"
MmsConnection_getDomainVariableNamesAsync,definition,void,,"MmsConnection self, uint32_t* usedInvokeId, MmsError* mmsError, const char* domainId, const char* continueAfter, LinkedList result, MmsConnection_GetNameListHandler handler, void* parameter",mms/iso_mms/client/mms_client_connection.c,2282,"void MmsConnection_getDomainVariableNamesAsync(MmsConnection self, uint32_t* usedInvokeId, MmsError* mmsError, const char* domainId, const char* continueAfter, LinkedList result, MmsConnection_GetNameListHandler handler, void* parameter)"
MmsConnection_getFileDirectory,declaration,LIB61850_API bool,,"MmsConnection self, MmsError* mmsError, const char* fileSpecification, const char* continueAfter, MmsFileDirectoryHandler handler, void* handlerParameter",mms/inc/mms_client_connection.h,575,"LIB61850_API bool MmsConnection_getFileDirectory(MmsConnection self, MmsError* mmsError, const char* fileSpecification, const char* continueAfter, MmsFileDirectoryHandler handler, void* handlerParameter)"
MmsConnection_getFileDirectory,definition,bool,,"MmsConnection self, MmsError* mmsError, const char* fileSpecification, const char* continueAfter, MmsFileDirectoryHandler handler, void* handlerParameter",mms/iso_mms/client/mms_client_connection.c,4200,"bool MmsConnection_getFileDirectory(MmsConnection self, MmsError* mmsError, const char* fileSpecification, const char* continueAfter, MmsFileDirectoryHandler handler, void* handlerParameter)"
MmsConnection_getFileDirectoryAsync,declaration,LIB61850_API void,,"MmsConnection self, uint32_t* usedInvokeId, MmsError* mmsError, const char* fileSpecification, const char* continueAfter, MmsConnection_FileDirectoryHandler handler, void* parameter",mms/inc/mms_client_connection.h,580,"LIB61850_API void MmsConnection_getFileDirectoryAsync(MmsConnection self, uint32_t* usedInvokeId, MmsError* mmsError, const char* fileSpecification, const char* continueAfter, MmsConnection_FileDirectoryHandler handler, void* parameter)"
MmsConnection_getFileDirectoryAsync,declaration,(unknown),,"self, NULL, &err, fileSpecification, continueAfter, getFileDirHandler, &parameter",mms/iso_mms/client/mms_client_connection.c,4218,"MmsConnection_getFileDirectoryAsync(self, NULL, &err, fileSpecification, continueAfter, getFileDirHandler, &parameter)"
MmsConnection_getFileDirectoryAsync,definition,void,,"MmsConnection self, uint32_t* usedInvokeId, MmsError* mmsError, const char* fileSpecification, const char* continueAfter, MmsConnection_FileDirectoryHandler handler, void* parameter",mms/iso_mms/client/mms_client_connection.c,4242,"void MmsConnection_getFileDirectoryAsync(MmsConnection self, uint32_t* usedInvokeId, MmsError* mmsError, const char* fileSpecification, const char* continueAfter, MmsConnection_FileDirectoryHandler handler, void* parameter)"
MmsConnection_getFilestoreBasepath,declaration,LIB61850_INTERNAL char*,,MmsConnection self,mms/inc_private/mms_client_internal.h,133,LIB61850_INTERNAL char* MmsConnection_getFilestoreBasepath(MmsConnection self)
MmsConnection_getFilestoreBasepath,definition,char*,,MmsConnection self,mms/iso_mms/client/mms_client_connection.c,1717,char* MmsConnection_getFilestoreBasepath(MmsConnection self)
MmsConnection_getIsoConnectionParameters,declaration,LIB61850_API IsoConnectionParameters,,MmsConnection self,mms/inc/mms_client_connection.h,95,LIB61850_API IsoConnectionParameters MmsConnection_getIsoConnectionParameters(MmsConnection self)
MmsConnection_getIsoConnectionParameters,definition,IsoConnectionParameters,,MmsConnection self,mms/iso_mms/client/mms_client_connection.c,1807,IsoConnectionParameters MmsConnection_getIsoConnectionParameters(MmsConnection self)
MmsConnection_getLocalDetail,declaration,LIB61850_API int32_t,,MmsConnection self,mms/inc/mms_client_connection.h,474,LIB61850_API int32_t MmsConnection_getLocalDetail(MmsConnection self)
MmsConnection_getLocalDetail,definition,int32_t,,MmsConnection self,mms/iso_mms/client/mms_client_connection.c,1801,int32_t MmsConnection_getLocalDetail(MmsConnection self)
MmsConnection_getMmsConnectionParameters,declaration,LIB61850_API MmsConnectionParameters,,MmsConnection self,mms/inc/mms_client_connection.h,99,LIB61850_API MmsConnectionParameters MmsConnection_getMmsConnectionParameters(MmsConnection self)
MmsConnection_getMmsConnectionParameters,definition,MmsConnectionParameters,,MmsConnection self,mms/iso_mms/client/mms_client_connection.c,1813,MmsConnectionParameters MmsConnection_getMmsConnectionParameters(MmsConnection self)
MmsConnection_getRequestTimeout,declaration,LIB61850_API uint32_t,,MmsConnection self,mms/inc/mms_client_connection.h,82,LIB61850_API uint32_t MmsConnection_getRequestTimeout(MmsConnection self)
MmsConnection_getRequestTimeout,definition,uint32_t,,MmsConnection self,mms/iso_mms/client/mms_client_connection.c,1783,uint32_t MmsConnection_getRequestTimeout(MmsConnection self)
MmsConnection_getServerStatus,declaration,LIB61850_API void,,"MmsConnection self, MmsError* mmsError, int* vmdLogicalStatus, int* vmdPhysicalStatus, bool extendedDerivation",mms/inc/mms_client_connection.h,493,"LIB61850_API void MmsConnection_getServerStatus(MmsConnection self, MmsError* mmsError, int* vmdLogicalStatus, int* vmdPhysicalStatus, bool extendedDerivation)"
MmsConnection_getServerStatus,definition,void,,"MmsConnection self, MmsError* mmsError, int* vmdLogicalStatus, int* vmdPhysicalStatus, bool extendedDerivation",mms/iso_mms/client/mms_client_connection.c,3471,"void MmsConnection_getServerStatus(MmsConnection self, MmsError* mmsError, int* vmdLogicalStatus, int* vmdPhysicalStatus, bool extendedDerivation)"
MmsConnection_getServerStatusAsync,declaration,LIB61850_API void,,"MmsConnection self, uint32_t* usedInvokeId, MmsError* mmsError, bool extendedDerivation, MmsConnection_GetServerStatusHandler handler, void* parameter",mms/inc/mms_client_connection.h,501,"LIB61850_API void MmsConnection_getServerStatusAsync(MmsConnection self, uint32_t* usedInvokeId, MmsError* mmsError, bool extendedDerivation, MmsConnection_GetServerStatusHandler handler, void* parameter)"
MmsConnection_getServerStatusAsync,declaration,(unknown),,"self, NULL, &err, extendedDerivation, getServerStatusHandler, &parameter",mms/iso_mms/client/mms_client_connection.c,3487,"MmsConnection_getServerStatusAsync(self, NULL, &err, extendedDerivation, getServerStatusHandler, &parameter)"
MmsConnection_getServerStatusAsync,definition,void,,"MmsConnection self, uint32_t* usedInvokeId, MmsError* mmsError, bool extendedDerivation, MmsConnection_GetServerStatusHandler handler, void* parameter",mms/iso_mms/client/mms_client_connection.c,3507,"void MmsConnection_getServerStatusAsync(MmsConnection self, uint32_t* usedInvokeId, MmsError* mmsError, bool extendedDerivation, MmsConnection_GetServerStatusHandler handler, void* parameter)"
MmsConnection_getVMDVariableNames,declaration,LIB61850_API LinkedList,,"MmsConnection self, MmsError* mmsError",mms/inc/mms_client_connection.h,170,"LIB61850_API LinkedList MmsConnection_getVMDVariableNames(MmsConnection self, MmsError* mmsError)"
MmsConnection_getVMDVariableNames,definition,LinkedList,,"MmsConnection self, MmsError* mmsError",mms/iso_mms/client/mms_client_connection.c,2248,"LinkedList MmsConnection_getVMDVariableNames(MmsConnection self, MmsError* mmsError)"
MmsConnection_getVMDVariableNamesAsync,declaration,LIB61850_API void,,"MmsConnection self, uint32_t* usedInvokeId, MmsError* mmsError, const char* continueAfter, MmsConnection_GetNameListHandler handler, void* parameter",mms/inc/mms_client_connection.h,174,"LIB61850_API void MmsConnection_getVMDVariableNamesAsync(MmsConnection self, uint32_t* usedInvokeId, MmsError* mmsError, const char* continueAfter, MmsConnection_GetNameListHandler handler, void* parameter)"
MmsConnection_getVMDVariableNamesAsync,definition,void,,"MmsConnection self, uint32_t* usedInvokeId, MmsError* mmsError, const char* continueAfter, MmsConnection_GetNameListHandler handler, void* parameter",mms/iso_mms/client/mms_client_connection.c,2254,"void MmsConnection_getVMDVariableNamesAsync(MmsConnection self, uint32_t* usedInvokeId, MmsError* mmsError, const char* continueAfter, MmsConnection_GetNameListHandler handler, void* parameter)"
MmsConnection_getVariableAccessAttributes,declaration,LIB61850_API MmsVariableSpecification*,,"MmsConnection self, MmsError* mmsError, const char* domainId, const char* itemId",mms/inc/mms_client_connection.h,355,"LIB61850_API MmsVariableSpecification* MmsConnection_getVariableAccessAttributes(MmsConnection self, MmsError* mmsError, const char* domainId, const char* itemId)"
MmsConnection_getVariableAccessAttributes,definition,MmsVariableSpecification*,,"MmsConnection self, MmsError* mmsError, const char* domainId, const char* itemId",mms/iso_mms/client/mms_client_connection.c,3294,"MmsVariableSpecification* MmsConnection_getVariableAccessAttributes(MmsConnection self, MmsError* mmsError, const char* domainId, const char* itemId)"
MmsConnection_getVariableAccessAttributesAsync,declaration,LIB61850_API void,,"MmsConnection self, uint32_t* usedInvokeId, MmsError* mmsError, const char* domainId, const char* itemId, MmsConnection_GetVariableAccessAttributesHandler, void* parameter",mms/inc/mms_client_connection.h,363,"LIB61850_API void MmsConnection_getVariableAccessAttributesAsync(MmsConnection self, uint32_t* usedInvokeId, MmsError* mmsError, const char* domainId, const char* itemId, MmsConnection_GetVariableAccessAttributesHandler, void* parameter)"
MmsConnection_getVariableAccessAttributesAsync,declaration,(unknown),,"self, NULL, &err, domainId, itemId, getAccessAttrHandler, &parameter",mms/iso_mms/client/mms_client_connection.c,3308,"MmsConnection_getVariableAccessAttributesAsync(self, NULL, &err, domainId, itemId, getAccessAttrHandler, &parameter)"
MmsConnection_getVariableAccessAttributesAsync,definition,void,,"MmsConnection self, uint32_t* usedInvokeId, MmsError* mmsError, const char* domainId, const char* itemId, MmsConnection_GetVariableAccessAttributesHandler handler, void* parameter",mms/iso_mms/client/mms_client_connection.c,3325,"void MmsConnection_getVariableAccessAttributesAsync(MmsConnection self, uint32_t* usedInvokeId, MmsError* mmsError, const char* domainId, const char* itemId, MmsConnection_GetVariableAccessAttributesHandler handler, void* parameter)"
MmsConnection_getVariableListNamesAssociationSpecific,declaration,LIB61850_API LinkedList,,"MmsConnection self, MmsError* mmsError",mms/inc/mms_client_connection.h,212,"LIB61850_API LinkedList MmsConnection_getVariableListNamesAssociationSpecific(MmsConnection self, MmsError* mmsError)"
MmsConnection_getVariableListNamesAssociationSpecific,definition,LinkedList,,"MmsConnection self, MmsError* mmsError",mms/iso_mms/client/mms_client_connection.c,2318,"LinkedList MmsConnection_getVariableListNamesAssociationSpecific(MmsConnection self, MmsError* mmsError)"
MmsConnection_getVariableListNamesAssociationSpecificAsync,declaration,LIB61850_API void,,"MmsConnection self, uint32_t* usedInvokeId, MmsError* mmsError, const char* continueAfter, MmsConnection_GetNameListHandler handler, void* parameter",mms/inc/mms_client_connection.h,216,"LIB61850_API void MmsConnection_getVariableListNamesAssociationSpecificAsync(MmsConnection self, uint32_t* usedInvokeId, MmsError* mmsError, const char* continueAfter, MmsConnection_GetNameListHandler handler, void* parameter)"
MmsConnection_getVariableListNamesAssociationSpecificAsync,definition,void,,"MmsConnection self, uint32_t* usedInvokeId, MmsError* mmsError, const char* continueAfter, MmsConnection_GetNameListHandler handler, void* parameter",mms/iso_mms/client/mms_client_connection.c,2324,"void MmsConnection_getVariableListNamesAssociationSpecificAsync(MmsConnection self, uint32_t* usedInvokeId, MmsError* mmsError, const char* continueAfter, MmsConnection_GetNameListHandler handler, void* parameter)"
MmsConnection_identify,declaration,LIB61850_API MmsServerIdentity*,,"MmsConnection self, MmsError* mmsError",mms/inc/mms_client_connection.h,477,"LIB61850_API MmsServerIdentity* MmsConnection_identify(MmsConnection self, MmsError* mmsError)"
MmsConnection_identify,definition,MmsServerIdentity*,,"MmsConnection self, MmsError* mmsError",mms/iso_mms/client/mms_client_connection.c,3383,"MmsServerIdentity* MmsConnection_identify(MmsConnection self, MmsError* mmsError)"
MmsConnection_identifyAsync,declaration,LIB61850_API void,,"MmsConnection self, uint32_t* usedInvokeId, MmsError* mmsError, MmsConnection_IdentifyHandler handler, void* parameter",mms/inc/mms_client_connection.h,485,"LIB61850_API void MmsConnection_identifyAsync(MmsConnection self, uint32_t* usedInvokeId, MmsError* mmsError, MmsConnection_IdentifyHandler handler, void* parameter)"
MmsConnection_identifyAsync,declaration,(unknown),,"self, NULL, &err, identifyHandler, &parameter",mms/iso_mms/client/mms_client_connection.c,3399,"MmsConnection_identifyAsync(self, NULL, &err, identifyHandler, &parameter)"
MmsConnection_identifyAsync,definition,void,,"MmsConnection self, uint32_t* usedInvokeId, MmsError* mmsError, MmsConnection_IdentifyHandler handler, void* parameter",mms/iso_mms/client/mms_client_connection.c,3416,"void MmsConnection_identifyAsync(MmsConnection self, uint32_t* usedInvokeId, MmsError* mmsError, MmsConnection_IdentifyHandler handler, void* parameter)"
MmsConnection_obtainFile,declaration,LIB61850_API void,,"MmsConnection self, MmsError* mmsError, const char* sourceFile, const char* destinationFile",mms/inc/mms_client_connection.h,567,"LIB61850_API void MmsConnection_obtainFile(MmsConnection self, MmsError* mmsError, const char* sourceFile, const char* destinationFile)"
MmsConnection_obtainFile,definition,void,,"MmsConnection self, MmsError* mmsError, const char* sourceFile, const char* destinationFile",mms/iso_mms/client/mms_client_connection.c,4360,"void MmsConnection_obtainFile(MmsConnection self, MmsError* mmsError, const char* sourceFile, const char* destinationFile)"
MmsConnection_obtainFileAsync,declaration,LIB61850_API void,,"MmsConnection self, uint32_t* usedInvokeId, MmsError* mmsError, const char* sourceFile, const char* destinationFile, MmsConnection_GenericServiceHandler handler, void* parameter",mms/inc/mms_client_connection.h,571,"LIB61850_API void MmsConnection_obtainFileAsync(MmsConnection self, uint32_t* usedInvokeId, MmsError* mmsError, const char* sourceFile, const char* destinationFile, MmsConnection_GenericServiceHandler handler, void* parameter)"
MmsConnection_obtainFileAsync,declaration,(unknown),,"self, NULL, &err, sourceFile, destinationFile, fileOperationHandler, &parameter",mms/iso_mms/client/mms_client_connection.c,4375,"MmsConnection_obtainFileAsync(self, NULL, &err, sourceFile, destinationFile, fileOperationHandler, &parameter)"
MmsConnection_obtainFileAsync,definition,void,,"MmsConnection self, uint32_t* usedInvokeId, MmsError* mmsError, const char* sourceFile, const char* destinationFile, MmsConnection_GenericServiceHandler handler, void* parameter",mms/iso_mms/client/mms_client_connection.c,4404,"void MmsConnection_obtainFileAsync(MmsConnection self, uint32_t* usedInvokeId, MmsError* mmsError, const char* sourceFile, const char* destinationFile, MmsConnection_GenericServiceHandler handler, void* parameter)"
MmsConnection_readArrayElements,declaration,LIB61850_API MmsValue*,,"MmsConnection self, MmsError* mmsError, const char* domainId, const char* itemId, uint32_t startIndex, uint32_t numberOfElements",mms/inc/mms_client_connection.h,245,"LIB61850_API MmsValue* MmsConnection_readArrayElements(MmsConnection self, MmsError* mmsError, const char* domainId, const char* itemId, uint32_t startIndex, uint32_t numberOfElements)"
MmsConnection_readArrayElements,definition,MmsValue*,,"MmsConnection self, MmsError* mmsError, const char* domainId, const char* itemId, uint32_t startIndex, uint32_t numberOfElements",mms/iso_mms/client/mms_client_connection.c,2486,"MmsValue* MmsConnection_readArrayElements(MmsConnection self, MmsError* mmsError, const char* domainId, const char* itemId, uint32_t startIndex, uint32_t numberOfElements)"
MmsConnection_readArrayElementsAsync,declaration,LIB61850_API void,,"MmsConnection self, uint32_t* usedInvokeId, MmsError* mmsError, const char* domainId, const char* itemId, uint32_t startIndex, uint32_t numberOfElements, MmsConnection_ReadVariableHandler handler, void* parameter",mms/inc/mms_client_connection.h,250,"LIB61850_API void MmsConnection_readArrayElementsAsync(MmsConnection self, uint32_t* usedInvokeId, MmsError* mmsError, const char* domainId, const char* itemId, uint32_t startIndex, uint32_t numberOfElements, MmsConnection_ReadVariableHandler handler, void* parameter)"
MmsConnection_readArrayElementsAsync,declaration,(unknown),,"self, NULL, &err, domainId, itemId, startIndex, numberOfElements, readVariableHandler, &parameter",mms/iso_mms/client/mms_client_connection.c,2502,"MmsConnection_readArrayElementsAsync(self, NULL, &err, domainId, itemId, startIndex, numberOfElements, readVariableHandler, &parameter)"
MmsConnection_readArrayElementsAsync,definition,void,,"MmsConnection self, uint32_t* usedInvokeId, MmsError* mmsError, const char* domainId, const char* itemId, uint32_t startIndex, uint32_t numberOfElements, MmsConnection_ReadVariableHandler handler, void* parameter",mms/iso_mms/client/mms_client_connection.c,2521,"void MmsConnection_readArrayElementsAsync(MmsConnection self, uint32_t* usedInvokeId, MmsError* mmsError, const char* domainId, const char* itemId, uint32_t startIndex, uint32_t numberOfElements, MmsConnection_ReadVariableHandler handler, void* parameter)"
MmsConnection_readJournalStartAfter,declaration,LIB61850_API LinkedList,,"MmsConnection self, MmsError* mmsError, const char* domainId, const char* itemId, MmsValue* timeSpecification, MmsValue* entrySpecification, bool* moreFollows",mms/inc/mms_client_connection.h,630,"LIB61850_API LinkedList MmsConnection_readJournalStartAfter(MmsConnection self, MmsError* mmsError, const char* domainId, const char* itemId, MmsValue* timeSpecification, MmsValue* entrySpecification, bool* moreFollows)"
MmsConnection_readJournalStartAfter,definition,LinkedList,,"MmsConnection self, MmsError* mmsError, const char* domainId, const char* itemId, MmsValue* timeSpecification, MmsValue* entrySpecification, bool* moreFollows",mms/iso_mms/client/mms_client_connection.c,3693,"LinkedList MmsConnection_readJournalStartAfter(MmsConnection self, MmsError* mmsError, const char* domainId, const char* itemId, MmsValue* timeSpecification, MmsValue* entrySpecification, bool* moreFollows)"
MmsConnection_readJournalStartAfterAsync,declaration,LIB61850_API void,,"MmsConnection self, uint32_t* usedInvokeId, MmsError* mmsError, const char* domainId, const char* itemId, MmsValue* timeSpecification, MmsValue* entrySpecification, MmsConnection_ReadJournalHandler handler, void* parameter",mms/inc/mms_client_connection.h,634,"LIB61850_API void MmsConnection_readJournalStartAfterAsync(MmsConnection self, uint32_t* usedInvokeId, MmsError* mmsError, const char* domainId, const char* itemId, MmsValue* timeSpecification, MmsValue* entrySpecification, MmsConnection_ReadJournalHandler handler, void* parameter)"
MmsConnection_readJournalStartAfterAsync,declaration,(unknown),,"self, NULL, &err, domainId, itemId, timeSpecification, entrySpecification, readJournalHandler, &parameter",mms/iso_mms/client/mms_client_connection.c,3708,"MmsConnection_readJournalStartAfterAsync(self, NULL, &err, domainId, itemId, timeSpecification, entrySpecification, readJournalHandler, &parameter)"
MmsConnection_readJournalStartAfterAsync,definition,void,,"MmsConnection self, uint32_t* usedInvokeId, MmsError* mmsError, const char* domainId, const char* itemId, MmsValue* timeSpecification, MmsValue* entrySpecification, MmsConnection_ReadJournalHandler handler, void* parameter",mms/iso_mms/client/mms_client_connection.c,3728,"void MmsConnection_readJournalStartAfterAsync(MmsConnection self, uint32_t* usedInvokeId, MmsError* mmsError, const char* domainId, const char* itemId, MmsValue* timeSpecification, MmsValue* entrySpecification, MmsConnection_ReadJournalHandler handler, void* parameter)"
MmsConnection_readJournalTimeRange,declaration,LIB61850_API LinkedList,,"MmsConnection self, MmsError* mmsError, const char* domainId, const char* itemId, MmsValue* startTime, MmsValue* endTime, bool* moreFollows",mms/inc/mms_client_connection.h,621,"LIB61850_API LinkedList MmsConnection_readJournalTimeRange(MmsConnection self, MmsError* mmsError, const char* domainId, const char* itemId, MmsValue* startTime, MmsValue* endTime, bool* moreFollows)"
MmsConnection_readJournalTimeRange,definition,LinkedList,,"MmsConnection self, MmsError* mmsError, const char* domainId, const char* itemId, MmsValue* startTime, MmsValue* endTime, bool* moreFollows",mms/iso_mms/client/mms_client_connection.c,3617,"LinkedList MmsConnection_readJournalTimeRange(MmsConnection self, MmsError* mmsError, const char* domainId, const char* itemId, MmsValue* startTime, MmsValue* endTime, bool* moreFollows)"
MmsConnection_readJournalTimeRangeAsync,declaration,LIB61850_API void,,"MmsConnection self, uint32_t* usedInvokeId, MmsError* mmsError, const char* domainId, const char* itemId, MmsValue* startTime, MmsValue* endTime, MmsConnection_ReadJournalHandler handler, void* parameter",mms/inc/mms_client_connection.h,626,"LIB61850_API void MmsConnection_readJournalTimeRangeAsync(MmsConnection self, uint32_t* usedInvokeId, MmsError* mmsError, const char* domainId, const char* itemId, MmsValue* startTime, MmsValue* endTime, MmsConnection_ReadJournalHandler handler, void* parameter)"
MmsConnection_readJournalTimeRangeAsync,declaration,(unknown),,"self, NULL, &err, domainId, itemId, startTime, endTime, readJournalHandler, &parameter",mms/iso_mms/client/mms_client_connection.c,3633,"MmsConnection_readJournalTimeRangeAsync(self, NULL, &err, domainId, itemId, startTime, endTime, readJournalHandler, &parameter)"
MmsConnection_readJournalTimeRangeAsync,definition,void,,"MmsConnection self, uint32_t* usedInvokeId, MmsError* mmsError, const char* domainId, const char* itemId, MmsValue* startTime, MmsValue* endTime, MmsConnection_ReadJournalHandler handler, void* parameter",mms/iso_mms/client/mms_client_connection.c,3653,"void MmsConnection_readJournalTimeRangeAsync(MmsConnection self, uint32_t* usedInvokeId, MmsError* mmsError, const char* domainId, const char* itemId, MmsValue* startTime, MmsValue* endTime, MmsConnection_ReadJournalHandler handler, void* parameter)"
MmsConnection_readMultipleVariables,declaration,LIB61850_API MmsValue*,,"MmsConnection self, MmsError* mmsError, const char* domainId, LinkedList items",mms/inc/mms_client_connection.h,268,"LIB61850_API MmsValue* MmsConnection_readMultipleVariables(MmsConnection self, MmsError* mmsError, const char* domainId, LinkedList items)"
MmsConnection_readMultipleVariables,definition,MmsValue*,,"MmsConnection self, MmsError* mmsError, const char* domainId, LinkedList items",mms/iso_mms/client/mms_client_connection.c,2625,"MmsValue* MmsConnection_readMultipleVariables(MmsConnection self, MmsError* mmsError, const char* domainId, LinkedList items)"
MmsConnection_readMultipleVariablesAsync,declaration,LIB61850_API void,,"MmsConnection self, uint32_t* usedInvokeId, MmsError* mmsError, const char* domainId, LinkedList items, MmsConnection_ReadVariableHandler handler, void* parameter",mms/inc/mms_client_connection.h,273,"LIB61850_API void MmsConnection_readMultipleVariablesAsync(MmsConnection self, uint32_t* usedInvokeId, MmsError* mmsError, const char* domainId, LinkedList items, MmsConnection_ReadVariableHandler handler, void* parameter)"
MmsConnection_readMultipleVariablesAsync,declaration,(unknown),,"self, NULL, &err, domainId, items, readVariableHandler, &parameter",mms/iso_mms/client/mms_client_connection.c,2640,"MmsConnection_readMultipleVariablesAsync(self, NULL, &err, domainId, items, readVariableHandler, &parameter)"
MmsConnection_readMultipleVariablesAsync,definition,void,,"MmsConnection self, uint32_t* usedInvokeId, MmsError* mmsError, const char* domainId, LinkedList items, MmsConnection_ReadVariableHandler handler, void* parameter",mms/iso_mms/client/mms_client_connection.c,2659,"void MmsConnection_readMultipleVariablesAsync(MmsConnection self, uint32_t* usedInvokeId, MmsError* mmsError, const char* domainId, LinkedList items, MmsConnection_ReadVariableHandler handler, void* parameter)"
MmsConnection_readNamedVariableListDirectory,declaration,LIB61850_API LinkedList,,"MmsConnection self, MmsError* mmsError, const char* domainId, const char* listName, bool* deletable",mms/inc/mms_client_connection.h,412,"LIB61850_API LinkedList MmsConnection_readNamedVariableListDirectory(MmsConnection self, MmsError* mmsError, const char* domainId, const char* listName, bool* deletable)"
MmsConnection_readNamedVariableListDirectory,definition,LinkedList,,"MmsConnection self, MmsError* mmsError, const char* domainId, const char* listName, bool* deletable",mms/iso_mms/client/mms_client_connection.c,2860,"LinkedList MmsConnection_readNamedVariableListDirectory(MmsConnection self, MmsError* mmsError, const char* domainId, const char* listName, bool* deletable)"
MmsConnection_readNamedVariableListDirectoryAssociationSpecific,declaration,LIB61850_API LinkedList,,"MmsConnection self, MmsError* mmsError, const char* listName, bool* deletable",mms/inc/mms_client_connection.h,427,"LIB61850_API LinkedList MmsConnection_readNamedVariableListDirectoryAssociationSpecific(MmsConnection self, MmsError* mmsError, const char* listName, bool* deletable)"
MmsConnection_readNamedVariableListDirectoryAssociationSpecific,definition,LinkedList,,"MmsConnection self, MmsError* mmsError, const char* listName, bool* deletable",mms/iso_mms/client/mms_client_connection.c,2931,"LinkedList MmsConnection_readNamedVariableListDirectoryAssociationSpecific(MmsConnection self, MmsError* mmsError, const char* listName, bool* deletable)"
MmsConnection_readNamedVariableListDirectoryAssociationSpecificAsync,declaration,LIB61850_API void,,"MmsConnection self, uint32_t* usedInvokeId, MmsError* mmsError, const char* listName, MmsConnection_ReadNVLDirectoryHandler handler, void* parameter",mms/inc/mms_client_connection.h,433,"LIB61850_API void MmsConnection_readNamedVariableListDirectoryAssociationSpecificAsync(MmsConnection self, uint32_t* usedInvokeId, MmsError* mmsError, const char* listName, MmsConnection_ReadNVLDirectoryHandler handler, void* parameter)"
MmsConnection_readNamedVariableListDirectoryAssociationSpecificAsync,declaration,(unknown),,"self, NULL, &err, listName, readNVLDirectoryHandler, &parameter",mms/iso_mms/client/mms_client_connection.c,2947,"MmsConnection_readNamedVariableListDirectoryAssociationSpecificAsync(self, NULL, &err, listName, readNVLDirectoryHandler, &parameter)"
MmsConnection_readNamedVariableListDirectoryAssociationSpecificAsync,definition,void,,"MmsConnection self, uint32_t* usedInvokeId, MmsError* mmsError, const char* listName, MmsConnection_ReadNVLDirectoryHandler handler, void* parameter",mms/iso_mms/client/mms_client_connection.c,2968,"void MmsConnection_readNamedVariableListDirectoryAssociationSpecificAsync(MmsConnection self, uint32_t* usedInvokeId, MmsError* mmsError, const char* listName, MmsConnection_ReadNVLDirectoryHandler handler, void* parameter)"
MmsConnection_readNamedVariableListDirectoryAsync,declaration,LIB61850_API void,,"MmsConnection self, uint32_t* usedInvokeId, MmsError* mmsError, const char* domainId, const char* listName, MmsConnection_ReadNVLDirectoryHandler handler, void* parameter",mms/inc/mms_client_connection.h,421,"LIB61850_API void MmsConnection_readNamedVariableListDirectoryAsync(MmsConnection self, uint32_t* usedInvokeId, MmsError* mmsError, const char* domainId, const char* listName, MmsConnection_ReadNVLDirectoryHandler handler, void* parameter)"
MmsConnection_readNamedVariableListDirectoryAsync,declaration,(unknown),,"self, NULL, &err, domainId, listName, readNVLDirectoryHandler, &parameter",mms/iso_mms/client/mms_client_connection.c,2876,"MmsConnection_readNamedVariableListDirectoryAsync(self, NULL, &err, domainId, listName, readNVLDirectoryHandler, &parameter)"
MmsConnection_readNamedVariableListDirectoryAsync,definition,void,,"MmsConnection self, uint32_t* usedInvokeId, MmsError* mmsError, const char* domainId, const char* listName, MmsConnection_ReadNVLDirectoryHandler handler, void* parameter",mms/iso_mms/client/mms_client_connection.c,2897,"void MmsConnection_readNamedVariableListDirectoryAsync(MmsConnection self, uint32_t* usedInvokeId, MmsError* mmsError, const char* domainId, const char* listName, MmsConnection_ReadNVLDirectoryHandler handler, void* parameter)"
MmsConnection_readNamedVariableListValues,declaration,LIB61850_API MmsValue*,,"MmsConnection self, MmsError* mmsError, const char* domainId, const char* listName, bool specWithResult",mms/inc/mms_client_connection.h,369,"LIB61850_API MmsValue* MmsConnection_readNamedVariableListValues(MmsConnection self, MmsError* mmsError, const char* domainId, const char* listName, bool specWithResult)"
MmsConnection_readNamedVariableListValues,definition,MmsValue*,,"MmsConnection self, MmsError* mmsError, const char* domainId, const char* listName, bool specWithResult",mms/iso_mms/client/mms_client_connection.c,2698,"MmsValue* MmsConnection_readNamedVariableListValues(MmsConnection self, MmsError* mmsError, const char* domainId, const char* listName, bool specWithResult)"
MmsConnection_readNamedVariableListValuesAssociationSpecific,declaration,LIB61850_API MmsValue*,,"MmsConnection self, MmsError* mmsError, const char* listName, bool specWithResult",mms/inc/mms_client_connection.h,379,"LIB61850_API MmsValue* MmsConnection_readNamedVariableListValuesAssociationSpecific(MmsConnection self, MmsError* mmsError, const char* listName, bool specWithResult)"
MmsConnection_readNamedVariableListValuesAssociationSpecific,definition,MmsValue*,,"MmsConnection self, MmsError* mmsError, const char* listName, bool specWithResult",mms/iso_mms/client/mms_client_connection.c,2767,"MmsValue* MmsConnection_readNamedVariableListValuesAssociationSpecific( MmsConnection self, MmsError* mmsError, const char* listName, bool specWithResult)"
MmsConnection_readNamedVariableListValuesAssociationSpecificAsync,declaration,LIB61850_API void,,"MmsConnection self, uint32_t* usedInvokeId, MmsError* mmsError, const char* listName, bool specWithResult, MmsConnection_ReadVariableHandler handler, void* parameter",mms/inc/mms_client_connection.h,385,"LIB61850_API void MmsConnection_readNamedVariableListValuesAssociationSpecificAsync(MmsConnection self, uint32_t* usedInvokeId, MmsError* mmsError, const char* listName, bool specWithResult, MmsConnection_ReadVariableHandler handler, void* parameter)"
MmsConnection_readNamedVariableListValuesAssociationSpecificAsync,declaration,(unknown),,"self, NULL, &err, listName, specWithResult, readVariableHandler, &parameter",mms/iso_mms/client/mms_client_connection.c,2784,"MmsConnection_readNamedVariableListValuesAssociationSpecificAsync(self, NULL, &err, listName, specWithResult, readVariableHandler, &parameter)"
MmsConnection_readNamedVariableListValuesAssociationSpecificAsync,definition,void,,"MmsConnection self, uint32_t* usedInvokeId, MmsError* mmsError, const char* listName, bool specWithResult, MmsConnection_ReadVariableHandler handler, void* parameter",mms/iso_mms/client/mms_client_connection.c,2803,"void MmsConnection_readNamedVariableListValuesAssociationSpecificAsync(MmsConnection self, uint32_t* usedInvokeId, MmsError* mmsError, const char* listName, bool specWithResult, MmsConnection_ReadVariableHandler handler, void* parameter)"
MmsConnection_readNamedVariableListValuesAsync,declaration,LIB61850_API void,,"MmsConnection self, uint32_t* usedInvokeId, MmsError* mmsError, const char* domainId, const char* listName, bool specWithResult, MmsConnection_ReadVariableHandler handler, void* parameter",mms/inc/mms_client_connection.h,374,"LIB61850_API void MmsConnection_readNamedVariableListValuesAsync(MmsConnection self, uint32_t* usedInvokeId, MmsError* mmsError, const char* domainId, const char* listName, bool specWithResult, MmsConnection_ReadVariableHandler handler, void* parameter)"
MmsConnection_readNamedVariableListValuesAsync,declaration,(unknown),,"self, NULL, &err, domainId, listName, specWithResult, readVariableHandler, &parameter",mms/iso_mms/client/mms_client_connection.c,2714,"MmsConnection_readNamedVariableListValuesAsync(self, NULL, &err, domainId, listName, specWithResult, readVariableHandler, &parameter)"
MmsConnection_readNamedVariableListValuesAsync,definition,void,,"MmsConnection self, uint32_t* usedInvokeId, MmsError* mmsError, const char* domainId, const char* listName, bool specWithResult, MmsConnection_ReadVariableHandler handler, void* parameter",mms/iso_mms/client/mms_client_connection.c,2733,"void MmsConnection_readNamedVariableListValuesAsync(MmsConnection self, uint32_t* usedInvokeId, MmsError* mmsError, const char* domainId, const char* listName, bool specWithResult, MmsConnection_ReadVariableHandler handler, void* parameter)"
MmsConnection_readSingleArrayElementWithComponent,declaration,LIB61850_API MmsValue*,,"MmsConnection self, MmsError* mmsError, const char* domainId, const char* itemId, uint32_t index, const char* componentId",mms/inc/mms_client_connection.h,256,"LIB61850_API MmsValue* MmsConnection_readSingleArrayElementWithComponent(MmsConnection self, MmsError* mmsError, const char* domainId, const char* itemId, uint32_t index, const char* componentId)"
MmsConnection_readSingleArrayElementWithComponent,definition,MmsValue*,,"MmsConnection self, MmsError* mmsError, const char* domainId, const char* itemId, uint32_t index, const char* componentId",mms/iso_mms/client/mms_client_connection.c,2555,"MmsValue* MmsConnection_readSingleArrayElementWithComponent(MmsConnection self, MmsError* mmsError, const char* domainId, const char* itemId, uint32_t index, const char* componentId)"
MmsConnection_readSingleArrayElementWithComponentAsync,declaration,LIB61850_API void,,"MmsConnection self, uint32_t* usedInvokeId, MmsError* mmsError, const char* domainId, const char* itemId, uint32_t index, const char* componentId, MmsConnection_ReadVariableHandler handler, void* parameter",mms/inc/mms_client_connection.h,262,"LIB61850_API void MmsConnection_readSingleArrayElementWithComponentAsync(MmsConnection self, uint32_t* usedInvokeId, MmsError* mmsError, const char* domainId, const char* itemId, uint32_t index, const char* componentId, MmsConnection_ReadVariableHandler handler, void* parameter)"
MmsConnection_readSingleArrayElementWithComponentAsync,declaration,(unknown),,"self, NULL, &err, domainId, itemId, index, componentId, readVariableHandler, &parameter",mms/iso_mms/client/mms_client_connection.c,2570,"MmsConnection_readSingleArrayElementWithComponentAsync(self, NULL, &err, domainId, itemId, index, componentId, readVariableHandler, &parameter)"
MmsConnection_readSingleArrayElementWithComponentAsync,definition,void,,"MmsConnection self, uint32_t* usedInvokeId, MmsError* mmsError, const char* domainId, const char* itemId, uint32_t index, const char* componentId, MmsConnection_ReadVariableHandler handler, void* parameter",mms/iso_mms/client/mms_client_connection.c,2589,"void MmsConnection_readSingleArrayElementWithComponentAsync(MmsConnection self, uint32_t* usedInvokeId, MmsError* mmsError, const char* domainId, const char* itemId, uint32_t index, const char* componentId, MmsConnection_ReadVariableHandler handler, void* parameter)"
MmsConnection_readVariable,declaration,LIB61850_API MmsValue*,,"MmsConnection self, MmsError* mmsError, const char* domainId, const char* itemId",mms/inc/mms_client_connection.h,220,"LIB61850_API MmsValue* MmsConnection_readVariable(MmsConnection self, MmsError* mmsError, const char* domainId, const char* itemId)"
MmsConnection_readVariable,definition,MmsValue*,,"MmsConnection self, MmsError* mmsError, const char* domainId, const char* itemId",mms/iso_mms/client/mms_client_connection.c,2386,"MmsValue* MmsConnection_readVariable(MmsConnection self, MmsError* mmsError, const char* domainId, const char* itemId)"
MmsConnection_readVariableAsync,declaration,LIB61850_API void,,"MmsConnection self, uint32_t* usedInvokeId, MmsError* mmsError, const char* domainId, const char* itemId, MmsConnection_ReadVariableHandler handler, void* parameter",mms/inc/mms_client_connection.h,229,"LIB61850_API void MmsConnection_readVariableAsync(MmsConnection self, uint32_t* usedInvokeId, MmsError* mmsError, const char* domainId, const char* itemId, MmsConnection_ReadVariableHandler handler, void* parameter)"
MmsConnection_readVariableAsync,declaration,(unknown),,"self, NULL, &err, domainId, itemId, readVariableHandler, &parameter",mms/iso_mms/client/mms_client_connection.c,2401,"MmsConnection_readVariableAsync(self, NULL, &err, domainId, itemId, readVariableHandler, &parameter)"
MmsConnection_readVariableAsync,definition,void,,"MmsConnection self, uint32_t* usedInvokeId, MmsError* mmsError, const char* domainId, const char* itemId, MmsConnection_ReadVariableHandler handler, void* parameter",mms/iso_mms/client/mms_client_connection.c,2353,"void MmsConnection_readVariableAsync(MmsConnection self, uint32_t* usedInvokeId, MmsError* mmsError, const char* domainId, const char* itemId, MmsConnection_ReadVariableHandler handler, void* parameter)"
MmsConnection_readVariableComponent,declaration,LIB61850_API MmsValue*,,"MmsConnection self, MmsError* mmsError, const char* domainId, const char* itemId, const char* componentId",mms/inc/mms_client_connection.h,234,"LIB61850_API MmsValue* MmsConnection_readVariableComponent(MmsConnection self, MmsError* mmsError, const char* domainId, const char* itemId, const char* componentId)"
MmsConnection_readVariableComponent,definition,MmsValue*,,"MmsConnection self, MmsError* mmsError, const char* domainId, const char* itemId, const char* componentId",mms/iso_mms/client/mms_client_connection.c,2453,"MmsValue* MmsConnection_readVariableComponent(MmsConnection self, MmsError* mmsError, const char* domainId, const char* itemId, const char* componentId)"
MmsConnection_readVariableComponentAsync,declaration,LIB61850_API void,,"MmsConnection self, uint32_t* usedInvokeId, MmsError* mmsError, const char* domainId, const char* itemId, const char* componentId, MmsConnection_ReadVariableHandler handler, void* parameter",mms/inc/mms_client_connection.h,239,"LIB61850_API void MmsConnection_readVariableComponentAsync(MmsConnection self, uint32_t* usedInvokeId, MmsError* mmsError, const char* domainId, const char* itemId, const char* componentId, MmsConnection_ReadVariableHandler handler, void* parameter)"
MmsConnection_readVariableComponentAsync,declaration,(unknown),,"self, NULL, &err, domainId, itemId, componentId, readVariableHandler, &parameter",mms/iso_mms/client/mms_client_connection.c,2468,"MmsConnection_readVariableComponentAsync(self, NULL, &err, domainId, itemId, componentId, readVariableHandler, &parameter)"
MmsConnection_readVariableComponentAsync,definition,void,,"MmsConnection self, uint32_t* usedInvokeId, MmsError* mmsError, const char* domainId, const char* itemId, const char* componentId, MmsConnection_ReadVariableHandler handler, void* parameter",mms/iso_mms/client/mms_client_connection.c,2419,"void MmsConnection_readVariableComponentAsync(MmsConnection self, uint32_t* usedInvokeId, MmsError* mmsError, const char* domainId, const char* itemId, const char* componentId, MmsConnection_ReadVariableHandler handler, void* parameter)"
MmsConnection_sendRawData,declaration,LIB61850_API void,,"MmsConnection self, MmsError* mmsError, uint8_t* buffer, int bufSize",mms/inc/mms_client_connection.h,139,"LIB61850_API void MmsConnection_sendRawData(MmsConnection self, MmsError* mmsError, uint8_t* buffer, int bufSize)"
MmsConnection_sendRawData,definition,void,,"MmsConnection self, MmsError* mmsError, uint8_t* buffer, int bufSize",mms/iso_mms/client/mms_client_connection.c,4899,"void MmsConnection_sendRawData(MmsConnection self, MmsError* mmsError, uint8_t* buffer, int bufSize)"
MmsConnection_setConnectTimeout,declaration,LIB61850_API void,,"MmsConnection self, uint32_t timeoutInMs",mms/inc/mms_client_connection.h,86,"LIB61850_API void MmsConnection_setConnectTimeout(MmsConnection self, uint32_t timeoutInMs)"
MmsConnection_setConnectTimeout,definition,void,,"MmsConnection self, uint32_t timeoutInMs",mms/iso_mms/client/mms_client_connection.c,1789,"void MmsConnection_setConnectTimeout(MmsConnection self, uint32_t timeoutInMs)"
MmsConnection_setConnectionLostHandler,declaration,LIB61850_API void,,"MmsConnection self, MmsConnectionLostHandler handler, void* handlerParameter",mms/inc/mms_client_connection.h,111,"LIB61850_API void MmsConnection_setConnectionLostHandler(MmsConnection self, MmsConnectionLostHandler handler, void* handlerParameter)"
MmsConnection_setConnectionLostHandler,definition,void,,"MmsConnection self, MmsConnectionLostHandler handler, void* handlerParameter",mms/iso_mms/client/mms_client_connection.c,1744,"void MmsConnection_setConnectionLostHandler(MmsConnection self, MmsConnectionLostHandler handler, void* handlerParameter)"
MmsConnection_setConnectionStateChangedHandler,declaration,LIB61850_API void,,"MmsConnection self, MmsConnectionStateChangedHandler handler, void* parameter",mms/inc/mms_client_connection.h,105,"LIB61850_API void MmsConnection_setConnectionStateChangedHandler(MmsConnection self, MmsConnectionStateChangedHandler handler, void* parameter)"
MmsConnection_setConnectionStateChangedHandler,definition,void,,"MmsConnection self, MmsConnectionStateChangedHandler handler, void* parameter",mms/iso_mms/client/mms_client_connection.c,1751,"void MmsConnection_setConnectionStateChangedHandler(MmsConnection self, MmsConnectionStateChangedHandler handler, void* parameter)"
MmsConnection_setFilestoreBasepath,declaration,LIB61850_API void,,"MmsConnection self, const char* basepath",mms/inc/mms_client_connection.h,70,"LIB61850_API void MmsConnection_setFilestoreBasepath(MmsConnection self, const char* basepath)"
MmsConnection_setFilestoreBasepath,definition,void,,"MmsConnection self, const char* basepath",mms/iso_mms/client/mms_client_connection.c,1700,"void MmsConnection_setFilestoreBasepath(MmsConnection self, const char* basepath)"
MmsConnection_setInformationReportHandler,declaration,LIB61850_API void,,"MmsConnection self, MmsInformationReportHandler handler, void* parameter",mms/inc/mms_client_connection.h,90,"LIB61850_API void MmsConnection_setInformationReportHandler(MmsConnection self, MmsInformationReportHandler handler, void* parameter)"
MmsConnection_setInformationReportHandler,definition,void,,"MmsConnection self, MmsInformationReportHandler handler, void* parameter",mms/iso_mms/client/mms_client_connection.c,2088,"void MmsConnection_setInformationReportHandler(MmsConnection self, MmsInformationReportHandler handler, void* parameter)"
MmsConnection_setIsoConnectionParameters,declaration,LIB61850_API void,,"MmsConnection self, IsoConnectionParameters* params",mms/inc/mms_client_connection.h,115,"LIB61850_API void MmsConnection_setIsoConnectionParameters(MmsConnection self, IsoConnectionParameters* params)"
MmsConnection_setLocalDetail,declaration,LIB61850_API void,,"MmsConnection self, int32_t localDetail",mms/inc/mms_client_connection.h,470,"LIB61850_API void MmsConnection_setLocalDetail(MmsConnection self, int32_t localDetail)"
MmsConnection_setLocalDetail,definition,void,,"MmsConnection self, int32_t localDetail",mms/iso_mms/client/mms_client_connection.c,1795,"void MmsConnection_setLocalDetail(MmsConnection self, int32_t localDetail)"
MmsConnection_setRawMessageHandler,declaration,LIB61850_API void,,"MmsConnection self, MmsRawMessageHandler handler, void* parameter",mms/inc/mms_client_connection.h,66,"LIB61850_API void MmsConnection_setRawMessageHandler(MmsConnection self, MmsRawMessageHandler handler, void* parameter)"
MmsConnection_setRawMessageHandler,definition,void,,"MmsConnection self, MmsRawMessageHandler handler, void* parameter",mms/iso_mms/client/mms_client_connection.c,1735,"void MmsConnection_setRawMessageHandler(MmsConnection self, MmsRawMessageHandler handler, void* parameter)"
MmsConnection_setRequestTimeout,declaration,LIB61850_API void,,"MmsConnection self, uint32_t timeoutInMs",mms/inc/mms_client_connection.h,74,"LIB61850_API void MmsConnection_setRequestTimeout(MmsConnection self, uint32_t timeoutInMs)"
MmsConnection_setRequestTimeout,definition,void,,"MmsConnection self, uint32_t timeoutInMs",mms/iso_mms/client/mms_client_connection.c,1758,"void MmsConnection_setRequestTimeout(MmsConnection self, uint32_t timeoutInMs)"
MmsConnection_tick,declaration,LIB61850_API bool,,MmsConnection self,mms/inc/mms_client_connection.h,135,LIB61850_API bool MmsConnection_tick(MmsConnection self)
MmsConnection_tick,definition,bool,,MmsConnection self,mms/iso_mms/client/mms_client_connection.c,1950,bool MmsConnection_tick(MmsConnection self)
MmsConnection_writeArrayElements,declaration,LIB61850_API MmsDataAccessError,,"MmsConnection self, MmsError* mmsError, const char* domainId, const char* itemId, int index, int numberOfElements, MmsValue* value",mms/inc/mms_client_connection.h,315,"LIB61850_API MmsDataAccessError MmsConnection_writeArrayElements(MmsConnection self, MmsError* mmsError, const char* domainId, const char* itemId, int index, int numberOfElements, MmsValue* value)"
MmsConnection_writeArrayElements,definition,MmsDataAccessError,,"MmsConnection self, MmsError* mmsError, const char* domainId, const char* itemId, int index, int numberOfElements, MmsValue* value",mms/iso_mms/client/mms_client_connection.c,4760,"MmsDataAccessError MmsConnection_writeArrayElements(MmsConnection self, MmsError* mmsError, const char* domainId, const char* itemId, int index, int numberOfElements, MmsValue* value)"
MmsConnection_writeArrayElementsAsync,declaration,LIB61850_API void,,"MmsConnection self, uint32_t* usedInvokeId, MmsError* mmsError, const char* domainId, const char* itemId, int index, int numberOfElements, MmsValue* value, MmsConnection_WriteVariableHandler handler, void* parameter",mms/inc/mms_client_connection.h,321,"LIB61850_API void MmsConnection_writeArrayElementsAsync(MmsConnection self, uint32_t* usedInvokeId, MmsError* mmsError, const char* domainId, const char* itemId, int index, int numberOfElements, MmsValue* value, MmsConnection_WriteVariableHandler handler, void* parameter)"
MmsConnection_writeArrayElementsAsync,declaration,(unknown),,"self, NULL, &err, domainId, itemId, index, numberOfElements, value, writeVariableHandler, &parameter",mms/iso_mms/client/mms_client_connection.c,4775,"MmsConnection_writeArrayElementsAsync(self, NULL, &err, domainId, itemId, index, numberOfElements, value, writeVariableHandler, &parameter)"
MmsConnection_writeArrayElementsAsync,definition,void,,"MmsConnection self, uint32_t* usedInvokeId, MmsError* mmsError, const char* domainId, const char* itemId, int index, int numberOfElements, MmsValue* value, MmsConnection_WriteVariableHandler handler, void* parameter",mms/iso_mms/client/mms_client_connection.c,4792,"void MmsConnection_writeArrayElementsAsync(MmsConnection self, uint32_t* usedInvokeId, MmsError* mmsError, const char* domainId, const char* itemId, int index, int numberOfElements, MmsValue* value, MmsConnection_WriteVariableHandler handler, void* parameter)"
MmsConnection_writeMultipleVariables,declaration,LIB61850_API void,,"MmsConnection self, MmsError* mmsError, const char* domainId, LinkedList items, LinkedList values, LinkedList* accessResults",mms/inc/mms_client_connection.h,331,"LIB61850_API void MmsConnection_writeMultipleVariables(MmsConnection self, MmsError* mmsError, const char* domainId, LinkedList items, LinkedList values, LinkedList* accessResults)"
MmsConnection_writeMultipleVariables,definition,void,,"MmsConnection self, MmsError* mmsError, const char* domainId, LinkedList items, LinkedList values, LinkedList* accessResults",mms/iso_mms/client/mms_client_connection.c,4681,"void MmsConnection_writeMultipleVariables(MmsConnection self, MmsError* mmsError, const char* domainId, LinkedList items, LinkedList values, LinkedList* accessResults)"
MmsConnection_writeMultipleVariablesAsync,declaration,LIB61850_API void,,"MmsConnection self, uint32_t* usedInvokeId, MmsError* mmsError, const char* domainId, LinkedList items, LinkedList values, MmsConnection_WriteMultipleVariablesHandler handler, void* parameter",mms/inc/mms_client_connection.h,338,"LIB61850_API void MmsConnection_writeMultipleVariablesAsync(MmsConnection self, uint32_t* usedInvokeId, MmsError* mmsError, const char* domainId, LinkedList items, LinkedList values, MmsConnection_WriteMultipleVariablesHandler handler, void* parameter)"
MmsConnection_writeMultipleVariablesAsync,declaration,(unknown),,"self, NULL, &err, domainId, items, values, writeMultipleVariablesHandler, &parameter",mms/iso_mms/client/mms_client_connection.c,4697,"MmsConnection_writeMultipleVariablesAsync(self, NULL, &err, domainId, items, values, writeMultipleVariablesHandler, &parameter)"
MmsConnection_writeMultipleVariablesAsync,definition,void,,"MmsConnection self, uint32_t* usedInvokeId, MmsError* mmsError, const char* domainId, LinkedList items, LinkedList values, MmsConnection_WriteMultipleVariablesHandler handler, void* parameter",mms/iso_mms/client/mms_client_connection.c,4721,"void MmsConnection_writeMultipleVariablesAsync(MmsConnection self, uint32_t* usedInvokeId, MmsError* mmsError, const char* domainId, LinkedList items, LinkedList values, MmsConnection_WriteMultipleVariablesHandler handler, void* parameter)"
MmsConnection_writeNamedVariableList,declaration,LIB61850_API void,,"MmsConnection self, MmsError* mmsError, bool isAssociationSpecific, const char* domainId, const char* itemId, LinkedList values, LinkedList* accessResults",mms/inc/mms_client_connection.h,343,"LIB61850_API void MmsConnection_writeNamedVariableList(MmsConnection self, MmsError* mmsError, bool isAssociationSpecific, const char* domainId, const char* itemId, LinkedList values, LinkedList* accessResults)"
MmsConnection_writeNamedVariableList,definition,void,,"MmsConnection self, MmsError* mmsError, bool isAssociationSpecific, const char* domainId, const char* itemId, LinkedList values, LinkedList* accessResults",mms/iso_mms/client/mms_client_connection.c,4826,"void MmsConnection_writeNamedVariableList(MmsConnection self, MmsError* mmsError, bool isAssociationSpecific, const char* domainId, const char* itemId, LinkedList values, LinkedList* accessResults)"
MmsConnection_writeNamedVariableListAsync,declaration,LIB61850_API void,,"MmsConnection self, uint32_t* usedInvokeId, MmsError* mmsError, bool isAssociationSpecific, const char* domainId, const char* itemId, LinkedList values, MmsConnection_WriteMultipleVariablesHandler handler, void* parameter",mms/inc/mms_client_connection.h,349,"LIB61850_API void MmsConnection_writeNamedVariableListAsync(MmsConnection self, uint32_t* usedInvokeId, MmsError* mmsError, bool isAssociationSpecific, const char* domainId, const char* itemId, LinkedList values, MmsConnection_WriteMultipleVariablesHandler handler, void* parameter)"
MmsConnection_writeNamedVariableListAsync,declaration,(unknown),,"self, NULL, &err, isAssociationSpecific, domainId, itemId, values, writeMultipleVariablesHandler, &parameter",mms/iso_mms/client/mms_client_connection.c,4841,"MmsConnection_writeNamedVariableListAsync(self, NULL, &err, isAssociationSpecific, domainId, itemId, values, writeMultipleVariablesHandler, &parameter)"
MmsConnection_writeNamedVariableListAsync,definition,void,,"MmsConnection self, uint32_t* usedInvokeId, MmsError* mmsError, bool isAssociationSpecific, const char* domainId, const char* itemId, LinkedList values, MmsConnection_WriteMultipleVariablesHandler handler, void* parameter",mms/iso_mms/client/mms_client_connection.c,4866,"void MmsConnection_writeNamedVariableListAsync(MmsConnection self, uint32_t* usedInvokeId, MmsError* mmsError, bool isAssociationSpecific, const char* domainId, const char* itemId, LinkedList values, MmsConnection_WriteMultipleVariablesHandler handler, void* parameter)"
MmsConnection_writeSingleArrayElementWithComponent,declaration,LIB61850_API MmsDataAccessError,,"MmsConnection self, MmsError* mmsError, const char* domainId, const char* itemId, uint32_t arrayIndex, const char* componentId, MmsValue* value",mms/inc/mms_client_connection.h,298,"LIB61850_API MmsDataAccessError MmsConnection_writeSingleArrayElementWithComponent(MmsConnection self, MmsError* mmsError, const char* domainId, const char* itemId, uint32_t arrayIndex, const char* componentId, MmsValue* value)"
MmsConnection_writeSingleArrayElementWithComponent,definition,MmsDataAccessError,,"MmsConnection self, MmsError* mmsError, const char* domainId, const char* itemId, uint32_t arrayIndex, const char* componentId, MmsValue* value",mms/iso_mms/client/mms_client_connection.c,4528,"MmsDataAccessError MmsConnection_writeSingleArrayElementWithComponent(MmsConnection self, MmsError* mmsError, const char* domainId, const char* itemId, uint32_t arrayIndex, const char* componentId, MmsValue* value)"
MmsConnection_writeSingleArrayElementWithComponentAsync,declaration,LIB61850_API void,,"MmsConnection self, uint32_t* usedInvokeId, MmsError* mmsError, const char* domainId, const char* itemId, uint32_t arrayIndex, const char* componentId, MmsValue* value, MmsConnection_WriteVariableHandler handler, void* parameter",mms/inc/mms_client_connection.h,304,"LIB61850_API void MmsConnection_writeSingleArrayElementWithComponentAsync(MmsConnection self, uint32_t* usedInvokeId, MmsError* mmsError, const char* domainId, const char* itemId, uint32_t arrayIndex, const char* componentId, MmsValue* value, MmsConnection_WriteVariableHandler handler, void* parameter)"
MmsConnection_writeSingleArrayElementWithComponentAsync,declaration,(unknown),,"self, NULL, &err, domainId, itemId, arrayIndex, componentId, value, writeVariableHandler, &parameter",mms/iso_mms/client/mms_client_connection.c,4543,"MmsConnection_writeSingleArrayElementWithComponentAsync(self, NULL, &err, domainId, itemId, arrayIndex, componentId, value, writeVariableHandler, &parameter)"
MmsConnection_writeSingleArrayElementWithComponentAsync,definition,void,,"MmsConnection self, uint32_t* usedInvokeId, MmsError* mmsError, const char* domainId, const char* itemId, uint32_t arrayIndex, const char* componentId, MmsValue* value, MmsConnection_WriteVariableHandler handler, void* parameter",mms/iso_mms/client/mms_client_connection.c,4560,"void MmsConnection_writeSingleArrayElementWithComponentAsync(MmsConnection self, uint32_t* usedInvokeId, MmsError* mmsError, const char* domainId, const char* itemId, uint32_t arrayIndex, const char* componentId, MmsValue* value, MmsConnection_WriteVariableHandler handler, void* parameter)"
MmsConnection_writeVariable,declaration,LIB61850_API MmsDataAccessError,,"MmsConnection self, MmsError* mmsError, const char* domainId, const char* itemId, MmsValue* value",mms/inc/mms_client_connection.h,278,"LIB61850_API MmsDataAccessError MmsConnection_writeVariable(MmsConnection self, MmsError* mmsError, const char* domainId, const char* itemId, MmsValue* value)"
MmsConnection_writeVariable,definition,MmsDataAccessError,,"MmsConnection self, MmsError* mmsError, const char* domainId, const char* itemId, MmsValue* value",mms/iso_mms/client/mms_client_connection.c,4463,"MmsDataAccessError MmsConnection_writeVariable(MmsConnection self, MmsError* mmsError, const char* domainId, const char* itemId, MmsValue* value)"
MmsConnection_writeVariableAsync,declaration,LIB61850_API void,,"MmsConnection self, uint32_t* usedInvokeId, MmsError* mmsError, const char* domainId, const char* itemId, MmsValue* value, MmsConnection_WriteVariableHandler handler, void* parameter",mms/inc/mms_client_connection.h,286,"LIB61850_API void MmsConnection_writeVariableAsync(MmsConnection self, uint32_t* usedInvokeId, MmsError* mmsError, const char* domainId, const char* itemId, MmsValue* value, MmsConnection_WriteVariableHandler handler, void* parameter)"
MmsConnection_writeVariableAsync,declaration,(unknown),,"self, NULL, &err, domainId, itemId, value, writeVariableHandler, &parameter",mms/iso_mms/client/mms_client_connection.c,4478,"MmsConnection_writeVariableAsync(self, NULL, &err, domainId, itemId, value, writeVariableHandler, &parameter)"
MmsConnection_writeVariableAsync,definition,void,,"MmsConnection self, uint32_t* usedInvokeId, MmsError* mmsError, const char* domainId, const char* itemId, MmsValue* value, MmsConnection_WriteVariableHandler handler, void* parameter",mms/iso_mms/client/mms_client_connection.c,4495,"void MmsConnection_writeVariableAsync(MmsConnection self, uint32_t* usedInvokeId, MmsError* mmsError, const char* domainId, const char* itemId, MmsValue* value, MmsConnection_WriteVariableHandler handler, void* parameter)"
MmsConnection_writeVariableComponent,declaration,LIB61850_API MmsDataAccessError,,"MmsConnection self, MmsError* mmsError, const char* domainId, const char* itemId, const char* componentId, MmsValue* value",mms/inc/mms_client_connection.h,291,"LIB61850_API MmsDataAccessError MmsConnection_writeVariableComponent(MmsConnection self, MmsError* mmsError, const char* domainId, const char* itemId, const char* componentId, MmsValue* value)"
MmsConnection_writeVariableComponent,definition,MmsDataAccessError,,"MmsConnection self, MmsError* mmsError, const char* domainId, const char* itemId, const char* componentId, MmsValue* value",mms/iso_mms/client/mms_client_connection.c,4595,"MmsDataAccessError MmsConnection_writeVariableComponent(MmsConnection self, MmsError* mmsError, const char* domainId, const char* itemId, const char* componentId, MmsValue* value)"
MmsConnection_writeVariableComponentAsync,declaration,LIB61850_API void,,"MmsConnection self, uint32_t* usedInvokeId, MmsError* mmsError, const char* domainId, const char* itemId, const char* componentId, MmsValue* value, MmsConnection_WriteVariableHandler handler, void* parameter",mms/inc/mms_client_connection.h,310,"LIB61850_API void MmsConnection_writeVariableComponentAsync(MmsConnection self, uint32_t* usedInvokeId, MmsError* mmsError, const char* domainId, const char* itemId, const char* componentId, MmsValue* value, MmsConnection_WriteVariableHandler handler, void* parameter)"
MmsConnection_writeVariableComponentAsync,declaration,(unknown),,"self, NULL, &err, domainId, itemId, componentId, value, writeVariableHandler, &parameter",mms/iso_mms/client/mms_client_connection.c,4610,"MmsConnection_writeVariableComponentAsync(self, NULL, &err, domainId, itemId, componentId, value, writeVariableHandler, &parameter)"
MmsConnection_writeVariableComponentAsync,definition,void,,"MmsConnection self, uint32_t* usedInvokeId, MmsError* mmsError, const char* domainId, const char* itemId, const char* componentId, MmsValue* value, MmsConnection_WriteVariableHandler handler, void* parameter",mms/iso_mms/client/mms_client_connection.c,4627,"void MmsConnection_writeVariableComponentAsync(MmsConnection self, uint32_t* usedInvokeId, MmsError* mmsError, const char* domainId, const char* itemId, const char* componentId, MmsValue* value, MmsConnection_WriteVariableHandler handler, void* parameter)"
MmsConnnection_setMaxOutstandingCalls,declaration,LIB61850_API void,,"MmsConnection self, int calling, int called",mms/inc/mms_client_connection.h,78,"LIB61850_API void MmsConnnection_setMaxOutstandingCalls(MmsConnection self, int calling, int called)"
MmsConnnection_setMaxOutstandingCalls,definition,void,,"MmsConnection self, int calling, int called",mms/iso_mms/client/mms_client_connection.c,1764,"void MmsConnnection_setMaxOutstandingCalls(MmsConnection self, int calling, int called)"
MmsDevice_create,declaration,LIB61850_INTERNAL MmsDevice*,,char* deviceName,mms/inc_private/mms_device_model.h,90,LIB61850_INTERNAL MmsDevice* MmsDevice_create(char* deviceName)
MmsDevice_destroy,declaration,LIB61850_INTERNAL void,,MmsDevice* self,mms/inc_private/mms_device_model.h,94,LIB61850_INTERNAL void MmsDevice_destroy(MmsDevice* self)
MmsDevice_destroy,definition,void,,MmsDevice* self,mms/iso_mms/server/mms_device.c,17,void MmsDevice_destroy(MmsDevice* self)
MmsDevice_getDomain,declaration,LIB61850_INTERNAL MmsDomain*,,"MmsDevice* self, const char* domainId",mms/inc_private/mms_device_model.h,98,"LIB61850_INTERNAL MmsDomain* MmsDevice_getDomain(MmsDevice* self, const char* domainId)"
MmsDevice_getDomain,declaration,MmsDomain* domain =,,"device, domainName",mms/iso_mms/server/mms_get_namelist_service.c,183,"MmsDomain* domain = MmsDevice_getDomain(device, domainName)"
MmsDevice_getDomain,declaration,MmsDomain* domain =,,"device, domainName",mms/iso_mms/server/mms_get_namelist_service.c,227,"MmsDomain* domain = MmsDevice_getDomain(device, domainName)"
MmsDevice_getDomain,declaration,MmsDomain* domain =,,"device, domainName",mms/iso_mms/server/mms_get_namelist_service.c,325,"MmsDomain* domain = MmsDevice_getDomain(device, domainName)"
MmsDevice_getDomain,declaration,domain =,,"device, domainId",mms/iso_mms/server/mms_get_var_access_service.c,198,"domain = MmsDevice_getDomain(device, domainId)"
MmsDevice_getDomain,declaration,MmsDomain* mmsDomain =,,"mmsDevice, domainId",mms/iso_mms/server/mms_journal_service.c,442,"MmsDomain* mmsDomain = MmsDevice_getDomain(mmsDevice, domainId)"
MmsDevice_getDomain,declaration,MmsDomain* domain =,,"device, domainName",mms/iso_mms/server/mms_named_variable_list_service.c,161,"MmsDomain* domain = MmsDevice_getDomain(device, domainName)"
MmsDevice_getDomain,declaration,MmsDomain* elementDomain =,,"device, domainId",mms/iso_mms/server/mms_named_variable_list_service.c,412,"MmsDomain* elementDomain = MmsDevice_getDomain(device, domainId)"
MmsDevice_getDomain,declaration,MmsDomain* domain =,,"device, domainName",mms/iso_mms/server/mms_named_variable_list_service.c,506,"MmsDomain* domain = MmsDevice_getDomain(device, domainName)"
MmsDevice_getDomain,declaration,MmsDomain* domain =,,"mmsDevice, domainName",mms/iso_mms/server/mms_named_variable_list_service.c,796,"MmsDomain* domain = MmsDevice_getDomain(mmsDevice, domainName)"
MmsDevice_getDomain,declaration,MmsDomain* domain =,,"MmsServer_getDevice(connection->server), domainIdStr",mms/iso_mms/server/mms_read_service.c,549,"MmsDomain* domain = MmsDevice_getDomain(MmsServer_getDevice(connection->server), domainIdStr)"
MmsDevice_getDomain,declaration,MmsDomain* domain =,,"MmsServer_getDevice(connection->server), domainIdStr",mms/iso_mms/server/mms_read_service.c,764,"MmsDomain* domain = MmsDevice_getDomain(MmsServer_getDevice(connection->server), domainIdStr)"
MmsDevice_getDomain,declaration,MmsDomain* domain =,,"MmsServer_getDevice(connection->server), domainIdStr",mms/iso_mms/server/mms_write_service.c,404,"MmsDomain* domain = MmsDevice_getDomain(MmsServer_getDevice(connection->server), domainIdStr)"
MmsDevice_getDomain,declaration,domain =,,"device, domainIdStr",mms/iso_mms/server/mms_write_service.c,658,"domain = MmsDevice_getDomain(device, domainIdStr)"
MmsDevice_getDomain,definition,MmsDomain*,,"MmsDevice* self, const char* domainId",mms/iso_mms/server/mms_device.c,42,"MmsDomain* MmsDevice_getDomain(MmsDevice* self, const char* domainId)"
MmsDevice_getNamedVariable,declaration,LIB61850_INTERNAL MmsVariableSpecification*,,"MmsDevice* self, char* variableName",mms/inc_private/mms_device_model.h,102,"LIB61850_INTERNAL MmsVariableSpecification* MmsDevice_getNamedVariable(MmsDevice* self, char* variableName)"
MmsDevice_getNamedVariable,declaration,MmsVariableSpecification* namedVariable =,,"MmsServer_getDevice(connection->server), nameIdStr",mms/iso_mms/server/mms_read_service.c,583,"MmsVariableSpecification* namedVariable = MmsDevice_getNamedVariable(MmsServer_getDevice(connection->server), nameIdStr)"
MmsDevice_getNamedVariable,declaration,variable =,,"device, nameIdStr",mms/iso_mms/server/mms_write_service.c,680,"variable = MmsDevice_getNamedVariable(device, nameIdStr)"
MmsDevice_getNamedVariableListWithName,declaration,LIB61850_INTERNAL MmsNamedVariableList,,"MmsDevice* self, const char* variableListName",mms/inc_private/mms_device_model.h,109,"LIB61850_INTERNAL MmsNamedVariableList MmsDevice_getNamedVariableListWithName(MmsDevice* self, const char* variableListName)"
MmsDevice_getNamedVariableListWithName,definition,MmsNamedVariableList,,"MmsDevice* self, const char* variableListName",mms/iso_mms/server/mms_device.c,108,"MmsNamedVariableList MmsDevice_getNamedVariableListWithName(MmsDevice* self, const char* variableListName)"
MmsDevice_getNamedVariableLists,declaration,LIB61850_INTERNAL LinkedList,,MmsDevice* self,mms/inc_private/mms_device_model.h,106,LIB61850_INTERNAL LinkedList MmsDevice_getNamedVariableLists(MmsDevice* self)
MmsDevice_getNamedVariableLists,declaration,LinkedList variableLists =,,device,mms/iso_mms/server/mms_get_namelist_service.c,354,LinkedList variableLists = MmsDevice_getNamedVariableLists(device)
MmsDevice_getNamedVariableLists,declaration,LinkedList vmdScopeNVLs =,,connection->server->device,mms/iso_mms/server/mms_named_variable_list_service.c,622,LinkedList vmdScopeNVLs = MmsDevice_getNamedVariableLists(connection->server->device)
MmsDomain_addJournal,declaration,LIB61850_INTERNAL void,,"MmsDomain* self, const char* name",mms/inc_private/mms_device_model.h,56,"LIB61850_INTERNAL void MmsDomain_addJournal(MmsDomain* self, const char* name)"
MmsDomain_addJournal,definition,void,,"MmsDomain* self, const char* name",mms/iso_mms/server/mms_domain.c,55,"void MmsDomain_addJournal(MmsDomain* self, const char* name)"
MmsDomain_addNamedVariableList,declaration,LIB61850_INTERNAL bool,,"MmsDomain* self, MmsNamedVariableList variableList",mms/inc_private/mms_device_model.h,66,"LIB61850_INTERNAL bool MmsDomain_addNamedVariableList(MmsDomain* self, MmsNamedVariableList variableList)"
MmsDomain_addNamedVariableList,declaration,(unknown),,"domain, namedVariableList",mms/iso_mms/server/mms_named_variable_list_service.c,551,"MmsDomain_addNamedVariableList(domain, namedVariableList)"
MmsDomain_addNamedVariableList,definition,bool,,"MmsDomain* self, MmsNamedVariableList variableList",mms/iso_mms/server/mms_domain.c,87,"bool MmsDomain_addNamedVariableList(MmsDomain* self, MmsNamedVariableList variableList)"
MmsDomain_create,declaration,LIB61850_INTERNAL MmsDomain*,,char* domainName,mms/inc_private/mms_device_model.h,47,LIB61850_INTERNAL MmsDomain* MmsDomain_create(char* domainName)
MmsDomain_create,definition,MmsDomain*,,char* domainName,mms/iso_mms/server/mms_domain.c,14,MmsDomain* MmsDomain_create(char* domainName)
MmsDomain_createNamedVariableListValues,declaration,LIB61850_INTERNAL LinkedList,,"MmsDomain* self, char* variableListName",mms/inc_private/mms_device_model.h,83,"LIB61850_INTERNAL LinkedList MmsDomain_createNamedVariableListValues(MmsDomain* self, char* variableListName)"
MmsDomain_deleteNamedVariableList,declaration,LIB61850_INTERNAL void,,"MmsDomain* self, char* variableListName",mms/inc_private/mms_device_model.h,70,"LIB61850_INTERNAL void MmsDomain_deleteNamedVariableList(MmsDomain* self, char* variableListName)"
MmsDomain_deleteNamedVariableList,declaration,(unknown),,"domain, listName",mms/iso_mms/server/mms_named_variable_list_service.c,178,"MmsDomain_deleteNamedVariableList(domain, listName)"
MmsDomain_deleteNamedVariableList,definition,void,,"MmsDomain* self, char* variableListName",mms/iso_mms/server/mms_domain.c,109,"void MmsDomain_deleteNamedVariableList(MmsDomain* self, char* variableListName)"
MmsDomain_destroy,declaration,LIB61850_INTERNAL void,,MmsDomain* self,mms/inc_private/mms_device_model.h,62,LIB61850_INTERNAL void MmsDomain_destroy(MmsDomain* self)
MmsDomain_destroy,declaration,(unknown),,self->domains[i],mms/iso_mms/server/mms_device.c,24,MmsDomain_destroy(self->domains[i])
MmsDomain_destroy,definition,void,,MmsDomain* self,mms/iso_mms/server/mms_domain.c,28,void MmsDomain_destroy(MmsDomain* self)
MmsDomain_getJournal,declaration,LIB61850_INTERNAL MmsJournal,,"MmsDomain* self, const char* name",mms/inc_private/mms_device_model.h,59,"LIB61850_INTERNAL MmsJournal MmsDomain_getJournal(MmsDomain* self, const char* name)"
MmsDomain_getJournal,declaration,MmsJournal mmsJournal =,,"mmsDomain, logName",mms/iso_mms/server/mms_journal_service.c,454,"MmsJournal mmsJournal = MmsDomain_getJournal(mmsDomain, logName)"
MmsDomain_getJournal,definition,MmsJournal,,"MmsDomain* self, const char* name",mms/iso_mms/server/mms_domain.c,66,"MmsJournal MmsDomain_getJournal(MmsDomain* self, const char* name)"
MmsDomain_getName,declaration,LIB61850_INTERNAL char*,,MmsDomain* self,mms/inc_private/mms_device_model.h,53,LIB61850_INTERNAL char* MmsDomain_getName(MmsDomain* self)
MmsDomain_getName,declaration,char* variableDomainName =,,variableEntry->domain,mms/iso_mms/server/mms_named_variable_list_service.c,720,char* variableDomainName = MmsDomain_getName(variableEntry->domain)
MmsDomain_getName,definition,char*,,MmsDomain* self,mms/iso_mms/server/mms_domain.c,49,char* MmsDomain_getName(MmsDomain* self)
MmsDomain_getNamedVariable,declaration,LIB61850_INTERNAL MmsVariableSpecification*,,"MmsDomain* self, char* nameId",mms/inc_private/mms_device_model.h,86,"LIB61850_INTERNAL MmsVariableSpecification* MmsDomain_getNamedVariable(MmsDomain* self, char* nameId)"
MmsDomain_getNamedVariable,declaration,namedVariable =,,"domain, nameId",mms/iso_mms/server/mms_get_var_access_service.c,207,"namedVariable = MmsDomain_getNamedVariable(domain, nameId)"
MmsDomain_getNamedVariable,declaration,MmsVariableSpecification* variableSpec =,,"accessSpecifier->domain, accessSpecifier->variableName",mms/iso_mms/server/mms_named_variable_list_service.c,281,"MmsVariableSpecification* variableSpec = MmsDomain_getNamedVariable(accessSpecifier->domain, accessSpecifier->variableName)"
MmsDomain_getNamedVariable,declaration,MmsVariableSpecification* namedVariable =,,"domain, nameIdStr",mms/iso_mms/server/mms_read_service.c,564,"MmsVariableSpecification* namedVariable = MmsDomain_getNamedVariable(domain, nameIdStr)"
MmsDomain_getNamedVariable,declaration,MmsVariableSpecification* namedVariable =,,"variableDomain, variableName",mms/iso_mms/server/mms_read_service.c,720,"MmsVariableSpecification* namedVariable = MmsDomain_getNamedVariable(variableDomain, variableName)"
MmsDomain_getNamedVariable,declaration,MmsVariableSpecification* typeSpec =,,"self->domain, itemId",mms/iso_mms/server/mms_value_cache.c,35,"MmsVariableSpecification* typeSpec = MmsDomain_getNamedVariable(self->domain, itemId)"
MmsDomain_getNamedVariable,declaration,MmsVariableSpecification* typeSpec =,,"self->domain, parentId",mms/iso_mms/server/mms_value_cache.c,94,"MmsVariableSpecification* typeSpec = MmsDomain_getNamedVariable(self->domain, parentId)"
MmsDomain_getNamedVariable,declaration,MmsVariableSpecification* typeSpec =,,"self->domain, parentId",mms/iso_mms/server/mms_value_cache.c,159,"MmsVariableSpecification* typeSpec = MmsDomain_getNamedVariable(self->domain, parentId)"
MmsDomain_getNamedVariable,declaration,variable =,,"domain, nameIdStr",mms/iso_mms/server/mms_write_service.c,670,"variable = MmsDomain_getNamedVariable(domain, nameIdStr)"
MmsDomain_getNamedVariable,declaration,MmsVariableSpecification* namedVariable =,,"domain, nameIdStr",mms/iso_mms/server/mms_write_service.c,756,"MmsVariableSpecification* namedVariable = MmsDomain_getNamedVariable(domain, nameIdStr)"
MmsDomain_getNamedVariable,definition,MmsVariableSpecification*,,"MmsDomain* self, char* nameId",mms/iso_mms/server/mms_domain.c,121,"MmsVariableSpecification* MmsDomain_getNamedVariable(MmsDomain* self, char* nameId)"
MmsDomain_getNamedVariableList,declaration,LIB61850_INTERNAL MmsNamedVariableList,,"MmsDomain* self, const char* variableListName",mms/inc_private/mms_device_model.h,74,"LIB61850_INTERNAL MmsNamedVariableList MmsDomain_getNamedVariableList(MmsDomain* self, const char* variableListName)"
MmsDomain_getNamedVariableList,declaration,MmsNamedVariableList variableList =,,"domain, listName",mms/iso_mms/server/mms_named_variable_list_service.c,166,"MmsNamedVariableList variableList = MmsDomain_getNamedVariableList(domain, listName)"
MmsDomain_getNamedVariableList,declaration,MmsNamedVariableList varList =,,"domain, itemName",mms/iso_mms/server/mms_named_variable_list_service.c,801,"MmsNamedVariableList varList = MmsDomain_getNamedVariableList(domain, itemName)"
MmsDomain_getNamedVariableList,declaration,MmsNamedVariableList namedList =,,"domain, nameIdStr",mms/iso_mms/server/mms_read_service.c,774,"MmsNamedVariableList namedList = MmsDomain_getNamedVariableList(domain, nameIdStr)"
MmsDomain_getNamedVariableList,declaration,MmsNamedVariableList namedList =,,"domain, nameIdStr",mms/iso_mms/server/mms_write_service.c,417,"MmsNamedVariableList namedList = MmsDomain_getNamedVariableList(domain, nameIdStr)"
MmsDomain_getNamedVariableList,definition,MmsNamedVariableList,,"MmsDomain* self, const char* variableListName",mms/iso_mms/server/mms_domain.c,95,"MmsNamedVariableList MmsDomain_getNamedVariableList(MmsDomain* self, const char* variableListName)"
MmsDomain_getNamedVariableListValues,declaration,LIB61850_INTERNAL LinkedList,,"MmsDomain* self, char* variableListName",mms/inc_private/mms_device_model.h,80,"LIB61850_INTERNAL LinkedList MmsDomain_getNamedVariableListValues(MmsDomain* self, char* variableListName)"
MmsDomain_getNamedVariableLists,declaration,LIB61850_INTERNAL LinkedList,,MmsDomain* self,mms/inc_private/mms_device_model.h,77,LIB61850_INTERNAL LinkedList MmsDomain_getNamedVariableLists(MmsDomain* self)
MmsDomain_getNamedVariableLists,declaration,LinkedList variableLists =,,domain,mms/iso_mms/server/mms_get_namelist_service.c,339,LinkedList variableLists = MmsDomain_getNamedVariableLists(domain)
MmsDomain_getNamedVariableLists,definition,LinkedList,,MmsDomain* self,mms/iso_mms/server/mms_domain.c,115,LinkedList MmsDomain_getNamedVariableLists(MmsDomain* self)
MmsError_toString,declaration,LIB61850_API const char*,,MmsError err,mms/inc/mms_value.h,436,LIB61850_API const char* MmsError_toString(MmsError err)
MmsError_toString,definition,char*,const,MmsError err,mms/iso_mms/common/mms_value.c,2316,const char* MmsError_toString(MmsError err)
MmsJournalEntry_destroy,declaration,LIB61850_API void,,MmsJournalEntry self,mms/inc/mms_client_connection.h,599,LIB61850_API void MmsJournalEntry_destroy(MmsJournalEntry self)
MmsJournalEntry_destroy,declaration,exit_error:,,journalEntry,mms/iso_mms/client/mms_client_journals.c,341,exit_error: MmsJournalEntry_destroy(journalEntry)
MmsJournalEntry_destroy,definition,void,,MmsJournalEntry self,mms/iso_mms/client/mms_client_connection.c,3550,void MmsJournalEntry_destroy(MmsJournalEntry self)
MmsJournalEntry_getEntryID,declaration,LIB61850_API MmsValue*,,MmsJournalEntry self,mms/inc/mms_client_connection.h,603,LIB61850_API MmsValue* MmsJournalEntry_getEntryID(MmsJournalEntry self)
MmsJournalEntry_getEntryID,definition,MmsValue*,,MmsJournalEntry self,mms/iso_mms/client/mms_client_connection.c,3564,MmsValue* MmsJournalEntry_getEntryID(MmsJournalEntry self)
MmsJournalEntry_getJournalVariables,declaration,LIB61850_API LinkedList,,MmsJournalEntry self,mms/inc/mms_client_connection.h,609,LIB61850_API LinkedList MmsJournalEntry_getJournalVariables(MmsJournalEntry self)
MmsJournalEntry_getJournalVariables,definition,LinkedList,,MmsJournalEntry self,mms/iso_mms/client/mms_client_connection.c,3576,LinkedList MmsJournalEntry_getJournalVariables(MmsJournalEntry self)
MmsJournalEntry_getOccurenceTime,declaration,LIB61850_API MmsValue*,,MmsJournalEntry self,mms/inc/mms_client_connection.h,606,LIB61850_API MmsValue* MmsJournalEntry_getOccurenceTime(MmsJournalEntry self)
MmsJournalEntry_getOccurenceTime,definition,MmsValue*,,MmsJournalEntry self,mms/iso_mms/client/mms_client_connection.c,3570,MmsValue* MmsJournalEntry_getOccurenceTime(MmsJournalEntry self)
MmsJournalVariable_destroy,definition,void,static,MmsJournalVariable self,mms/iso_mms/client/mms_client_connection.c,3539,static void MmsJournalVariable_destroy(MmsJournalVariable self)
MmsJournalVariable_getTag,declaration,LIB61850_API const char*,,MmsJournalVariable self,mms/inc/mms_client_connection.h,612,LIB61850_API const char* MmsJournalVariable_getTag(MmsJournalVariable self)
MmsJournalVariable_getTag,definition,char*,const,MmsJournalVariable self,mms/iso_mms/client/mms_client_connection.c,3582,const char* MmsJournalVariable_getTag(MmsJournalVariable self)
MmsJournalVariable_getValue,declaration,LIB61850_API MmsValue*,,MmsJournalVariable self,mms/inc/mms_client_connection.h,615,LIB61850_API MmsValue* MmsJournalVariable_getValue(MmsJournalVariable self)
MmsJournalVariable_getValue,definition,MmsValue*,,MmsJournalVariable self,mms/iso_mms/client/mms_client_connection.c,3588,MmsValue* MmsJournalVariable_getValue(MmsJournalVariable self)
MmsJournal_create,declaration,LIB61850_INTERNAL MmsJournal,,const char* name,mms/inc_private/mms_device_model.h,112,LIB61850_INTERNAL MmsJournal MmsJournal_create(const char* name)
MmsJournal_create,declaration,MmsJournal journal =,,name,mms/iso_mms/server/mms_domain.c,61,MmsJournal journal = MmsJournal_create(name)
MmsJournal_destroy,declaration,LIB61850_INTERNAL void,,MmsJournal self,mms/inc_private/mms_device_model.h,115,LIB61850_INTERNAL void MmsJournal_destroy(MmsJournal self)
MmsJournal_destroy,definition,void,,MmsJournal self,mms/iso_mms/server/mms_journal.c,22,void MmsJournal_destroy(MmsJournal self)
MmsNamedVariableListEntry_create,declaration,LIB61850_INTERNAL MmsNamedVariableListEntry,,MmsAccessSpecifier accessSpecifier,mms/inc_private/mms_named_variable_list.h,21,LIB61850_INTERNAL MmsNamedVariableListEntry MmsNamedVariableListEntry_create(MmsAccessSpecifier accessSpecifier)
MmsNamedVariableListEntry_create,declaration,MmsNamedVariableListEntry variable =,,accessSpecifier,mms/iso_mms/server/mms_named_variable_list_service.c,428,MmsNamedVariableListEntry variable = MmsNamedVariableListEntry_create(accessSpecifier)
MmsNamedVariableListEntry_destroy,declaration,LIB61850_INTERNAL void,,MmsNamedVariableListEntry self,mms/inc_private/mms_named_variable_list.h,24,LIB61850_INTERNAL void MmsNamedVariableListEntry_destroy(MmsNamedVariableListEntry self)
MmsNamedVariableListEntry_destroy,declaration,(unknown),,entry,mms/iso_mms/server/mms_named_variable_list.c,102,MmsNamedVariableListEntry_destroy(entry)
MmsNamedVariableListEntry_destroy,definition,void,,MmsNamedVariableListEntry self,mms/iso_mms/server/mms_named_variable_list.c,25,void MmsNamedVariableListEntry_destroy(MmsNamedVariableListEntry self)
MmsNamedVariableListEntry_getDomain,declaration,LIB61850_INTERNAL MmsDomain*,,MmsNamedVariableListEntry self,mms/inc_private/mms_named_variable_list.h,27,LIB61850_INTERNAL MmsDomain* MmsNamedVariableListEntry_getDomain(MmsNamedVariableListEntry self)
MmsNamedVariableListEntry_getDomain,declaration,MmsDomain* variableDomain =,,variableListEntry,mms/iso_mms/server/mms_read_service.c,717,MmsDomain* variableDomain = MmsNamedVariableListEntry_getDomain(variableListEntry)
MmsNamedVariableListEntry_getDomain,declaration,MmsDomain* variableDomain =,,variableListEntry,mms/iso_mms/server/mms_write_service.c,348,MmsDomain* variableDomain = MmsNamedVariableListEntry_getDomain(variableListEntry)
MmsNamedVariableListEntry_getDomain,definition,MmsDomain*,,MmsNamedVariableListEntry self,mms/iso_mms/server/mms_named_variable_list.c,39,MmsDomain* MmsNamedVariableListEntry_getDomain(MmsNamedVariableListEntry self)
MmsNamedVariableListEntry_getVariableName,declaration,LIB61850_INTERNAL char*,,MmsNamedVariableListEntry self,mms/inc_private/mms_named_variable_list.h,30,LIB61850_INTERNAL char* MmsNamedVariableListEntry_getVariableName(MmsNamedVariableListEntry self)
MmsNamedVariableListEntry_getVariableName,declaration,char* variableName =,,variableListEntry,mms/iso_mms/server/mms_read_service.c,719,char* variableName = MmsNamedVariableListEntry_getVariableName(variableListEntry)
MmsNamedVariableListEntry_getVariableName,declaration,char* variableName =,,variableListEntry,mms/iso_mms/server/mms_write_service.c,350,char* variableName = MmsNamedVariableListEntry_getVariableName(variableListEntry)
MmsNamedVariableListEntry_getVariableName,definition,char*,,MmsNamedVariableListEntry self,mms/iso_mms/server/mms_named_variable_list.c,45,char* MmsNamedVariableListEntry_getVariableName(MmsNamedVariableListEntry self)
MmsNamedVariableList_addVariable,declaration,LIB61850_INTERNAL void,,"MmsNamedVariableList self, MmsNamedVariableListEntry variable",mms/inc_private/mms_named_variable_list.h,45,"LIB61850_INTERNAL void MmsNamedVariableList_addVariable(MmsNamedVariableList self, MmsNamedVariableListEntry variable)"
MmsNamedVariableList_addVariable,declaration,(unknown),,"namedVariableList, variable",mms/iso_mms/server/mms_named_variable_list_service.c,430,"MmsNamedVariableList_addVariable(namedVariableList, variable)"
MmsNamedVariableList_addVariable,definition,void,,"MmsNamedVariableList self, MmsNamedVariableListEntry variable",mms/iso_mms/server/mms_named_variable_list.c,85,"void MmsNamedVariableList_addVariable(MmsNamedVariableList self, MmsNamedVariableListEntry variable)"
MmsNamedVariableList_create,declaration,LIB61850_INTERNAL MmsNamedVariableList,,"MmsDomain* domain, char* name, bool deletable",mms/inc_private/mms_named_variable_list.h,33,"LIB61850_INTERNAL MmsNamedVariableList MmsNamedVariableList_create(MmsDomain* domain, char* name, bool deletable)"
MmsNamedVariableList_create,declaration,namedVariableList =,,"domain, variableListName, true",mms/iso_mms/server/mms_named_variable_list_service.c,330,"namedVariableList = MmsNamedVariableList_create(domain, variableListName, true)"
MmsNamedVariableList_create,definition,MmsNamedVariableList,,"MmsDomain* domain, char* name, bool deletable",mms/iso_mms/server/mms_named_variable_list.c,51,"MmsNamedVariableList MmsNamedVariableList_create(MmsDomain* domain, char* name, bool deletable)"
MmsNamedVariableList_destroy,declaration,LIB61850_INTERNAL void,,MmsNamedVariableList self,mms/inc_private/mms_named_variable_list.h,51,LIB61850_INTERNAL void MmsNamedVariableList_destroy(MmsNamedVariableList self)
MmsNamedVariableList_destroy,declaration,(unknown),,namedVariableList,mms/iso_mms/server/mms_named_variable_list_service.c,351,MmsNamedVariableList_destroy(namedVariableList)
MmsNamedVariableList_destroy,declaration,(unknown),,namedVariableList,mms/iso_mms/server/mms_named_variable_list_service.c,392,MmsNamedVariableList_destroy(namedVariableList)
MmsNamedVariableList_destroy,declaration,(unknown),,namedVariableList,mms/iso_mms/server/mms_named_variable_list_service.c,437,MmsNamedVariableList_destroy(namedVariableList)
MmsNamedVariableList_destroy,declaration,(unknown),,namedVariableList,mms/iso_mms/server/mms_named_variable_list_service.c,446,MmsNamedVariableList_destroy(namedVariableList)
MmsNamedVariableList_destroy,declaration,(unknown),,namedVariableList,mms/iso_mms/server/mms_named_variable_list_service.c,556,MmsNamedVariableList_destroy(namedVariableList)
MmsNamedVariableList_destroy,declaration,(unknown),,namedVariableList,mms/iso_mms/server/mms_named_variable_list_service.c,609,MmsNamedVariableList_destroy(namedVariableList)
MmsNamedVariableList_destroy,declaration,(unknown),,namedVariableList,mms/iso_mms/server/mms_named_variable_list_service.c,660,MmsNamedVariableList_destroy(namedVariableList)
MmsNamedVariableList_destroy,declaration,(unknown),,varList,mms/iso_mms/server/mms_server_common.c,421,MmsNamedVariableList_destroy(varList)
MmsNamedVariableList_destroy,definition,void,,MmsNamedVariableList self,mms/iso_mms/server/mms_named_variable_list.c,104,void MmsNamedVariableList_destroy(MmsNamedVariableList self)
MmsNamedVariableList_getDomain,declaration,LIB61850_INTERNAL MmsDomain*,,MmsNamedVariableList self,mms/inc_private/mms_named_variable_list.h,39,LIB61850_INTERNAL MmsDomain* MmsNamedVariableList_getDomain(MmsNamedVariableList self)
MmsNamedVariableList_getDomain,definition,MmsDomain*,,MmsNamedVariableList self,mms/iso_mms/server/mms_named_variable_list.c,67,MmsDomain* MmsNamedVariableList_getDomain(MmsNamedVariableList self)
MmsNamedVariableList_getName,declaration,LIB61850_INTERNAL char*,,MmsNamedVariableList self,mms/inc_private/mms_named_variable_list.h,36,LIB61850_INTERNAL char* MmsNamedVariableList_getName(MmsNamedVariableList self)
MmsNamedVariableList_getName,definition,char*,,MmsNamedVariableList self,mms/iso_mms/server/mms_named_variable_list.c,73,char* MmsNamedVariableList_getName(MmsNamedVariableList self)
MmsNamedVariableList_getVariableList,declaration,LIB61850_INTERNAL LinkedList,,MmsNamedVariableList self,mms/inc_private/mms_named_variable_list.h,48,LIB61850_INTERNAL LinkedList MmsNamedVariableList_getVariableList(MmsNamedVariableList self)
MmsNamedVariableList_getVariableList,declaration,LinkedList variables =,,variableList,mms/iso_mms/server/mms_named_variable_list_service.c,694,LinkedList variables = MmsNamedVariableList_getVariableList(variableList)
MmsNamedVariableList_getVariableList,declaration,LinkedList variables =,,namedList,mms/iso_mms/server/mms_read_service.c,710,LinkedList variables = MmsNamedVariableList_getVariableList(namedList)
MmsNamedVariableList_getVariableList,declaration,LinkedList variables =,,namedList,mms/iso_mms/server/mms_write_service.c,326,LinkedList variables = MmsNamedVariableList_getVariableList(namedList)
MmsNamedVariableList_getVariableList,definition,LinkedList,,MmsNamedVariableList self,mms/iso_mms/server/mms_named_variable_list.c,91,LinkedList MmsNamedVariableList_getVariableList(MmsNamedVariableList self)
MmsNamedVariableList_isDeletable,declaration,LIB61850_INTERNAL bool,,MmsNamedVariableList self,mms/inc_private/mms_named_variable_list.h,42,LIB61850_INTERNAL bool MmsNamedVariableList_isDeletable(MmsNamedVariableList self)
MmsNamedVariableList_isDeletable,declaration,varListResponse->mmsDeletable =,,variableList,mms/iso_mms/server/mms_named_variable_list_service.c,692,varListResponse->mmsDeletable = MmsNamedVariableList_isDeletable(variableList)
MmsNamedVariableList_isDeletable,definition,bool,,MmsNamedVariableList self,mms/iso_mms/server/mms_named_variable_list.c,79,bool MmsNamedVariableList_isDeletable(MmsNamedVariableList self)
MmsServerConnection_addNamedVariableList,declaration,LIB61850_INTERNAL bool,,"MmsServerConnection self, MmsNamedVariableList variableList",mms/inc_private/mms_server_connection.h,32,"LIB61850_INTERNAL bool MmsServerConnection_addNamedVariableList(MmsServerConnection self, MmsNamedVariableList variableList)"
MmsServerConnection_addNamedVariableList,declaration,(unknown),,"connection, namedVariableList",mms/iso_mms/server/mms_named_variable_list_service.c,604,"MmsServerConnection_addNamedVariableList(connection, namedVariableList)"
MmsServerConnection_deleteNamedVariableList,declaration,LIB61850_INTERNAL void,,"MmsServerConnection self, char* listName",mms/inc_private/mms_server_connection.h,41,"LIB61850_INTERNAL void MmsServerConnection_deleteNamedVariableList(MmsServerConnection self, char* listName)"
MmsServerConnection_deleteNamedVariableList,declaration,(unknown),,"connection, listName",mms/iso_mms/server/mms_named_variable_list_service.c,205,"MmsServerConnection_deleteNamedVariableList(connection, listName)"
MmsServerConnection_deleteNamedVariableList,definition,void,,"MmsServerConnection self, char* listName",mms/iso_mms/server/mms_server_connection.c,827,"void MmsServerConnection_deleteNamedVariableList(MmsServerConnection self, char* listName)"
MmsServerConnection_destroy,declaration,LIB61850_INTERNAL void,,MmsServerConnection connection,mms/inc_private/mms_server_connection.h,23,LIB61850_INTERNAL void MmsServerConnection_destroy(MmsServerConnection connection)
MmsServerConnection_destroy,declaration,(unknown),,connection,mms/iso_mms/server/mms_server.c,427,MmsServerConnection_destroy(connection)
MmsServerConnection_destroy,definition,void,,MmsServerConnection self,mms/iso_mms/server/mms_server_connection.c,784,void MmsServerConnection_destroy(MmsServerConnection self)
MmsServerConnection_getClientAddress,declaration,LIB61850_INTERNAL char*,,MmsServerConnection self,mms/inc/mms_server.h,187,LIB61850_INTERNAL char* MmsServerConnection_getClientAddress(MmsServerConnection self)
MmsServerConnection_getFilesystemBasepath,declaration,LIB61850_INTERNAL const char*,,MmsServerConnection self,mms/inc_private/mms_server_connection.h,78,LIB61850_INTERNAL const char* MmsServerConnection_getFilesystemBasepath(MmsServerConnection self)
MmsServerConnection_getLastInvokeId,declaration,LIB61850_INTERNAL uint32_t,,MmsServerConnection self,mms/inc_private/mms_server_connection.h,72,LIB61850_INTERNAL uint32_t MmsServerConnection_getLastInvokeId(MmsServerConnection self)
MmsServerConnection_getLocalAddress,declaration,LIB61850_INTERNAL char*,,MmsServerConnection self,mms/inc/mms_server.h,190,LIB61850_INTERNAL char* MmsServerConnection_getLocalAddress(MmsServerConnection self)
MmsServerConnection_getLocalAddress,definition,char*,,MmsServerConnection self,mms/iso_mms/server/mms_server_connection.c,846,char* MmsServerConnection_getLocalAddress(MmsServerConnection self)
MmsServerConnection_getMaxMmsPduSize,declaration,LIB61850_INTERNAL int,,MmsServerConnection self,mms/inc_private/mms_server_connection.h,26,LIB61850_INTERNAL int MmsServerConnection_getMaxMmsPduSize(MmsServerConnection self)
MmsServerConnection_getMaxMmsPduSize,definition,int,,MmsServerConnection self,mms/iso_mms/server/mms_server_connection.c,804,int MmsServerConnection_getMaxMmsPduSize(MmsServerConnection self)
MmsServerConnection_getNamedVariableList,declaration,LIB61850_INTERNAL MmsNamedVariableList,,"MmsServerConnection self, const char* variableListName",mms/inc_private/mms_server_connection.h,35,"LIB61850_INTERNAL MmsNamedVariableList MmsServerConnection_getNamedVariableList(MmsServerConnection self, const char* variableListName)"
MmsServerConnection_getNamedVariableList,declaration,MmsNamedVariableList variableList =,,"connection, listName",mms/iso_mms/server/mms_named_variable_list_service.c,193,"MmsNamedVariableList variableList = MmsServerConnection_getNamedVariableList(connection, listName)"
MmsServerConnection_getNamedVariableList,declaration,MmsNamedVariableList varList =,,"connection, listName",mms/iso_mms/server/mms_named_variable_list_service.c,843,"MmsNamedVariableList varList = MmsServerConnection_getNamedVariableList(connection, listName)"
MmsServerConnection_getNamedVariableList,declaration,MmsNamedVariableList namedList =,,"connection, listName",mms/iso_mms/server/mms_read_service.c,843,"MmsNamedVariableList namedList = MmsServerConnection_getNamedVariableList(connection, listName)"
MmsServerConnection_getNamedVariableList,declaration,MmsNamedVariableList namedList =,,"connection, listName",mms/iso_mms/server/mms_write_service.c,479,"MmsNamedVariableList namedList = MmsServerConnection_getNamedVariableList(connection, listName)"
MmsServerConnection_getNamedVariableList,definition,MmsNamedVariableList,,"MmsServerConnection self, const char* variableListName",mms/iso_mms/server/mms_server_connection.c,833,"MmsNamedVariableList MmsServerConnection_getNamedVariableList(MmsServerConnection self, const char* variableListName)"
MmsServerConnection_getNamedVariableLists,declaration,LIB61850_INTERNAL LinkedList,,MmsServerConnection self,mms/inc_private/mms_server_connection.h,38,LIB61850_INTERNAL LinkedList MmsServerConnection_getNamedVariableLists(MmsServerConnection self)
MmsServerConnection_getNamedVariableLists,declaration,LinkedList variableLists =,,connection,mms/iso_mms/server/mms_get_namelist_service.c,367,LinkedList variableLists = MmsServerConnection_getNamedVariableLists(connection)
MmsServerConnection_getNextRequestInvokeId,declaration,LIB61850_INTERNAL uint32_t,,MmsServerConnection self,mms/inc_private/mms_server_connection.h,75,LIB61850_INTERNAL uint32_t MmsServerConnection_getNextRequestInvokeId(MmsServerConnection self)
MmsServerConnection_getNextRequestInvokeId,declaration,task->lastRequestInvokeId =,,task->connection,mms/iso_mms/server/mms_file_service.c,456,task->lastRequestInvokeId = MmsServerConnection_getNextRequestInvokeId(task->connection)
MmsServerConnection_getNextRequestInvokeId,declaration,task->lastRequestInvokeId =,,task->connection,mms/iso_mms/server/mms_file_service.c,488,task->lastRequestInvokeId = MmsServerConnection_getNextRequestInvokeId(task->connection)
MmsServerConnection_getNextRequestInvokeId,declaration,task->lastRequestInvokeId =,,connection,mms/iso_mms/server/mms_file_service.c,750,task->lastRequestInvokeId = MmsServerConnection_getNextRequestInvokeId(connection)
MmsServerConnection_getSecurityToken,declaration,LIB61850_INTERNAL void*,,MmsServerConnection self,mms/inc/mms_server.h,193,LIB61850_INTERNAL void* MmsServerConnection_getSecurityToken(MmsServerConnection self)
MmsServerConnection_getSecurityToken,definition,void*,,MmsServerConnection self,mms/iso_mms/server/mms_server_connection.c,852,void* MmsServerConnection_getSecurityToken(MmsServerConnection self)
MmsServerConnection_getServer,declaration,LIB61850_INTERNAL MmsServer,,MmsServerConnection self,mms/inc_private/mms_server_connection.h,81,LIB61850_INTERNAL MmsServer MmsServerConnection_getServer(MmsServerConnection self)
MmsServerConnection_getServer,definition,MmsServer,,MmsServerConnection self,mms/iso_mms/server/mms_server_connection.c,894,MmsServer MmsServerConnection_getServer(MmsServerConnection self)
MmsServerConnection_init,declaration,MmsServerConnection mmsCon =,,"0, self, connection",mms/iso_mms/server/mms_server.c,644,"MmsServerConnection mmsCon = MmsServerConnection_init(0, self, connection)"
MmsServerConnection_init,definition,MmsServerConnection,,"MmsServerConnection connection, MmsServer server, IsoConnection isoCon",mms/iso_mms/server/mms_server_connection.c,747,"MmsServerConnection MmsServerConnection_init(MmsServerConnection connection, MmsServer server, IsoConnection isoCon)"
MmsServerConnection_parseMessage,declaration,(unknown),,"self, message, response",mms/iso_mms/server/mms_server_connection.c,736,"MmsServerConnection_parseMessage(self, message, response)"
MmsServerConnection_sendInformationReportListOfVariables,declaration,LIB61850_INTERNAL void,,"MmsServerConnection self, LinkedList variableAccessDeclarations, LinkedList values, bool handlerMode",mms/inc_private/mms_server_connection.h,55,"LIB61850_INTERNAL void MmsServerConnection_sendInformationReportListOfVariables( MmsServerConnection self, LinkedList variableAccessDeclarations, LinkedList values, bool handlerMode )"
MmsServerConnection_sendInformationReportListOfVariables,definition,void,,"MmsServerConnection self, LinkedList variableAccessDeclarations, LinkedList values, bool handlerMode",mms/iso_mms/server/mms_information_report.c,79,"void MmsServerConnection_sendInformationReportListOfVariables( MmsServerConnection self, LinkedList variableAccessDeclarations, LinkedList values, bool handlerMode )"
MmsServerConnection_sendInformationReportSingleVariableVMDSpecific,declaration,LIB61850_INTERNAL void,,"MmsServerConnection self, char* itemId, MmsValue* value, bool handlerMode",mms/inc_private/mms_server_connection.h,44,"LIB61850_INTERNAL void MmsServerConnection_sendInformationReportSingleVariableVMDSpecific(MmsServerConnection self, char* itemId, MmsValue* value, bool handlerMode)"
MmsServerConnection_sendInformationReportVMDSpecific,declaration,LIB61850_INTERNAL void,,"MmsServerConnection self, char* itemId, LinkedList values , bool handlerMode",mms/inc_private/mms_server_connection.h,49,"LIB61850_INTERNAL void MmsServerConnection_sendInformationReportVMDSpecific(MmsServerConnection self, char* itemId, LinkedList values , bool handlerMode)"
MmsServerConnection_sendInformationReportVMDSpecific,definition,void,,"MmsServerConnection self, char* itemId, LinkedList values, bool handlerMode",mms/iso_mms/server/mms_information_report.c,227,"void MmsServerConnection_sendInformationReportVMDSpecific(MmsServerConnection self, char* itemId, LinkedList values, bool handlerMode)"
MmsServerConnection_sendMessage,declaration,LIB61850_INTERNAL bool,,"MmsServerConnection self, ByteBuffer* message",mms/inc_private/mms_server_connection.h,29,"LIB61850_INTERNAL bool MmsServerConnection_sendMessage(MmsServerConnection self, ByteBuffer* message)"
MmsServerConnection_sendMessage,definition,bool,,"MmsServerConnection self, ByteBuffer* message",mms/iso_mms/server/mms_server_connection.c,810,"bool MmsServerConnection_sendMessage(MmsServerConnection self, ByteBuffer* message)"
MmsServerConnection_sendReadResponse,declaration,LIB61850_INTERNAL void,,"MmsServerConnection self, uint32_t invokeId, LinkedList values, bool handlerMode",mms/inc_private/mms_server_connection.h,68,"LIB61850_INTERNAL void MmsServerConnection_sendReadResponse(MmsServerConnection self, uint32_t invokeId, LinkedList values, bool handlerMode)"
MmsServerConnection_sendReadResponse,definition,void,,"MmsServerConnection self, uint32_t invokeId, LinkedList values, bool handlerMode",mms/iso_mms/server/mms_read_service.c,944,"void MmsServerConnection_sendReadResponse(MmsServerConnection self, uint32_t invokeId, LinkedList values, bool handlerMode)"
MmsServerConnection_sendWriteResponse,declaration,LIB61850_INTERNAL void,,"MmsServerConnection self, uint32_t invokeId, MmsDataAccessError indication, bool handlerMode",mms/inc_private/mms_server_connection.h,64,"LIB61850_INTERNAL void MmsServerConnection_sendWriteResponse(MmsServerConnection self, uint32_t invokeId, MmsDataAccessError indication, bool handlerMode)"
MmsServerConnection_sendWriteResponse,definition,void,,"MmsServerConnection self, uint32_t invokeId, MmsDataAccessError indication, bool handlerMode",mms/iso_mms/server/mms_write_service.c,74,"void MmsServerConnection_sendWriteResponse(MmsServerConnection self, uint32_t invokeId, MmsDataAccessError indication, bool handlerMode)"
MmsServerIdentity_destroy,declaration,LIB61850_API void,,MmsServerIdentity* self,mms/inc/mms_client_connection.h,489,LIB61850_API void MmsServerIdentity_destroy(MmsServerIdentity* self)
MmsServerIdentity_destroy,definition,void,,MmsServerIdentity* self,mms/iso_mms/client/mms_client_connection.c,4922,void MmsServerIdentity_destroy(MmsServerIdentity* self)
MmsServer_abortConnection,declaration,LIB61850_INTERNAL bool,,"MmsServer self, MmsServerConnection con",mms/inc/mms_server.h,199,"LIB61850_INTERNAL bool MmsServer_abortConnection(MmsServer self, MmsServerConnection con)"
MmsServer_abortConnection,definition,bool,,"MmsServer self, MmsServerConnection con",mms/iso_mms/server/mms_server.c,907,"bool MmsServer_abortConnection(MmsServer self, MmsServerConnection con)"
MmsServer_addAP,declaration,LIB61850_INTERNAL bool,,"MmsServer self, const char* ipAddr, int tcpPort, TLSConfiguration tlsConfiguration",mms/inc_private/mms_server_libinternal.h,29,"LIB61850_INTERNAL bool MmsServer_addAP(MmsServer self, const char* ipAddr, int tcpPort, TLSConfiguration tlsConfiguration)"
MmsServer_addAP,declaration,(unknown),,"self, NULL, -1, NULL",mms/iso_mms/server/mms_server.c,148,"MmsServer_addAP(self, NULL, -1, NULL)"
MmsServer_addAP,declaration,(unknown),,"self, NULL, -1, NULL",mms/iso_mms/server/mms_server.c,201,"MmsServer_addAP(self, NULL, -1, NULL)"
MmsServer_addAP,declaration,(unknown),,"self, NULL, -1, NULL",mms/iso_mms/server/mms_server.c,690,"MmsServer_addAP(self, NULL, -1, NULL)"
MmsServer_addAP,declaration,(unknown),,"self, NULL, -1, NULL",mms/iso_mms/server/mms_server.c,737,"MmsServer_addAP(self, NULL, -1, NULL)"
MmsServer_addAP,definition,bool,,"MmsServer self, const char* ipAddr, int tcpPort, TLSConfiguration tlsConfiguration",mms/iso_mms/server/mms_server.c,119,"bool MmsServer_addAP(MmsServer self, const char* ipAddr, int tcpPort, TLSConfiguration tlsConfiguration)"
MmsServer_callConnectionHandler,declaration,LIB61850_INTERNAL void,,"MmsServer self, MmsServerConnection connection",mms/inc_private/mms_server_internal.h,218,"LIB61850_INTERNAL void MmsServer_callConnectionHandler(MmsServer self, MmsServerConnection connection)"
MmsServer_callConnectionHandler,declaration,(unknown),,"self->server, self",mms/iso_mms/server/mms_server_connection.c,744,"MmsServer_callConnectionHandler(self->server, self)"
MmsServer_callConnectionHandler,definition,void,,"MmsServer self, MmsServerConnection connection",mms/iso_mms/server/mms_server.c,861,"void MmsServer_callConnectionHandler(MmsServer self, MmsServerConnection connection)"
MmsServer_create,declaration,LIB61850_INTERNAL MmsServer,,"MmsDevice* device, TLSConfiguration tlsConfiguration",mms/inc_private/mms_server_libinternal.h,23,"LIB61850_INTERNAL MmsServer MmsServer_create(MmsDevice* device, TLSConfiguration tlsConfiguration)"
MmsServer_create,definition,MmsServer,,"MmsDevice* device, TLSConfiguration tlsConfiguration",mms/iso_mms/server/mms_server.c,28,"MmsServer MmsServer_create(MmsDevice* device, TLSConfiguration tlsConfiguration)"
MmsServer_destroy,declaration,LIB61850_INTERNAL void,,MmsServer self,mms/inc_private/mms_server_libinternal.h,26,LIB61850_INTERNAL void MmsServer_destroy(MmsServer self)
MmsServer_destroy,declaration,exit_error:,,self,mms/iso_mms/server/mms_server.c,112,exit_error: MmsServer_destroy(self)
MmsServer_destroy,definition,void,,MmsServer self,mms/iso_mms/server/mms_server.c,436,void MmsServer_destroy(MmsServer self)
MmsServer_enableDynamicNamedVariableListService,declaration,LIB61850_INTERNAL void,,"MmsServer self, bool enable",mms/inc/mms_server.h,114,"LIB61850_INTERNAL void MmsServer_enableDynamicNamedVariableListService(MmsServer self, bool enable)"
MmsServer_enableDynamicNamedVariableListService,definition,void,,"MmsServer self, bool enable",mms/iso_mms/server/mms_server.c,222,"void MmsServer_enableDynamicNamedVariableListService(MmsServer self, bool enable)"
MmsServer_enableFileService,declaration,LIB61850_INTERNAL void,,"MmsServer self, bool enable",mms/inc/mms_server.h,110,"LIB61850_INTERNAL void MmsServer_enableFileService(MmsServer self, bool enable)"
MmsServer_enableFileService,definition,void,,"MmsServer self, bool enable",mms/iso_mms/server/mms_server.c,216,"void MmsServer_enableFileService(MmsServer self, bool enable)"
MmsServer_enableJournalService,declaration,LIB61850_INTERNAL void,,"MmsServer self, bool enable",mms/inc/mms_server.h,130,"LIB61850_INTERNAL void MmsServer_enableJournalService(MmsServer self, bool enable)"
MmsServer_enableJournalService,definition,void,,"MmsServer self, bool enable",mms/iso_mms/server/mms_server.c,234,"void MmsServer_enableJournalService(MmsServer self, bool enable)"
MmsServer_getConnectionCounter,declaration,LIB61850_INTERNAL int,,MmsServer self,mms/inc_private/mms_server_libinternal.h,110,LIB61850_INTERNAL int MmsServer_getConnectionCounter(MmsServer self)
MmsServer_getConnectionCounter,definition,int,,MmsServer self,mms/iso_mms/server/mms_server.c,839,int MmsServer_getConnectionCounter(MmsServer self)
MmsServer_getDevice,declaration,LIB61850_INTERNAL MmsDevice*,,MmsServer self,mms/inc_private/mms_server_libinternal.h,55,LIB61850_INTERNAL MmsDevice* MmsServer_getDevice(MmsServer self)
MmsServer_getDevice,declaration,MmsDevice* device =,,connection->server,mms/iso_mms/server/mms_get_namelist_service.c,27,MmsDevice* device = MmsServer_getDevice(connection->server)
MmsServer_getDevice,declaration,MmsDevice* device =,,connection->server,mms/iso_mms/server/mms_get_namelist_service.c,47,MmsDevice* device = MmsServer_getDevice(connection->server)
MmsServer_getDevice,declaration,MmsDevice* device =,,connection->server,mms/iso_mms/server/mms_get_namelist_service.c,180,MmsDevice* device = MmsServer_getDevice(connection->server)
MmsServer_getDevice,declaration,MmsDevice* device =,,connection->server,mms/iso_mms/server/mms_get_namelist_service.c,224,MmsDevice* device = MmsServer_getDevice(connection->server)
MmsServer_getDevice,declaration,MmsDevice* device =,,connection->server,mms/iso_mms/server/mms_get_namelist_service.c,322,MmsDevice* device = MmsServer_getDevice(connection->server)
MmsServer_getDevice,declaration,MmsDevice* device =,,connection->server,mms/iso_mms/server/mms_get_namelist_service.c,351,MmsDevice* device = MmsServer_getDevice(connection->server)
MmsServer_getDevice,declaration,MmsDevice* device =,,connection->server,mms/iso_mms/server/mms_get_var_access_service.c,191,MmsDevice* device = MmsServer_getDevice(connection->server)
MmsServer_getDevice,declaration,MmsDevice* mmsDevice =,,connection->server,mms/iso_mms/server/mms_journal_service.c,437,MmsDevice* mmsDevice = MmsServer_getDevice(connection->server)
MmsServer_getDevice,declaration,MmsDevice* device =,,connection->server,mms/iso_mms/server/mms_named_variable_list_service.c,135,MmsDevice* device = MmsServer_getDevice(connection->server)
MmsServer_getDevice,declaration,MmsDevice* device =,,connection->server,mms/iso_mms/server/mms_named_variable_list_service.c,490,MmsDevice* device = MmsServer_getDevice(connection->server)
MmsServer_getDevice,declaration,MmsDevice* mmsDevice =,,connection->server,mms/iso_mms/server/mms_named_variable_list_service.c,794,MmsDevice* mmsDevice = MmsServer_getDevice(connection->server)
MmsServer_getDevice,declaration,MmsDevice* mmsDevice =,,connection->server,mms/iso_mms/server/mms_named_variable_list_service.c,883,MmsDevice* mmsDevice = MmsServer_getDevice(connection->server)
MmsServer_getDevice,declaration,MmsDevice* device =,,connection->server,mms/iso_mms/server/mms_write_service.c,644,MmsDevice* device = MmsServer_getDevice(connection->server)
MmsServer_getDevice,definition,MmsDevice*,,MmsServer self,mms/iso_mms/server/mms_server.c,629,MmsDevice* MmsServer_getDevice(MmsServer self)
MmsServer_getFilesystemBasepath,declaration,LIB61850_INTERNAL const char*,,MmsServer self,mms/inc_private/mms_server_libinternal.h,118,LIB61850_INTERNAL const char* MmsServer_getFilesystemBasepath(MmsServer self)
MmsServer_getFilesystemBasepath,definition,char*,const,MmsServer self,mms/iso_mms/server/mms_server.c,888,const char* MmsServer_getFilesystemBasepath(MmsServer self)
MmsServer_getModelName,declaration,LIB61850_INTERNAL char*,,MmsServer self,mms/inc/mms_server.h,148,LIB61850_INTERNAL char* MmsServer_getModelName(MmsServer self)
MmsServer_getModelName,definition,char*,,MmsServer self,mms/iso_mms/server/mms_identify_service.c,62,char* MmsServer_getModelName(MmsServer self)
MmsServer_getObtainFileTask,declaration,MmsObtainFileTask task =,,connection->server,mms/iso_mms/server/mms_file_service.c,735,MmsObtainFileTask task = MmsServer_getObtainFileTask(connection->server)
MmsServer_getRevision,declaration,LIB61850_INTERNAL char*,,MmsServer self,mms/inc/mms_server.h,152,LIB61850_INTERNAL char* MmsServer_getRevision(MmsServer self)
MmsServer_getRevision,definition,char*,,MmsServer self,mms/iso_mms/server/mms_identify_service.c,71,char* MmsServer_getRevision(MmsServer self)
MmsServer_getVMDLogicalStatus,declaration,LIB61850_INTERNAL int,,MmsServer self,mms/inc/mms_server.h,175,LIB61850_INTERNAL int MmsServer_getVMDLogicalStatus(MmsServer self)
MmsServer_getVMDLogicalStatus,definition,int,,MmsServer self,mms/iso_mms/server/mms_status_service.c,61,int MmsServer_getVMDLogicalStatus(MmsServer self)
MmsServer_getVMDPhysicalStatus,declaration,LIB61850_INTERNAL int,,MmsServer self,mms/inc/mms_server.h,179,LIB61850_INTERNAL int MmsServer_getVMDPhysicalStatus(MmsServer self)
MmsServer_getVMDPhysicalStatus,definition,int,,MmsServer self,mms/iso_mms/server/mms_status_service.c,67,int MmsServer_getVMDPhysicalStatus(MmsServer self)
MmsServer_getValueFromCache,declaration,LIB61850_INTERNAL MmsValue*,,"MmsServer self, MmsDomain* domain, const char* itemId",mms/inc_private/mms_server_libinternal.h,58,"LIB61850_INTERNAL MmsValue* MmsServer_getValueFromCache(MmsServer self, MmsDomain* domain, const char* itemId)"
MmsServer_getValueFromCache,declaration,cachedValue =,,"self, domain, itemId",mms/iso_mms/server/mms_server.c,540,"cachedValue = MmsServer_getValueFromCache(self, domain, itemId)"
MmsServer_getValueFromCache,declaration,value =,,"self, domain, itemId",mms/iso_mms/server/mms_server.c,605,"value = MmsServer_getValueFromCache(self, domain, itemId)"
MmsServer_getValueFromCache,declaration,MmsValue* cachedArray =,,"connection->server, domain, nameIdStr",mms/iso_mms/server/mms_write_service.c,734,"MmsValue* cachedArray = MmsServer_getValueFromCache(connection->server, domain, nameIdStr)"
MmsServer_getValueFromCache,definition,MmsValue*,,"MmsServer self, MmsDomain* domain, const char* itemId",mms/iso_mms/server/mms_server.c,480,"MmsValue* MmsServer_getValueFromCache(MmsServer self, MmsDomain* domain, const char* itemId)"
MmsServer_getValueFromCacheEx,declaration,LIB61850_INTERNAL MmsValue*,,"MmsServer self, MmsDomain* domain, const char* itemId, MmsVariableSpecification** typeSpec",mms/inc_private/mms_server_libinternal.h,61,"LIB61850_INTERNAL MmsValue* MmsServer_getValueFromCacheEx(MmsServer self, MmsDomain* domain, const char* itemId, MmsVariableSpecification** typeSpec)"
MmsServer_getValueFromCacheEx,definition,MmsValue*,,"MmsServer self, MmsDomain* domain, const char* itemId, MmsVariableSpecification** typeSpec",mms/iso_mms/server/mms_server.c,491,"MmsValue* MmsServer_getValueFromCacheEx(MmsServer self, MmsDomain* domain, const char* itemId, MmsVariableSpecification** typeSpec)"
MmsServer_getValueFromCacheEx2,declaration,LIB61850_INTERNAL MmsValue*,,"MmsServer self, MmsDomain* domain, const char* itemId, int idx, const char* componentId",mms/inc_private/mms_server_libinternal.h,64,"LIB61850_INTERNAL MmsValue* MmsServer_getValueFromCacheEx2(MmsServer self, MmsDomain* domain, const char* itemId, int idx, const char* componentId)"
MmsServer_getValueFromCacheEx2,declaration,cachedValue =,,"self, domain, itemId, arrayIdx, componentId",mms/iso_mms/server/mms_server.c,572,"cachedValue = MmsServer_getValueFromCacheEx2(self, domain, itemId, arrayIdx, componentId)"
MmsServer_getValueFromCacheEx2,definition,MmsValue*,,"MmsServer self, MmsDomain* domain, const char* itemId, int idx, const char* componentId",mms/iso_mms/server/mms_server.c,502,"MmsValue* MmsServer_getValueFromCacheEx2(MmsServer self, MmsDomain* domain, const char* itemId, int idx, const char* componentId)"
MmsServer_getVendorName,declaration,LIB61850_INTERNAL char*,,MmsServer self,mms/inc/mms_server.h,144,LIB61850_INTERNAL char* MmsServer_getVendorName(MmsServer self)
MmsServer_getVendorName,definition,char*,,MmsServer self,mms/iso_mms/server/mms_identify_service.c,53,char* MmsServer_getVendorName(MmsServer self)
MmsServer_handleBackgroundTasks,declaration,LIB61850_INTERNAL void,,MmsServer self,mms/inc_private/mms_server_libinternal.h,106,LIB61850_INTERNAL void MmsServer_handleBackgroundTasks(MmsServer self)
MmsServer_handleBackgroundTasks,definition,void,,MmsServer self,mms/iso_mms/server/mms_server.c,812,void MmsServer_handleBackgroundTasks(MmsServer self)
MmsServer_handleIncomingMessages,declaration,LIB61850_INTERNAL void,,MmsServer self,mms/inc_private/mms_server_libinternal.h,102,LIB61850_INTERNAL void MmsServer_handleIncomingMessages(MmsServer self)
MmsServer_handleIncomingMessages,definition,void,,MmsServer self,mms/iso_mms/server/mms_server.c,794,void MmsServer_handleIncomingMessages(MmsServer self)
MmsServer_ignoreClientRequests,declaration,LIB61850_INTERNAL void,,"MmsServer self, bool enable",mms/inc/mms_server.h,196,"LIB61850_INTERNAL void MmsServer_ignoreClientRequests(MmsServer self, bool enable)"
MmsServer_ignoreClientRequests,definition,void,,"MmsServer self, bool enable",mms/iso_mms/server/mms_server.c,901,"void MmsServer_ignoreClientRequests(MmsServer self, bool enable)"
MmsServer_insertIntoCache,declaration,LIB61850_INTERNAL void,,"MmsServer self, MmsDomain* domain, char* itemId, MmsValue* value",mms/inc_private/mms_server_libinternal.h,78,"LIB61850_INTERNAL void MmsServer_insertIntoCache(MmsServer self, MmsDomain* domain, char* itemId, MmsValue* value)"
MmsServer_insertIntoCache,definition,void,,"MmsServer self, MmsDomain* domain, char* itemId, MmsValue* value",mms/iso_mms/server/mms_server.c,513,"void MmsServer_insertIntoCache(MmsServer self, MmsDomain* domain, char* itemId, MmsValue* value)"
MmsServer_installConnectionHandler,declaration,LIB61850_INTERNAL void,,"MmsServer self, MmsConnectionHandler, void* parameter",mms/inc_private/mms_server_libinternal.h,47,"LIB61850_INTERNAL void MmsServer_installConnectionHandler(MmsServer self, MmsConnectionHandler, void* parameter)"
MmsServer_installConnectionHandler,definition,void,,"MmsServer self, MmsConnectionHandler connectionHandler, void* parameter",mms/iso_mms/server/mms_server.c,348,"void MmsServer_installConnectionHandler(MmsServer self, MmsConnectionHandler connectionHandler, void* parameter)"
MmsServer_installFileAccessHandler,declaration,LIB61850_API void,,"MmsServer self, MmsFileAccessHandler handler, void* parameter",mms/inc/mms_server.h,97,"LIB61850_API void MmsServer_installFileAccessHandler(MmsServer self, MmsFileAccessHandler handler, void* parameter)"
MmsServer_installGetFileCompleteHandler,declaration,LIB61850_INTERNAL void,,"MmsServer self, MmsGetFileCompleteHandler handler, void* parameter",mms/inc/mms_server.h,80,"LIB61850_INTERNAL void MmsServer_installGetFileCompleteHandler(MmsServer self, MmsGetFileCompleteHandler handler, void* parameter)"
MmsServer_installGetFileCompleteHandler,definition,void,,"MmsServer self, MmsGetFileCompleteHandler handler, void* parameter",mms/iso_mms/server/mms_server.c,414,"void MmsServer_installGetFileCompleteHandler(MmsServer self, MmsGetFileCompleteHandler handler, void* parameter)"
MmsServer_installGetNameListHandler,declaration,LIB61850_INTERNAL void,,"MmsServer self, MmsGetNameListHandler handler, void* parameter",mms/inc/mms_server.h,67,"LIB61850_INTERNAL void MmsServer_installGetNameListHandler(MmsServer self, MmsGetNameListHandler handler, void* parameter)"
MmsServer_installGetNameListHandler,definition,void,,"MmsServer self, MmsGetNameListHandler handler, void* parameter",mms/iso_mms/server/mms_server.c,369,"void MmsServer_installGetNameListHandler(MmsServer self, MmsGetNameListHandler handler, void* parameter)"
MmsServer_installListAccessHandler,declaration,LIB61850_INTERNAL void,,"MmsServer self, MmsListAccessHandler listAccessHandler, void* parameter",mms/inc_private/mms_server_libinternal.h,44,"LIB61850_INTERNAL void MmsServer_installListAccessHandler(MmsServer self, MmsListAccessHandler listAccessHandler, void* parameter)"
MmsServer_installListAccessHandler,definition,void,,"MmsServer self, MmsListAccessHandler listAccessHandler, void* parameter",mms/iso_mms/server/mms_server.c,341,"void MmsServer_installListAccessHandler(MmsServer self, MmsListAccessHandler listAccessHandler, void* parameter)"
MmsServer_installObtainFileHandler,declaration,LIB61850_INTERNAL void,,"MmsServer self, MmsObtainFileHandler handler, void* parameter",mms/inc/mms_server.h,73,"LIB61850_INTERNAL void MmsServer_installObtainFileHandler(MmsServer self, MmsObtainFileHandler handler, void* parameter)"
MmsServer_installReadAccessHandler,declaration,LIB61850_INTERNAL void,,"MmsServer self, MmsReadAccessHandler, void* parameter",mms/inc_private/mms_server_libinternal.h,37,"LIB61850_INTERNAL void MmsServer_installReadAccessHandler(MmsServer self, MmsReadAccessHandler, void* parameter)"
MmsServer_installReadAccessHandler,definition,void,,"MmsServer self, MmsReadAccessHandler readAccessHandler, void* parameter",mms/iso_mms/server/mms_server.c,327,"void MmsServer_installReadAccessHandler(MmsServer self, MmsReadAccessHandler readAccessHandler, void* parameter)"
MmsServer_installReadHandler,declaration,LIB61850_INTERNAL void,,"MmsServer self, MmsReadVariableHandler, void* parameter",mms/inc_private/mms_server_libinternal.h,33,"LIB61850_INTERNAL void MmsServer_installReadHandler(MmsServer self, MmsReadVariableHandler, void* parameter)"
MmsServer_installReadJournalHandler,declaration,LIB61850_INTERNAL void,,"MmsServer self, MmsReadJournalHandler handler, void* parameter",mms/inc/mms_server.h,54,"LIB61850_INTERNAL void MmsServer_installReadJournalHandler(MmsServer self, MmsReadJournalHandler handler, void* parameter)"
MmsServer_installReadJournalHandler,definition,void,,"MmsServer self, MmsReadJournalHandler handler, void* parameter",mms/iso_mms/server/mms_server.c,362,"void MmsServer_installReadJournalHandler(MmsServer self, MmsReadJournalHandler handler, void* parameter)"
MmsServer_installVariableListAccessHandler,declaration,LIB61850_INTERNAL void,,"MmsServer self, MmsNamedVariableListAccessHandler handler, void* parameter",mms/inc/mms_server.h,47,"LIB61850_INTERNAL void MmsServer_installVariableListAccessHandler(MmsServer self, MmsNamedVariableListAccessHandler handler, void* parameter)"
MmsServer_installVariableListAccessHandler,definition,void,,"MmsServer self, MmsNamedVariableListAccessHandler handler, void* parameter",mms/iso_mms/server/mms_server.c,355,"void MmsServer_installVariableListAccessHandler(MmsServer self, MmsNamedVariableListAccessHandler handler, void* parameter)"
MmsServer_installWriteHandler,declaration,LIB61850_INTERNAL void,,"MmsServer self, MmsWriteVariableHandler, void* parameter",mms/inc_private/mms_server_libinternal.h,40,"LIB61850_INTERNAL void MmsServer_installWriteHandler(MmsServer self, MmsWriteVariableHandler, void* parameter)"
MmsServer_installWriteHandler,definition,void,,"MmsServer self, MmsWriteVariableHandler writeHandler, void* parameter",mms/iso_mms/server/mms_server.c,334,"void MmsServer_installWriteHandler(MmsServer self, MmsWriteVariableHandler writeHandler, void* parameter)"
MmsServer_isLocked,declaration,LIB61850_INTERNAL bool,,MmsServer self,mms/inc_private/mms_server_libinternal.h,67,LIB61850_INTERNAL bool MmsServer_isLocked(MmsServer self)
MmsServer_isRunning,declaration,LIB61850_INTERNAL bool,,MmsServer self,mms/inc/mms_server.h,32,LIB61850_INTERNAL bool MmsServer_isRunning(MmsServer self)
MmsServer_isRunning,definition,bool,,MmsServer self,mms/iso_mms/server/mms_server.c,160,bool MmsServer_isRunning(MmsServer self)
MmsServer_lockModel,declaration,LIB61850_INTERNAL void,,MmsServer self,mms/inc_private/mms_server_libinternal.h,70,LIB61850_INTERNAL void MmsServer_lockModel(MmsServer self)
MmsServer_lockModel,declaration,(unknown),,connection->server,mms/iso_mms/server/mms_read_service.c,914,MmsServer_lockModel(connection->server)
MmsServer_lockModel,declaration,(unknown),,connection->server,mms/iso_mms/server/mms_read_service.c,923,MmsServer_lockModel(connection->server)
MmsServer_lockModel,declaration,(unknown),,connection->server,mms/iso_mms/server/mms_write_service.c,596,MmsServer_lockModel(connection->server)
MmsServer_releaseTransmitBuffer,declaration,LIB61850_INTERNAL void,,MmsServer self,mms/inc_private/mms_server_internal.h,215,LIB61850_INTERNAL void MmsServer_releaseTransmitBuffer(MmsServer self)
MmsServer_releaseTransmitBuffer,declaration,(unknown),,self,mms/iso_mms/server/mms_file_service.c,598,MmsServer_releaseTransmitBuffer(self)
MmsServer_releaseTransmitBuffer,declaration,(unknown),,connection->server,mms/iso_mms/server/mms_file_service.c,761,MmsServer_releaseTransmitBuffer(connection->server)
MmsServer_releaseTransmitBuffer,declaration,(unknown),,self->server,mms/iso_mms/server/mms_information_report.c,68,MmsServer_releaseTransmitBuffer(self->server)
MmsServer_releaseTransmitBuffer,declaration,(unknown),,self->server,mms/iso_mms/server/mms_information_report.c,214,MmsServer_releaseTransmitBuffer(self->server)
MmsServer_releaseTransmitBuffer,declaration,(unknown),,self->server,mms/iso_mms/server/mms_information_report.c,307,MmsServer_releaseTransmitBuffer(self->server)
MmsServer_releaseTransmitBuffer,declaration,(unknown),,self->server,mms/iso_mms/server/mms_read_service.c,958,MmsServer_releaseTransmitBuffer(self->server)
MmsServer_releaseTransmitBuffer,declaration,(unknown),,self->server,mms/iso_mms/server/mms_write_service.c,88,MmsServer_releaseTransmitBuffer(self->server)
MmsServer_releaseTransmitBuffer,definition,void,,MmsServer self,mms/iso_mms/server/mms_server.c,280,void MmsServer_releaseTransmitBuffer(MmsServer self)
MmsServer_reserveTransmitBuffer,declaration,message =,,self,mms/iso_mms/server/mms_file_service.c,421,message = MmsServer_reserveTransmitBuffer(self)
MmsServer_reserveTransmitBuffer,declaration,ByteBuffer* request =,,connection->server,mms/iso_mms/server/mms_file_service.c,755,ByteBuffer* request = MmsServer_reserveTransmitBuffer(connection->server)
MmsServer_reserveTransmitBuffer,declaration,ByteBuffer* response =,,self->server,mms/iso_mms/server/mms_read_service.c,950,ByteBuffer* response = MmsServer_reserveTransmitBuffer(self->server)
MmsServer_reserveTransmitBuffer,declaration,ByteBuffer* response =,,self->server,mms/iso_mms/server/mms_write_service.c,80,ByteBuffer* response = MmsServer_reserveTransmitBuffer(self->server)
MmsServer_reserveTransmitBuffer,definition,ByteBuffer*,,MmsServer self,mms/iso_mms/server/mms_server.c,270,ByteBuffer* MmsServer_reserveTransmitBuffer(MmsServer self)
MmsServer_setClientAuthenticator,declaration,LIB61850_INTERNAL void,,"MmsServer self, AcseAuthenticator authenticator, void* authenticatorParameter",mms/inc_private/mms_server_libinternal.h,52,"LIB61850_INTERNAL void MmsServer_setClientAuthenticator(MmsServer self, AcseAuthenticator authenticator, void* authenticatorParameter)"
MmsServer_setClientAuthenticator,definition,void,,"MmsServer self, AcseAuthenticator authenticator, void* authenticatorParameter",mms/iso_mms/server/mms_server.c,376,"void MmsServer_setClientAuthenticator(MmsServer self, AcseAuthenticator authenticator, void* authenticatorParameter)"
MmsServer_setFilestoreBasepath,declaration,LIB61850_INTERNAL void,,"MmsServer self, const char* basepath",mms/inc/mms_server.h,102,"LIB61850_INTERNAL void MmsServer_setFilestoreBasepath(MmsServer self, const char* basepath)"
MmsServer_setFilestoreBasepath,definition,void,,"MmsServer self, const char* basepath",mms/iso_mms/server/mms_server.c,176,"void MmsServer_setFilestoreBasepath(MmsServer self, const char* basepath)"
MmsServer_setLocalIpAddress,declaration,LIB61850_INTERNAL void,,"MmsServer self, const char* localIpAddress",mms/inc/mms_server.h,29,"LIB61850_INTERNAL void MmsServer_setLocalIpAddress(MmsServer self, const char* localIpAddress)"
MmsServer_setLocalIpAddress,definition,void,,"MmsServer self, const char* localIpAddress",mms/iso_mms/server/mms_server.c,142,"void MmsServer_setLocalIpAddress(MmsServer self, const char* localIpAddress)"
MmsServer_setMaxAssociationSpecificDataSets,declaration,LIB61850_INTERNAL void,,"MmsServer self, int maxDataSets",mms/inc/mms_server.h,118,"LIB61850_INTERNAL void MmsServer_setMaxAssociationSpecificDataSets(MmsServer self, int maxDataSets)"
MmsServer_setMaxAssociationSpecificDataSets,definition,void,,"MmsServer self, int maxDataSets",mms/iso_mms/server/mms_server.c,240,"void MmsServer_setMaxAssociationSpecificDataSets(MmsServer self, int maxDataSets)"
MmsServer_setMaxConnections,declaration,LIB61850_INTERNAL void,,"MmsServer self, int maxConnections",mms/inc/mms_server.h,106,"LIB61850_INTERNAL void MmsServer_setMaxConnections(MmsServer self, int maxConnections)"
MmsServer_setMaxDataSetEntries,declaration,LIB61850_INTERNAL void,,"MmsServer self, int maxDataSetEntries",mms/inc/mms_server.h,126,"LIB61850_INTERNAL void MmsServer_setMaxDataSetEntries(MmsServer self, int maxDataSetEntries)"
MmsServer_setMaxDataSetEntries,definition,void,,"MmsServer self, int maxDataSetEntries",mms/iso_mms/server/mms_server.c,228,"void MmsServer_setMaxDataSetEntries(MmsServer self, int maxDataSetEntries)"
MmsServer_setMaxDomainSpecificDataSets,declaration,LIB61850_INTERNAL void,,"MmsServer self, int maxDataSets",mms/inc/mms_server.h,122,"LIB61850_INTERNAL void MmsServer_setMaxDomainSpecificDataSets(MmsServer self, int maxDataSets)"
MmsServer_setMaxDomainSpecificDataSets,definition,void,,"MmsServer self, int maxDataSets",mms/iso_mms/server/mms_server.c,246,"void MmsServer_setMaxDomainSpecificDataSets(MmsServer self, int maxDataSets)"
MmsServer_setServerIdentity,declaration,LIB61850_INTERNAL void,,"MmsServer self, char* vendorName, char* modelName, char* revision",mms/inc/mms_server.h,134,"LIB61850_INTERNAL void MmsServer_setServerIdentity(MmsServer self, char* vendorName, char* modelName, char* revision)"
MmsServer_setServerIdentity,definition,void,,"MmsServer self, char* vendorName, char* modelName, char* revision",mms/iso_mms/server/mms_identify_service.c,45,"void MmsServer_setServerIdentity(MmsServer self, char* vendorName, char* modelName, char* revision)"
MmsServer_setStatusRequestListener,declaration,LIB61850_INTERNAL void,,"MmsServer self, MmsStatusRequestListener listener, void* parameter",mms/inc/mms_server.h,183,"LIB61850_INTERNAL void MmsServer_setStatusRequestListener(MmsServer self, MmsStatusRequestListener listener, void* parameter)"
MmsServer_setStatusRequestListener,definition,void,,"MmsServer self, MmsStatusRequestListener listener, void* parameter",mms/iso_mms/server/mms_status_service.c,73,"void MmsServer_setStatusRequestListener(MmsServer self, MmsStatusRequestListener listener, void* parameter)"
MmsServer_setVMDStatus,declaration,LIB61850_INTERNAL void,,"MmsServer self, int vmdLogicalStatus, int vmdPhysicalStatus",mms/inc/mms_server.h,171,"LIB61850_INTERNAL void MmsServer_setVMDStatus(MmsServer self, int vmdLogicalStatus, int vmdPhysicalStatus)"
MmsServer_setVMDStatus,definition,void,,"MmsServer self, int vmdLogicalStatus, int vmdPhysicalStatus",mms/iso_mms/server/mms_status_service.c,54,"void MmsServer_setVMDStatus(MmsServer self, int vmdLogicalStatus, int vmdPhysicalStatus)"
MmsServer_startListening,declaration,LIB61850_INTERNAL void,,"MmsServer self, int tcpPort",mms/inc_private/mms_server_libinternal.h,82,"LIB61850_INTERNAL void MmsServer_startListening(MmsServer self, int tcpPort)"
MmsServer_startListeningThreadless,declaration,LIB61850_INTERNAL void,,"MmsServer self, int tcpPort",mms/inc_private/mms_server_libinternal.h,92,"LIB61850_INTERNAL void MmsServer_startListeningThreadless(MmsServer self, int tcpPort)"
MmsServer_stopListening,declaration,LIB61850_INTERNAL void,,MmsServer self,mms/inc_private/mms_server_libinternal.h,88,LIB61850_INTERNAL void MmsServer_stopListening(MmsServer self)
MmsServer_stopListening,definition,void,,MmsServer self,mms/iso_mms/server/mms_server.c,710,void MmsServer_stopListening(MmsServer self)
MmsServer_stopListeningThreadless,declaration,LIB61850_INTERNAL void,,MmsServer self,mms/inc_private/mms_server_libinternal.h,114,LIB61850_INTERNAL void MmsServer_stopListeningThreadless(MmsServer self)
MmsServer_stopListeningThreadless,definition,void,,MmsServer self,mms/iso_mms/server/mms_server.c,870,void MmsServer_stopListeningThreadless(MmsServer self)
MmsServer_unlockModel,declaration,LIB61850_INTERNAL void,,MmsServer self,mms/inc_private/mms_server_libinternal.h,74,LIB61850_INTERNAL void MmsServer_unlockModel(MmsServer self)
MmsServer_unlockModel,declaration,(unknown),,connection->server,mms/iso_mms/server/mms_read_service.c,917,MmsServer_unlockModel(connection->server)
MmsServer_unlockModel,declaration,(unknown),,connection->server,mms/iso_mms/server/mms_read_service.c,926,MmsServer_unlockModel(connection->server)
MmsServer_unlockModel,declaration,exit_function:,,connection->server,mms/iso_mms/server/mms_write_service.c,856,exit_function: MmsServer_unlockModel(connection->server)
MmsServer_unlockModel,definition,void,,MmsServer self,mms/iso_mms/server/mms_server.c,262,void MmsServer_unlockModel(MmsServer self)
MmsServer_waitReady,declaration,LIB61850_INTERNAL int,,"MmsServer self, unsigned int timeoutMs",mms/inc_private/mms_server_libinternal.h,98,"LIB61850_INTERNAL int MmsServer_waitReady(MmsServer self, unsigned int timeoutMs)"
MmsServer_waitReady,definition,int,,"MmsServer self, unsigned int timeoutMs",mms/iso_mms/server/mms_server.c,757,"int MmsServer_waitReady(MmsServer self, unsigned int timeoutMs)"
MmsValueCache_create,declaration,LIB61850_INTERNAL MmsValueCache,,MmsDomain* domain,mms/inc_private/mms_value_cache.h,9,LIB61850_INTERNAL MmsValueCache MmsValueCache_create(MmsDomain* domain)
MmsValueCache_create,declaration,MmsValueCache valueCache =,,device->domains[i],mms/iso_mms/server/mms_server.c,17,MmsValueCache valueCache = MmsValueCache_create(device->domains[i])
MmsValueCache_create,definition,MmsValueCache,,MmsDomain* domain,mms/iso_mms/server/mms_value_cache.c,16,MmsValueCache MmsValueCache_create(MmsDomain* domain)
MmsValueCache_destroy,declaration,LIB61850_INTERNAL void,,MmsValueCache self,mms/inc_private/mms_value_cache.h,21,LIB61850_INTERNAL void MmsValueCache_destroy(MmsValueCache self)
MmsValueCache_destroy,declaration,(unknown),,cache,mms/iso_mms/server/mms_server.c,434,MmsValueCache_destroy(cache)
MmsValueCache_destroy,definition,void,,MmsValueCache self,mms/iso_mms/server/mms_value_cache.c,251,void MmsValueCache_destroy(MmsValueCache self)
MmsValueCache_insertValue,declaration,LIB61850_INTERNAL void,,"MmsValueCache self, char* itemId, MmsValue* value",mms/inc_private/mms_value_cache.h,12,"LIB61850_INTERNAL void MmsValueCache_insertValue(MmsValueCache self, char* itemId, MmsValue* value)"
MmsValueCache_insertValue,definition,void,,"MmsValueCache self, char* itemId, MmsValue* value",mms/iso_mms/server/mms_value_cache.c,31,"void MmsValueCache_insertValue(MmsValueCache self, char* itemId, MmsValue* value)"
MmsValueCache_lookupValue,declaration,LIB61850_INTERNAL MmsValue*,,"MmsValueCache self, const char* itemId, MmsVariableSpecification** outSpec",mms/inc_private/mms_value_cache.h,15,"LIB61850_INTERNAL MmsValue* MmsValueCache_lookupValue(MmsValueCache self, const char* itemId, MmsVariableSpecification** outSpec)"
MmsValueCache_lookupValue,definition,MmsValue*,,"MmsValueCache self, const char* itemId, MmsVariableSpecification** outSpec",mms/iso_mms/server/mms_value_cache.c,106,"MmsValue* MmsValueCache_lookupValue(MmsValueCache self, const char* itemId, MmsVariableSpecification** outSpec)"
MmsValueCache_lookupValueEx,declaration,LIB61850_INTERNAL MmsValue*,,"MmsValueCache self, const char* itemId, int idx, const char* componentId, MmsVariableSpecification** outSpec",mms/inc_private/mms_value_cache.h,18,"LIB61850_INTERNAL MmsValue* MmsValueCache_lookupValueEx(MmsValueCache self, const char* itemId, int idx, const char* componentId, MmsVariableSpecification** outSpec)"
MmsValueCache_lookupValueEx,definition,MmsValue*,,"MmsValueCache self, const char* itemId, int idx, const char* componentId, MmsVariableSpecification** outSpec",mms/iso_mms/server/mms_value_cache.c,206,"MmsValue* MmsValueCache_lookupValueEx(MmsValueCache self, const char* itemId, int idx, const char* componentId, MmsVariableSpecification** outSpec)"
MmsValue_clone,declaration,LIB61850_API MmsValue*,,const MmsValue* self,mms/inc/mms_value.h,329,LIB61850_API MmsValue* MmsValue_clone(const MmsValue* self)
MmsValue_clone,declaration,newValue->value.structure.components[i] =,,self->value.structure.components[i],mms/iso_mms/common/mms_value.c,1165,newValue->value.structure.components[i] = MmsValue_clone(self->value.structure.components[i])
MmsValue_clone,declaration,elementValue =,,elementValue,mms/iso_mms/server/mms_read_service.c,225,elementValue = MmsValue_clone(elementValue)
MmsValue_clone,definition,MmsValue*,,const MmsValue* self,mms/iso_mms/common/mms_value.c,1134,MmsValue* MmsValue_clone(const MmsValue* self)
MmsValue_cloneToBuffer,declaration,LIB61850_API uint8_t*,,"const MmsValue* self, uint8_t* destinationAddress",mms/inc/mms_value.h,333,"LIB61850_API uint8_t* MmsValue_cloneToBuffer(const MmsValue* self, uint8_t* destinationAddress)"
MmsValue_cloneToBuffer,declaration,destinationAddress =,,"self->value.structure.components[i], destinationAddress",mms/iso_mms/common/mms_value.c,1090,"destinationAddress = MmsValue_cloneToBuffer(self->value.structure.components[i], destinationAddress)"
MmsValue_cloneToBuffer,definition,uint8_t*,,"const MmsValue* self, uint8_t* destinationAddress",mms/iso_mms/common/mms_value.c,1070,"uint8_t* MmsValue_cloneToBuffer(const MmsValue* self, uint8_t* destinationAddress)"
MmsValue_createArray,declaration,LIB61850_API MmsValue*,,"const MmsVariableSpecification* elementType, int size",mms/inc/mms_value.h,41,"LIB61850_API MmsValue* MmsValue_createArray(const MmsVariableSpecification* elementType, int size)"
MmsValue_createArray,declaration,case MMS_ARRAY: self =,,"typeSpec->typeSpec.array.elementTypeSpec, typeSpec->typeSpec.array.elementCount",mms/iso_mms/common/mms_value.c,1623,"case MMS_ARRAY: self = MmsValue_createArray(typeSpec->typeSpec.array.elementTypeSpec, typeSpec->typeSpec.array.elementCount)"
MmsValue_createArray,definition,MmsValue*,,"const MmsVariableSpecification* elementType, int size",mms/iso_mms/common/mms_value.c,1977,"MmsValue* MmsValue_createArray(const MmsVariableSpecification* elementType, int size)"
MmsValue_createEmptyArray,declaration,LIB61850_API MmsValue*,,int size,mms/inc/mms_value.h,55,LIB61850_API MmsValue* MmsValue_createEmptyArray(int size)
MmsValue_createEmptyArray,declaration,MmsValue* self =,,size,mms/iso_mms/common/mms_value.c,2044,MmsValue* self = MmsValue_createEmptyArray(size)
MmsValue_createEmptyArray,declaration,value =,,numberOfElements,mms/iso_mms/server/mms_read_service.c,212,value = MmsValue_createEmptyArray(numberOfElements)
MmsValue_createEmptyArray,definition,MmsValue*,,int size,mms/iso_mms/common/mms_value.c,2013,MmsValue* MmsValue_createEmptyArray(int size)
MmsValue_createEmptyStructure,declaration,LIB61850_API MmsValue*,,int size,mms/inc/mms_value.h,300,LIB61850_API MmsValue* MmsValue_createEmptyStructure(int size)
MmsValue_createEmptyStructure,declaration,else value =,,elementCount,mms/iso_mms/server/mms_access_result.c,173,else value = MmsValue_createEmptyStructure(elementCount)
MmsValue_createEmptyStructure,declaration,value =,,componentCount,mms/iso_mms/server/mms_read_service.c,37,value = MmsValue_createEmptyStructure(componentCount)
MmsValue_createEmptyStructure,definition,MmsValue*,,int size,mms/iso_mms/common/mms_value.c,2040,MmsValue* MmsValue_createEmptyStructure(int size)
MmsValue_decodeMmsData,declaration,LIB61850_API MmsValue*,,"uint8_t* buffer, int bufPos, int bufferLength, int* endBufPos",mms/inc/mms_value.h,416,"LIB61850_API MmsValue* MmsValue_decodeMmsData(uint8_t* buffer, int bufPos, int bufferLength, int* endBufPos)"
MmsValue_decodeMmsData,declaration,journalVariable->value =,,"buffer, bufPos, bufPos + length, NULL",mms/iso_mms/client/mms_client_journals.c,55,"journalVariable->value = MmsValue_decodeMmsData(buffer, bufPos, bufPos + length, NULL)"
MmsValue_decodeMmsData,declaration,MmsValue* newValue =,,"buffer, dataBufPos, length, &dataBufPos",mms/iso_mms/server/mms_write_service.c,290,"MmsValue* newValue = MmsValue_decodeMmsData(buffer, dataBufPos, length, &dataBufPos)"
MmsValue_decodeMmsData,definition,MmsValue*,,"uint8_t* buffer, int bufPos, int bufferLength, int* endBufPos",mms/iso_mms/server/mms_access_result.c,326,"MmsValue* MmsValue_decodeMmsData(uint8_t* buffer, int bufPos, int bufferLength, int* endBufPos)"
MmsValue_decodeMmsDataMaxRecursion,declaration,LIB61850_API MmsValue*,,"uint8_t* buffer, int bufPos, int bufferLength, int* endBufPos, int maxDepth",mms/inc/mms_value.h,420,"LIB61850_API MmsValue* MmsValue_decodeMmsDataMaxRecursion(uint8_t* buffer, int bufPos, int bufferLength, int* endBufPos, int maxDepth)"
MmsValue_decodeMmsDataMaxRecursion,declaration,return,,"buffer, bufPos, bufferLength, endBufPos, 25",mms/iso_mms/server/mms_access_result.c,330,"return MmsValue_decodeMmsDataMaxRecursion(buffer, bufPos, bufferLength, endBufPos, 25)"
MmsValue_decodeMmsDataMaxRecursion,definition,MmsValue*,,"uint8_t* buffer, int bufPos, int bufferLength, int* endBufPos, int maxDepth",mms/iso_mms/server/mms_access_result.c,320,"MmsValue* MmsValue_decodeMmsDataMaxRecursion(uint8_t* buffer, int bufPos, int bufferLength, int* endBufPos, int maxDepth)"
MmsValue_decodeMmsDataRecursive,declaration,MmsValue* elementValue =,,"buffer, bufPos, bufPos + elementBufLength, NULL, depth, maxDepth",mms/iso_mms/server/mms_access_result.c,188,"MmsValue* elementValue = MmsValue_decodeMmsDataRecursive(buffer, bufPos, bufPos + elementBufLength, NULL, depth, maxDepth)"
MmsValue_decodeMmsDataRecursive,declaration,return,,"buffer, bufPos, bufferLength, endBufPos, 0, maxDepth",mms/iso_mms/server/mms_access_result.c,324,"return MmsValue_decodeMmsDataRecursive(buffer, bufPos, bufferLength, endBufPos, 0, maxDepth)"
MmsValue_decodeMmsDataRecursive,definition,MmsValue*,static,"uint8_t* buffer, int bufPos, int bufferLength, int* endBufPos, int depth, int maxDepth",mms/iso_mms/server/mms_access_result.c,129,"static MmsValue* MmsValue_decodeMmsDataRecursive(uint8_t* buffer, int bufPos, int bufferLength, int* endBufPos, int depth, int maxDepth)"
MmsValue_delete,declaration,LIB61850_API void,,MmsValue* self,mms/inc/mms_value.h,341,LIB61850_API void MmsValue_delete(MmsValue* self)
MmsValue_delete,declaration,(unknown),,self->value,mms/iso_mms/client/mms_client_connection.c,3546,MmsValue_delete(self->value)
MmsValue_delete,declaration,(unknown),,self->entryID,mms/iso_mms/client/mms_client_connection.c,3556,MmsValue_delete(self->entryID)
MmsValue_delete,declaration,(unknown),,self->occurenceTime,mms/iso_mms/client/mms_client_connection.c,3557,MmsValue_delete(self->occurenceTime)
MmsValue_delete,declaration,(unknown),,value,mms/iso_mms/client/mms_client_read.c,76,MmsValue_delete(value)
MmsValue_delete,declaration,(unknown),,value,mms/iso_mms/client/mms_client_read.c,117,MmsValue_delete(value)
MmsValue_delete,declaration,(unknown),,value,mms/iso_mms/common/mms_common_msg.c,189,MmsValue_delete(value)
MmsValue_delete,declaration,(unknown),,value,mms/iso_mms/common/mms_common_msg.c,225,MmsValue_delete(value)
MmsValue_delete,declaration,(unknown),,newValue,mms/iso_mms/common/mms_value.c,1169,MmsValue_delete(newValue)
MmsValue_delete,declaration,(unknown),,self,mms/iso_mms/common/mms_value.c,1526,MmsValue_delete(self)
MmsValue_delete,declaration,(unknown),,self,mms/iso_mms/common/mms_value.c,2004,MmsValue_delete(self)
MmsValue_delete,declaration,(unknown),,value,mms/iso_mms/server/mms_read_service.c,57,MmsValue_delete(value)
MmsValue_delete,declaration,(unknown),,entry->value,mms/iso_mms/server/mms_value_cache.c,247,MmsValue_delete(entry->value)
MmsValue_delete,declaration,(unknown),,newValue,mms/iso_mms/server/mms_write_service.c,364,MmsValue_delete(newValue)
MmsValue_delete,declaration,(unknown),,newValue,mms/iso_mms/server/mms_write_service.c,376,MmsValue_delete(newValue)
MmsValue_delete,declaration,(unknown),,value,mms/iso_mms/server/mms_write_service.c,843,MmsValue_delete(value)
MmsValue_delete,definition,void,,MmsValue* self,mms/iso_mms/common/mms_value.c,1285,void MmsValue_delete(MmsValue* self)
MmsValue_deleteAllBitStringBits,declaration,LIB61850_API void,,MmsValue* self,mms/inc/mms_value.h,158,LIB61850_API void MmsValue_deleteAllBitStringBits(MmsValue* self)
MmsValue_deleteAllBitStringBits,definition,void,,MmsValue* self,mms/iso_mms/common/mms_value.c,367,void MmsValue_deleteAllBitStringBits(MmsValue* self)
MmsValue_deleteConditional,declaration,LIB61850_API void,,MmsValue* value,mms/inc/mms_value.h,345,LIB61850_API void MmsValue_deleteConditional(MmsValue* value)
MmsValue_deleteConditional,declaration,(unknown),,typedValue,mms/iso_mms/server/mms_read_service.c,109,MmsValue_deleteConditional(typedValue)
MmsValue_deleteConditional,definition,void,,MmsValue* self,mms/iso_mms/common/mms_value.c,1329,void MmsValue_deleteConditional(MmsValue* self)
MmsValue_encodeMmsData,declaration,LIB61850_API int,,"MmsValue* self, uint8_t* buffer, int bufPos, bool encode",mms/inc/mms_value.h,424,"LIB61850_API int MmsValue_encodeMmsData(MmsValue* self, uint8_t* buffer, int bufPos, bool encode)"
MmsValue_encodeMmsData,declaration,elementsSize +=,,"element, NULL, 0, false",mms/iso_mms/server/mms_access_result.c,20,"elementsSize += MmsValue_encodeMmsData(element, NULL, 0, false)"
MmsValue_encodeMmsData,declaration,bufPos =,,"element, buffer, bufPos, true",mms/iso_mms/server/mms_access_result.c,30,"bufPos = MmsValue_encodeMmsData(element, buffer, bufPos, true)"
MmsValue_encodeMmsData,declaration,i++) componentsSize +=,,"components[i], NULL, 0, false",mms/iso_mms/server/mms_access_result.c,55,"i++) componentsSize += MmsValue_encodeMmsData(components[i], NULL, 0, false)"
MmsValue_encodeMmsData,declaration,i++) bufPos =,,"components[i], buffer, bufPos, true",mms/iso_mms/server/mms_access_result.c,62,"i++) bufPos = MmsValue_encodeMmsData(components[i], buffer, bufPos, true)"
MmsValue_encodeMmsData,declaration,uint32_t accessResultSize =,,"value, NULL, 0, false",mms/iso_mms/server/mms_information_report.c,17,"uint32_t accessResultSize = MmsValue_encodeMmsData(value, NULL, 0, false)"
MmsValue_encodeMmsData,declaration,bufPos =,,"value, buffer, bufPos, true",mms/iso_mms/server/mms_information_report.c,63,"bufPos = MmsValue_encodeMmsData(value, buffer, bufPos, true)"
MmsValue_encodeMmsData,declaration,accessResultSize +=,,"value, NULL, 0, false",mms/iso_mms/server/mms_information_report.c,121,"accessResultSize += MmsValue_encodeMmsData(value, NULL, 0, false)"
MmsValue_encodeMmsData,declaration,bufPos =,,"value, buffer, bufPos, true",mms/iso_mms/server/mms_information_report.c,205,"bufPos = MmsValue_encodeMmsData(value, buffer, bufPos, true)"
MmsValue_encodeMmsData,declaration,accessResultSize +=,,"data, NULL, 0, false",mms/iso_mms/server/mms_information_report.c,250,"accessResultSize += MmsValue_encodeMmsData(data, NULL, 0, false)"
MmsValue_encodeMmsData,declaration,bufPos =,,"data, buffer, bufPos, true",mms/iso_mms/server/mms_information_report.c,298,"bufPos = MmsValue_encodeMmsData(data, buffer, bufPos, true)"
MmsValue_encodeMmsData,declaration,uint32_t reasonCodeValueLen =,,"&reasonCodeValue, NULL, 0, false",mms/iso_mms/server/mms_journal_service.c,84,"uint32_t reasonCodeValueLen = MmsValue_encodeMmsData(&reasonCodeValue, NULL, 0, false)"
MmsValue_encodeMmsData,declaration,bufPos =,,"&reasonCodeValue, buffer, bufPos, true",mms/iso_mms/server/mms_journal_service.c,116,"bufPos = MmsValue_encodeMmsData(&reasonCodeValue, buffer, bufPos, true)"
MmsValue_encodeMmsData,declaration,accessResultSize +=,,"data, NULL, 0, false",mms/iso_mms/server/mms_read_service.c,433,"accessResultSize += MmsValue_encodeMmsData(data, NULL, 0, false)"
MmsValue_encodeMmsData,declaration,bufPos =,,"data, buffer, bufPos, true",mms/iso_mms/server/mms_read_service.c,496,"bufPos = MmsValue_encodeMmsData(data, buffer, bufPos, true)"
MmsValue_encodeMmsData,definition,int,,"MmsValue* self, uint8_t* buffer, int bufPos, bool encode",mms/iso_mms/server/mms_access_result.c,494,"int MmsValue_encodeMmsData(MmsValue* self, uint8_t* buffer, int bufPos, bool encode)"
MmsValue_equalTypes,declaration,LIB61850_API bool,,"const MmsValue* self, const MmsValue* otherValue",mms/inc/mms_value.h,271,"LIB61850_API bool MmsValue_equalTypes(const MmsValue* self, const MmsValue* otherValue)"
MmsValue_equalTypes,definition,bool,,"const MmsValue* self, const MmsValue* otherValue",mms/iso_mms/common/mms_value.c,173,"bool MmsValue_equalTypes(const MmsValue* self, const MmsValue* otherValue)"
MmsValue_equals,declaration,LIB61850_API bool,,"const MmsValue* self, const MmsValue* otherValue",mms/inc/mms_value.h,267,"LIB61850_API bool MmsValue_equals(const MmsValue* self, const MmsValue* otherValue)"
MmsValue_equals,definition,bool,,"const MmsValue* self, const MmsValue* otherValue",mms/iso_mms/common/mms_value.c,78,"bool MmsValue_equals(const MmsValue* self, const MmsValue* otherValue)"
MmsValue_getArraySize,declaration,LIB61850_API uint32_t,,const MmsValue* self,mms/inc/mms_value.h,47,LIB61850_API uint32_t MmsValue_getArraySize(const MmsValue* self)
MmsValue_getArraySize,declaration,int size =,,value,mms/iso_mms/common/mms_common_msg.c,40,int size = MmsValue_getArraySize(value)
MmsValue_getArraySize,declaration,int elementCount =,,self,mms/iso_mms/common/mms_value.c,2092,int elementCount = MmsValue_getArraySize(self)
MmsValue_getArraySize,declaration,int arraySize =,,self,mms/iso_mms/common/mms_value.c,2185,int arraySize = MmsValue_getArraySize(self)
MmsValue_getArraySize,declaration,int arraySize =,,value,mms/iso_mms/server/mms_access_result.c,15,int arraySize = MmsValue_getArraySize(value)
MmsValue_getArraySize,definition,uint32_t,,const MmsValue* self,mms/iso_mms/common/mms_value.c,1279,uint32_t MmsValue_getArraySize(const MmsValue* self)
MmsValue_getBinaryTimeAsUtcMs,declaration,LIB61850_API uint64_t,,const MmsValue* self,mms/inc/mms_value.h,235,LIB61850_API uint64_t MmsValue_getBinaryTimeAsUtcMs(const MmsValue* self)
MmsValue_getBinaryTimeAsUtcMs,definition,uint64_t,,const MmsValue* self,mms/iso_mms/common/mms_value.c,1825,uint64_t MmsValue_getBinaryTimeAsUtcMs(const MmsValue* self)
MmsValue_getBitStringAsInteger,declaration,LIB61850_API uint32_t,,const MmsValue* self,mms/inc/mms_value.h,179,LIB61850_API uint32_t MmsValue_getBitStringAsInteger(const MmsValue* self)
MmsValue_getBitStringAsInteger,definition,uint32_t,,const MmsValue* self,mms/iso_mms/common/mms_value.c,481,uint32_t MmsValue_getBitStringAsInteger(const MmsValue* self)
MmsValue_getBitStringAsIntegerBigEndian,declaration,LIB61850_API uint32_t,,const MmsValue* self,mms/inc/mms_value.h,187,LIB61850_API uint32_t MmsValue_getBitStringAsIntegerBigEndian(const MmsValue* self)
MmsValue_getBitStringAsIntegerBigEndian,definition,uint32_t,,const MmsValue* self,mms/iso_mms/common/mms_value.c,512,uint32_t MmsValue_getBitStringAsIntegerBigEndian(const MmsValue* self)
MmsValue_getBitStringBit,declaration,LIB61850_API bool,,"const MmsValue* self, int bitPos",mms/inc/mms_value.h,154,"LIB61850_API bool MmsValue_getBitStringBit(const MmsValue* self, int bitPos)"
MmsValue_getBitStringBit,definition,bool,,"const MmsValue* self, int bitPos",mms/iso_mms/common/mms_value.c,461,"bool MmsValue_getBitStringBit(const MmsValue* self, int bitPos)"
MmsValue_getBitStringByteSize,declaration,LIB61850_API int,,const MmsValue* self,mms/inc/mms_value.h,167,LIB61850_API int MmsValue_getBitStringByteSize(const MmsValue* self)
MmsValue_getBitStringByteSize,definition,int,,const MmsValue* self,mms/iso_mms/common/mms_value.c,23,int MmsValue_getBitStringByteSize(const MmsValue* self)
MmsValue_getBitStringSize,declaration,LIB61850_API int,,const MmsValue* self,mms/inc/mms_value.h,162,LIB61850_API int MmsValue_getBitStringSize(const MmsValue* self)
MmsValue_getBitStringSize,declaration,int size =,,self,mms/iso_mms/common/mms_value.c,2223,int size = MmsValue_getBitStringSize(self)
MmsValue_getBitStringSize,definition,int,,const MmsValue* self,mms/iso_mms/common/mms_value.c,401,int MmsValue_getBitStringSize(const MmsValue* self)
MmsValue_getBoolean,declaration,LIB61850_API bool,,const MmsValue* value,mms/inc/mms_value.h,134,LIB61850_API bool MmsValue_getBoolean(const MmsValue* value)
MmsValue_getBoolean,definition,bool,,const MmsValue* self,mms/iso_mms/common/mms_value.c,722,bool MmsValue_getBoolean(const MmsValue* self)
MmsValue_getDataAccessError,declaration,LIB61850_API MmsDataAccessError,,const MmsValue* self,mms/inc/mms_value.h,63,LIB61850_API MmsDataAccessError MmsValue_getDataAccessError(const MmsValue* self)
MmsValue_getDataAccessError,definition,MmsDataAccessError,,const MmsValue* self,mms/iso_mms/common/mms_value.c,1858,MmsDataAccessError MmsValue_getDataAccessError(const MmsValue* self)
MmsValue_getElement,declaration,LIB61850_API MmsValue*,,"const MmsValue* array, int index",mms/inc/mms_value.h,51,"LIB61850_API MmsValue* MmsValue_getElement(const MmsValue* array, int index)"
MmsValue_getElement,declaration,MmsValue* element =,,"value, i",mms/iso_mms/server/mms_access_result.c,19,"MmsValue* element = MmsValue_getElement(value, i)"
MmsValue_getElement,declaration,MmsValue* element =,,"value, i",mms/iso_mms/server/mms_access_result.c,29,"MmsValue* element = MmsValue_getElement(value, i)"
MmsValue_getElement,declaration,MmsValue* structValue =,,"arrayValue, index",mms/iso_mms/server/mms_read_service.c,198,"MmsValue* structValue = MmsValue_getElement(arrayValue, index)"
MmsValue_getElement,declaration,value =,,"arrayValue, index",mms/iso_mms/server/mms_read_service.c,207,"value = MmsValue_getElement(arrayValue, index)"
MmsValue_getElement,declaration,elementValue =,,"arrayValue, index",mms/iso_mms/server/mms_read_service.c,220,"elementValue = MmsValue_getElement(arrayValue, index)"
MmsValue_getElement,declaration,MmsValue* elementValue =,,"value, listEntry->arrayIndex",mms/iso_mms/server/mms_read_service.c,661,"MmsValue* elementValue = MmsValue_getElement(value, listEntry->arrayIndex)"
MmsValue_getElement,declaration,MmsValue* value =,,"structuredValue, i",mms/iso_mms/server/mms_server_common.c,301,"MmsValue* value = MmsValue_getElement(structuredValue, i)"
MmsValue_getElement,declaration,MmsValue* elementValue =,,"value, idx",mms/iso_mms/server/mms_value_cache.c,169,"MmsValue* elementValue = MmsValue_getElement(value, idx)"
MmsValue_getElement,declaration,MmsValue* elementValue =,,"cachedArray, index",mms/iso_mms/server/mms_write_service.c,747,"MmsValue* elementValue = MmsValue_getElement(cachedArray, index)"
MmsValue_getElement,declaration,MmsValue* newElement =,,"value, elementNo",mms/iso_mms/server/mms_write_service.c,793,"MmsValue* newElement = MmsValue_getElement(value, elementNo)"
MmsValue_getElement,declaration,MmsValue* elementValue =,,"cachedArray, index++",mms/iso_mms/server/mms_write_service.c,794,"MmsValue* elementValue = MmsValue_getElement(cachedArray, index++)"
MmsValue_getElement,definition,MmsValue*,,"const MmsValue* complexValue, int index",mms/iso_mms/common/mms_value.c,2065,"MmsValue* MmsValue_getElement(const MmsValue* complexValue, int index)"
MmsValue_getMaxEncodedSize,declaration,LIB61850_API int,,MmsValue* self,mms/inc/mms_value.h,428,LIB61850_API int MmsValue_getMaxEncodedSize(MmsValue* self)
MmsValue_getMaxEncodedSize,declaration,i++) componentsSize +=,,components[i],mms/iso_mms/server/mms_access_result.c,345,i++) componentsSize += MmsValue_getMaxEncodedSize(components[i])
MmsValue_getMaxEncodedSize,definition,int,,MmsValue* self,mms/iso_mms/server/mms_access_result.c,351,int MmsValue_getMaxEncodedSize(MmsValue* self)
MmsValue_getMaxStructSize,declaration,case MMS_STRUCTURE: size =,,self,mms/iso_mms/server/mms_access_result.c,360,case MMS_STRUCTURE: size = MmsValue_getMaxStructSize(self)
MmsValue_getMaxStructSize,declaration,case MMS_ARRAY: size =,,self,mms/iso_mms/server/mms_access_result.c,363,case MMS_ARRAY: size = MmsValue_getMaxStructSize(self)
MmsValue_getMaxStructSize,definition,int,static,MmsValue* self,mms/iso_mms/server/mms_access_result.c,332,static int MmsValue_getMaxStructSize(MmsValue* self)
MmsValue_getNumberOfSetBits,declaration,LIB61850_API int,,const MmsValue* self,mms/inc/mms_value.h,171,LIB61850_API int MmsValue_getNumberOfSetBits(const MmsValue* self)
MmsValue_getNumberOfSetBits,definition,int,,const MmsValue* self,mms/iso_mms/common/mms_value.c,407,int MmsValue_getNumberOfSetBits(const MmsValue* self)
MmsValue_getOctetStringBuffer,declaration,LIB61850_API uint8_t*,,MmsValue* self,mms/inc/mms_value.h,255,LIB61850_API uint8_t* MmsValue_getOctetStringBuffer(MmsValue* self)
MmsValue_getOctetStringBuffer,definition,uint8_t*,,MmsValue* self,mms/iso_mms/common/mms_value.c,1489,uint8_t* MmsValue_getOctetStringBuffer(MmsValue* self)
MmsValue_getOctetStringMaxSize,declaration,LIB61850_API uint16_t,,MmsValue* self,mms/inc/mms_value.h,251,LIB61850_API uint16_t MmsValue_getOctetStringMaxSize(MmsValue* self)
MmsValue_getOctetStringMaxSize,definition,uint16_t,,MmsValue* self,mms/iso_mms/common/mms_value.c,1483,uint16_t MmsValue_getOctetStringMaxSize(MmsValue* self)
MmsValue_getOctetStringOctet,declaration,LIB61850_API uint8_t,,"MmsValue* self, int octetPos",mms/inc/mms_value.h,259,"LIB61850_API uint8_t MmsValue_getOctetStringOctet(MmsValue* self, int octetPos)"
MmsValue_getOctetStringOctet,definition,uint8_t,,"MmsValue* self, int octetPos",mms/iso_mms/common/mms_value.c,1495,"uint8_t MmsValue_getOctetStringOctet(MmsValue* self, int octetPos)"
MmsValue_getOctetStringSize,declaration,LIB61850_API uint16_t,,const MmsValue* self,mms/inc/mms_value.h,247,LIB61850_API uint16_t MmsValue_getOctetStringSize(const MmsValue* self)
MmsValue_getOctetStringSize,declaration,int size =,,self,mms/iso_mms/common/mms_value.c,2276,int size = MmsValue_getOctetStringSize(self)
MmsValue_getOctetStringSize,definition,uint16_t,,const MmsValue* self,mms/iso_mms/common/mms_value.c,1477,uint16_t MmsValue_getOctetStringSize(const MmsValue* self)
MmsValue_getSizeInMemory,declaration,LIB61850_API int,,const MmsValue* self,mms/inc/mms_value.h,337,LIB61850_API int MmsValue_getSizeInMemory(const MmsValue* self)
MmsValue_getSizeInMemory,declaration,i++) memorySize +=,,self->value.structure.components[i],mms/iso_mms/common/mms_value.c,1041,i++) memorySize += MmsValue_getSizeInMemory(self->value.structure.components[i])
MmsValue_getSizeInMemory,definition,int,,const MmsValue* self,mms/iso_mms/common/mms_value.c,1026,int MmsValue_getSizeInMemory(const MmsValue* self)
MmsValue_getStringSize,declaration,LIB61850_API int,,MmsValue* self,mms/inc/mms_value.h,142,LIB61850_API int MmsValue_getStringSize(MmsValue* self)
MmsValue_getStringSize,definition,int,,MmsValue* self,mms/iso_mms/common/mms_value.c,1925,int MmsValue_getStringSize(MmsValue* self)
MmsValue_getSubElement,declaration,LIB61850_API MmsValue*,,"MmsValue* self, MmsVariableSpecification* varSpec, char* mmsPath",mms/inc/mms_value.h,404,"LIB61850_API MmsValue* MmsValue_getSubElement(MmsValue* self, MmsVariableSpecification* varSpec, char* mmsPath)"
MmsValue_getSubElement,definition,MmsValue*,,"MmsValue* self, MmsVariableSpecification* varSpec, char* mmsPath",mms/iso_mms/common/mms_value.c,2113,"MmsValue* MmsValue_getSubElement(MmsValue* self, MmsVariableSpecification* varSpec, char* mmsPath)"
MmsValue_getType,declaration,LIB61850_API MmsType,,const MmsValue* self,mms/inc/mms_value.h,400,LIB61850_API MmsType MmsValue_getType(const MmsValue* self)
MmsValue_getType,definition,MmsType,,const MmsValue* self,mms/iso_mms/common/mms_value.c,2107,MmsType MmsValue_getType(const MmsValue* self)
MmsValue_getTypeString,declaration,LIB61850_API const char*,,MmsValue* self,mms/inc/mms_value.h,408,LIB61850_API const char* MmsValue_getTypeString(MmsValue* self)
MmsValue_getTypeString,definition,char*,const,MmsValue* self,mms/iso_mms/common/mms_value.c,2119,const char* MmsValue_getTypeString(MmsValue* self)
MmsValue_getUtcTimeBuffer,declaration,LIB61850_API uint8_t*,,MmsValue* self,mms/inc/mms_value.h,207,LIB61850_API uint8_t* MmsValue_getUtcTimeBuffer(MmsValue* self)
MmsValue_getUtcTimeBuffer,definition,uint8_t*,,MmsValue* self,mms/iso_mms/common/mms_value.c,810,uint8_t* MmsValue_getUtcTimeBuffer(MmsValue* self)
MmsValue_getUtcTimeInMs,declaration,LIB61850_API uint64_t,,const MmsValue* value,mms/inc/mms_value.h,211,LIB61850_API uint64_t MmsValue_getUtcTimeInMs(const MmsValue* value)
MmsValue_getUtcTimeInMs,definition,uint64_t,,const MmsValue* self,mms/iso_mms/common/mms_value.c,816,uint64_t MmsValue_getUtcTimeInMs(const MmsValue* self)
MmsValue_getUtcTimeInMsWithUs,declaration,LIB61850_API uint64_t,,"const MmsValue* self, uint32_t* usec",mms/inc/mms_value.h,215,"LIB61850_API uint64_t MmsValue_getUtcTimeInMsWithUs(const MmsValue* self, uint32_t* usec)"
MmsValue_getUtcTimeInMsWithUs,definition,uint64_t,,"const MmsValue* self, uint32_t* usec",mms/iso_mms/common/mms_value.c,841,"uint64_t MmsValue_getUtcTimeInMsWithUs(const MmsValue* self, uint32_t* usec)"
MmsValue_getUtcTimeQuality,declaration,LIB61850_API uint8_t,,const MmsValue* self,mms/inc/mms_value.h,227,LIB61850_API uint8_t MmsValue_getUtcTimeQuality(const MmsValue* self)
MmsValue_getUtcTimeQuality,definition,uint8_t,,const MmsValue* self,mms/iso_mms/common/mms_value.c,791,uint8_t MmsValue_getUtcTimeQuality(const MmsValue* self)
MmsValue_isDeletable,declaration,LIB61850_API int,,MmsValue* self,mms/inc/mms_value.h,396,LIB61850_API int MmsValue_isDeletable(MmsValue* self)
MmsValue_isDeletable,definition,int,,MmsValue* self,mms/iso_mms/common/mms_value.c,2101,int MmsValue_isDeletable(MmsValue* self)
MmsValue_newBinaryTime,declaration,LIB61850_API MmsValue*,,bool timeOfDay,mms/inc/mms_value.h,361,LIB61850_API MmsValue* MmsValue_newBinaryTime(bool timeOfDay)
MmsValue_newBinaryTime,declaration,else self =,,false,mms/iso_mms/common/mms_value.c,1640,else self = MmsValue_newBinaryTime(false)
MmsValue_newBinaryTime,definition,MmsValue*,,bool timeOfDay,mms/iso_mms/common/mms_value.c,1766,MmsValue* MmsValue_newBinaryTime(bool timeOfDay)
MmsValue_newBitString,declaration,LIB61850_API MmsValue*,,int bitSize,mms/inc/mms_value.h,290,LIB61850_API MmsValue* MmsValue_newBitString(int bitSize)
MmsValue_newBitString,declaration,value =,,bitStringLength,mms/iso_mms/server/mms_access_result.c,223,value = MmsValue_newBitString(bitStringLength)
MmsValue_newBitString,definition,MmsValue*,,int bitSize,mms/iso_mms/common/mms_value.c,334,MmsValue* MmsValue_newBitString(int bitSize)
MmsValue_newBoolean,declaration,LIB61850_API MmsValue*,,bool boolean,mms/inc/mms_value.h,287,LIB61850_API MmsValue* MmsValue_newBoolean(bool boolean)
MmsValue_newBoolean,declaration,value =,,accessResultList[i]->choice.boolean,mms/iso_mms/client/mms_client_read.c,329,value = MmsValue_newBoolean(accessResultList[i]->choice.boolean)
MmsValue_newBoolean,declaration,value =,,dataElement->choice.boolean,mms/iso_mms/common/mms_common_msg.c,465,value = MmsValue_newBoolean(dataElement->choice.boolean)
MmsValue_newBoolean,declaration,case MMS_BOOLEAN: self =,,false,mms/iso_mms/common/mms_value.c,1610,case MMS_BOOLEAN: self = MmsValue_newBoolean(false)
MmsValue_newBoolean,declaration,case 0x83: value =,,"BerDecoder_decodeBoolean(buffer, bufPos)",mms/iso_mms/server/mms_access_result.c,209,"case 0x83: value = MmsValue_newBoolean(BerDecoder_decodeBoolean(buffer, bufPos))"
MmsValue_newBoolean,definition,MmsValue*,,bool boolean,mms/iso_mms/common/mms_value.c,1417,MmsValue* MmsValue_newBoolean(bool boolean)
MmsValue_newDataAccessError,declaration,LIB61850_API MmsValue*,,MmsDataAccessError accessError,mms/inc/mms_value.h,275,LIB61850_API MmsValue* MmsValue_newDataAccessError(MmsDataAccessError accessError)
MmsValue_newDataAccessError,declaration,value =,,dataAccessError,mms/iso_mms/client/mms_client_read.c,45,value = MmsValue_newDataAccessError(dataAccessError)
MmsValue_newDataAccessError,declaration,else value =,,DATA_ACCESS_ERROR_UNKNOWN,mms/iso_mms/client/mms_client_read.c,48,else value = MmsValue_newDataAccessError(DATA_ACCESS_ERROR_UNKNOWN)
MmsValue_newDataAccessError,declaration,value =,,DATA_ACCESS_ERROR_OBJECT_VALUE_INVALID,mms/iso_mms/client/mms_client_read.c,379,value = MmsValue_newDataAccessError(DATA_ACCESS_ERROR_OBJECT_VALUE_INVALID)
MmsValue_newDataAccessError,declaration,case 0x80: value =,,"(MmsDataAccessError) BerDecoder_decodeUint32(buffer, dataLength, bufPos)",mms/iso_mms/server/mms_access_result.c,204,"case 0x80: value = MmsValue_newDataAccessError((MmsDataAccessError) BerDecoder_decodeUint32(buffer, dataLength, bufPos))"
MmsValue_newDataAccessError,declaration,MmsValue* value =,,errorType,mms/iso_mms/server/mms_read_service.c,96,MmsValue* value = MmsValue_newDataAccessError(errorType)
MmsValue_newDataAccessError,declaration,value =,,accessError,mms/iso_mms/server/mms_server.c,600,value = MmsValue_newDataAccessError(accessError)
MmsValue_newDataAccessError,definition,MmsValue*,,MmsDataAccessError accessError,mms/iso_mms/common/mms_value.c,320,MmsValue* MmsValue_newDataAccessError(MmsDataAccessError accessError)
MmsValue_newDefaultValue,declaration,LIB61850_API MmsValue*,,const MmsVariableSpecification* typeSpec,mms/inc/mms_value.h,303,LIB61850_API MmsValue* MmsValue_newDefaultValue(const MmsVariableSpecification* typeSpec)
MmsValue_newDefaultValue,declaration,self->value.structure.components[i] =,,typeSpec->typeSpec.structure.elements[i],mms/iso_mms/common/mms_value.c,1522,self->value.structure.components[i] = MmsValue_newDefaultValue(typeSpec->typeSpec.structure.elements[i])
MmsValue_newDefaultValue,declaration,self->value.structure.components[i] =,,elementType,mms/iso_mms/common/mms_value.c,2000,self->value.structure.components[i] = MmsValue_newDefaultValue(elementType)
MmsValue_newDefaultValue,definition,MmsValue*,,const MmsVariableSpecification* typeSpec,mms/iso_mms/common/mms_value.c,1540,MmsValue* MmsValue_newDefaultValue(const MmsVariableSpecification* typeSpec)
MmsValue_newDouble,declaration,LIB61850_API MmsValue*,,double value,mms/inc/mms_value.h,325,LIB61850_API MmsValue* MmsValue_newDouble(double value)
MmsValue_newDouble,definition,MmsValue*,,double value,mms/iso_mms/common/mms_value.c,593,MmsValue* MmsValue_newDouble(double value)
MmsValue_newFloat,declaration,LIB61850_API MmsValue*,,float value,mms/inc/mms_value.h,321,LIB61850_API MmsValue* MmsValue_newFloat(float value)
MmsValue_newFloat,definition,MmsValue*,,float value,mms/iso_mms/common/mms_value.c,547,MmsValue* MmsValue_newFloat(float value)
MmsValue_newInteger,declaration,LIB61850_API MmsValue*,,int size,mms/inc/mms_value.h,281,LIB61850_API MmsValue* MmsValue_newInteger(int size)
MmsValue_newInteger,declaration,case MMS_INTEGER: self =,,typeSpec->typeSpec.integer,mms/iso_mms/common/mms_value.c,1548,case MMS_INTEGER: self = MmsValue_newInteger(typeSpec->typeSpec.integer)
MmsValue_newInteger,declaration,value =,,dataLength * 8,mms/iso_mms/server/mms_access_result.c,232,value = MmsValue_newInteger(dataLength * 8)
MmsValue_newInteger,definition,MmsValue*,,int size,mms/iso_mms/common/mms_value.c,1373,MmsValue* MmsValue_newInteger(int size )
MmsValue_newIntegerFromBerInteger,declaration,LIB61850_INTERNAL MmsValue*,,Asn1PrimitiveValue* berInteger,mms/inc_private/mms_value_internal.h,44,LIB61850_INTERNAL MmsValue* MmsValue_newIntegerFromBerInteger(Asn1PrimitiveValue* berInteger)
MmsValue_newIntegerFromBerInteger,declaration,value =,,berInteger,mms/iso_mms/client/mms_client_read.c,177,value = MmsValue_newIntegerFromBerInteger(berInteger)
MmsValue_newIntegerFromBerInteger,definition,MmsValue*,,Asn1PrimitiveValue* berInteger,mms/iso_mms/common/mms_value.c,50,MmsValue* MmsValue_newIntegerFromBerInteger(Asn1PrimitiveValue* berInteger)
MmsValue_newIntegerFromInt16,declaration,LIB61850_API MmsValue*,,int16_t integer,mms/inc/mms_value.h,309,LIB61850_API MmsValue* MmsValue_newIntegerFromInt16(int16_t integer)
MmsValue_newIntegerFromInt16,definition,MmsValue*,,int16_t integer,mms/iso_mms/common/mms_value.c,627,MmsValue* MmsValue_newIntegerFromInt16(int16_t integer)
MmsValue_newIntegerFromInt32,declaration,LIB61850_API MmsValue*,,int32_t integer,mms/inc/mms_value.h,312,LIB61850_API MmsValue* MmsValue_newIntegerFromInt32(int32_t integer)
MmsValue_newIntegerFromInt32,definition,MmsValue*,,int32_t integer,mms/iso_mms/common/mms_value.c,869,MmsValue* MmsValue_newIntegerFromInt32(int32_t integer)
MmsValue_newIntegerFromInt64,declaration,LIB61850_API MmsValue*,,int64_t integer,mms/inc/mms_value.h,315,LIB61850_API MmsValue* MmsValue_newIntegerFromInt64(int64_t integer)
MmsValue_newIntegerFromInt64,definition,MmsValue*,,int64_t integer,mms/iso_mms/common/mms_value.c,905,MmsValue* MmsValue_newIntegerFromInt64(int64_t integer)
MmsValue_newIntegerFromInt8,declaration,LIB61850_API MmsValue*,,int8_t integer,mms/inc/mms_value.h,306,LIB61850_API MmsValue* MmsValue_newIntegerFromInt8(int8_t integer)
MmsValue_newIntegerFromInt8,definition,MmsValue*,,int8_t integer,mms/iso_mms/common/mms_value.c,609,MmsValue* MmsValue_newIntegerFromInt8(int8_t integer)
MmsValue_newMmsString,declaration,LIB61850_API MmsValue*,,const char* string,mms/inc/mms_value.h,373,LIB61850_API MmsValue* MmsValue_newMmsString(const char* string)
MmsValue_newMmsString,definition,MmsValue*,,const char* string,mms/iso_mms/common/mms_value.c,1754,MmsValue* MmsValue_newMmsString(const char* string)
MmsValue_newMmsStringFromByteArray,declaration,LIB61850_API MmsValue*,,"const uint8_t* byteArray, int size",mms/inc/mms_value.h,369,"LIB61850_API MmsValue* MmsValue_newMmsStringFromByteArray(const uint8_t* byteArray, int size)"
MmsValue_newMmsStringFromByteArray,declaration,value =,,"dataElement->choice.mMSString.buf, dataElement->choice.mMSString.size",mms/iso_mms/common/mms_common_msg.c,284,"value = MmsValue_newMmsStringFromByteArray(dataElement->choice.mMSString.buf, dataElement->choice.mMSString.size)"
MmsValue_newMmsStringFromByteArray,definition,MmsValue*,,"const uint8_t* byteArray, int size",mms/iso_mms/common/mms_value.c,1902,"MmsValue* MmsValue_newMmsStringFromByteArray(const uint8_t* byteArray, int size)"
MmsValue_newMmsStringWithSize,declaration,LIB61850_API MmsValue*,,int size,mms/inc/mms_value.h,357,LIB61850_API MmsValue* MmsValue_newMmsStringWithSize(int size)
MmsValue_newMmsStringWithSize,declaration,case MMS_STRING: self =,,abs(typeSpec->typeSpec.visibleString),mms/iso_mms/common/mms_value.c,1632,case MMS_STRING: self = MmsValue_newMmsStringWithSize(abs(typeSpec->typeSpec.visibleString))
MmsValue_newMmsStringWithSize,definition,MmsValue*,,int size,mms/iso_mms/common/mms_value.c,1760,MmsValue* MmsValue_newMmsStringWithSize(int size)
MmsValue_newOctetString,declaration,LIB61850_API MmsValue*,,"int size, int maxSize",mms/inc/mms_value.h,294,"LIB61850_API MmsValue* MmsValue_newOctetString(int size, int maxSize)"
MmsValue_newOctetString,declaration,journalEntry->entryID =,,"length, length",mms/iso_mms/client/mms_client_journals.c,308,"journalEntry->entryID = MmsValue_newOctetString(length, length)"
MmsValue_newOctetString,declaration,case 0x89: value =,,"dataLength, dataLength",mms/iso_mms/server/mms_access_result.c,257,"case 0x89: value = MmsValue_newOctetString(dataLength, dataLength)"
MmsValue_newOctetString,definition,MmsValue*,,"int size, int maxSize",mms/iso_mms/common/mms_value.c,1434,"MmsValue* MmsValue_newOctetString(int size, int maxSize)"
MmsValue_newString,declaration,return,,"string, MMS_VISIBLE_STRING",mms/iso_mms/common/mms_value.c,1721,"return MmsValue_newString(string, MMS_VISIBLE_STRING)"
MmsValue_newString,declaration,return,,"string, MMS_STRING",mms/iso_mms/common/mms_value.c,1758,"return MmsValue_newString(string, MMS_STRING)"
MmsValue_newString,definition,MmsValue*,static,"const char* string, MmsType type",mms/iso_mms/common/mms_value.c,1684,"static MmsValue* MmsValue_newString(const char* string, MmsType type)"
MmsValue_newStringFromByteArray,declaration,return,,"byteArray, size, MMS_VISIBLE_STRING",mms/iso_mms/common/mms_value.c,1900,"return MmsValue_newStringFromByteArray(byteArray, size, MMS_VISIBLE_STRING)"
MmsValue_newStringFromByteArray,declaration,return,,"byteArray, size, MMS_STRING",mms/iso_mms/common/mms_value.c,1906,"return MmsValue_newStringFromByteArray(byteArray, size, MMS_STRING)"
MmsValue_newStringFromByteArray,definition,MmsValue*,static,"const uint8_t* byteArray, int size, MmsType type",mms/iso_mms/common/mms_value.c,1872,"static MmsValue* MmsValue_newStringFromByteArray(const uint8_t* byteArray, int size, MmsType type)"
MmsValue_newStringWithSize,declaration,return,,"size, MMS_VISIBLE_STRING",mms/iso_mms/common/mms_value.c,1752,"return MmsValue_newStringWithSize(size, MMS_VISIBLE_STRING)"
MmsValue_newStringWithSize,declaration,return,,"size, MMS_STRING",mms/iso_mms/common/mms_value.c,1764,"return MmsValue_newStringWithSize(size, MMS_STRING)"
MmsValue_newStringWithSize,definition,MmsValue*,static,"int size, MmsType type",mms/iso_mms/common/mms_value.c,1723,"static MmsValue* MmsValue_newStringWithSize(int size, MmsType type)"
MmsValue_newStructure,declaration,LIB61850_API MmsValue*,,const MmsVariableSpecification* typeSpec,mms/inc/mms_value.h,297,LIB61850_API MmsValue* MmsValue_newStructure(const MmsVariableSpecification* typeSpec)
MmsValue_newStructure,declaration,case MMS_STRUCTURE: self =,,typeSpec,mms/iso_mms/common/mms_value.c,1628,case MMS_STRUCTURE: self = MmsValue_newStructure(typeSpec)
MmsValue_newStructure,definition,MmsValue*,,const MmsVariableSpecification* typeSpec,mms/iso_mms/common/mms_value.c,1507,MmsValue* MmsValue_newStructure(const MmsVariableSpecification* typeSpec)
MmsValue_newUnsigned,declaration,LIB61850_API MmsValue*,,int size,mms/inc/mms_value.h,284,LIB61850_API MmsValue* MmsValue_newUnsigned(int size)
MmsValue_newUnsigned,declaration,case MMS_UNSIGNED: self =,,typeSpec->typeSpec.unsignedInteger,mms/iso_mms/common/mms_value.c,1551,case MMS_UNSIGNED: self = MmsValue_newUnsigned(typeSpec->typeSpec.unsignedInteger)
MmsValue_newUnsigned,declaration,value =,,dataLength * 8,mms/iso_mms/server/mms_access_result.c,242,value = MmsValue_newUnsigned(dataLength * 8)
MmsValue_newUnsigned,definition,MmsValue*,,int size,mms/iso_mms/common/mms_value.c,1395,MmsValue* MmsValue_newUnsigned(int size )
MmsValue_newUnsignedFromBerInteger,declaration,LIB61850_INTERNAL MmsValue*,,Asn1PrimitiveValue* berInteger,mms/inc_private/mms_value_internal.h,48,LIB61850_INTERNAL MmsValue* MmsValue_newUnsignedFromBerInteger(Asn1PrimitiveValue* berInteger)
MmsValue_newUnsignedFromBerInteger,declaration,value =,,berInteger,mms/iso_mms/client/mms_client_read.c,195,value = MmsValue_newUnsignedFromBerInteger(berInteger)
MmsValue_newUnsignedFromBerInteger,definition,MmsValue*,,Asn1PrimitiveValue* berInteger,mms/iso_mms/common/mms_value.c,64,MmsValue* MmsValue_newUnsignedFromBerInteger(Asn1PrimitiveValue* berInteger)
MmsValue_newUnsignedFromUint32,declaration,LIB61850_API MmsValue*,,uint32_t integer,mms/inc/mms_value.h,318,LIB61850_API MmsValue* MmsValue_newUnsignedFromUint32(uint32_t integer)
MmsValue_newUnsignedFromUint32,definition,MmsValue*,,uint32_t integer,mms/iso_mms/common/mms_value.c,887,MmsValue* MmsValue_newUnsignedFromUint32(uint32_t integer)
MmsValue_newUtcTime,declaration,LIB61850_API MmsValue*,,uint32_t timeval,mms/inc/mms_value.h,381,LIB61850_API MmsValue* MmsValue_newUtcTime(uint32_t timeval)
MmsValue_newUtcTime,declaration,value =,,0,mms/iso_mms/server/mms_access_result.c,292,value = MmsValue_newUtcTime(0)
MmsValue_newUtcTime,definition,MmsValue*,,uint32_t timeval,mms/iso_mms/common/mms_value.c,1934,MmsValue* MmsValue_newUtcTime(uint32_t timeval)
MmsValue_newUtcTimeByMsTime,declaration,LIB61850_API MmsValue*,,uint64_t timeval,mms/inc/mms_value.h,385,LIB61850_API MmsValue* MmsValue_newUtcTimeByMsTime(uint64_t timeval)
MmsValue_newUtcTimeByMsTime,definition,MmsValue*,,uint64_t timeval,mms/iso_mms/common/mms_value.c,1963,MmsValue* MmsValue_newUtcTimeByMsTime(uint64_t timeval)
MmsValue_newVisibleString,declaration,LIB61850_API MmsValue*,,const char* string,mms/inc/mms_value.h,349,LIB61850_API MmsValue* MmsValue_newVisibleString(const char* string)
MmsValue_newVisibleString,definition,MmsValue*,,const char* string,mms/iso_mms/common/mms_value.c,1717,MmsValue* MmsValue_newVisibleString(const char* string)
MmsValue_newVisibleStringFromByteArray,declaration,LIB61850_API MmsValue*,,"const uint8_t* byteArray, int size",mms/inc/mms_value.h,365,"LIB61850_API MmsValue* MmsValue_newVisibleStringFromByteArray(const uint8_t* byteArray, int size)"
MmsValue_newVisibleStringFromByteArray,declaration,value =,,"dataElement->choice.visiblestring.buf, dataElement->choice.visiblestring.size",mms/iso_mms/common/mms_common_msg.c,276,"value = MmsValue_newVisibleStringFromByteArray(dataElement->choice.visiblestring.buf, dataElement->choice.visiblestring.size)"
MmsValue_newVisibleStringFromByteArray,declaration,case 0x8a: value =,,"buffer + bufPos, dataLength",mms/iso_mms/server/mms_access_result.c,263,"case 0x8a: value = MmsValue_newVisibleStringFromByteArray(buffer + bufPos, dataLength)"
MmsValue_newVisibleStringFromByteArray,declaration,case 0x90: value =,,"buffer + bufPos, dataLength",mms/iso_mms/server/mms_access_result.c,281,"case 0x90: value = MmsValue_newVisibleStringFromByteArray(buffer + bufPos, dataLength)"
MmsValue_newVisibleStringFromByteArray,definition,MmsValue*,,"const uint8_t* byteArray, int size",mms/iso_mms/common/mms_value.c,1896,"MmsValue* MmsValue_newVisibleStringFromByteArray(const uint8_t* byteArray, int size)"
MmsValue_newVisibleStringWithSize,declaration,LIB61850_API MmsValue*,,int size,mms/inc/mms_value.h,353,LIB61850_API MmsValue* MmsValue_newVisibleStringWithSize(int size)
MmsValue_newVisibleStringWithSize,declaration,case MMS_VISIBLE_STRING: self =,,abs(typeSpec->typeSpec.visibleString),mms/iso_mms/common/mms_value.c,1606,case MMS_VISIBLE_STRING: self = MmsValue_newVisibleStringWithSize(abs(typeSpec->typeSpec.visibleString))
MmsValue_newVisibleStringWithSize,definition,MmsValue*,,int size,mms/iso_mms/common/mms_value.c,1748,MmsValue* MmsValue_newVisibleStringWithSize(int size)
MmsValue_printToBuffer,declaration,LIB61850_API const char*,,"const MmsValue* self, char* buffer, int bufferSize",mms/inc/mms_value.h,412,"LIB61850_API const char* MmsValue_printToBuffer(const MmsValue* self, char* buffer, int bufferSize)"
MmsValue_printToBuffer,declaration,char* currentStr =,const,"(const MmsValue*) MmsValue_getElement(self, i), buffer + bufPos, bufferSize - bufPos",mms/iso_mms/common/mms_value.c,2189,"const char* currentStr = MmsValue_printToBuffer((const MmsValue*) MmsValue_getElement(self, i), buffer + bufPos, bufferSize - bufPos)"
MmsValue_printToBuffer,declaration,(unknown),,"newValue, printBuf, 1024",mms/iso_mms/server/mms_write_service.c,297,"MmsValue_printToBuffer(newValue, printBuf, 1024)"
MmsValue_printToBuffer,definition,char*,const,"const MmsValue* self, char* buffer, int bufferSize",mms/iso_mms/common/mms_value.c,2161,"const char* MmsValue_printToBuffer(const MmsValue* self, char* buffer, int bufferSize)"
MmsValue_setAllBitStringBits,declaration,LIB61850_API void,,MmsValue* self,mms/inc/mms_value.h,175,LIB61850_API void MmsValue_setAllBitStringBits(MmsValue* self)
MmsValue_setAllBitStringBits,definition,void,,MmsValue* self,mms/iso_mms/common/mms_value.c,378,void MmsValue_setAllBitStringBits(MmsValue* self)
MmsValue_setBinaryTime,declaration,LIB61850_API void,,"MmsValue* self, uint64_t timestamp",mms/inc/mms_value.h,231,"LIB61850_API void MmsValue_setBinaryTime(MmsValue* self, uint64_t timestamp)"
MmsValue_setBinaryTime,declaration,(unknown),,"&occurenceTime, encoder->currentTimestamp",mms/iso_mms/server/mms_journal_service.c,150,"MmsValue_setBinaryTime(&occurenceTime, encoder->currentTimestamp)"
MmsValue_setBinaryTime,definition,void,,"MmsValue* self, uint64_t timestamp",mms/iso_mms/common/mms_value.c,1783,"void MmsValue_setBinaryTime(MmsValue* self, uint64_t timestamp)"
MmsValue_setBitStringBit,declaration,LIB61850_API void,,"MmsValue* self, int bitPos, bool value",mms/inc/mms_value.h,149,"LIB61850_API void MmsValue_setBitStringBit(MmsValue* self, int bitPos, bool value)"
MmsValue_setBitStringBit,declaration,else,,"self, bitPos, false",mms/iso_mms/common/mms_value.c,506,"else MmsValue_setBitStringBit(self, bitPos, false)"
MmsValue_setBitStringBit,declaration,else,,"self, bitPos, false",mms/iso_mms/common/mms_value.c,541,"else MmsValue_setBitStringBit(self, bitPos, false)"
MmsValue_setBitStringBit,definition,void,,"MmsValue* self, int bitPos, bool value",mms/iso_mms/common/mms_value.c,445,"void MmsValue_setBitStringBit(MmsValue* self, int bitPos, bool value)"
MmsValue_setBitStringFromInteger,declaration,LIB61850_API void,,"MmsValue* self, uint32_t intValue",mms/inc/mms_value.h,183,"LIB61850_API void MmsValue_setBitStringFromInteger(MmsValue* self, uint32_t intValue)"
MmsValue_setBitStringFromInteger,declaration,(unknown),,"&reasonCodeValue, reasonCode",mms/iso_mms/server/mms_journal_service.c,82,"MmsValue_setBitStringFromInteger(&reasonCodeValue, reasonCode)"
MmsValue_setBitStringFromInteger,definition,void,,"MmsValue* self, uint32_t intValue",mms/iso_mms/common/mms_value.c,497,"void MmsValue_setBitStringFromInteger(MmsValue* self, uint32_t intValue)"
MmsValue_setBitStringFromIntegerBigEndian,declaration,LIB61850_API void,,"MmsValue* self, uint32_t intValue",mms/inc/mms_value.h,191,"LIB61850_API void MmsValue_setBitStringFromIntegerBigEndian(MmsValue* self, uint32_t intValue)"
MmsValue_setBitStringFromIntegerBigEndian,definition,void,,"MmsValue* self, uint32_t intValue",mms/iso_mms/common/mms_value.c,532,"void MmsValue_setBitStringFromIntegerBigEndian(MmsValue* self, uint32_t intValue)"
MmsValue_setBoolean,declaration,LIB61850_API void,,"MmsValue* value, bool boolValue",mms/inc/mms_value.h,129,"LIB61850_API void MmsValue_setBoolean(MmsValue* value, bool boolValue)"
MmsValue_setBoolean,definition,void,,"MmsValue* self, bool boolValue",mms/iso_mms/common/mms_value.c,716,"void MmsValue_setBoolean(MmsValue* self, bool boolValue)"
MmsValue_setDeletable,declaration,LIB61850_API void,,MmsValue* self,mms/inc/mms_value.h,389,LIB61850_API void MmsValue_setDeletable(MmsValue* self)
MmsValue_setDeletable,declaration,(unknown),,self,mms/iso_mms/common/mms_value.c,2097,MmsValue_setDeletable(self)
MmsValue_setDeletable,declaration,(unknown),,value,mms/iso_mms/server/mms_read_service.c,97,MmsValue_setDeletable(value)
MmsValue_setDeletable,declaration,(unknown),,value,mms/iso_mms/server/mms_read_service.c,213,MmsValue_setDeletable(value)
MmsValue_setDeletable,declaration,(unknown),,value,mms/iso_mms/server/mms_server.c,601,MmsValue_setDeletable(value)
MmsValue_setDeletable,definition,void,,MmsValue* self,mms/iso_mms/common/mms_value.c,2077,void MmsValue_setDeletable(MmsValue* self)
MmsValue_setDeletableRecursive,declaration,LIB61850_API void,,MmsValue* value,mms/inc/mms_value.h,393,LIB61850_API void MmsValue_setDeletableRecursive(MmsValue* value)
MmsValue_setDeletableRecursive,declaration,i++),,"MmsValue_getElement(self, i)",mms/iso_mms/common/mms_value.c,2095,"i++) MmsValue_setDeletableRecursive(MmsValue_getElement(self, i))"
MmsValue_setDeletableRecursive,definition,void,,MmsValue* self,mms/iso_mms/common/mms_value.c,2083,void MmsValue_setDeletableRecursive(MmsValue* self)
MmsValue_setDouble,declaration,LIB61850_API void,,"MmsValue* self, double newFloatValue",mms/inc/mms_value.h,97,"LIB61850_API void MmsValue_setDouble(MmsValue* self, double newFloatValue)"
MmsValue_setDouble,definition,void,,"MmsValue* self, double newDoubleValue",mms/iso_mms/common/mms_value.c,578,"void MmsValue_setDouble(MmsValue* self, double newDoubleValue)"
MmsValue_setElement,declaration,LIB61850_API void,,"MmsValue* complexValue, int index, MmsValue* elementValue",mms/inc/mms_value.h,59,"LIB61850_API void MmsValue_setElement(MmsValue* complexValue, int index, MmsValue* elementValue)"
MmsValue_setElement,declaration,(unknown),,"value, i, elementValue",mms/iso_mms/server/mms_access_result.c,193,"MmsValue_setElement(value, i, elementValue)"
MmsValue_setElement,declaration,(unknown),,"value, i, element",mms/iso_mms/server/mms_read_service.c,61,"MmsValue_setElement(value, i, element)"
MmsValue_setElement,declaration,(unknown),,"value, resultIndex, elementValue",mms/iso_mms/server/mms_read_service.c,228,"MmsValue_setElement(value, resultIndex, elementValue)"
MmsValue_setElement,definition,void,,"MmsValue* complexValue, int index, MmsValue* elementValue",mms/iso_mms/common/mms_value.c,2053,"void MmsValue_setElement(MmsValue* complexValue, int index, MmsValue* elementValue)"
MmsValue_setFloat,declaration,LIB61850_API void,,"MmsValue* self, float newFloatValue",mms/inc/mms_value.h,93,"LIB61850_API void MmsValue_setFloat(MmsValue* self, float newFloatValue)"
MmsValue_setFloat,definition,void,,"MmsValue* self, float newFloatValue",mms/iso_mms/common/mms_value.c,563,"void MmsValue_setFloat(MmsValue* self, float newFloatValue)"
MmsValue_setInt16,declaration,LIB61850_API void,,"MmsValue* value, int16_t integer",mms/inc/mms_value.h,105,"LIB61850_API void MmsValue_setInt16(MmsValue* value, int16_t integer)"
MmsValue_setInt16,definition,void,,"MmsValue* self, int16_t integer",mms/iso_mms/common/mms_value.c,655,"void MmsValue_setInt16(MmsValue* self, int16_t integer)"
MmsValue_setInt32,declaration,LIB61850_API void,,"MmsValue* self, int32_t integer",mms/inc/mms_value.h,109,"LIB61850_API void MmsValue_setInt32(MmsValue* self, int32_t integer)"
MmsValue_setInt32,definition,void,,"MmsValue* self, int32_t integer",mms/iso_mms/common/mms_value.c,665,"void MmsValue_setInt32(MmsValue* self, int32_t integer)"
MmsValue_setInt64,declaration,LIB61850_API void,,"MmsValue* value, int64_t integer",mms/inc/mms_value.h,113,"LIB61850_API void MmsValue_setInt64(MmsValue* value, int64_t integer)"
MmsValue_setInt64,definition,void,,"MmsValue* self, int64_t integer",mms/iso_mms/common/mms_value.c,675,"void MmsValue_setInt64(MmsValue* self, int64_t integer)"
MmsValue_setInt8,declaration,LIB61850_API void,,"MmsValue* value, int8_t integer",mms/inc/mms_value.h,101,"LIB61850_API void MmsValue_setInt8(MmsValue* value, int8_t integer)"
MmsValue_setInt8,definition,void,,"MmsValue* self, int8_t integer",mms/iso_mms/common/mms_value.c,645,"void MmsValue_setInt8(MmsValue* self, int8_t integer)"
MmsValue_setMmsString,declaration,LIB61850_API void,,"MmsValue* value, const char* string",mms/inc/mms_value.h,377,"LIB61850_API void MmsValue_setMmsString(MmsValue* value, const char* string)"
MmsValue_setMmsString,declaration,case MMS_STRING:,,"self, update->value.visibleString.buf",mms/iso_mms/common/mms_value.c,296,"case MMS_STRING: MmsValue_setMmsString(self, update->value.visibleString.buf)"
MmsValue_setMmsString,definition,void,,"MmsValue* self, const char* string",mms/iso_mms/common/mms_value.c,1864,"void MmsValue_setMmsString(MmsValue* self, const char* string)"
MmsValue_setOctetString,declaration,LIB61850_API void,,"MmsValue* self, const uint8_t* buf, int size",mms/inc/mms_value.h,239,"LIB61850_API void MmsValue_setOctetString(MmsValue* self, const uint8_t* buf, int size)"
MmsValue_setOctetString,definition,void,,"MmsValue* self, const uint8_t* buf, int size",mms/iso_mms/common/mms_value.c,1456,"void MmsValue_setOctetString(MmsValue* self, const uint8_t* buf, int size)"
MmsValue_setOctetStringOctet,declaration,LIB61850_API void,,"MmsValue* self, int octetPos, uint8_t value",mms/inc/mms_value.h,243,"LIB61850_API void MmsValue_setOctetStringOctet(MmsValue* self, int octetPos, uint8_t value)"
MmsValue_setOctetStringOctet,definition,void,,"MmsValue* self, int octetPos, uint8_t value",mms/iso_mms/common/mms_value.c,1465,"void MmsValue_setOctetStringOctet(MmsValue* self, int octetPos, uint8_t value)"
MmsValue_setUint16,declaration,LIB61850_API void,,"MmsValue* value, uint16_t integer",mms/inc/mms_value.h,121,"LIB61850_API void MmsValue_setUint16(MmsValue* value, uint16_t integer)"
MmsValue_setUint16,definition,void,,"MmsValue* self, uint16_t integer",mms/iso_mms/common/mms_value.c,695,"void MmsValue_setUint16(MmsValue* self, uint16_t integer)"
MmsValue_setUint32,declaration,LIB61850_API void,,"MmsValue* value, uint32_t integer",mms/inc/mms_value.h,125,"LIB61850_API void MmsValue_setUint32(MmsValue* value, uint32_t integer)"
MmsValue_setUint32,definition,void,,"MmsValue* self, uint32_t integer",mms/iso_mms/common/mms_value.c,685,"void MmsValue_setUint32(MmsValue* self, uint32_t integer)"
MmsValue_setUint8,declaration,LIB61850_API void,,"MmsValue* value, uint8_t integer",mms/inc/mms_value.h,117,"LIB61850_API void MmsValue_setUint8(MmsValue* value, uint8_t integer)"
MmsValue_setUint8,definition,void,,"MmsValue* self, uint8_t integer",mms/iso_mms/common/mms_value.c,705,"void MmsValue_setUint8(MmsValue* self, uint8_t integer)"
MmsValue_setUtcTime,declaration,LIB61850_API MmsValue*,,"MmsValue* self, uint32_t timeval",mms/inc/mms_value.h,195,"LIB61850_API MmsValue* MmsValue_setUtcTime(MmsValue* self, uint32_t timeval)"
MmsValue_setUtcTime,definition,MmsValue*,,"MmsValue* self, uint32_t timeval",mms/iso_mms/common/mms_value.c,728,"MmsValue* MmsValue_setUtcTime(MmsValue* self, uint32_t timeval)"
MmsValue_setUtcTimeByBuffer,declaration,LIB61850_API void,,"MmsValue* self, const uint8_t* buffer",mms/inc/mms_value.h,203,"LIB61850_API void MmsValue_setUtcTimeByBuffer(MmsValue* self, const uint8_t* buffer)"
MmsValue_setUtcTimeByBuffer,declaration,(unknown),,"value, buffer + bufPos",mms/iso_mms/server/mms_access_result.c,293,"MmsValue_setUtcTimeByBuffer(value, buffer + bufPos)"
MmsValue_setUtcTimeByBuffer,definition,void,,"MmsValue* self, const uint8_t* buffer",mms/iso_mms/common/mms_value.c,797,"void MmsValue_setUtcTimeByBuffer(MmsValue* self, const uint8_t* buffer)"
MmsValue_setUtcTimeMs,declaration,LIB61850_API MmsValue*,,"MmsValue* self, uint64_t timeval",mms/inc/mms_value.h,199,"LIB61850_API MmsValue* MmsValue_setUtcTimeMs(MmsValue* self, uint64_t timeval)"
MmsValue_setUtcTimeMs,declaration,(unknown),,"self, timeval",mms/iso_mms/common/mms_value.c,1973,"MmsValue_setUtcTimeMs(self, timeval)"
MmsValue_setUtcTimeMs,definition,MmsValue*,,"MmsValue* self, uint64_t timeval",mms/iso_mms/common/mms_value.c,769,"MmsValue* MmsValue_setUtcTimeMs(MmsValue* self, uint64_t timeval)"
MmsValue_setUtcTimeMsEx,declaration,LIB61850_API MmsValue*,,"MmsValue* self, uint64_t timeval, uint8_t timeQuality",mms/inc/mms_value.h,223,"LIB61850_API MmsValue* MmsValue_setUtcTimeMsEx(MmsValue* self, uint64_t timeval, uint8_t timeQuality)"
MmsValue_setUtcTimeMsEx,definition,MmsValue*,,"MmsValue* self, uint64_t timeval, uint8_t timeQuality",mms/iso_mms/common/mms_value.c,777,"MmsValue* MmsValue_setUtcTimeMsEx(MmsValue* self, uint64_t timeval, uint8_t timeQuality)"
MmsValue_setUtcTimeQuality,declaration,LIB61850_API void,,"MmsValue* self, uint8_t timeQuality",mms/inc/mms_value.h,219,"LIB61850_API void MmsValue_setUtcTimeQuality(MmsValue* self, uint8_t timeQuality)"
MmsValue_setUtcTimeQuality,definition,void,,"MmsValue* self, uint8_t timeQuality",mms/iso_mms/common/mms_value.c,785,"void MmsValue_setUtcTimeQuality(MmsValue* self, uint8_t timeQuality)"
MmsValue_setVisibleString,declaration,LIB61850_API void,,"MmsValue* self, const char* string",mms/inc/mms_value.h,146,"LIB61850_API void MmsValue_setVisibleString(MmsValue* self, const char* string)"
MmsValue_setVisibleString,declaration,case MMS_VISIBLE_STRING:,,"self, update->value.visibleString.buf",mms/iso_mms/common/mms_value.c,292,"case MMS_VISIBLE_STRING: MmsValue_setVisibleString(self, update->value.visibleString.buf)"
MmsValue_setVisibleString,definition,void,,"MmsValue* self, const char* string",mms/iso_mms/common/mms_value.c,1908,"void MmsValue_setVisibleString(MmsValue* self, const char* string)"
MmsValue_toDouble,declaration,LIB61850_API double,,const MmsValue* self,mms/inc/mms_value.h,81,LIB61850_API double MmsValue_toDouble(const MmsValue* self)
MmsValue_toDouble,definition,double,,const MmsValue* self,mms/iso_mms/common/mms_value.c,981,double MmsValue_toDouble(const MmsValue* self)
MmsValue_toFloat,declaration,LIB61850_API float,,const MmsValue* self,mms/inc/mms_value.h,85,LIB61850_API float MmsValue_toFloat(const MmsValue* self)
MmsValue_toFloat,definition,float,,const MmsValue* self,mms/iso_mms/common/mms_value.c,958,float MmsValue_toFloat(const MmsValue* self)
MmsValue_toInt32,declaration,LIB61850_API int32_t,,const MmsValue* value,mms/inc/mms_value.h,73,LIB61850_API int32_t MmsValue_toInt32(const MmsValue* value)
MmsValue_toInt32,definition,int32_t,,const MmsValue* self,mms/iso_mms/common/mms_value.c,923,int32_t MmsValue_toInt32(const MmsValue* self)
MmsValue_toInt64,declaration,LIB61850_API int64_t,,const MmsValue* self,mms/inc/mms_value.h,69,LIB61850_API int64_t MmsValue_toInt64(const MmsValue* self)
MmsValue_toInt64,definition,int64_t,,const MmsValue* self,mms/iso_mms/common/mms_value.c,946,int64_t MmsValue_toInt64(const MmsValue* self)
MmsValue_toString,declaration,LIB61850_API const char*,,MmsValue* self,mms/inc/mms_value.h,138,LIB61850_API const char* MmsValue_toString(MmsValue* self)
MmsValue_toString,definition,char*,const,MmsValue* self,mms/iso_mms/common/mms_value.c,1916,const char* MmsValue_toString(MmsValue* self)
MmsValue_toUint32,declaration,LIB61850_API uint32_t,,const MmsValue* value,mms/inc/mms_value.h,77,LIB61850_API uint32_t MmsValue_toUint32(const MmsValue* value)
MmsValue_toUint32,definition,uint32_t,,const MmsValue* self,mms/iso_mms/common/mms_value.c,935,uint32_t MmsValue_toUint32(const MmsValue* self)
MmsValue_toUnixTimestamp,declaration,LIB61850_API uint32_t,,const MmsValue* self,mms/inc/mms_value.h,89,LIB61850_API uint32_t MmsValue_toUnixTimestamp(const MmsValue* self)
MmsValue_toUnixTimestamp,definition,uint32_t,,const MmsValue* self,mms/iso_mms/common/mms_value.c,1005,uint32_t MmsValue_toUnixTimestamp(const MmsValue* self)
MmsValue_update,declaration,LIB61850_API bool,,"MmsValue* self, const MmsValue* source",mms/inc/mms_value.h,263,"LIB61850_API bool MmsValue_update(MmsValue* self, const MmsValue* source)"
MmsValue_update,declaration,(unknown),,"cachedValue, value",mms/iso_mms/server/mms_server.c,545,"MmsValue_update(cachedValue, value)"
MmsValue_update,declaration,(unknown),,"cachedValue, value",mms/iso_mms/server/mms_server.c,577,"MmsValue_update(cachedValue, value)"
MmsValue_update,definition,bool,,"MmsValue* self, const MmsValue* update",mms/iso_mms/common/mms_value.c,208,"bool MmsValue_update(MmsValue* self, const MmsValue* update)"
MmsVariableAccessSpecification_create,declaration,LIB61850_API MmsVariableAccessSpecification*,,"char* domainId, char* itemId",mms/inc/mms_client_connection.h,457,"LIB61850_API MmsVariableAccessSpecification* MmsVariableAccessSpecification_create(char* domainId, char* itemId)"
MmsVariableAccessSpecification_create,definition,MmsVariableAccessSpecification*,,"char* domainId, char* itemId",mms/iso_mms/client/mms_client_connection.c,4940,"MmsVariableAccessSpecification* MmsVariableAccessSpecification_create(char* domainId, char* itemId)"
MmsVariableAccessSpecification_createAlternateAccess,declaration,LIB61850_API MmsVariableAccessSpecification*,,"char* domainId, char* itemId, int32_t index, char* componentName",mms/inc/mms_client_connection.h,461,"LIB61850_API MmsVariableAccessSpecification* MmsVariableAccessSpecification_createAlternateAccess(char* domainId, char* itemId, int32_t index, char* componentName)"
MmsVariableAccessSpecification_createAlternateAccess,declaration,MmsVariableAccessSpecification* listEntry =,,"domainId, itemId, arrayIdx, componentName",mms/iso_mms/client/mms_client_named_variable_list.c,266,"MmsVariableAccessSpecification* listEntry = MmsVariableAccessSpecification_createAlternateAccess(domainId, itemId, arrayIdx, componentName)"
MmsVariableAccessSpecification_createAlternateAccess,definition,MmsVariableAccessSpecification*,,"char* domainId, char* itemId, int32_t index, char* componentName",mms/iso_mms/client/mms_client_connection.c,4957,"MmsVariableAccessSpecification* MmsVariableAccessSpecification_createAlternateAccess(char* domainId, char* itemId, int32_t index, char* componentName)"
MmsVariableAccessSpecification_destroy,declaration,LIB61850_API void,,MmsVariableAccessSpecification* self,mms/inc/mms_client_connection.h,466,LIB61850_API void MmsVariableAccessSpecification_destroy(MmsVariableAccessSpecification* self)
MmsVariableAccessSpecification_destroy,definition,void,,MmsVariableAccessSpecification* self,mms/iso_mms/client/mms_client_connection.c,4975,void MmsVariableAccessSpecification_destroy(MmsVariableAccessSpecification* self)
MmsVariableSpecification_destroy,declaration,(unknown),,typeSpec->typeSpec.structure.elements[i],mms/iso_mms/common/mms_type_spec.c,22,MmsVariableSpecification_destroy(typeSpec->typeSpec.structure.elements[i])
MmsVariableSpecification_destroy,declaration,(unknown),,typeSpec->typeSpec.array.elementTypeSpec,mms/iso_mms/common/mms_type_spec.c,29,MmsVariableSpecification_destroy(typeSpec->typeSpec.array.elementTypeSpec)
MmsVariableSpecification_destroy,declaration,(unknown),,self->namedVariables[i],mms/iso_mms/server/mms_device.c,30,MmsVariableSpecification_destroy(self->namedVariables[i])
MmsVariableSpecification_destroy,declaration,(unknown),,variables[i],mms/iso_mms/server/mms_domain.c,11,MmsVariableSpecification_destroy(variables[i])
MmsVariableSpecification_getArrayElementSpecification,declaration,LIB61850_API MmsVariableSpecification*,,MmsVariableSpecification* self,mms/inc/mms_type_spec.h,58,LIB61850_API MmsVariableSpecification* MmsVariableSpecification_getArrayElementSpecification(MmsVariableSpecification* self)
MmsVariableSpecification_getArrayElementSpecification,definition,MmsVariableSpecification*,,MmsVariableSpecification* self,mms/iso_mms/common/mms_type_spec.c,310,MmsVariableSpecification* MmsVariableSpecification_getArrayElementSpecification(MmsVariableSpecification* self)
MmsVariableSpecification_getChildSpecificationByIndex,declaration,LIB61850_API MmsVariableSpecification*,,"MmsVariableSpecification* self, int index",mms/inc/mms_type_spec.h,51,"LIB61850_API MmsVariableSpecification* MmsVariableSpecification_getChildSpecificationByIndex(MmsVariableSpecification* self, int index)"
MmsVariableSpecification_getChildSpecificationByIndex,definition,MmsVariableSpecification*,,"MmsVariableSpecification* self, int index",mms/iso_mms/common/mms_type_spec.c,273,"MmsVariableSpecification* MmsVariableSpecification_getChildSpecificationByIndex(MmsVariableSpecification* self, int index)"
MmsVariableSpecification_getChildSpecificationByName,declaration,LIB61850_API MmsVariableSpecification*,,"MmsVariableSpecification* self, const char* name, int* index",mms/inc/mms_type_spec.h,54,"LIB61850_API MmsVariableSpecification* MmsVariableSpecification_getChildSpecificationByName(MmsVariableSpecification* self, const char* name, int* index)"
MmsVariableSpecification_getChildSpecificationByName,definition,MmsVariableSpecification*,,"MmsVariableSpecification* self, const char* name, int* index",mms/iso_mms/common/mms_type_spec.c,288,"MmsVariableSpecification* MmsVariableSpecification_getChildSpecificationByName(MmsVariableSpecification* self, const char* name, int* index)"
MmsVariableSpecification_getChildValue,declaration,LIB61850_API MmsValue*,,"MmsVariableSpecification* self, MmsValue* value, const char* childId",mms/inc/mms_type_spec.h,23,"LIB61850_API MmsValue* MmsVariableSpecification_getChildValue(MmsVariableSpecification* self, MmsValue* value, const char* childId)"
MmsVariableSpecification_getChildValue,declaration,return,,"typeSpec->typeSpec.structure.elements[i], value->value.structure.components[i], childId + childLen + 1",mms/iso_mms/common/mms_type_spec.c,77,"return MmsVariableSpecification_getChildValue(typeSpec->typeSpec.structure.elements[i], value->value.structure.components[i], childId + childLen + 1)"
MmsVariableSpecification_getChildValue,declaration,return,,"varSpec, self, mmsPath",mms/iso_mms/common/mms_value.c,2117,"return MmsVariableSpecification_getChildValue(varSpec, self, mmsPath)"
MmsVariableSpecification_getChildValue,declaration,MmsValue* subElementValue =,,"elementType, elementValue, listEntry->componentName",mms/iso_mms/server/mms_read_service.c,666,"MmsValue* subElementValue = MmsVariableSpecification_getChildValue(elementType, elementValue, listEntry->componentName)"
MmsVariableSpecification_getChildValue,declaration,value =,,"typeSpec, cacheEntry->value, childId",mms/iso_mms/server/mms_value_cache.c,96,"value = MmsVariableSpecification_getChildValue(typeSpec, cacheEntry->value, childId)"
MmsVariableSpecification_getChildValue,declaration,value =,,"typeSpec, cacheEntry->value, childId",mms/iso_mms/server/mms_value_cache.c,160,"value = MmsVariableSpecification_getChildValue(typeSpec, cacheEntry->value, childId)"
MmsVariableSpecification_getChildValue,declaration,MmsValue* componentValue =,,"elementSpec, elementValue, componentId",mms/iso_mms/server/mms_value_cache.c,183,"MmsValue* componentValue = MmsVariableSpecification_getChildValue(elementSpec, elementValue, componentId)"
MmsVariableSpecification_getChildValue,definition,MmsValue*,,"MmsVariableSpecification* typeSpec, MmsValue* value, const char* childId",mms/iso_mms/common/mms_type_spec.c,53,"MmsValue* MmsVariableSpecification_getChildValue(MmsVariableSpecification* typeSpec, MmsValue* value, const char* childId)"
MmsVariableSpecification_getExponentWidth,declaration,LIB61850_API int,,MmsVariableSpecification* self,mms/inc/mms_type_spec.h,61,LIB61850_API int MmsVariableSpecification_getExponentWidth(MmsVariableSpecification* self)
MmsVariableSpecification_getExponentWidth,definition,int,,MmsVariableSpecification* self,mms/iso_mms/common/mms_type_spec.c,319,int MmsVariableSpecification_getExponentWidth(MmsVariableSpecification* self)
MmsVariableSpecification_getMaxEncodedSize,declaration,LIB61850_API int,,MmsVariableSpecification* self,mms/inc/mms_value.h,432,LIB61850_API int MmsVariableSpecification_getMaxEncodedSize(MmsVariableSpecification* self)
MmsVariableSpecification_getMaxEncodedSize,declaration,i++) componentsSize +=,,components[i],mms/iso_mms/server/mms_access_result.c,425,i++) componentsSize += MmsVariableSpecification_getMaxEncodedSize(components[i])
MmsVariableSpecification_getMaxEncodedSize,declaration,case MMS_ARRAY: elementSize =,,self->typeSpec.array.elementTypeSpec,mms/iso_mms/server/mms_access_result.c,443,case MMS_ARRAY: elementSize = MmsVariableSpecification_getMaxEncodedSize(self->typeSpec.array.elementTypeSpec) * self->typeSpec.array.elementCount
MmsVariableSpecification_getMaxEncodedSize,definition,int,,MmsVariableSpecification* self,mms/iso_mms/server/mms_access_result.c,431,int MmsVariableSpecification_getMaxEncodedSize(MmsVariableSpecification* self)
MmsVariableSpecification_getName,declaration,LIB61850_API const char*,,MmsVariableSpecification* self,mms/inc/mms_type_spec.h,39,LIB61850_API const char* MmsVariableSpecification_getName(MmsVariableSpecification* self)
MmsVariableSpecification_getName,definition,char*,const,MmsVariableSpecification* self,mms/iso_mms/common/mms_type_spec.c,155,const char* MmsVariableSpecification_getName(MmsVariableSpecification* self)
MmsVariableSpecification_getNamedVariableRecursive,declaration,LIB61850_API MmsVariableSpecification*,,"MmsVariableSpecification* self, const char* nameId",mms/inc/mms_type_spec.h,27,"LIB61850_API MmsVariableSpecification* MmsVariableSpecification_getNamedVariableRecursive(MmsVariableSpecification* self, const char* nameId)"
MmsVariableSpecification_getNamedVariableRecursive,declaration,return,,"variable->typeSpec.array.elementTypeSpec, nameId",mms/iso_mms/common/mms_type_spec.c,185,"return MmsVariableSpecification_getNamedVariableRecursive(variable->typeSpec.array.elementTypeSpec, nameId)"
MmsVariableSpecification_getNamedVariableRecursive,declaration,namedVariable =,,"namedVariable, separator + 1",mms/iso_mms/common/mms_type_spec.c,228,"namedVariable = MmsVariableSpecification_getNamedVariableRecursive(namedVariable, separator + 1)"
MmsVariableSpecification_getNamedVariableRecursive,declaration,namedVariable =,,"namedVariable, separator + 1",mms/iso_mms/common/mms_type_spec.c,233,"namedVariable = MmsVariableSpecification_getNamedVariableRecursive(namedVariable, separator + 1)"
MmsVariableSpecification_getNamedVariableRecursive,declaration,namedVariable =,,"namedVariable, separator + 1",mms/iso_mms/server/mms_device.c,92,"namedVariable = MmsVariableSpecification_getNamedVariableRecursive(namedVariable, separator + 1)"
MmsVariableSpecification_getNamedVariableRecursive,declaration,namedVariable =,,"namedVariable, separator + 1",mms/iso_mms/server/mms_domain.c,156,"namedVariable = MmsVariableSpecification_getNamedVariableRecursive(namedVariable, separator + 1)"
MmsVariableSpecification_getNamedVariableRecursive,declaration,*outSpec =,,"typeSpec, childId",mms/iso_mms/server/mms_value_cache.c,100,"*outSpec = MmsVariableSpecification_getNamedVariableRecursive(typeSpec, childId)"
MmsVariableSpecification_getNamedVariableRecursive,declaration,MmsVariableSpecification* childSpec =,,"typeSpec, childId",mms/iso_mms/server/mms_value_cache.c,175,"MmsVariableSpecification* childSpec = MmsVariableSpecification_getNamedVariableRecursive(typeSpec, childId)"
MmsVariableSpecification_getNamedVariableRecursive,definition,MmsVariableSpecification*,,"MmsVariableSpecification* variable, const char* nameId",mms/iso_mms/common/mms_type_spec.c,180,"MmsVariableSpecification* MmsVariableSpecification_getNamedVariableRecursive(MmsVariableSpecification* variable, const char* nameId)"
MmsVariableSpecification_getSize,declaration,LIB61850_API int,,MmsVariableSpecification* self,mms/inc/mms_type_spec.h,47,LIB61850_API int MmsVariableSpecification_getSize(MmsVariableSpecification* self)
MmsVariableSpecification_getSize,definition,int,,MmsVariableSpecification* self,mms/iso_mms/common/mms_type_spec.c,243,int MmsVariableSpecification_getSize(MmsVariableSpecification* self)
MmsVariableSpecification_getStructureElements,declaration,LIB61850_API LinkedList,,MmsVariableSpecification* self,mms/inc/mms_type_spec.h,43,LIB61850_API LinkedList MmsVariableSpecification_getStructureElements(MmsVariableSpecification* self)
MmsVariableSpecification_getStructureElements,definition,LinkedList,,MmsVariableSpecification* self,mms/iso_mms/common/mms_type_spec.c,161,LinkedList MmsVariableSpecification_getStructureElements(MmsVariableSpecification* self)
MmsVariableSpecification_getType,declaration,LIB61850_API MmsType,,MmsVariableSpecification* self,mms/inc/mms_type_spec.h,31,LIB61850_API MmsType MmsVariableSpecification_getType(MmsVariableSpecification* self)
MmsVariableSpecification_getType,definition,MmsType,,MmsVariableSpecification* self,mms/iso_mms/common/mms_type_spec.c,88,MmsType MmsVariableSpecification_getType(MmsVariableSpecification* self)
MmsVariableSpecification_isValueOfType,declaration,LIB61850_API bool,,"MmsVariableSpecification* self, const MmsValue* value",mms/inc/mms_type_spec.h,35,"LIB61850_API bool MmsVariableSpecification_isValueOfType(MmsVariableSpecification* self, const MmsValue* value)"
MmsVariableSpecification_isValueOfType,definition,bool,,"MmsVariableSpecification* self, const MmsValue* value",mms/iso_mms/common/mms_type_spec.c,94,"bool MmsVariableSpecification_isValueOfType(MmsVariableSpecification* self, const MmsValue* value)"
Semaphore_create,declaration,self->stateMutex =,,1,mms/iso_client/iso_client_connection.c,133,self->stateMutex = Semaphore_create(1)
Semaphore_create,declaration,self->transmitBufferMutex =,,1,mms/iso_client/iso_client_connection.c,142,self->transmitBufferMutex = Semaphore_create(1)
Semaphore_create,declaration,self->tickMutex =,,1,mms/iso_client/iso_client_connection.c,144,self->tickMutex = Semaphore_create(1)
Semaphore_create,declaration,self->nextInvokeIdLock =,,1,mms/iso_mms/client/mms_client_connection.c,1586,self->nextInvokeIdLock = Semaphore_create(1)
Semaphore_create,declaration,self->outstandingCallsLock =,,1,mms/iso_mms/client/mms_client_connection.c,1588,self->outstandingCallsLock = Semaphore_create(1)
Semaphore_create,declaration,self->associationStateLock =,,1,mms/iso_mms/client/mms_client_connection.c,1589,self->associationStateLock = Semaphore_create(1)
Semaphore_create,declaration,conParams.sem =,,1,mms/iso_mms/client/mms_client_connection.c,1852,conParams.sem = Semaphore_create(1)
Semaphore_create,declaration,parameter.sem =,,1,mms/iso_mms/client/mms_client_connection.c,2043,parameter.sem = Semaphore_create(1)
Semaphore_create,declaration,parameter.sem =,,1,mms/iso_mms/client/mms_client_connection.c,2184,parameter.sem = Semaphore_create(1)
Semaphore_create,declaration,parameter.sem =,,1,mms/iso_mms/client/mms_client_connection.c,2206,parameter.sem = Semaphore_create(1)
Semaphore_create,declaration,parameter.sem =,,1,mms/iso_mms/client/mms_client_connection.c,2395,parameter.sem = Semaphore_create(1)
Semaphore_create,declaration,parameter.sem =,,1,mms/iso_mms/client/mms_client_connection.c,2462,parameter.sem = Semaphore_create(1)
Semaphore_create,declaration,parameter.sem =,,1,mms/iso_mms/client/mms_client_connection.c,2496,parameter.sem = Semaphore_create(1)
Semaphore_create,declaration,parameter.sem =,,1,mms/iso_mms/client/mms_client_connection.c,2564,parameter.sem = Semaphore_create(1)
Semaphore_create,declaration,parameter.sem =,,1,mms/iso_mms/client/mms_client_connection.c,2634,parameter.sem = Semaphore_create(1)
Semaphore_create,declaration,parameter.sem =,,1,mms/iso_mms/client/mms_client_connection.c,2708,parameter.sem = Semaphore_create(1)
Semaphore_create,declaration,parameter.sem =,,1,mms/iso_mms/client/mms_client_connection.c,2778,parameter.sem = Semaphore_create(1)
Semaphore_create,declaration,Semaphore waitForResponse =,,1,mms/iso_mms/client/mms_client_connection.c,2866,Semaphore waitForResponse = Semaphore_create(1)
Semaphore_create,declaration,Semaphore waitForResponse =,,1,mms/iso_mms/client/mms_client_connection.c,2937,Semaphore waitForResponse = Semaphore_create(1)
Semaphore_create,declaration,parameter.waitForResponse =,,1,mms/iso_mms/client/mms_client_connection.c,3032,parameter.waitForResponse = Semaphore_create(1)
Semaphore_create,declaration,parameter.waitForResponse =,,1,mms/iso_mms/client/mms_client_connection.c,3093,parameter.waitForResponse = Semaphore_create(1)
Semaphore_create,declaration,parameter.waitForResponse =,,1,mms/iso_mms/client/mms_client_connection.c,3156,parameter.waitForResponse = Semaphore_create(1)
Semaphore_create,declaration,parameter.waitForResponse =,,1,mms/iso_mms/client/mms_client_connection.c,3219,parameter.waitForResponse = Semaphore_create(1)
Semaphore_create,declaration,parameter.waitForResponse =,,1,mms/iso_mms/client/mms_client_connection.c,3304,parameter.waitForResponse = Semaphore_create(1)
Semaphore_create,declaration,parameter.waitForResponse =,,1,mms/iso_mms/client/mms_client_connection.c,3393,parameter.waitForResponse = Semaphore_create(1)
Semaphore_create,declaration,parameter.waitForResponse =,,1,mms/iso_mms/client/mms_client_connection.c,3480,parameter.waitForResponse = Semaphore_create(1)
Semaphore_create,declaration,parameter.waitForResponse =,,1,mms/iso_mms/client/mms_client_connection.c,3626,parameter.waitForResponse = Semaphore_create(1)
Semaphore_create,declaration,parameter.waitForResponse =,,1,mms/iso_mms/client/mms_client_connection.c,3701,parameter.waitForResponse = Semaphore_create(1)
Semaphore_create,declaration,parameter.waitForResponse =,,1,mms/iso_mms/client/mms_client_connection.c,3804,parameter.waitForResponse = Semaphore_create(1)
Semaphore_create,declaration,parameter.waitForResponse =,,1,mms/iso_mms/client/mms_client_connection.c,3913,parameter.waitForResponse = Semaphore_create(1)
Semaphore_create,declaration,parameter.waitForResponse =,,1,mms/iso_mms/client/mms_client_connection.c,3990,parameter.waitForResponse = Semaphore_create(1)
Semaphore_create,declaration,parameter.waitForResponse =,,1,mms/iso_mms/client/mms_client_connection.c,4097,parameter.waitForResponse = Semaphore_create(1)
Semaphore_create,declaration,parameter.waitForResponse =,,1,mms/iso_mms/client/mms_client_connection.c,4214,parameter.waitForResponse = Semaphore_create(1)
Semaphore_create,declaration,parameter.waitForResponse =,,1,mms/iso_mms/client/mms_client_connection.c,4292,parameter.waitForResponse = Semaphore_create(1)
Semaphore_create,declaration,parameter.waitForResponse =,,1,mms/iso_mms/client/mms_client_connection.c,4369,parameter.waitForResponse = Semaphore_create(1)
Semaphore_create,declaration,parameter.waitForResponse =,,1,mms/iso_mms/client/mms_client_connection.c,4472,parameter.waitForResponse = Semaphore_create(1)
Semaphore_create,declaration,parameter.waitForResponse =,,1,mms/iso_mms/client/mms_client_connection.c,4537,parameter.waitForResponse = Semaphore_create(1)
Semaphore_create,declaration,parameter.waitForResponse =,,1,mms/iso_mms/client/mms_client_connection.c,4604,parameter.waitForResponse = Semaphore_create(1)
Semaphore_create,declaration,parameter.sem =,,1,mms/iso_mms/client/mms_client_connection.c,4691,parameter.sem = Semaphore_create(1)
Semaphore_create,declaration,parameter.waitForResponse =,,1,mms/iso_mms/client/mms_client_connection.c,4769,parameter.waitForResponse = Semaphore_create(1)
Semaphore_create,declaration,parameter.sem =,,1,mms/iso_mms/client/mms_client_connection.c,4835,parameter.sem = Semaphore_create(1)
Semaphore_create,declaration,self->modelMutex =,,1,mms/iso_mms/server/mms_server.c,41,self->modelMutex = Semaphore_create(1)
Semaphore_create,declaration,self->transmitBufferMutex =,,1,mms/iso_mms/server/mms_server.c,46,self->transmitBufferMutex = Semaphore_create(1)
Semaphore_create,declaration,self->openClientConnectionsMutex =,,1,mms/iso_server/iso_server.c,607,self->openClientConnectionsMutex = Semaphore_create(1)
Semaphore_destroy,declaration,(unknown),,self->transmitBufferMutex,mms/iso_client/iso_client_connection.c,820,Semaphore_destroy(self->transmitBufferMutex)
Semaphore_destroy,declaration,(unknown),,self->stateMutex,mms/iso_client/iso_client_connection.c,822,Semaphore_destroy(self->stateMutex)
Semaphore_destroy,declaration,(unknown),,self->tickMutex,mms/iso_client/iso_client_connection.c,823,Semaphore_destroy(self->tickMutex)
Semaphore_destroy,declaration,(unknown),,self->nextInvokeIdLock,mms/iso_mms/client/mms_client_connection.c,1678,Semaphore_destroy(self->nextInvokeIdLock)
Semaphore_destroy,declaration,(unknown),,self->outstandingCallsLock,mms/iso_mms/client/mms_client_connection.c,1680,Semaphore_destroy(self->outstandingCallsLock)
Semaphore_destroy,declaration,(unknown),,self->associationStateLock,mms/iso_mms/client/mms_client_connection.c,1682,Semaphore_destroy(self->associationStateLock)
Semaphore_destroy,declaration,(unknown),,conParams.sem,mms/iso_mms/client/mms_client_connection.c,1888,Semaphore_destroy(conParams.sem)
Semaphore_destroy,declaration,(unknown),,parameter.sem,mms/iso_mms/client/mms_client_connection.c,2057,Semaphore_destroy(parameter.sem)
Semaphore_destroy,declaration,(unknown),,parameter.sem,mms/iso_mms/client/mms_client_connection.c,2201,Semaphore_destroy(parameter.sem)
Semaphore_destroy,declaration,(unknown),,parameter.sem,mms/iso_mms/client/mms_client_connection.c,2230,Semaphore_destroy(parameter.sem)
Semaphore_destroy,declaration,(unknown),,parameter.sem,mms/iso_mms/client/mms_client_connection.c,2411,Semaphore_destroy(parameter.sem)
Semaphore_destroy,declaration,(unknown),,parameter.sem,mms/iso_mms/client/mms_client_connection.c,2478,Semaphore_destroy(parameter.sem)
Semaphore_destroy,declaration,(unknown),,parameter.sem,mms/iso_mms/client/mms_client_connection.c,2513,Semaphore_destroy(parameter.sem)
Semaphore_destroy,declaration,(unknown),,parameter.sem,mms/iso_mms/client/mms_client_connection.c,2581,Semaphore_destroy(parameter.sem)
Semaphore_destroy,declaration,(unknown),,parameter.sem,mms/iso_mms/client/mms_client_connection.c,2651,Semaphore_destroy(parameter.sem)
Semaphore_destroy,declaration,(unknown),,parameter.sem,mms/iso_mms/client/mms_client_connection.c,2725,Semaphore_destroy(parameter.sem)
Semaphore_destroy,declaration,(unknown),,parameter.sem,mms/iso_mms/client/mms_client_connection.c,2795,Semaphore_destroy(parameter.sem)
Semaphore_destroy,declaration,(unknown),,waitForResponse,mms/iso_mms/client/mms_client_connection.c,2889,Semaphore_destroy(waitForResponse)
Semaphore_destroy,declaration,(unknown),,waitForResponse,mms/iso_mms/client/mms_client_connection.c,2960,Semaphore_destroy(waitForResponse)
Semaphore_destroy,declaration,(unknown),,parameter.waitForResponse,mms/iso_mms/client/mms_client_connection.c,3045,Semaphore_destroy(parameter.waitForResponse)
Semaphore_destroy,declaration,(unknown),,parameter.waitForResponse,mms/iso_mms/client/mms_client_connection.c,3106,Semaphore_destroy(parameter.waitForResponse)
Semaphore_destroy,declaration,(unknown),,parameter.waitForResponse,mms/iso_mms/client/mms_client_connection.c,3169,Semaphore_destroy(parameter.waitForResponse)
Semaphore_destroy,declaration,(unknown),,parameter.waitForResponse,mms/iso_mms/client/mms_client_connection.c,3232,Semaphore_destroy(parameter.waitForResponse)
Semaphore_destroy,declaration,(unknown),,parameter.waitForResponse,mms/iso_mms/client/mms_client_connection.c,3317,Semaphore_destroy(parameter.waitForResponse)
Semaphore_destroy,declaration,(unknown),,parameter.waitForResponse,mms/iso_mms/client/mms_client_connection.c,3408,Semaphore_destroy(parameter.waitForResponse)
Semaphore_destroy,declaration,(unknown),,parameter.waitForResponse,mms/iso_mms/client/mms_client_connection.c,3501,Semaphore_destroy(parameter.waitForResponse)
Semaphore_destroy,declaration,(unknown),,parameter.waitForResponse,mms/iso_mms/client/mms_client_connection.c,3645,Semaphore_destroy(parameter.waitForResponse)
Semaphore_destroy,declaration,(unknown),,parameter.waitForResponse,mms/iso_mms/client/mms_client_connection.c,3720,Semaphore_destroy(parameter.waitForResponse)
Semaphore_destroy,declaration,(unknown),,parameter.waitForResponse,mms/iso_mms/client/mms_client_connection.c,3821,Semaphore_destroy(parameter.waitForResponse)
Semaphore_destroy,declaration,(unknown),,parameter.waitForResponse,mms/iso_mms/client/mms_client_connection.c,3928,Semaphore_destroy(parameter.waitForResponse)
Semaphore_destroy,declaration,(unknown),,parameter.waitForResponse,mms/iso_mms/client/mms_client_connection.c,4005,Semaphore_destroy(parameter.waitForResponse)
Semaphore_destroy,declaration,(unknown),,parameter.waitForResponse,mms/iso_mms/client/mms_client_connection.c,4114,Semaphore_destroy(parameter.waitForResponse)
Semaphore_destroy,declaration,(unknown),,parameter.waitForResponse,mms/iso_mms/client/mms_client_connection.c,4227,Semaphore_destroy(parameter.waitForResponse)
Semaphore_destroy,declaration,(unknown),,parameter.waitForResponse,mms/iso_mms/client/mms_client_connection.c,4307,Semaphore_destroy(parameter.waitForResponse)
Semaphore_destroy,declaration,(unknown),,parameter.waitForResponse,mms/iso_mms/client/mms_client_connection.c,4384,Semaphore_destroy(parameter.waitForResponse)
Semaphore_destroy,declaration,(unknown),,parameter.waitForResponse,mms/iso_mms/client/mms_client_connection.c,4487,Semaphore_destroy(parameter.waitForResponse)
Semaphore_destroy,declaration,(unknown),,parameter.waitForResponse,mms/iso_mms/client/mms_client_connection.c,4552,Semaphore_destroy(parameter.waitForResponse)
Semaphore_destroy,declaration,(unknown),,parameter.waitForResponse,mms/iso_mms/client/mms_client_connection.c,4619,Semaphore_destroy(parameter.waitForResponse)
Semaphore_destroy,declaration,(unknown),,parameter.sem,mms/iso_mms/client/mms_client_connection.c,4718,Semaphore_destroy(parameter.sem)
Semaphore_destroy,declaration,(unknown),,parameter.waitForResponse,mms/iso_mms/client/mms_client_connection.c,4784,Semaphore_destroy(parameter.waitForResponse)
Semaphore_destroy,declaration,(unknown),,parameter.sem,mms/iso_mms/client/mms_client_connection.c,4863,Semaphore_destroy(parameter.sem)
Semaphore_destroy,declaration,(unknown),,self->openClientConnectionsMutex,mms/iso_server/iso_server.c,858,Semaphore_destroy(self->openClientConnectionsMutex)
Semaphore_post,declaration,(unknown),,self->stateMutex,mms/iso_client/iso_client_connection.c,93,Semaphore_post(self->stateMutex)
Semaphore_post,declaration,(unknown),,self->stateMutex,mms/iso_client/iso_client_connection.c,103,Semaphore_post(self->stateMutex)
Semaphore_post,declaration,(unknown),,self->transmitBufferMutex,mms/iso_client/iso_client_connection.c,277,Semaphore_post(self->transmitBufferMutex)
Semaphore_post,declaration,(unknown),,self->tickMutex,mms/iso_client/iso_client_connection.c,642,Semaphore_post(self->tickMutex)
Semaphore_post,declaration,(unknown),,self->tickMutex,mms/iso_client/iso_client_connection.c,659,Semaphore_post(self->tickMutex)
Semaphore_post,declaration,(unknown),,self->tickMutex,mms/iso_client/iso_client_connection.c,698,Semaphore_post(self->tickMutex)
Semaphore_post,declaration,(unknown),,self->transmitBufferMutex,mms/iso_client/iso_client_connection.c,738,Semaphore_post(self->transmitBufferMutex)
Semaphore_post,declaration,(unknown),,self->tickMutex,mms/iso_client/iso_client_connection.c,756,Semaphore_post(self->tickMutex)
Semaphore_post,declaration,(unknown),,self->tickMutex,mms/iso_client/iso_client_connection.c,763,Semaphore_post(self->tickMutex)
Semaphore_post,declaration,(unknown),,self->transmitBufferMutex,mms/iso_client/iso_client_connection.c,859,Semaphore_post(self->transmitBufferMutex)
Semaphore_post,declaration,(unknown),,self->transmitBufferMutex,mms/iso_client/iso_client_connection.c,900,Semaphore_post(self->transmitBufferMutex)
Semaphore_post,declaration,(unknown),,self->transmitBufferMutex,mms/iso_client/iso_client_connection.c,916,Semaphore_post(self->transmitBufferMutex)
Semaphore_post,declaration,(unknown),,self->associationStateLock,mms/iso_mms/client/mms_client_connection.c,24,Semaphore_post(self->associationStateLock)
Semaphore_post,declaration,(unknown),,self->associationStateLock,mms/iso_mms/client/mms_client_connection.c,37,Semaphore_post(self->associationStateLock)
Semaphore_post,declaration,(unknown),,self->nextInvokeIdLock,mms/iso_mms/client/mms_client_connection.c,235,Semaphore_post(self->nextInvokeIdLock)
Semaphore_post,declaration,(unknown),,self->outstandingCallsLock,mms/iso_mms/client/mms_client_connection.c,253,Semaphore_post(self->outstandingCallsLock)
Semaphore_post,declaration,(unknown),,self->outstandingCallsLock,mms/iso_mms/client/mms_client_connection.c,258,Semaphore_post(self->outstandingCallsLock)
Semaphore_post,declaration,(unknown),,self->outstandingCallsLock,mms/iso_mms/client/mms_client_connection.c,282,Semaphore_post(self->outstandingCallsLock)
Semaphore_post,declaration,(unknown),,self->outstandingCallsLock,mms/iso_mms/client/mms_client_connection.c,286,Semaphore_post(self->outstandingCallsLock)
Semaphore_post,declaration,(unknown),,self->outstandingCallsLock,mms/iso_mms/client/mms_client_connection.c,310,Semaphore_post(self->outstandingCallsLock)
Semaphore_post,declaration,(unknown),,self->outstandingCallsLock,mms/iso_mms/client/mms_client_connection.c,333,Semaphore_post(self->outstandingCallsLock)
Semaphore_post,declaration,(unknown),,self->outstandingCallsLock,mms/iso_mms/client/mms_client_connection.c,340,Semaphore_post(self->outstandingCallsLock)
Semaphore_post,declaration,(unknown),,self->outstandingCallsLock,mms/iso_mms/client/mms_client_connection.c,1074,Semaphore_post(self->outstandingCallsLock)
Semaphore_post,declaration,(unknown),,self->outstandingCallsLock,mms/iso_mms/client/mms_client_connection.c,1084,Semaphore_post(self->outstandingCallsLock)
Semaphore_post,declaration,(unknown),,self->outstandingCallsLock,mms/iso_mms/client/mms_client_connection.c,1089,Semaphore_post(self->outstandingCallsLock)
Semaphore_post,declaration,(unknown),,self->outstandingCallsLock,mms/iso_mms/client/mms_client_connection.c,1126,Semaphore_post(self->outstandingCallsLock)
Semaphore_post,declaration,(unknown),,self->outstandingCallsLock,mms/iso_mms/client/mms_client_connection.c,1135,Semaphore_post(self->outstandingCallsLock)
Semaphore_post,declaration,(unknown),,conParams->sem,mms/iso_mms/client/mms_client_connection.c,1836,Semaphore_post(conParams->sem)
Semaphore_post,declaration,(unknown),,parameters->sem,mms/iso_mms/client/mms_client_connection.c,2032,Semaphore_post(parameters->sem)
Semaphore_post,declaration,(unknown),,parameters->sem,mms/iso_mms/client/mms_client_connection.c,2167,Semaphore_post(parameters->sem)
Semaphore_post,declaration,(unknown),,parameters->sem,mms/iso_mms/client/mms_client_connection.c,2349,Semaphore_post(parameters->sem)
Semaphore_post,declaration,(unknown),,parameters->waitForResponse,mms/iso_mms/client/mms_client_connection.c,2856,Semaphore_post(parameters->waitForResponse)
Semaphore_post,declaration,(unknown),,parameters->waitForResponse,mms/iso_mms/client/mms_client_connection.c,3019,Semaphore_post(parameters->waitForResponse)
Semaphore_post,declaration,(unknown),,parameters->waitForResponse,mms/iso_mms/client/mms_client_connection.c,3290,Semaphore_post(parameters->waitForResponse)
Semaphore_post,declaration,(unknown),,parameters->waitForResponse,mms/iso_mms/client/mms_client_connection.c,3379,Semaphore_post(parameters->waitForResponse)
Semaphore_post,declaration,(unknown),,parameters->waitForResponse,mms/iso_mms/client/mms_client_connection.c,3467,Semaphore_post(parameters->waitForResponse)
Semaphore_post,declaration,(unknown),,parameters->waitForResponse,mms/iso_mms/client/mms_client_connection.c,3613,Semaphore_post(parameters->waitForResponse)
Semaphore_post,declaration,(unknown),,parameters->waitForResponse,mms/iso_mms/client/mms_client_connection.c,3789,Semaphore_post(parameters->waitForResponse)
Semaphore_post,declaration,(unknown),,parameters->waitForResponse,mms/iso_mms/client/mms_client_connection.c,3900,Semaphore_post(parameters->waitForResponse)
Semaphore_post,declaration,(unknown),,parameters->waitForResponse,mms/iso_mms/client/mms_client_connection.c,4083,Semaphore_post(parameters->waitForResponse)
Semaphore_post,declaration,(unknown),,parameters->waitForResponse,mms/iso_mms/client/mms_client_connection.c,4192,Semaphore_post(parameters->waitForResponse)
Semaphore_post,declaration,(unknown),,parameters->waitForResponse,mms/iso_mms/client/mms_client_connection.c,4459,Semaphore_post(parameters->waitForResponse)
Semaphore_post,declaration,(unknown),,parameters->sem,mms/iso_mms/client/mms_client_connection.c,4677,Semaphore_post(parameters->sem)
Semaphore_post,declaration,(unknown),,self->openClientConnectionsMutex,mms/iso_server/iso_server.c,111,Semaphore_post(self->openClientConnectionsMutex)
Semaphore_wait,declaration,(unknown),,self->stateMutex,mms/iso_client/iso_client_connection.c,91,Semaphore_wait(self->stateMutex)
Semaphore_wait,declaration,(unknown),,self->stateMutex,mms/iso_client/iso_client_connection.c,100,Semaphore_wait(self->stateMutex)
Semaphore_wait,declaration,(unknown),,self->tickMutex,mms/iso_client/iso_client_connection.c,303,Semaphore_wait(self->tickMutex)
Semaphore_wait,declaration,(unknown),,self->tickMutex,mms/iso_client/iso_client_connection.c,651,Semaphore_wait(self->tickMutex)
Semaphore_wait,declaration,(unknown),,self->tickMutex,mms/iso_client/iso_client_connection.c,748,Semaphore_wait(self->tickMutex)
Semaphore_wait,declaration,(unknown),,self->transmitBufferMutex,mms/iso_client/iso_client_connection.c,907,Semaphore_wait(self->transmitBufferMutex)
Semaphore_wait,declaration,(unknown),,self->associationStateLock,mms/iso_mms/client/mms_client_connection.c,22,Semaphore_wait(self->associationStateLock)
Semaphore_wait,declaration,(unknown),,self->associationStateLock,mms/iso_mms/client/mms_client_connection.c,34,Semaphore_wait(self->associationStateLock)
Semaphore_wait,declaration,(unknown),,self->nextInvokeIdLock,mms/iso_mms/client/mms_client_connection.c,227,Semaphore_wait(self->nextInvokeIdLock)
Semaphore_wait,declaration,(unknown),,self->outstandingCallsLock,mms/iso_mms/client/mms_client_connection.c,244,Semaphore_wait(self->outstandingCallsLock)
Semaphore_wait,declaration,(unknown),,self->outstandingCallsLock,mms/iso_mms/client/mms_client_connection.c,268,Semaphore_wait(self->outstandingCallsLock)
Semaphore_wait,declaration,(unknown),,self->outstandingCallsLock,mms/iso_mms/client/mms_client_connection.c,296,Semaphore_wait(self->outstandingCallsLock)
Semaphore_wait,declaration,(unknown),,self->outstandingCallsLock,mms/iso_mms/client/mms_client_connection.c,318,Semaphore_wait(self->outstandingCallsLock)
Semaphore_wait,declaration,(unknown),,self->outstandingCallsLock,mms/iso_mms/client/mms_client_connection.c,1070,Semaphore_wait(self->outstandingCallsLock)
Semaphore_wait,declaration,(unknown),,self->outstandingCallsLock,mms/iso_mms/client/mms_client_connection.c,1080,Semaphore_wait(self->outstandingCallsLock)
Semaphore_wait,declaration,(unknown),,self->outstandingCallsLock,mms/iso_mms/client/mms_client_connection.c,1122,Semaphore_wait(self->outstandingCallsLock)
Semaphore_wait,declaration,(unknown),,self->outstandingCallsLock,mms/iso_mms/client/mms_client_connection.c,1130,Semaphore_wait(self->outstandingCallsLock)
Semaphore_wait,declaration,(unknown),,conParams.sem,mms/iso_mms/client/mms_client_connection.c,1857,Semaphore_wait(conParams.sem)
Semaphore_wait,declaration,(unknown),,conParams.sem,mms/iso_mms/client/mms_client_connection.c,1869,Semaphore_wait(conParams.sem)
Semaphore_wait,declaration,(unknown),,parameter.sem,mms/iso_mms/client/mms_client_connection.c,2047,Semaphore_wait(parameter.sem)
Semaphore_wait,declaration,(unknown),,parameter.sem,mms/iso_mms/client/mms_client_connection.c,2054,Semaphore_wait(parameter.sem)
Semaphore_wait,declaration,(unknown),,parameter.sem,mms/iso_mms/client/mms_client_connection.c,2188,Semaphore_wait(parameter.sem)
Semaphore_wait,declaration,(unknown),,parameter.sem,mms/iso_mms/client/mms_client_connection.c,2196,Semaphore_wait(parameter.sem)
Semaphore_wait,declaration,(unknown),,parameter.sem,mms/iso_mms/client/mms_client_connection.c,2212,Semaphore_wait(parameter.sem)
Semaphore_wait,declaration,(unknown),,parameter.sem,mms/iso_mms/client/mms_client_connection.c,2220,Semaphore_wait(parameter.sem)
Semaphore_wait,declaration,(unknown),,parameter.sem,mms/iso_mms/client/mms_client_connection.c,2399,Semaphore_wait(parameter.sem)
Semaphore_wait,declaration,(unknown),,parameter.sem,mms/iso_mms/client/mms_client_connection.c,2406,Semaphore_wait(parameter.sem)
Semaphore_wait,declaration,(unknown),,parameter.sem,mms/iso_mms/client/mms_client_connection.c,2466,Semaphore_wait(parameter.sem)
Semaphore_wait,declaration,(unknown),,parameter.sem,mms/iso_mms/client/mms_client_connection.c,2473,Semaphore_wait(parameter.sem)
Semaphore_wait,declaration,(unknown),,parameter.sem,mms/iso_mms/client/mms_client_connection.c,2500,Semaphore_wait(parameter.sem)
Semaphore_wait,declaration,(unknown),,parameter.sem,mms/iso_mms/client/mms_client_connection.c,2508,Semaphore_wait(parameter.sem)
Semaphore_wait,declaration,(unknown),,parameter.sem,mms/iso_mms/client/mms_client_connection.c,2568,Semaphore_wait(parameter.sem)
Semaphore_wait,declaration,(unknown),,parameter.sem,mms/iso_mms/client/mms_client_connection.c,2576,Semaphore_wait(parameter.sem)
Semaphore_wait,declaration,(unknown),,parameter.sem,mms/iso_mms/client/mms_client_connection.c,2638,Semaphore_wait(parameter.sem)
Semaphore_wait,declaration,(unknown),,parameter.sem,mms/iso_mms/client/mms_client_connection.c,2646,Semaphore_wait(parameter.sem)
Semaphore_wait,declaration,(unknown),,parameter.sem,mms/iso_mms/client/mms_client_connection.c,2712,Semaphore_wait(parameter.sem)
Semaphore_wait,declaration,(unknown),,parameter.sem,mms/iso_mms/client/mms_client_connection.c,2720,Semaphore_wait(parameter.sem)
Semaphore_wait,declaration,(unknown),,parameter.sem,mms/iso_mms/client/mms_client_connection.c,2782,Semaphore_wait(parameter.sem)
Semaphore_wait,declaration,(unknown),,parameter.sem,mms/iso_mms/client/mms_client_connection.c,2790,Semaphore_wait(parameter.sem)
Semaphore_wait,declaration,(unknown),,waitForResponse,mms/iso_mms/client/mms_client_connection.c,2868,Semaphore_wait(waitForResponse)
Semaphore_wait,declaration,(unknown),,waitForResponse,mms/iso_mms/client/mms_client_connection.c,2882,Semaphore_wait(waitForResponse)
Semaphore_wait,declaration,(unknown),,waitForResponse,mms/iso_mms/client/mms_client_connection.c,2939,Semaphore_wait(waitForResponse)
Semaphore_wait,declaration,(unknown),,waitForResponse,mms/iso_mms/client/mms_client_connection.c,2953,Semaphore_wait(waitForResponse)
Semaphore_wait,declaration,(unknown),,parameter.waitForResponse,mms/iso_mms/client/mms_client_connection.c,3034,Semaphore_wait(parameter.waitForResponse)
Semaphore_wait,declaration,(unknown),,parameter.waitForResponse,mms/iso_mms/client/mms_client_connection.c,3042,Semaphore_wait(parameter.waitForResponse)
Semaphore_wait,declaration,(unknown),,parameter.waitForResponse,mms/iso_mms/client/mms_client_connection.c,3095,Semaphore_wait(parameter.waitForResponse)
Semaphore_wait,declaration,(unknown),,parameter.waitForResponse,mms/iso_mms/client/mms_client_connection.c,3103,Semaphore_wait(parameter.waitForResponse)
Semaphore_wait,declaration,(unknown),,parameter.waitForResponse,mms/iso_mms/client/mms_client_connection.c,3158,Semaphore_wait(parameter.waitForResponse)
Semaphore_wait,declaration,(unknown),,parameter.waitForResponse,mms/iso_mms/client/mms_client_connection.c,3165,Semaphore_wait(parameter.waitForResponse)
Semaphore_wait,declaration,(unknown),,parameter.waitForResponse,mms/iso_mms/client/mms_client_connection.c,3221,Semaphore_wait(parameter.waitForResponse)
Semaphore_wait,declaration,(unknown),,parameter.waitForResponse,mms/iso_mms/client/mms_client_connection.c,3228,Semaphore_wait(parameter.waitForResponse)
Semaphore_wait,declaration,(unknown),,parameter.waitForResponse,mms/iso_mms/client/mms_client_connection.c,3306,Semaphore_wait(parameter.waitForResponse)
Semaphore_wait,declaration,(unknown),,parameter.waitForResponse,mms/iso_mms/client/mms_client_connection.c,3313,Semaphore_wait(parameter.waitForResponse)
Semaphore_wait,declaration,(unknown),,parameter.waitForResponse,mms/iso_mms/client/mms_client_connection.c,3397,Semaphore_wait(parameter.waitForResponse)
Semaphore_wait,declaration,(unknown),,parameter.waitForResponse,mms/iso_mms/client/mms_client_connection.c,3404,Semaphore_wait(parameter.waitForResponse)
Semaphore_wait,declaration,(unknown),,parameter.waitForResponse,mms/iso_mms/client/mms_client_connection.c,3485,Semaphore_wait(parameter.waitForResponse)
Semaphore_wait,declaration,(unknown),,parameter.waitForResponse,mms/iso_mms/client/mms_client_connection.c,3492,Semaphore_wait(parameter.waitForResponse)
Semaphore_wait,declaration,(unknown),,parameter.waitForResponse,mms/iso_mms/client/mms_client_connection.c,3631,Semaphore_wait(parameter.waitForResponse)
Semaphore_wait,declaration,(unknown),,parameter.waitForResponse,mms/iso_mms/client/mms_client_connection.c,3638,Semaphore_wait(parameter.waitForResponse)
Semaphore_wait,declaration,(unknown),,parameter.waitForResponse,mms/iso_mms/client/mms_client_connection.c,3706,Semaphore_wait(parameter.waitForResponse)
Semaphore_wait,declaration,(unknown),,parameter.waitForResponse,mms/iso_mms/client/mms_client_connection.c,3713,Semaphore_wait(parameter.waitForResponse)
Semaphore_wait,declaration,(unknown),,parameter.waitForResponse,mms/iso_mms/client/mms_client_connection.c,3810,Semaphore_wait(parameter.waitForResponse)
Semaphore_wait,declaration,(unknown),,parameter.waitForResponse,mms/iso_mms/client/mms_client_connection.c,3817,Semaphore_wait(parameter.waitForResponse)
Semaphore_wait,declaration,(unknown),,parameter.waitForResponse,mms/iso_mms/client/mms_client_connection.c,3917,Semaphore_wait(parameter.waitForResponse)
Semaphore_wait,declaration,(unknown),,parameter.waitForResponse,mms/iso_mms/client/mms_client_connection.c,3924,Semaphore_wait(parameter.waitForResponse)
Semaphore_wait,declaration,(unknown),,parameter.waitForResponse,mms/iso_mms/client/mms_client_connection.c,3994,Semaphore_wait(parameter.waitForResponse)
Semaphore_wait,declaration,(unknown),,parameter.waitForResponse,mms/iso_mms/client/mms_client_connection.c,4001,Semaphore_wait(parameter.waitForResponse)
Semaphore_wait,declaration,(unknown),,parameter.waitForResponse,mms/iso_mms/client/mms_client_connection.c,4103,Semaphore_wait(parameter.waitForResponse)
Semaphore_wait,declaration,(unknown),,parameter.waitForResponse,mms/iso_mms/client/mms_client_connection.c,4110,Semaphore_wait(parameter.waitForResponse)
Semaphore_wait,declaration,(unknown),,parameter.waitForResponse,mms/iso_mms/client/mms_client_connection.c,4216,Semaphore_wait(parameter.waitForResponse)
Semaphore_wait,declaration,(unknown),,parameter.waitForResponse,mms/iso_mms/client/mms_client_connection.c,4223,Semaphore_wait(parameter.waitForResponse)
Semaphore_wait,declaration,(unknown),,parameter.waitForResponse,mms/iso_mms/client/mms_client_connection.c,4296,Semaphore_wait(parameter.waitForResponse)
Semaphore_wait,declaration,(unknown),,parameter.waitForResponse,mms/iso_mms/client/mms_client_connection.c,4303,Semaphore_wait(parameter.waitForResponse)
Semaphore_wait,declaration,(unknown),,parameter.waitForResponse,mms/iso_mms/client/mms_client_connection.c,4373,Semaphore_wait(parameter.waitForResponse)
Semaphore_wait,declaration,(unknown),,parameter.waitForResponse,mms/iso_mms/client/mms_client_connection.c,4380,Semaphore_wait(parameter.waitForResponse)
Semaphore_wait,declaration,(unknown),,parameter.waitForResponse,mms/iso_mms/client/mms_client_connection.c,4476,Semaphore_wait(parameter.waitForResponse)
Semaphore_wait,declaration,(unknown),,parameter.waitForResponse,mms/iso_mms/client/mms_client_connection.c,4483,Semaphore_wait(parameter.waitForResponse)
Semaphore_wait,declaration,(unknown),,parameter.waitForResponse,mms/iso_mms/client/mms_client_connection.c,4541,Semaphore_wait(parameter.waitForResponse)
Semaphore_wait,declaration,(unknown),,parameter.waitForResponse,mms/iso_mms/client/mms_client_connection.c,4548,Semaphore_wait(parameter.waitForResponse)
Semaphore_wait,declaration,(unknown),,parameter.waitForResponse,mms/iso_mms/client/mms_client_connection.c,4608,Semaphore_wait(parameter.waitForResponse)
Semaphore_wait,declaration,(unknown),,parameter.waitForResponse,mms/iso_mms/client/mms_client_connection.c,4615,Semaphore_wait(parameter.waitForResponse)
Semaphore_wait,declaration,(unknown),,parameter.sem,mms/iso_mms/client/mms_client_connection.c,4695,Semaphore_wait(parameter.sem)
Semaphore_wait,declaration,(unknown),,parameter.sem,mms/iso_mms/client/mms_client_connection.c,4702,Semaphore_wait(parameter.sem)
Semaphore_wait,declaration,(unknown),,parameter.waitForResponse,mms/iso_mms/client/mms_client_connection.c,4773,Semaphore_wait(parameter.waitForResponse)
Semaphore_wait,declaration,(unknown),,parameter.waitForResponse,mms/iso_mms/client/mms_client_connection.c,4780,Semaphore_wait(parameter.waitForResponse)
Semaphore_wait,declaration,(unknown),,parameter.sem,mms/iso_mms/client/mms_client_connection.c,4839,Semaphore_wait(parameter.sem)
Semaphore_wait,declaration,(unknown),,parameter.sem,mms/iso_mms/client/mms_client_connection.c,4846,Semaphore_wait(parameter.sem)
Semaphore_wait,declaration,(unknown),,self->openClientConnectionsMutex,mms/iso_server/iso_server.c,105,Semaphore_wait(self->openClientConnectionsMutex)
ServerSocket_destroy,declaration,(unknown),,(ServerSocket) self->serverSocket,mms/iso_server/iso_server.c,762,ServerSocket_destroy((ServerSocket) self->serverSocket)
ServerSocket_destroy,declaration,(unknown),,(ServerSocket) self->serverSocket,mms/iso_server/iso_server.c,793,ServerSocket_destroy((ServerSocket) self->serverSocket)
ServerSocket_listen,declaration,(unknown),,(ServerSocket) self->serverSocket,mms/iso_server/iso_server.c,466,ServerSocket_listen((ServerSocket) self->serverSocket)
Socket_bind,declaration,(unknown),,"self->socket, self->parameters->localIpAddress, self->parameters->localTcpPort",mms/iso_client/iso_client_connection.c,683,"Socket_bind(self->socket, self->parameters->localIpAddress, self->parameters->localTcpPort)"
Socket_checkAsyncConnectState,declaration,SocketState socketState =,,self->socket,mms/iso_client/iso_client_connection.c,320,SocketState socketState = Socket_checkAsyncConnectState(self->socket)
Socket_destroy,declaration,(unknown),,self->socket,mms/iso_client/iso_client_connection.c,688,Socket_destroy(self->socket)
Socket_destroy,declaration,(unknown),,connectionSocket,mms/iso_server/iso_server.c,496,Socket_destroy(connectionSocket)
Socket_destroy,declaration,(unknown),,connectionSocket,mms/iso_server/iso_server.c,508,Socket_destroy(connectionSocket)
Socket_destroy,declaration,(unknown),,connectionSocket,mms/iso_server/iso_server.c,533,Socket_destroy(connectionSocket)
Socket_getLocalAddress,declaration,self->localAddress =,,self->socket,mms/iso_server/iso_connection.c,501,self->localAddress = Socket_getLocalAddress(self->socket)
Socket_getPeerAddress,declaration,self->clientAddress =,,self->socket,mms/iso_server/iso_connection.c,500,self->clientAddress = Socket_getPeerAddress(self->socket)
Socket_read,declaration,return,,"self->socket, buf, size",mms/iso_cotp/cotp.c,751,"return Socket_read(self->socket, buf, size)"
Socket_read,declaration,return,,"self->socket, buf, size",mms/iso_cotp/cotp.c,764,"return Socket_read(self->socket, buf, size)"
Socket_write,declaration,else return,,"self->socket, buf, size",mms/iso_cotp/cotp.c,146,"else return Socket_write(self->socket, buf, size)"
StringMap_create,declaration,self->map =,,,mms/iso_mms/server/mms_value_cache.c,25,self->map = StringMap_create()
StringUtils_appendString,declaration,(unknown),,"directoryName, 256, fileName",mms/iso_mms/server/mms_file_service.c,950,"StringUtils_appendString(directoryName, 256, fileName)"
StringUtils_appendString,declaration,(unknown),,"variableName, 200, ""$""",mms/iso_mms/server/mms_read_service.c,145,"StringUtils_appendString(variableName, 200, ""$"")"
StringUtils_appendString,declaration,(unknown),,"componentId, 65, structSpec->typeSpec.structure.elements[i]->name",mms/iso_mms/server/mms_server_common.c,310,"StringUtils_appendString(componentId, 65, structSpec->typeSpec.structure.elements[i]->name)"
StringUtils_appendString,declaration,(unknown),,"componentId, 65, ""$""",mms/iso_mms/server/mms_server_common.c,311,"StringUtils_appendString(componentId, 65, ""$"")"
StringUtils_appendString,declaration,(unknown),,"componentId, 65, structSpec->typeSpec.structure.elements[i]->name",mms/iso_mms/server/mms_server_common.c,324,"StringUtils_appendString(componentId, 65, structSpec->typeSpec.structure.elements[i]->name)"
StringUtils_appendString,declaration,(unknown),,"variableName, 200, ""$""",mms/iso_mms/server/mms_write_service.c,536,"StringUtils_appendString(variableName, 200, ""$"")"
StringUtils_copyString,declaration,parameters->identify->vendorName =,,vendorName,mms/iso_mms/client/mms_client_connection.c,3376,parameters->identify->vendorName = StringUtils_copyString(vendorName)
StringUtils_copyString,declaration,parameters->identify->modelName =,,modelName,mms/iso_mms/client/mms_client_connection.c,3377,parameters->identify->modelName = StringUtils_copyString(modelName)
StringUtils_copyString,declaration,parameters->identify->revision =,,revision,mms/iso_mms/client/mms_client_connection.c,3378,parameters->identify->revision = StringUtils_copyString(revision)
StringUtils_copyString,declaration,self->domainName =,,domainName,mms/iso_mms/server/mms_domain.c,21,self->domainName = StringUtils_copyString(domainName)
StringUtils_copyString,declaration,self->name =,,name,mms/iso_mms/server/mms_journal.c,16,self->name = StringUtils_copyString(name)
StringUtils_copyString,declaration,self->variableName =,,accessSpecifier.variableName,mms/iso_mms/server/mms_named_variable_list.c,14,self->variableName = StringUtils_copyString(accessSpecifier.variableName)
StringUtils_copyString,declaration,self->name =,,name,mms/iso_mms/server/mms_named_variable_list.c,60,self->name = StringUtils_copyString(name)
StringUtils_copyStringMax,declaration,(unknown),,"(char*)destinationAddress, self->value.visibleString.size + 1, self->value.visibleString.buf",mms/iso_mms/common/mms_value.c,1124,"StringUtils_copyStringMax((char*)destinationAddress, self->value.visibleString.size + 1, self->value.visibleString.buf)"
StringUtils_copyStringMax,declaration,(unknown),,"newValue->value.visibleString.buf, size + 1, self->value.visibleString.buf",mms/iso_mms/common/mms_value.c,1258,"StringUtils_copyStringMax(newValue->value.visibleString.buf, size + 1, self->value.visibleString.buf)"
StringUtils_copyStringMax,declaration,(unknown),,"self->value.visibleString.buf, self->value.visibleString.size + 1, value",mms/iso_mms/common/mms_value.c,1674,"StringUtils_copyStringMax(self->value.visibleString.buf, self->value.visibleString.size + 1, value)"
StringUtils_copyStringMax,declaration,(unknown),,"buffer, bufferSize, ""(null)""",mms/iso_mms/common/mms_value.c,2167,"StringUtils_copyStringMax(buffer, bufferSize, ""(null)"")"
StringUtils_copyStringMax,declaration,else,,"buffer, bufferSize, ""false""",mms/iso_mms/common/mms_value.c,2252,"else StringUtils_copyStringMax(buffer, bufferSize, ""false"")"
StringUtils_copyStringMax,declaration,case MMS_GENERALIZED_TIME:,,"buffer, bufferSize, ""generalized time""",mms/iso_mms/common/mms_value.c,2264,"case MMS_GENERALIZED_TIME: StringUtils_copyStringMax(buffer, bufferSize, ""generalized time"")"
StringUtils_copyStringMax,declaration,case MMS_STRING: case MMS_VISIBLE_STRING:,,"buffer, bufferSize, MmsValue_toString((MmsValue*) self)",mms/iso_mms/common/mms_value.c,2301,"case MMS_STRING: case MMS_VISIBLE_STRING: StringUtils_copyStringMax(buffer, bufferSize, MmsValue_toString((MmsValue*) self))"
StringUtils_copyStringMax,declaration,default:,,"buffer, bufferSize, ""unknown type""",mms/iso_mms/common/mms_value.c,2307,"default: StringUtils_copyStringMax(buffer, bufferSize, ""unknown type"")"
StringUtils_copyStringMax,declaration,(unknown),,"task->destinationFilename, 256, destinationFilename",mms/iso_mms/server/mms_file_service.c,753,"StringUtils_copyStringMax(task->destinationFilename, 256, destinationFilename)"
StringUtils_copyStringMax,declaration,(unknown),,"variableName, 200, nameIdStr",mms/iso_mms/server/mms_read_service.c,269,"StringUtils_copyStringMax(variableName, 200, nameIdStr)"
StringUtils_copyStringMax,declaration,(unknown),,"itemIdCopy, 65, itemId",mms/iso_mms/server/mms_value_cache.c,225,"StringUtils_copyStringMax(itemIdCopy, 65, itemId)"
StringUtils_copyStringToBuffer,declaration,(unknown),,"itemId, itemIdCopy",mms/iso_mms/server/mms_value_cache.c,125,"StringUtils_copyStringToBuffer(itemId, itemIdCopy)"
StringUtils_createStringFromBuffer,declaration,char* variableListName =,,"buffer, nameSize",mms/iso_mms/client/mms_client_connection.c,81,"char* variableListName = StringUtils_createStringFromBuffer(buffer, nameSize)"
StringUtils_createStringFromBuffer,declaration,char* variableName =,,"buffer + bufPos, length",mms/iso_mms/client/mms_client_get_namelist.c,144,"char* variableName = StringUtils_createStringFromBuffer(buffer + bufPos, length)"
StringUtils_createStringFromBuffer,declaration,char* name =,,"asnTypeSpec->choice.structure.components.list.array[i]->componentName->buf, asnTypeSpec->choice.structure.components.list.array[i]->componentName->size",mms/iso_mms/client/mms_client_get_var_access.c,32,"char* name = StringUtils_createStringFromBuffer( asnTypeSpec->choice.structure.components.list.array[i]->componentName->buf, asnTypeSpec->choice.structure.components.list.array[i]->componentName->size)"
StringUtils_createStringFromBuffer,declaration,char* str =,,"identifier.buf, identifier.size",mms/iso_mms/common/mms_common_msg.c,485,"char* str = StringUtils_createStringFromBuffer(identifier.buf, identifier.size)"
StringUtils_createStringFromBuffer,declaration,self->value.visibleString.buf =,,"byteArray, size",mms/iso_mms/common/mms_value.c,1884,"self->value.visibleString.buf = StringUtils_createStringFromBuffer(byteArray, size)"
StringUtils_createStringFromBuffer,declaration,char* domainIdStr =,,"domainId.buf, domainId.size",mms/iso_mms/server/mms_get_var_access_service.c,297,"char* domainIdStr = StringUtils_createStringFromBuffer(domainId.buf, domainId.size)"
StringUtils_createStringFromBuffer,declaration,char* nameIdStr =,,"nameId.buf, nameId.size",mms/iso_mms/server/mms_get_var_access_service.c,299,"char* nameIdStr = StringUtils_createStringFromBuffer(nameId.buf, nameId.size)"
StringUtils_createStringFromBuffer,declaration,char* nameIdStr =,,"nameId.buf, nameId.size",mms/iso_mms/server/mms_get_var_access_service.c,313,"char* nameIdStr = StringUtils_createStringFromBuffer(nameId.buf, nameId.size)"
StringUtils_createStringFromBufferInBufferMax,declaration,case 0x80: vendorName =,,"vendorNameBuf, buffer + bufPos, length, sizeof(vendorNameBuf)",mms/iso_mms/client/mms_client_identify.c,69,"case 0x80: vendorName = StringUtils_createStringFromBufferInBufferMax(vendorNameBuf, buffer + bufPos, length, sizeof(vendorNameBuf))"
StringUtils_createStringFromBufferInBufferMax,declaration,case 0x81: modelName =,,"modelNameBuf, buffer + bufPos, length, sizeof(modelNameBuf)",mms/iso_mms/client/mms_client_identify.c,74,"case 0x81: modelName = StringUtils_createStringFromBufferInBufferMax(modelNameBuf, buffer + bufPos, length, sizeof(modelNameBuf))"
StringUtils_createStringFromBufferInBufferMax,declaration,case 0x82: revision =,,"revisionBuf, buffer + bufPos, length, sizeof(revisionBuf)",mms/iso_mms/client/mms_client_identify.c,79,"case 0x82: revision = StringUtils_createStringFromBufferInBufferMax(revisionBuf, buffer + bufPos, length, sizeof(revisionBuf))"
StringUtils_createStringFromBufferInBufferMax,declaration,(unknown),,"variableName, varSpec->choice.name.choice.domainspecific.itemId.buf, varSpec->choice.name.choice.domainspecific.itemId.size, sizeof(variableName)",mms/iso_mms/server/mms_named_variable_list_service.c,404,"StringUtils_createStringFromBufferInBufferMax(variableName, varSpec->choice.name.choice.domainspecific.itemId.buf, varSpec->choice.name.choice.domainspecific.itemId.size, sizeof(variableName))"
StringUtils_createStringFromBufferInBufferMax,declaration,(unknown),,"domainId, varSpec->choice.name.choice.domainspecific.domainId.buf, varSpec->choice.name.choice.domainspecific.domainId.size, sizeof(domainId)",mms/iso_mms/server/mms_named_variable_list_service.c,408,"StringUtils_createStringFromBufferInBufferMax(domainId, varSpec->choice.name.choice.domainspecific.domainId.buf, varSpec->choice.name.choice.domainspecific.domainId.size, sizeof(domainId))"
StringUtils_createStringFromBufferInBufferMax,declaration,(unknown),,"domainName, request->variableListName.choice.domainspecific.domainId.buf, request->variableListName.choice.domainspecific.domainId.size, sizeof(domainName)",mms/iso_mms/server/mms_named_variable_list_service.c,502,"StringUtils_createStringFromBufferInBufferMax(domainName, request->variableListName.choice.domainspecific.domainId.buf, request->variableListName.choice.domainspecific.domainId.size, sizeof(domainName))"
StringUtils_createStringFromBufferInBufferMax,declaration,(unknown),,"variableListName, request->variableListName.choice.domainspecific.itemId.buf, request->variableListName.choice.domainspecific.itemId.size, sizeof(variableListName)",mms/iso_mms/server/mms_named_variable_list_service.c,529,"StringUtils_createStringFromBufferInBufferMax(variableListName, request->variableListName.choice.domainspecific.itemId.buf, request->variableListName.choice.domainspecific.itemId.size, sizeof(variableListName))"
StringUtils_createStringFromBufferInBufferMax,declaration,(unknown),,"variableListName, request->variableListName.choice.aaspecific.buf, request->variableListName.choice.aaspecific.size, sizeof(variableListName)",mms/iso_mms/server/mms_named_variable_list_service.c,584,"StringUtils_createStringFromBufferInBufferMax(variableListName, request->variableListName.choice.aaspecific.buf, request->variableListName.choice.aaspecific.size, sizeof(variableListName))"
StringUtils_createStringFromBufferInBufferMax,declaration,(unknown),,"variableListName, request->variableListName.choice.vmdspecific.buf, request->variableListName.choice.vmdspecific.size, sizeof(variableListName)",mms/iso_mms/server/mms_named_variable_list_service.c,633,"StringUtils_createStringFromBufferInBufferMax(variableListName, request->variableListName.choice.vmdspecific.buf, request->variableListName.choice.vmdspecific.size, sizeof(variableListName))"
StringUtils_createStringFromBufferInBufferMax,declaration,(unknown),,"domainName, request->choice.domainspecific.domainId.buf, request->choice.domainspecific.domainId.size, sizeof(domainName)",mms/iso_mms/server/mms_named_variable_list_service.c,788,"StringUtils_createStringFromBufferInBufferMax(domainName, request->choice.domainspecific.domainId.buf, request->choice.domainspecific.domainId.size, sizeof(domainName))"
StringUtils_createStringFromBufferInBufferMax,declaration,(unknown),,"itemName, request->choice.domainspecific.itemId.buf, request->choice.domainspecific.itemId.size, sizeof(itemName)",mms/iso_mms/server/mms_named_variable_list_service.c,791,"StringUtils_createStringFromBufferInBufferMax(itemName, request->choice.domainspecific.itemId.buf, request->choice.domainspecific.itemId.size, sizeof(itemName))"
StringUtils_createStringFromBufferInBufferMax,declaration,(unknown),,"listName, request->choice.aaspecific.buf, request->choice.aaspecific.size, sizeof(listName)",mms/iso_mms/server/mms_named_variable_list_service.c,840,"StringUtils_createStringFromBufferInBufferMax(listName, request->choice.aaspecific.buf, request->choice.aaspecific.size, sizeof(listName))"
StringUtils_createStringFromBufferInBufferMax,declaration,(unknown),,"listName, request->choice.vmdspecific.buf, request->choice.vmdspecific.size, sizeof(listName)",mms/iso_mms/server/mms_named_variable_list_service.c,880,"StringUtils_createStringFromBufferInBufferMax(listName, request->choice.vmdspecific.buf, request->choice.vmdspecific.size, sizeof(listName))"
StringUtils_createStringInBuffer,declaration,(unknown),,"newNameIdStr, 65, 3, itemId, ""$"", namedVariable->typeSpec.structure.elements[i]->name",mms/iso_mms/server/mms_read_service.c,47,"StringUtils_createStringInBuffer(newNameIdStr, 65, 3, itemId, ""$"", namedVariable->typeSpec.structure.elements[i]->name)"
TLSConfiguration_setClientMode,declaration,(unknown),,self->parameters->tlsConfiguration,mms/iso_client/iso_client_connection.c,200,TLSConfiguration_setClientMode(self->parameters->tlsConfiguration)
TLSSocket_close,declaration,(unknown),,self->cotpConnection->tlsSocket,mms/iso_client/iso_client_connection.c,289,TLSSocket_close(self->cotpConnection->tlsSocket)
TLSSocket_create,declaration,TLSSocket tlsSocket =,,"self->socket, self->parameters->tlsConfiguration, false",mms/iso_client/iso_client_connection.c,201,"TLSSocket tlsSocket = TLSSocket_create(self->socket, self->parameters->tlsConfiguration, false)"
TLSSocket_create,declaration,self->tlsSocket =,,"socket, IsoServer_getTLSConfiguration(isoServer), true",mms/iso_server/iso_connection.c,480,"self->tlsSocket = TLSSocket_create(socket, IsoServer_getTLSConfiguration(isoServer), true)"
TLSSocket_getPeerCertificate,declaration,uint8_t* certBuf =,,"self->tlsSocket, &certLen",mms/iso_acse/acse.c,75,"uint8_t* certBuf = TLSSocket_getPeerCertificate(self->tlsSocket, &certLen)"
TcpSocket_create,declaration,self->socket =,,,mms/iso_client/iso_client_connection.c,652,self->socket = TcpSocket_create()
Thread_create,declaration,self->connectionHandlingThread =,,"connectionHandlingThread, self, false",mms/iso_mms/client/mms_client_connection.c,1917,"self->connectionHandlingThread = Thread_create(connectionHandlingThread, self, false)"
Thread_create,declaration,self->thread =,,"(ThreadExecutionFunction) handleTcpConnection, self, false",mms/iso_server/iso_connection.c,550,"self->thread = Thread_create((ThreadExecutionFunction) handleTcpConnection, self, false)"
Thread_destroy,declaration,(unknown),,self->connectionHandlingThread,mms/iso_mms/client/mms_client_connection.c,1666,Thread_destroy(self->connectionHandlingThread)
Thread_destroy,declaration,(unknown),,self->thread,mms/iso_server/iso_connection.c,692,Thread_destroy(self->thread)
Thread_sleep,declaration,(unknown),,10,mms/iso_mms/client/mms_client_connection.c,2004,Thread_sleep(10)
Thread_start,declaration,(unknown),,self->connectionHandlingThread,mms/iso_mms/client/mms_client_connection.c,1919,Thread_start(self->connectionHandlingThread)
Thread_start,declaration,(unknown),,self->serverThread,mms/iso_server/iso_server.c,691,Thread_start(self->serverThread)
abs,declaration,self->value.bitString.size =,,bitSize,mms/iso_mms/common/mms_value.c,344,self->value.bitString.size = abs(bitSize)
abs,declaration,return,,self->value.octetString.maxSize,mms/iso_mms/common/mms_value.c,1487,return abs(self->value.octetString.maxSize)
abs,declaration,int bitSize =,,typeSpec->typeSpec.bitString,mms/iso_mms/common/mms_value.c,1576,int bitSize = abs(typeSpec->typeSpec.bitString)
abs,declaration,self->value.octetString.maxSize =,,typeSpec->typeSpec.octetString,mms/iso_mms/common/mms_value.c,1595,self->value.octetString.maxSize = abs(typeSpec->typeSpec.octetString)
abs,declaration,case MMS_VISIBLE_STRING: elementSize =,,self->value.visibleString.size,mms/iso_mms/server/mms_access_result.c,372,case MMS_VISIBLE_STRING: elementSize = abs(self->value.visibleString.size)
abs,declaration,case MMS_BIT_STRING: elementSize =,,self->value.bitString.size,mms/iso_mms/server/mms_access_result.c,385,case MMS_BIT_STRING: elementSize = abs(self->value.bitString.size)
abs,declaration,case MMS_OCTET_STRING: elementSize =,,self->value.octetString.maxSize,mms/iso_mms/server/mms_access_result.c,392,case MMS_OCTET_STRING: elementSize = abs(self->value.octetString.maxSize)
abs,declaration,case MMS_STRING: elementSize =,,self->value.visibleString.size,mms/iso_mms/server/mms_access_result.c,400,case MMS_STRING: elementSize = abs(self->value.visibleString.size)
abs,declaration,case MMS_VISIBLE_STRING: elementSize =,,self->typeSpec.visibleString,mms/iso_mms/server/mms_access_result.c,454,case MMS_VISIBLE_STRING: elementSize = abs(self->typeSpec.visibleString)
abs,declaration,case MMS_BIT_STRING: elementSize =,,self->typeSpec.bitString,mms/iso_mms/server/mms_access_result.c,467,case MMS_BIT_STRING: elementSize = abs(self->typeSpec.bitString)
abs,declaration,case MMS_OCTET_STRING: elementSize =,,self->typeSpec.octetString,mms/iso_mms/server/mms_access_result.c,474,case MMS_OCTET_STRING: elementSize = abs(self->typeSpec.octetString)
abs,declaration,case MMS_STRING: elementSize =,,self->typeSpec.mmsString,mms/iso_mms/server/mms_access_result.c,482,case MMS_STRING: elementSize = abs(self->typeSpec.mmsString)
addClientConnection,declaration,(unknown),,"self, isoConnection",mms/iso_server/iso_server.c,521,"addClientConnection(self, isoConnection)"
addComplexValueToResultList,declaration,(unknown),,"namedVariable, values, connection, domain, nameIdStr",mms/iso_mms/server/mms_read_service.c,293,"addComplexValueToResultList(namedVariable, values, connection, domain, nameIdStr)"
addComplexValueToResultList,definition,void,static,"MmsVariableSpecification* namedVariable, LinkedList typedValues, MmsServerConnection connection, MmsDomain* domain, char* nameIdStr",mms/iso_mms/server/mms_read_service.c,74,"static void addComplexValueToResultList(MmsVariableSpecification* namedVariable, LinkedList typedValues, MmsServerConnection connection, MmsDomain* domain, char* nameIdStr)"
addFileEntriesToResponse,declaration,bufPos =,,"basepath, buffer, bufPos, maxBufSize, directoryName, continueAfterFileName, moreFollows",mms/iso_mms/server/mms_file_service.c,952,"bufPos = addFileEntriesToResponse(basepath, buffer, bufPos, maxBufSize, directoryName, continueAfterFileName, moreFollows)"
addFileEntriesToResponse,declaration,tempCurPos =,,"basepath, buffer, tempCurPos, maxSize, directoryName, &continueAfterFileName, &moreFollows",mms/iso_mms/server/mms_file_service.c,1039,"tempCurPos = addFileEntriesToResponse(basepath, buffer, tempCurPos, maxSize, directoryName, &continueAfterFileName, &moreFollows)"
addFileEntriesToResponse,definition,int,static,"const char* basepath, uint8_t* buffer, int bufPos, int maxBufSize, char* directoryName, char** continueAfterFileName, bool* moreFollows",mms/iso_mms/server/mms_file_service.c,930,"static int addFileEntriesToResponse(const char* basepath, uint8_t* buffer, int bufPos, int maxBufSize, char* directoryName, char** continueAfterFileName, bool* moreFollows)"
addNamedVariableToNamedVariableListResultList,declaration,(unknown),,"namedVariable, variableDomain, variableName, values, connection, variableListEntry",mms/iso_mms/server/mms_read_service.c,723,"addNamedVariableToNamedVariableListResultList(namedVariable, variableDomain, variableName, values, connection, variableListEntry)"
addNamedVariableToResultList,declaration,else,,"namedVariable, domain, nameIdStr, values, connection, alternateAccess, variableCount == 1",mms/iso_mms/server/mms_read_service.c,568,"else addNamedVariableToResultList(namedVariable, domain, nameIdStr, values, connection, alternateAccess, variableCount == 1)"
addNamedVariableToResultList,declaration,else,,"namedVariable, (MmsDomain*) MmsServer_getDevice(connection->server), nameIdStr, values, connection, alternateAccess",mms/iso_mms/server/mms_read_service.c,588,"else addNamedVariableToResultList(namedVariable, (MmsDomain*) MmsServer_getDevice(connection->server), nameIdStr, values, connection, alternateAccess)"
addNamedVariableToResultList,definition,void,static,"MmsVariableSpecification* namedVariable, MmsDomain* domain, char* nameIdStr, LinkedList values, MmsServerConnection connection, AlternateAccess_t* alternateAccess, bool isAccessToSingleVariable",mms/iso_mms/server/mms_read_service.c,253,"static void addNamedVariableToResultList(MmsVariableSpecification* namedVariable, MmsDomain* domain, char* nameIdStr, LinkedList values, MmsServerConnection connection, AlternateAccess_t* alternateAccess, bool isAccessToSingleVariable)"
addNamedVariableValue,declaration,MmsValue* element =,,"namedVariable->typeSpec.structure.elements[i], connection, domain, newNameIdStr",mms/iso_mms/server/mms_read_service.c,50,"MmsValue* element = addNamedVariableValue(namedVariable->typeSpec.structure.elements[i], connection, domain, newNameIdStr)"
addNamedVariableValue,declaration,MmsValue* value =,,"namedVariable, connection, domain, nameIdStr",mms/iso_mms/server/mms_read_service.c,80,"MmsValue* value = addNamedVariableValue(namedVariable, connection, domain, nameIdStr)"
addNamedVariableValue,definition,MmsValue*,static,"MmsVariableSpecification* namedVariable, MmsServerConnection connection, MmsDomain* domain, char* itemId",mms/iso_mms/server/mms_read_service.c,21,"static MmsValue* addNamedVariableValue(MmsVariableSpecification* namedVariable, MmsServerConnection connection, MmsDomain* domain, char* itemId)"
addPayloadToBuffer,definition,bool,static,"CotpConnection* self, uint8_t* buffer, int payloadLength",mms/iso_cotp/cotp.c,641,"static bool addPayloadToBuffer(CotpConnection* self, uint8_t* buffer, int payloadLength)"
addSubNamedVaribleNamesToList,declaration,element =,,"connection, element, domain, prefix, variables[index[i]]",mms/iso_mms/server/mms_get_namelist_service.c,272,"element = addSubNamedVaribleNamesToList(connection, element, domain, prefix, variables[index[i]])"
addSubNamedVaribleNamesToList,declaration,element =,,"connection, element, domain, prefix, variables[i]",mms/iso_mms/server/mms_get_namelist_service.c,275,"element = addSubNamedVaribleNamesToList(connection, element, domain, prefix, variables[i])"
addSubNamedVaribleNamesToList,definition,LinkedList,static,"MmsServerConnection connection, LinkedList nameList, MmsDomain* domain, char* prefix, MmsVariableSpecification* variable",mms/iso_mms/server/mms_get_namelist_service.c,112,"static LinkedList addSubNamedVaribleNamesToList(MmsServerConnection connection, LinkedList nameList, MmsDomain* domain, char* prefix, MmsVariableSpecification* variable)"
addToOutstandingCalls,definition,bool,static,"MmsConnection self, uint32_t invokeId, eMmsOutstandingCallType type, void* userCallback, void* userParameter, MmsClientInternalParameter internalParameter",mms/iso_mms/client/mms_client_connection.c,263,"static bool addToOutstandingCalls(MmsConnection self, uint32_t invokeId, eMmsOutstandingCallType type, void* userCallback, void* userParameter, MmsClientInternalParameter internalParameter)"
allocateWriteBuffer,declaration,(unknown),,self,mms/iso_cotp/cotp.c,368,allocateWriteBuffer(self)
allocateWriteBuffer,declaration,(unknown),,self,mms/iso_cotp/cotp.c,414,allocateWriteBuffer(self)
allocateWriteBuffer,definition,void,static,CotpConnection* self,mms/iso_cotp/cotp.c,355,static void allocateWriteBuffer(CotpConnection* self)
alternateArrayAccess,declaration,(unknown),,"connection, alternateAccess, domain, nameIdStr, values, namedVariable",mms/iso_mms/server/mms_read_service.c,302,"alternateArrayAccess(connection, alternateAccess, domain, nameIdStr, values, namedVariable)"
alternateArrayAccess,definition,void,static,"MmsServerConnection connection, AlternateAccess_t* alternateAccess, MmsDomain* domain, char* itemId, LinkedList values, MmsVariableSpecification* namedVariable",mms/iso_mms/server/mms_read_service.c,172,"static void alternateArrayAccess(MmsServerConnection connection, AlternateAccess_t* alternateAccess, MmsDomain* domain, char* itemId, LinkedList values, MmsVariableSpecification* namedVariable)"
appendErrorToResultList,declaration,else,,"values, DATA_ACCESS_ERROR_OBJECT_NONE_EXISTENT",mms/iso_mms/server/mms_read_service.c,238,"else appendErrorToResultList(values, DATA_ACCESS_ERROR_OBJECT_NONE_EXISTENT)"
appendErrorToResultList,declaration,else,,"values, DATA_ACCESS_ERROR_OBJECT_NONE_EXISTENT",mms/iso_mms/server/mms_read_service.c,241,"else appendErrorToResultList(values, DATA_ACCESS_ERROR_OBJECT_NONE_EXISTENT)"
appendErrorToResultList,declaration,(unknown),,"values, DATA_ACCESS_ERROR_OBJECT_NONE_EXISTENT",mms/iso_mms/server/mms_read_service.c,249,"appendErrorToResultList(values, DATA_ACCESS_ERROR_OBJECT_NONE_EXISTENT)"
appendErrorToResultList,declaration,(unknown),,"values, DATA_ACCESS_ERROR_OBJECT_NONE_EXISTENT",mms/iso_mms/server/mms_read_service.c,280,"appendErrorToResultList(values, DATA_ACCESS_ERROR_OBJECT_NONE_EXISTENT)"
appendErrorToResultList,declaration,(unknown),,"values, DATA_ACCESS_ERROR_OBJECT_NONE_EXISTENT",mms/iso_mms/server/mms_read_service.c,316,"appendErrorToResultList(values, DATA_ACCESS_ERROR_OBJECT_NONE_EXISTENT)"
appendErrorToResultList,declaration,(unknown),,"values, DATA_ACCESS_ERROR_OBJECT_NONE_EXISTENT",mms/iso_mms/server/mms_read_service.c,326,"appendErrorToResultList(values, DATA_ACCESS_ERROR_OBJECT_NONE_EXISTENT)"
appendErrorToResultList,declaration,else,,"values, DATA_ACCESS_ERROR_OBJECT_NONE_EXISTENT",mms/iso_mms/server/mms_read_service.c,334,"else appendErrorToResultList(values, DATA_ACCESS_ERROR_OBJECT_NONE_EXISTENT)"
appendErrorToResultList,declaration,(unknown),,"values, DATA_ACCESS_ERROR_OBJECT_NONE_EXISTENT",mms/iso_mms/server/mms_read_service.c,559,"appendErrorToResultList(values, DATA_ACCESS_ERROR_OBJECT_NONE_EXISTENT)"
appendErrorToResultList,declaration,(unknown),,"values, DATA_ACCESS_ERROR_OBJECT_NONE_EXISTENT",mms/iso_mms/server/mms_read_service.c,597,"appendErrorToResultList(values, DATA_ACCESS_ERROR_OBJECT_NONE_EXISTENT)"
appendErrorToResultList,declaration,(unknown),,"values, DATA_ACCESS_ERROR_OBJECT_NONE_EXISTENT",mms/iso_mms/server/mms_read_service.c,687,"appendErrorToResultList(values, DATA_ACCESS_ERROR_OBJECT_NONE_EXISTENT)"
appendErrorToResultList,declaration,(unknown),,"values, DATA_ACCESS_ERROR_OBJECT_NONE_EXISTENT",mms/iso_mms/server/mms_read_service.c,698,"appendErrorToResultList(values, DATA_ACCESS_ERROR_OBJECT_NONE_EXISTENT)"
appendErrorToResultList,declaration,else,,"values, DATA_ACCESS_ERROR_OBJECT_NONE_EXISTENT",mms/iso_mms/server/mms_read_service.c,701,"else appendErrorToResultList(values, DATA_ACCESS_ERROR_OBJECT_NONE_EXISTENT)"
appendErrorToResultList,definition,void,static,"LinkedList values, MmsDataAccessError errorType",mms/iso_mms/server/mms_read_service.c,92,"static void appendErrorToResultList(LinkedList values, MmsDataAccessError errorType)"
appendValueToResultList,declaration,(unknown),,"value, values",mms/iso_mms/server/mms_read_service.c,98,"appendValueToResultList(value, values)"
appendValueToResultList,declaration,(unknown),,"value, values",mms/iso_mms/server/mms_read_service.c,276,"appendValueToResultList(value, values)"
appendValueToResultList,declaration,(unknown),,"value, values",mms/iso_mms/server/mms_read_service.c,289,"appendValueToResultList(value, values)"
appendValueToResultList,declaration,(unknown),,"value, values",mms/iso_mms/server/mms_read_service.c,309,"appendValueToResultList(value, values)"
appendValueToResultList,declaration,else,,"value, values",mms/iso_mms/server/mms_read_service.c,329,"else appendValueToResultList(value, values)"
appendValueToResultList,declaration,(unknown),,"subElementValue, values",mms/iso_mms/server/mms_read_service.c,671,"appendValueToResultList(subElementValue, values)"
appendValueToResultList,declaration,(unknown),,"elementValue, values",mms/iso_mms/server/mms_read_service.c,680,"appendValueToResultList(elementValue, values)"
appendValueToResultList,declaration,(unknown),,"value, values",mms/iso_mms/server/mms_read_service.c,693,"appendValueToResultList(value, values)"
appendValueToResultList,definition,void,static,"MmsValue* value, LinkedList values",mms/iso_mms/server/mms_read_service.c,85,"static void appendValueToResultList(MmsValue* value, LinkedList values)"
asn_INTEGER2long,declaration,(unknown),,"&confirmedResponse->invokeID, &invokeId",mms/iso_mms/client/mms_client_common.c,30,"asn_INTEGER2long(&confirmedResponse->invokeID, &invokeId)"
asn_INTEGER2long,declaration,(unknown),,"&asnTypeSpec->choice.array.numberOfElements, &elementCount",mms/iso_mms/client/mms_client_get_var_access.c,50,"asn_INTEGER2long(&asnTypeSpec->choice.array.numberOfElements, &elementCount)"
asn_INTEGER2long,declaration,(unknown),,"&(response->numberDeleted), numberDeleted",mms/iso_mms/client/mms_client_named_variable_list.c,116,"asn_INTEGER2long(&(response->numberDeleted), numberDeleted)"
asn_INTEGER2long,declaration,(unknown),,"&(response->numberMatched), numberMatched",mms/iso_mms/client/mms_client_named_variable_list.c,118,"asn_INTEGER2long(&(response->numberMatched), numberMatched)"
asn_INTEGER2long,declaration,(unknown),,"&(alternateAccess->choice.unnamed->choice.selectAlternateAccess.accessSelection.choice.index), &arrayIndex",mms/iso_mms/server/mms_named_variable_list_service.c,366,"asn_INTEGER2long(&(alternateAccess->choice.unnamed->choice.selectAlternateAccess.accessSelection.choice.index), &arrayIndex)"
asn_INTEGER2long,declaration,(unknown),,"&(alternateAccess->choice.unnamed->choice.selectAccess.choice.index), &arrayIndex",mms/iso_mms/server/mms_named_variable_list_service.c,388,"asn_INTEGER2long(&(alternateAccess->choice.unnamed->choice.selectAccess.choice.index), &arrayIndex)"
asn_INTEGER2long,declaration,(unknown),,"&alternateAccess->list.array[0]->choice.unnamed->choice.selectAccess.choice.index, &index",mms/iso_mms/server/mms_server_common.c,348,"asn_INTEGER2long(&alternateAccess->list.array[0]->choice.unnamed->choice.selectAccess.choice.index, &index)"
asn_INTEGER2long,declaration,(unknown),,"&alternateAccess->list.array[0]->choice.unnamed->choice.selectAccess.choice.indexRange.lowIndex, &index",mms/iso_mms/server/mms_server_common.c,357,"asn_INTEGER2long( &alternateAccess->list.array[0]->choice.unnamed->choice.selectAccess.choice.indexRange.lowIndex, &index)"
asn_INTEGER2long,declaration,(unknown),,"&alternateAccess->list.array[0]->choice.unnamed->choice.selectAccess.choice.indexRange.numberOfElements, &number",mms/iso_mms/server/mms_server_common.c,373,"asn_INTEGER2long( &alternateAccess->list.array[0]->choice.unnamed->choice.selectAccess.choice.indexRange.numberOfElements, &number)"
asn_long2INTEGER,declaration,(unknown),,"&(mmsPdu->choice.confirmedRequestPdu.invokeID), invokeId",mms/iso_mms/client/mms_client_common.c,42,"asn_long2INTEGER(&(mmsPdu->choice.confirmedRequestPdu.invokeID), invokeId)"
asn_long2INTEGER,declaration,(unknown),,"asnIndex, index",mms/iso_mms/client/mms_client_common.c,67,"asn_long2INTEGER(asnIndex, index)"
asn_long2INTEGER,declaration,(unknown),,"asnIndex, elementCount",mms/iso_mms/client/mms_client_common.c,72,"asn_long2INTEGER(asnIndex, elementCount)"
asn_long2INTEGER,declaration,(unknown),,"asnIndex, index",mms/iso_mms/client/mms_client_common.c,81,"asn_long2INTEGER(asnIndex, index)"
asn_long2INTEGER,declaration,(unknown),,"asnIndex, index",mms/iso_mms/client/mms_client_common.c,179,"asn_long2INTEGER(asnIndex, index)"
asn_long2INTEGER,declaration,(unknown),,"asnIndex, index",mms/iso_mms/client/mms_client_common.c,192,"asn_long2INTEGER(asnIndex, index)"
asn_long2INTEGER,declaration,(unknown),,"&request->objectClass.choice.basicObjectClass, ObjectClass__basicObjectClass_domain",mms/iso_mms/client/mms_client_get_namelist.c,35,"asn_long2INTEGER(&request->objectClass.choice.basicObjectClass, ObjectClass__basicObjectClass_domain)"
asn_long2INTEGER,declaration,(unknown),,"&request->objectClass.choice.basicObjectClass, ObjectClass__basicObjectClass_namedVariableList",mms/iso_mms/client/mms_client_get_namelist.c,74,"asn_long2INTEGER(&request->objectClass.choice.basicObjectClass, ObjectClass__basicObjectClass_namedVariableList)"
asn_long2INTEGER,declaration,(unknown),,"&request->objectClass.choice.basicObjectClass, objectClass",mms/iso_mms/client/mms_client_get_namelist.c,213,"asn_long2INTEGER(&request->objectClass.choice.basicObjectClass, objectClass)"
asn_long2INTEGER,declaration,(unknown),,"request->scopeOfDelete, DeleteNamedVariableListRequest__scopeOfDelete_specific",mms/iso_mms/client/mms_client_named_variable_list.c,50,"asn_long2INTEGER(request->scopeOfDelete, DeleteNamedVariableListRequest__scopeOfDelete_specific)"
asn_long2INTEGER,declaration,(unknown),,"request->scopeOfDelete, DeleteNamedVariableListRequest__scopeOfDelete_specific",mms/iso_mms/client/mms_client_named_variable_list.c,87,"asn_long2INTEGER(request->scopeOfDelete, DeleteNamedVariableListRequest__scopeOfDelete_specific)"
asn_long2INTEGER,declaration,(unknown),,"&(typeSpec->choice.array.numberOfElements), (long) namedVariable->typeSpec.array.elementCount",mms/iso_mms/server/mms_get_var_access_service.c,17,"asn_long2INTEGER(&(typeSpec->choice.array.numberOfElements), (long) namedVariable->typeSpec.array.elementCount)"
asn_long2INTEGER,declaration,(unknown),,"&(mmsPdu->choice.confirmedResponsePdu.invokeID), invokeId",mms/iso_mms/server/mms_server_common.c,30,"asn_long2INTEGER(&(mmsPdu->choice.confirmedResponsePdu.invokeID), invokeId)"
assert,declaration,(unknown),,self != NULL,mms/iso_acse/acse.c,521,assert(self != NULL)
assert,declaration,(unknown),,writeBuffer != NULL,mms/iso_acse/acse.c,522,assert(writeBuffer != NULL)
assert,declaration,(unknown),,payload != NULL,mms/iso_acse/acse.c,523,assert(payload != NULL)
assert,declaration,(unknown),,self != NULL,mms/iso_acse/acse.c,612,assert(self != NULL)
assert,declaration,(unknown),,writeBuffer != NULL,mms/iso_acse/acse.c,614,assert(writeBuffer != NULL)
assert,declaration,(unknown),,payload != NULL,mms/iso_acse/acse.c,615,assert(payload != NULL)
assert,declaration,(unknown),,bufferSize > 4,mms/iso_cotp/cotp.c,782,assert (bufferSize > 4)
atoi,declaration,int x =,,oidString,mms/asn1/ber_encoder.c,419,int x = atoi(oidString)
atoi,declaration,int y =,,separator + 1,mms/asn1/ber_encoder.c,440,int y = atoi(separator + 1)
atoi,declaration,val =,,separator + 1,mms/asn1/ber_encoder.c,458,val = atoi(separator + 1)
authenticateClient,declaration,return,,"self, mechanism, authValue, authValueLen",mms/iso_acse/acse.c,88,"return authenticateClient(self, mechanism, authValue, authValueLen)"
authenticateClient,definition,bool,static,"AcseConnection* self, AcseAuthenticationMechanism mechanism, uint8_t* authValue, int authValueLen",mms/iso_acse/acse.c,36,"static bool authenticateClient(AcseConnection* self, AcseAuthenticationMechanism mechanism, uint8_t* authValue, int authValueLen)"
ber_decode,declaration,asn_dec_rval_t rval =,,"NULL, &asn_DEF_MmsPdu, (void**) &mmsPdu, ByteBuffer_getBuffer(message), ByteBuffer_getSize(message)",mms/iso_mms/client/mms_client_connection.c,51,"asn_dec_rval_t rval = ber_decode(NULL, &asn_DEF_MmsPdu, (void**) &mmsPdu, ByteBuffer_getBuffer(message), ByteBuffer_getSize(message))"
ber_decode,declaration,asn_dec_rval_t rval =,,"NULL, &asn_DEF_MmsPdu, (void**) &mmsPdu, ByteBuffer_getBuffer(message), ByteBuffer_getSize(message)",mms/iso_mms/client/mms_client_get_var_access.c,115,"asn_dec_rval_t rval = ber_decode(NULL, &asn_DEF_MmsPdu, (void**) &mmsPdu, ByteBuffer_getBuffer(message), ByteBuffer_getSize(message))"
ber_decode,declaration,asn_dec_rval_t rval =,,"NULL, &asn_DEF_MmsPdu, (void**) &mmsPdu, ByteBuffer_getBuffer(message), ByteBuffer_getSize(message)",mms/iso_mms/client/mms_client_named_variable_list.c,101,"asn_dec_rval_t rval = ber_decode(NULL, &asn_DEF_MmsPdu, (void**) &mmsPdu, ByteBuffer_getBuffer(message), ByteBuffer_getSize(message))"
ber_decode,declaration,asn_dec_rval_t rval =,,"NULL, &asn_DEF_MmsPdu, (void**) &mmsPdu, ByteBuffer_getBuffer(message), ByteBuffer_getSize(message)",mms/iso_mms/client/mms_client_named_variable_list.c,281,"asn_dec_rval_t rval = ber_decode(NULL, &asn_DEF_MmsPdu, (void**) &mmsPdu, ByteBuffer_getBuffer(message), ByteBuffer_getSize(message))"
ber_decode,declaration,rval =,,"NULL, &asn_DEF_MmsPdu, (void**) &mmsPdu, ByteBuffer_getBuffer(message), ByteBuffer_getSize(message)",mms/iso_mms/client/mms_client_named_variable_list.c,413,"rval = ber_decode(NULL, &asn_DEF_MmsPdu, (void**) &mmsPdu, ByteBuffer_getBuffer(message), ByteBuffer_getSize(message))"
ber_decode,declaration,asn_dec_rval_t rval =,,"NULL, &asn_DEF_MmsPdu, (void**) &mmsPdu, ByteBuffer_getBuffer(message), ByteBuffer_getSize(message)",mms/iso_mms/client/mms_client_read.c,399,"asn_dec_rval_t rval = ber_decode(NULL, &asn_DEF_MmsPdu, (void**) &mmsPdu, ByteBuffer_getBuffer(message), ByteBuffer_getSize(message))"
ber_decode,declaration,rval =,,"NULL, &asn_DEF_GetVariableAccessAttributesRequest, (void**) &request, buffer + bufPos, maxBufPos - bufPos",mms/iso_mms/server/mms_get_var_access_service.c,285,"rval = ber_decode(NULL, &asn_DEF_GetVariableAccessAttributesRequest, (void**) &request, buffer + bufPos, maxBufPos - bufPos)"
ber_decode,declaration,asn_dec_rval_t rval =,,"NULL, &asn_DEF_MmsPdu, (void**) &mmsPdu, buffer, maxBufPos",mms/iso_mms/server/mms_named_variable_list_service.c,104,"asn_dec_rval_t rval = ber_decode(NULL, &asn_DEF_MmsPdu, (void**) &mmsPdu, buffer, maxBufPos)"
ber_decode,declaration,asn_dec_rval_t rval =,,"NULL, &asn_DEF_MmsPdu, (void**) &mmsPdu, buffer, maxBufPos",mms/iso_mms/server/mms_named_variable_list_service.c,470,"asn_dec_rval_t rval = ber_decode(NULL, &asn_DEF_MmsPdu, (void**) &mmsPdu, buffer, maxBufPos)"
ber_decode,declaration,asn_dec_rval_t rval =,,"NULL, &asn_DEF_GetNamedVariableListAttributesRequest, (void**) &request, buffer + bufPos, maxBufPos - bufPos",mms/iso_mms/server/mms_named_variable_list_service.c,767,"asn_dec_rval_t rval = ber_decode(NULL, &asn_DEF_GetNamedVariableListAttributesRequest, (void**) &request, buffer + bufPos, maxBufPos - bufPos)"
ber_decode,declaration,asn_dec_rval_t rval =,,"NULL, &asn_DEF_MmsPdu, (void**) &mmsPdu, buffer, maxBufPos",mms/iso_mms/server/mms_read_service.c,891,"asn_dec_rval_t rval = ber_decode(NULL, &asn_DEF_MmsPdu, (void**) &mmsPdu, buffer, maxBufPos)"
ber_decode,declaration,rval =,,"NULL, &asn_DEF_MmsPdu, (void**) &mmsPdu, buffer, maxBufPos",mms/iso_mms/server/mms_write_service.c,577,"rval = ber_decode(NULL, &asn_DEF_MmsPdu, (void**) &mmsPdu, buffer, maxBufPos)"
bitStringByteSize,declaration,return,,self,mms/iso_mms/common/mms_value.c,27,return bitStringByteSize(self)
bitStringByteSize,declaration,size =,,self,mms/iso_mms/common/mms_value.c,1209,size = bitStringByteSize(self)
cacheEntryDelete,definition,void,static,MmsValueCacheEntry* entry,mms/iso_mms/server/mms_value_cache.c,241,static void cacheEntryDelete(MmsValueCacheEntry* entry)
callTickHandlerForClientConnections,declaration,(unknown),,self,mms/iso_server/iso_server.c,480,callTickHandlerForClientConnections(self)
callTickHandlerForClientConnections,definition,void,static,IsoServer self,mms/iso_server/iso_server.c,339,static void callTickHandlerForClientConnections(IsoServer self)
checkAuthMechanismName,declaration,AcseAuthenticationMechanism mechanism =,,"authMechanism, authMechLen",mms/iso_acse/acse.c,67,"AcseAuthenticationMechanism mechanism = checkAuthMechanismName(authMechanism, authMechLen)"
checkAuthMechanismName,definition,AcseAuthenticationMechanism,static,"uint8_t* authMechanism, int authMechLen",mms/iso_acse/acse.c,18,"static AcseAuthenticationMechanism checkAuthMechanismName(uint8_t* authMechanism, int authMechLen)"
checkAuthentication,definition,bool,static,"AcseConnection* self, uint8_t* authMechanism, int authMechLen, uint8_t* authValue, int authValueLen",mms/iso_acse/acse.c,59,"static bool checkAuthentication(AcseConnection* self, uint8_t* authMechanism, int authMechLen, uint8_t* authValue, int authValueLen)"
checkForOutstandingCall,declaration,MmsOutstandingCall call =,,"self, invokeId",mms/iso_mms/client/mms_client_connection.c,1274,"MmsOutstandingCall call = checkForOutstandingCall(self, invokeId)"
checkForOutstandingCall,declaration,MmsOutstandingCall call =,,"self, invokeId",mms/iso_mms/client/mms_client_connection.c,1327,"MmsOutstandingCall call = checkForOutstandingCall(self, invokeId)"
checkForOutstandingCall,declaration,MmsOutstandingCall call =,,"self, invokeId",mms/iso_mms/client/mms_client_connection.c,1381,"MmsOutstandingCall call = checkForOutstandingCall(self, invokeId)"
checkForOutstandingCall,definition,MmsOutstandingCall,static,"MmsConnection self, uint32_t invokeId",mms/iso_mms/client/mms_client_connection.c,239,"static MmsOutstandingCall checkForOutstandingCall(MmsConnection self, uint32_t invokeId)"
checkIfVariableExists,definition,bool,static,"MmsDevice* device, MmsAccessSpecifier* accessSpecifier",mms/iso_mms/server/mms_named_variable_list_service.c,273,"static bool checkIfVariableExists(MmsDevice* device, MmsAccessSpecifier* accessSpecifier)"
closeAllOpenClientConnections,declaration,(unknown),,self,mms/iso_server/iso_server.c,771,closeAllOpenClientConnections(self)
closeAllOpenClientConnections,declaration,(unknown),,self,mms/iso_server/iso_server.c,796,closeAllOpenClientConnections(self)
closeAllOpenClientConnections,definition,void,static,IsoServer self,mms/iso_server/iso_server.c,296,static void closeAllOpenClientConnections(IsoServer self)
concludeHandler,definition,void,static,"void* parameter, MmsError mmsError, bool success",mms/iso_mms/client/mms_client_connection.c,2024,"static void concludeHandler(void* parameter, MmsError mmsError, bool success)"
connectionTickHandler,definition,void,static,void* parameter,mms/iso_mms/server/mms_server_connection.c,739,static void connectionTickHandler(void* parameter)
convertRejectCodesToMmsError,declaration,MmsError err =,,"rejectType, rejectReason",mms/iso_mms/client/mms_client_connection.c,1331,"MmsError err = convertRejectCodesToMmsError(rejectType, rejectReason)"
convertRejectCodesToMmsError,definition,MmsError,static,"int rejectType, int rejectReason",mms/iso_mms/client/mms_client_connection.c,376,"static MmsError convertRejectCodesToMmsError(int rejectType, int rejectReason)"
convertServiceErrorToMmsError,declaration,MmsError err =,,serviceError,mms/iso_mms/client/mms_client_connection.c,1278,MmsError err = convertServiceErrorToMmsError(serviceError)
convertServiceErrorToMmsError,definition,MmsError,static,MmsServiceError serviceError,mms/iso_mms/client/mms_client_connection.c,391,static MmsError convertServiceErrorToMmsError(MmsServiceError serviceError)
createAlternateAccessComponent,declaration,alternateAccess->list.array[0]->choice.unnamed->choice.selectAlternateAccess.alternateAccess =,,separator + 1,mms/iso_mms/client/mms_client_read.c,590,alternateAccess->list.array[0]->choice.unnamed->choice.selectAlternateAccess.alternateAccess = createAlternateAccessComponent(separator + 1)
createAlternateAccessComponent,definition,AlternateAccess_t*,static,const char* componentName,mms/iso_mms/client/mms_client_read.c,566,static AlternateAccess_t* createAlternateAccessComponent(const char* componentName)
createConnectPdu,declaration,(unknown),,"self, buffer, payload",mms/iso_presentation/iso_presentation.c,878,"createConnectPdu(self, buffer, payload)"
createConnectPdu,definition,void,static,"IsoPresentation* self, BufferChain writeBuffer, BufferChain payload",mms/iso_presentation/iso_presentation.c,76,"static void createConnectPdu(IsoPresentation* self, BufferChain writeBuffer, BufferChain payload)"
createDefineNamedVariableListResponse,declaration,(unknown),,"invokeId, response",mms/iso_mms/server/mms_named_variable_list_service.c,552,"createDefineNamedVariableListResponse(invokeId, response)"
createDefineNamedVariableListResponse,declaration,(unknown),,"invokeId, response",mms/iso_mms/server/mms_named_variable_list_service.c,605,"createDefineNamedVariableListResponse(invokeId, response)"
createDefineNamedVariableListResponse,declaration,(unknown),,"invokeId, response",mms/iso_mms/server/mms_named_variable_list_service.c,655,"createDefineNamedVariableListResponse(invokeId, response)"
createDefineNamedVariableListResponse,definition,void,static,"uint32_t invokeId, ByteBuffer* response",mms/iso_mms/server/mms_named_variable_list_service.c,253,"static void createDefineNamedVariableListResponse(uint32_t invokeId, ByteBuffer* response)"
createDeleteNamedVariableListResponse,definition,void,static,"uint32_t invokeId, ByteBuffer* response, uint32_t numberMatched, uint32_t numberDeleted",mms/iso_mms/server/mms_named_variable_list_service.c,46,"static void createDeleteNamedVariableListResponse(uint32_t invokeId, ByteBuffer* response, uint32_t numberMatched, uint32_t numberDeleted)"
createFileDirectoryResponse,declaration,(unknown),,"MmsServerConnection_getFilesystemBasepath(connection), invokeId, response, maxPduSize, filename, continueAfter",mms/iso_mms/server/mms_file_service.c,1253,"createFileDirectoryResponse(MmsServerConnection_getFilesystemBasepath(connection), invokeId, response, maxPduSize, filename, continueAfter)"
createFileDirectoryResponse,definition,void,static,"const char* basepath, uint32_t invokeId, ByteBuffer* response, int maxPduSize, char* directoryName, char* continueAfterFileName",mms/iso_mms/server/mms_file_service.c,1011,"static void createFileDirectoryResponse(const char* basepath, uint32_t invokeId, ByteBuffer* response, int maxPduSize, char* directoryName, char* continueAfterFileName)"
createInitiateResponse,declaration,(unknown),,"self, response",mms/iso_mms/server/mms_association_service.c,388,"createInitiateResponse(self, response)"
createInitiateResponse,definition,int,static,"MmsServerConnection self, ByteBuffer* writeBuffer",mms/iso_mms/server/mms_association_service.c,200,"static int createInitiateResponse(MmsServerConnection self, ByteBuffer* writeBuffer)"
createListOfVariables,declaration,ListOfVariableSeq_t** listOfVars =,,"readRequest, valuesCount",mms/iso_mms/client/mms_client_read.c,801,"ListOfVariableSeq_t** listOfVars = createListOfVariables(readRequest, valuesCount)"
createListOfVariables,definition,ListOfVariableSeq_t**,static,"ReadRequest_t* readRequest, int valuesCount",mms/iso_mms/client/mms_client_read.c,775,"static ListOfVariableSeq_t** createListOfVariables(ReadRequest_t* readRequest, int valuesCount)"
createNameListResponse,declaration,(unknown),,"connection, invokeId, nameList, response, continueAfterId",mms/iso_mms/server/mms_get_namelist_service.c,628,"createNameListResponse(connection, invokeId, nameList, response, continueAfterId)"
createNameListResponse,declaration,(unknown),,"connection, invokeId, nameList, response, continueAfterId",mms/iso_mms/server/mms_get_namelist_service.c,769,"createNameListResponse(connection, invokeId, nameList, response, continueAfterId)"
createNamedVariableList,declaration,MmsNamedVariableList namedVariableList =,,"connection->server, domain, device, request, variableListName, &mmsError",mms/iso_mms/server/mms_named_variable_list_service.c,541,"MmsNamedVariableList namedVariableList = createNamedVariableList(connection->server, domain, device, request, variableListName, &mmsError)"
createNamedVariableList,declaration,MmsNamedVariableList namedVariableList =,,"connection->server, NULL, device, request, variableListName, &mmsError",mms/iso_mms/server/mms_named_variable_list_service.c,596,"MmsNamedVariableList namedVariableList = createNamedVariableList(connection->server, NULL, device, request, variableListName, &mmsError)"
createNamedVariableList,declaration,MmsNamedVariableList namedVariableList =,,"connection->server, NULL, device, request, variableListName, &mmsError",mms/iso_mms/server/mms_named_variable_list_service.c,645,"MmsNamedVariableList namedVariableList = createNamedVariableList(connection->server, NULL, device, request, variableListName, &mmsError)"
createNamedVariableList,definition,MmsNamedVariableList,static,"MmsServer server, MmsDomain* domain, MmsDevice* device, DefineNamedVariableListRequest_t* request, char* variableListName, MmsError* mmsError",mms/iso_mms/server/mms_named_variable_list_service.c,307,"static MmsNamedVariableList createNamedVariableList(MmsServer server, MmsDomain* domain, MmsDevice* device, DefineNamedVariableListRequest_t* request, char* variableListName, MmsError* mmsError)"
createNamedVariableListResponse,declaration,(unknown),,"connection, namedList, invokeId, response, isSpecWithResult(read), &accessSpec",mms/iso_mms/server/mms_read_service.c,782,"createNamedVariableListResponse(connection, namedList, invokeId, response, isSpecWithResult(read), &accessSpec)"
createNamedVariableListResponse,declaration,(unknown),,"connection, namedList, invokeId, response, isSpecWithResult(read), &accessSpec",mms/iso_mms/server/mms_read_service.c,824,"createNamedVariableListResponse(connection, namedList, invokeId, response, isSpecWithResult(read), &accessSpec)"
createNamedVariableListResponse,declaration,(unknown),,"connection, namedList, invokeId, response, isSpecWithResult(read), &accessSpec",mms/iso_mms/server/mms_read_service.c,862,"createNamedVariableListResponse(connection, namedList, invokeId, response, isSpecWithResult(read), &accessSpec)"
createNamedVariableListResponse,definition,void,static,"MmsServerConnection connection, MmsNamedVariableList namedList, int invokeId, ByteBuffer* response, bool isSpecWithResult, VarAccessSpec* accessSpec",mms/iso_mms/server/mms_read_service.c,704,"static void createNamedVariableListResponse(MmsServerConnection connection, MmsNamedVariableList namedList, int invokeId, ByteBuffer* response, bool isSpecWithResult, VarAccessSpec* accessSpec)"
createNewDomainVariableSpecification,declaration,request->variableAccessSpecification.choice.listOfVariable.list.array[i] =,,"domainId, itemId",mms/iso_mms/client/mms_client_write.c,271,"request->variableAccessSpecification.choice.listOfVariable.list.array[i] = createNewDomainVariableSpecification(domainId, itemId)"
createNewDomainVariableSpecification,declaration,request->variableAccessSpecification.choice.listOfVariable.list.array[0] =,,"domainId, itemId",mms/iso_mms/client/mms_client_write.c,323,"request->variableAccessSpecification.choice.listOfVariable.list.array[0] = createNewDomainVariableSpecification(domainId, itemId)"
createNewDomainVariableSpecification,declaration,ListOfVariableSeq_t* variableIdentifier =,,"domainId, itemId",mms/iso_mms/client/mms_client_write.c,454,"ListOfVariableSeq_t* variableIdentifier = createNewDomainVariableSpecification(domainId, itemId)"
createNewDomainVariableSpecification,declaration,ListOfVariableSeq_t* variableIdentifier =,,"domainId, itemId",mms/iso_mms/client/mms_client_write.c,511,"ListOfVariableSeq_t* variableIdentifier = createNewDomainVariableSpecification(domainId, itemId)"
createNewDomainVariableSpecification,declaration,ListOfVariableSeq_t* variableIdentifier =,,"domainId, itemId",mms/iso_mms/client/mms_client_write.c,569,"ListOfVariableSeq_t* variableIdentifier = createNewDomainVariableSpecification(domainId, itemId)"
createNewDomainVariableSpecification,definition,ListOfVariableSeq_t*,static,"const char* domainId, const char* itemId",mms/iso_mms/client/mms_client_write.c,181,"static ListOfVariableSeq_t* createNewDomainVariableSpecification(const char* domainId, const char* itemId)"
createNewVariableSpecification,declaration,readRequest->variableAccessSpecification.choice.listOfVariable.list.array[0] =,,"domainId, itemId, component, false",mms/iso_mms/client/mms_client_read.c,672,"readRequest->variableAccessSpecification.choice.listOfVariable.list.array[0] = createNewVariableSpecification(domainId, itemId, component, false)"
createNewVariableSpecification,definition,ListOfVariableSeq_t*,static,"const char* domainId, const char* itemId, const char* componentName, bool associationSpecific",mms/iso_mms/client/mms_client_read.c,625,"static ListOfVariableSeq_t* createNewVariableSpecification(const char* domainId, const char* itemId, const char* componentName, bool associationSpecific)"
createNullResponseExtendedTag,declaration,(unknown),,"invokeId, response, 0x4c",mms/iso_mms/server/mms_file_service.c,280,"createNullResponseExtendedTag(invokeId, response, 0x4c)"
createNullResponseExtendedTag,declaration,(unknown),,"invokeId, response, 0x2e",mms/iso_mms/server/mms_file_service.c,404,"createNullResponseExtendedTag(invokeId, response, 0x2e)"
createNullResponseExtendedTag,declaration,(unknown),,"invokeId, response, 0x4a",mms/iso_mms/server/mms_file_service.c,882,"createNullResponseExtendedTag(invokeId, response, 0x4a)"
createNullResponseExtendedTag,declaration,(unknown),,"invokeId, response, 0x4b",mms/iso_mms/server/mms_file_service.c,1167,"createNullResponseExtendedTag(invokeId, response, 0x4b)"
createObtainFileResponse,declaration,(unknown),,"task->obtainFileRequestInvokeId, message",mms/iso_mms/server/mms_file_service.c,564,"createObtainFileResponse(task->obtainFileRequestInvokeId, message)"
createObtainFileResponse,definition,void,static,"uint32_t invokeId, ByteBuffer* response",mms/iso_mms/server/mms_file_service.c,400,"static void createObtainFileResponse(uint32_t invokeId, ByteBuffer* response)"
createReadRequest,declaration,ReadRequest_t* readRequest =,,mmsPdu,mms/iso_mms/client/mms_client_read.c,439,ReadRequest_t* readRequest = createReadRequest(mmsPdu)
createReadRequest,declaration,ReadRequest_t* readRequest =,,mmsPdu,mms/iso_mms/client/mms_client_read.c,487,ReadRequest_t* readRequest = createReadRequest(mmsPdu)
createReadRequest,declaration,ReadRequest_t* readRequest =,,mmsPdu,mms/iso_mms/client/mms_client_read.c,521,ReadRequest_t* readRequest = createReadRequest(mmsPdu)
createReadRequest,declaration,ReadRequest_t* readRequest =,,mmsPdu,mms/iso_mms/client/mms_client_read.c,662,ReadRequest_t* readRequest = createReadRequest(mmsPdu)
createReadRequest,declaration,ReadRequest_t* readRequest =,,mmsPdu,mms/iso_mms/client/mms_client_read.c,711,ReadRequest_t* readRequest = createReadRequest(mmsPdu)
createReadRequest,declaration,ReadRequest_t* readRequest =,,mmsPdu,mms/iso_mms/client/mms_client_read.c,746,ReadRequest_t* readRequest = createReadRequest(mmsPdu)
createReadRequest,declaration,ReadRequest_t* readRequest =,,mmsPdu,mms/iso_mms/client/mms_client_read.c,795,ReadRequest_t* readRequest = createReadRequest(mmsPdu)
createReadRequest,definition,ReadRequest_t*,static,MmsPdu_t* mmsPdu,mms/iso_mms/client/mms_client_read.c,424,static ReadRequest_t* createReadRequest(MmsPdu_t* mmsPdu)
createServiceErrorDeleteVariableLists,declaration,else,,"invokeId, response, serviceError, numberDeleted",mms/iso_mms/server/mms_named_variable_list_service.c,239,"else createServiceErrorDeleteVariableLists(invokeId, response, serviceError, numberDeleted)"
createServiceErrorDeleteVariableLists,definition,void,static,"uint32_t invokeId, ByteBuffer* response, MmsError errorType, uint32_t numberDeleted",mms/iso_mms/server/mms_named_variable_list_service.c,81,"static void createServiceErrorDeleteVariableLists(uint32_t invokeId, ByteBuffer* response, MmsError errorType, uint32_t numberDeleted)"
createServiceErrorObtainFileError,declaration,(unknown),,"task->obtainFileRequestInvokeId, message, MMS_ERROR_FILE_FILE_NON_EXISTENT, 0",mms/iso_mms/server/mms_file_service.c,520,"createServiceErrorObtainFileError(task->obtainFileRequestInvokeId, message, MMS_ERROR_FILE_FILE_NON_EXISTENT, 0)"
createServiceErrorObtainFileError,declaration,(unknown),,"task->obtainFileRequestInvokeId, message, MMS_ERROR_FILE_OTHER, 1",mms/iso_mms/server/mms_file_service.c,541,"createServiceErrorObtainFileError(task->obtainFileRequestInvokeId, message, MMS_ERROR_FILE_OTHER, 1)"
createServiceErrorObtainFileError,declaration,exit_access_denied:,,"invokeId, response, MMS_ERROR_FILE_FILE_ACCESS_DENIED, 1",mms/iso_mms/server/mms_file_service.c,784,"exit_access_denied: createServiceErrorObtainFileError(invokeId, response, MMS_ERROR_FILE_FILE_ACCESS_DENIED, 1)"
createServiceErrorObtainFileError,declaration,exit_file_already_exists:,,"invokeId, response, MMS_ERROR_FILE_DUPLICATE_FILENAME, 1",mms/iso_mms/server/mms_file_service.c,788,"exit_file_already_exists: createServiceErrorObtainFileError(invokeId, response, MMS_ERROR_FILE_DUPLICATE_FILENAME, 1)"
createStringsFromNamedVariableList,declaration,nameList =,,"variableLists, connection, domain",mms/iso_mms/server/mms_get_namelist_service.c,340,"nameList = createStringsFromNamedVariableList(variableLists, connection, domain)"
createStringsFromNamedVariableList,declaration,nameList =,,"variableLists, connection, NULL",mms/iso_mms/server/mms_get_namelist_service.c,356,"nameList = createStringsFromNamedVariableList(variableLists, connection, NULL)"
createStringsFromNamedVariableList,declaration,nameList =,,"variableLists, connection, NULL",mms/iso_mms/server/mms_get_namelist_service.c,369,"nameList = createStringsFromNamedVariableList(variableLists, connection, NULL)"
createTypeSpecification,declaration,typeSpec->typeSpec.structure.elements[i] =,,asnTypeSpec->choice.structure.components. list.array[i]->componentType,mms/iso_mms/client/mms_client_get_var_access.c,36,typeSpec->typeSpec.structure.elements[i] = createTypeSpecification(asnTypeSpec->choice.structure.components. list.array[i]->componentType)
createTypeSpecification,declaration,typeSpec->typeSpec.array.elementTypeSpec =,,asnTypeSpec->choice.array.elementType,mms/iso_mms/client/mms_client_get_var_access.c,53,typeSpec->typeSpec.array.elementTypeSpec = createTypeSpecification(asnTypeSpec->choice.array.elementType)
createTypeSpecification,declaration,typeSpec =,,asnTypeSpec,mms/iso_mms/client/mms_client_get_var_access.c,133,typeSpec = createTypeSpecification(asnTypeSpec)
createTypeSpecification,declaration,(unknown),,"namedVariable->typeSpec.array.elementTypeSpec, typeSpec->choice.array.elementType",mms/iso_mms/server/mms_get_var_access_service.c,23,"createTypeSpecification(namedVariable->typeSpec.array.elementTypeSpec, typeSpec->choice.array.elementType)"
createTypeSpecification,declaration,(unknown),,"namedVariable->typeSpec.structure.elements[i], typeSpec->choice.structure.components.list.array[i]->componentType",mms/iso_mms/server/mms_get_var_access_service.c,57,"createTypeSpecification(namedVariable->typeSpec.structure.elements[i], typeSpec->choice.structure.components.list.array[i]->componentType)"
createTypeSpecification,declaration,(unknown),,"namedVariable, &getVarAccessAttr->typeSpecification",mms/iso_mms/server/mms_get_var_access_service.c,247,"createTypeSpecification(namedVariable, &getVarAccessAttr->typeSpecification)"
createValueCaches,declaration,self->valueCaches =,,device,mms/iso_mms/server/mms_server.c,73,self->valueCaches = createValueCaches(device)
createVariableAccessAttributesResponse,declaration,(unknown),,"connection, domainIdStr, nameIdStr, invokeId, response",mms/iso_mms/server/mms_get_var_access_service.c,303,"createVariableAccessAttributesResponse(connection, domainIdStr, nameIdStr, invokeId, response)"
createVariableAccessAttributesResponse,declaration,(unknown),,"connection, NULL, nameIdStr, invokeId, response",mms/iso_mms/server/mms_get_var_access_service.c,317,"createVariableAccessAttributesResponse(connection, NULL, nameIdStr, invokeId, response)"
createVariableAccessAttributesResponse,definition,void,static,"MmsServerConnection connection, char* domainId, char* nameId, int invokeId, ByteBuffer* response",mms/iso_mms/server/mms_get_var_access_service.c,182,"static void createVariableAccessAttributesResponse( MmsServerConnection connection, char* domainId, char* nameId, int invokeId, ByteBuffer* response)"
createVariableIdentifier,declaration,ListOfVariableSeq_t* variableIdentifier =,,"domainId, itemId",mms/iso_mms/client/mms_client_read.c,719,"ListOfVariableSeq_t* variableIdentifier = createVariableIdentifier(domainId, itemId)"
createVariableIdentifier,declaration,ListOfVariableSeq_t* variableIdentifier =,,"domainId, itemId",mms/iso_mms/client/mms_client_read.c,754,"ListOfVariableSeq_t* variableIdentifier = createVariableIdentifier(domainId, itemId)"
createVariableIdentifier,declaration,listOfVars[i] =,,"domainId, (char*) (item->data)",mms/iso_mms/client/mms_client_read.c,809,"listOfVars[i] = createVariableIdentifier(domainId, (char*) (item->data))"
createVariableIdentifier,definition,ListOfVariableSeq_t*,static,"const char* domainId, const char* itemId",mms/iso_mms/client/mms_client_read.c,690,"static ListOfVariableSeq_t* createVariableIdentifier(const char* domainId, const char* itemId)"
createWriteNamedVariableListResponse,declaration,(unknown),,"connection, writeRequest, invokeId, namedList, response",mms/iso_mms/server/mms_write_service.c,425,"createWriteNamedVariableListResponse(connection, writeRequest, invokeId, namedList, response)"
createWriteNamedVariableListResponse,declaration,(unknown),,"connection, writeRequest, invokeId, namedList, response",mms/iso_mms/server/mms_write_service.c,456,"createWriteNamedVariableListResponse(connection, writeRequest, invokeId, namedList, response)"
createWriteNamedVariableListResponse,declaration,(unknown),,"connection, writeRequest, invokeId, namedList, response",mms/iso_mms/server/mms_write_service.c,488,"createWriteNamedVariableListResponse(connection, writeRequest, invokeId, namedList, response)"
decodeObjectName,definition,bool,static,"uint8_t* buffer, int bufPos, int length, int* endPos, _MmsObjectName* objName",mms/iso_mms/server/mms_write_service.c,103,"static bool decodeObjectName(uint8_t* buffer, int bufPos, int length, int* endPos, _MmsObjectName* objName)"
decodeVarSpec,definition,bool,static,"uint8_t* buffer, int bufPos, int length, int* endPos",mms/iso_mms/server/mms_write_service.c,186,"static bool decodeVarSpec(uint8_t* buffer, int bufPos, int length, int* endPos)"
defineNVLHandler,definition,void,static,"uint32_t invokeId, void* parameter, MmsError mmsError, bool success",mms/iso_mms/client/mms_client_connection.c,3009,"static void defineNVLHandler(uint32_t invokeId, void* parameter, MmsError mmsError, bool success)"
deleteAlternateAccessComponent,declaration,(unknown),,readRequest->variableAccessSpecification.choice.listOfVariable.list.array[0]->alternateAccess,mms/iso_mms/client/mms_client_read.c,678,deleteAlternateAccessComponent(readRequest->variableAccessSpecification.choice.listOfVariable.list.array[0]->alternateAccess)
deleteAlternateAccessComponent,definition,void,static,AlternateAccess_t* alternateAccess,mms/iso_mms/client/mms_client_read.c,608,static void deleteAlternateAccessComponent(AlternateAccess_t* alternateAccess)
deleteDataElement,declaration,(unknown),,dataElement->choice.structure->list.array[i],mms/iso_mms/client/mms_client_write.c,208,deleteDataElement(dataElement->choice.structure->list.array[i])
deleteDataElement,declaration,(unknown),,dataElement->choice.array->list.array[i],mms/iso_mms/client/mms_client_write.c,219,deleteDataElement(dataElement->choice.array->list.array[i])
deleteDataElement,declaration,(unknown),,request->listOfData.list.array[i],mms/iso_mms/client/mms_client_write.c,291,deleteDataElement(request->listOfData.list.array[i])
deleteDataElement,declaration,(unknown),,request->listOfData.list.array[0],mms/iso_mms/client/mms_client_write.c,345,deleteDataElement(request->listOfData.list.array[0])
deleteDataElement,declaration,i++),,request->listOfData.list.array[i],mms/iso_mms/client/mms_client_write.c,424,i++) deleteDataElement(request->listOfData.list.array[i])
deleteDataElement,declaration,(unknown),,request->listOfData.list.array[0],mms/iso_mms/client/mms_client_write.c,483,deleteDataElement(request->listOfData.list.array[0])
deleteDataElement,declaration,(unknown),,request->listOfData.list.array[0],mms/iso_mms/client/mms_client_write.c,540,deleteDataElement(request->listOfData.list.array[0])
deleteDataElement,declaration,(unknown),,request->listOfData.list.array[0],mms/iso_mms/client/mms_client_write.c,599,deleteDataElement(request->listOfData.list.array[0])
deleteDataElement,definition,void,static,Data_t* dataElement,mms/iso_mms/client/mms_client_write.c,196,static void deleteDataElement(Data_t* dataElement)
deleteFile,declaration,(unknown),,"MmsServer_getFilesystemBasepath(self), task->destinationFilename",mms/iso_mms/server/mms_file_service.c,449,"deleteFile(MmsServer_getFilesystemBasepath(self), task->destinationFilename)"
deleteFile,declaration,(unknown),,"MmsServer_getFilesystemBasepath(self), task->destinationFilename",mms/iso_mms/server/mms_file_service.c,481,"deleteFile(MmsServer_getFilesystemBasepath(self), task->destinationFilename)"
deleteFile,declaration,(unknown),,"MmsServer_getFilesystemBasepath(self), task->destinationFilename",mms/iso_mms/server/mms_file_service.c,512,"deleteFile(MmsServer_getFilesystemBasepath(self), task->destinationFilename)"
deleteFile,declaration,(unknown),,"MmsServer_getFilesystemBasepath(self), task->destinationFilename",mms/iso_mms/server/mms_file_service.c,529,"deleteFile(MmsServer_getFilesystemBasepath(self), task->destinationFilename)"
deleteFile,definition,bool,static,"const char* basepath, char* fileName",mms/iso_mms/server/mms_file_service.c,161,"static bool deleteFile(const char* basepath, char* fileName)"
deleteSingleCache,definition,void,static,MmsValueCache cache,mms/iso_mms/server/mms_server.c,430,static void deleteSingleCache(MmsValueCache cache)
deleteValueList,declaration,exit:,,values,mms/iso_mms/server/mms_read_service.c,635,exit: deleteValueList(values)
deleteValueList,declaration,(unknown),,values,mms/iso_mms/server/mms_read_service.c,734,deleteValueList(values)
deleteValueList,definition,void,static,LinkedList values,mms/iso_mms/server/mms_read_service.c,100,static void deleteValueList(LinkedList values)
deleteVariableAccessAttributesResponse,declaration,(unknown),,getVarAccessAttr,mms/iso_mms/server/mms_get_var_access_service.c,264,deleteVariableAccessAttributesResponse(getVarAccessAttr)
deleteVariableAccessAttributesResponse,definition,void,static,GetVariableAccessAttributesResponse_t* getVarAccessAttr,mms/iso_mms/server/mms_get_var_access_service.c,146,static void deleteVariableAccessAttributesResponse( GetVariableAccessAttributesResponse_t* getVarAccessAttr)
deleteVariableListEntry,definition,void,static,void* listEntry,mms/iso_mms/server/mms_named_variable_list.c,97,static void deleteVariableListEntry(void* listEntry)
der_encode,declaration,rval =,,"&asn_DEF_MmsPdu, mmsPdu, (asn_app_consume_bytes_f*) mmsClient_write_out, (void*) writeBuffer",mms/iso_mms/client/mms_client_get_namelist.c,40,"rval = der_encode(&asn_DEF_MmsPdu, mmsPdu, (asn_app_consume_bytes_f*) mmsClient_write_out, (void*) writeBuffer)"
der_encode,declaration,rval =,,"&asn_DEF_MmsPdu, mmsPdu, (asn_app_consume_bytes_f*) mmsClient_write_out, (void*) writeBuffer",mms/iso_mms/client/mms_client_get_namelist.c,79,"rval = der_encode(&asn_DEF_MmsPdu, mmsPdu, (asn_app_consume_bytes_f*) mmsClient_write_out, (void*) writeBuffer)"
der_encode,declaration,rval =,,"&asn_DEF_MmsPdu, mmsPdu, (asn_app_consume_bytes_f*) mmsClient_write_out, (void*) writeBuffer",mms/iso_mms/client/mms_client_get_namelist.c,217,"rval = der_encode(&asn_DEF_MmsPdu, mmsPdu, (asn_app_consume_bytes_f*) mmsClient_write_out, (void*) writeBuffer)"
der_encode,declaration,rval =,,"&asn_DEF_MmsPdu, mmsPdu, (asn_app_consume_bytes_f*) mmsClient_write_out, (void*) writeBuffer",mms/iso_mms/client/mms_client_get_var_access.c,178,"rval = der_encode(&asn_DEF_MmsPdu, mmsPdu, (asn_app_consume_bytes_f*) mmsClient_write_out, (void*) writeBuffer)"
der_encode,declaration,(unknown),,"&asn_DEF_MmsPdu, mmsPdu, (asn_app_consume_bytes_f*) mmsClient_write_out, (void*) writeBuffer",mms/iso_mms/client/mms_client_named_variable_list.c,51,"der_encode(&asn_DEF_MmsPdu, mmsPdu, (asn_app_consume_bytes_f*) mmsClient_write_out, (void*) writeBuffer)"
der_encode,declaration,(unknown),,"&asn_DEF_MmsPdu, mmsPdu, (asn_app_consume_bytes_f*) mmsClient_write_out, (void*) writeBuffer",mms/iso_mms/client/mms_client_named_variable_list.c,88,"der_encode(&asn_DEF_MmsPdu, mmsPdu, (asn_app_consume_bytes_f*) mmsClient_write_out, (void*) writeBuffer)"
der_encode,declaration,(unknown),,"&asn_DEF_MmsPdu, mmsPdu, (asn_app_consume_bytes_f*) mmsClient_write_out, (void*) writeBuffer",mms/iso_mms/client/mms_client_named_variable_list.c,158,"der_encode(&asn_DEF_MmsPdu, mmsPdu, (asn_app_consume_bytes_f*) mmsClient_write_out, (void*) writeBuffer)"
der_encode,declaration,(unknown),,"&asn_DEF_MmsPdu, mmsPdu, (asn_app_consume_bytes_f*) mmsClient_write_out, (void*) writeBuffer",mms/iso_mms/client/mms_client_named_variable_list.c,181,"der_encode(&asn_DEF_MmsPdu, mmsPdu, (asn_app_consume_bytes_f*) mmsClient_write_out, (void*) writeBuffer)"
der_encode,declaration,asn_enc_rval_t rval =,,"&asn_DEF_MmsPdu, mmsPdu, (asn_app_consume_bytes_f*) mmsClient_write_out, (void*) writeBuffer",mms/iso_mms/client/mms_client_named_variable_list.c,392,"asn_enc_rval_t rval = der_encode(&asn_DEF_MmsPdu, mmsPdu, (asn_app_consume_bytes_f*) mmsClient_write_out, (void*) writeBuffer)"
der_encode,declaration,rval =,,"&asn_DEF_MmsPdu, mmsPdu, (asn_app_consume_bytes_f*) mmsClient_write_out, (void*) writeBuffer",mms/iso_mms/client/mms_client_read.c,470,"rval = der_encode(&asn_DEF_MmsPdu, mmsPdu, (asn_app_consume_bytes_f*) mmsClient_write_out, (void*) writeBuffer)"
der_encode,declaration,rval =,,"&asn_DEF_MmsPdu, mmsPdu, (asn_app_consume_bytes_f*) mmsClient_write_out, (void*) writeBuffer",mms/iso_mms/client/mms_client_read.c,507,"rval = der_encode(&asn_DEF_MmsPdu, mmsPdu, (asn_app_consume_bytes_f*) mmsClient_write_out, (void*) writeBuffer)"
der_encode,declaration,rval =,,"&asn_DEF_MmsPdu, mmsPdu, (asn_app_consume_bytes_f*) mmsClient_write_out, (void*) writeBuffer",mms/iso_mms/client/mms_client_read.c,553,"rval = der_encode(&asn_DEF_MmsPdu, mmsPdu, (asn_app_consume_bytes_f*) mmsClient_write_out, (void*) writeBuffer)"
der_encode,declaration,rval =,,"&asn_DEF_MmsPdu, mmsPdu, (asn_app_consume_bytes_f*) mmsClient_write_out, (void*) writeBuffer",mms/iso_mms/client/mms_client_read.c,675,"rval = der_encode(&asn_DEF_MmsPdu, mmsPdu, (asn_app_consume_bytes_f*) mmsClient_write_out, (void*) writeBuffer)"
der_encode,declaration,rval =,,"&asn_DEF_MmsPdu, mmsPdu, (asn_app_consume_bytes_f*) mmsClient_write_out, (void*) writeBuffer",mms/iso_mms/client/mms_client_read.c,727,"rval = der_encode(&asn_DEF_MmsPdu, mmsPdu, (asn_app_consume_bytes_f*) mmsClient_write_out, (void*) writeBuffer)"
der_encode,declaration,rval =,,"&asn_DEF_MmsPdu, mmsPdu, (asn_app_consume_bytes_f*) mmsClient_write_out, (void*) writeBuffer",mms/iso_mms/client/mms_client_read.c,762,"rval = der_encode(&asn_DEF_MmsPdu, mmsPdu, (asn_app_consume_bytes_f*) mmsClient_write_out, (void*) writeBuffer)"
der_encode,declaration,rval =,,"&asn_DEF_MmsPdu, mmsPdu, (asn_app_consume_bytes_f*) mmsClient_write_out, (void*) writeBuffer",mms/iso_mms/client/mms_client_read.c,814,"rval = der_encode(&asn_DEF_MmsPdu, mmsPdu, (asn_app_consume_bytes_f*) mmsClient_write_out, (void*) writeBuffer)"
der_encode,declaration,rval =,,"&asn_DEF_MmsPdu, mmsPdu, (asn_app_consume_bytes_f*) mmsClient_write_out, (void*) writeBuffer",mms/iso_mms/client/mms_client_write.c,282,"rval = der_encode(&asn_DEF_MmsPdu, mmsPdu, (asn_app_consume_bytes_f*) mmsClient_write_out, (void*) writeBuffer)"
der_encode,declaration,rval =,,"&asn_DEF_MmsPdu, mmsPdu, (asn_app_consume_bytes_f*) mmsClient_write_out, (void*) writeBuffer",mms/iso_mms/client/mms_client_write.c,333,"rval = der_encode(&asn_DEF_MmsPdu, mmsPdu, (asn_app_consume_bytes_f*) mmsClient_write_out, (void*) writeBuffer)"
der_encode,declaration,rval =,,"&asn_DEF_MmsPdu, mmsPdu, (asn_app_consume_bytes_f*) mmsClient_write_out, (void*) writeBuffer",mms/iso_mms/client/mms_client_write.c,417,"rval = der_encode(&asn_DEF_MmsPdu, mmsPdu, (asn_app_consume_bytes_f*) mmsClient_write_out, (void*) writeBuffer)"
der_encode,declaration,rval =,,"&asn_DEF_MmsPdu, mmsPdu, (asn_app_consume_bytes_f*) mmsClient_write_out, (void*) writeBuffer",mms/iso_mms/client/mms_client_write.c,468,"rval = der_encode(&asn_DEF_MmsPdu, mmsPdu, (asn_app_consume_bytes_f*) mmsClient_write_out, (void*) writeBuffer)"
der_encode,declaration,rval =,,"&asn_DEF_MmsPdu, mmsPdu, (asn_app_consume_bytes_f*) mmsClient_write_out, (void*) writeBuffer",mms/iso_mms/client/mms_client_write.c,527,"rval = der_encode(&asn_DEF_MmsPdu, mmsPdu, (asn_app_consume_bytes_f*) mmsClient_write_out, (void*) writeBuffer)"
der_encode,declaration,rval =,,"&asn_DEF_MmsPdu, mmsPdu, (asn_app_consume_bytes_f*) mmsClient_write_out, (void*) writeBuffer",mms/iso_mms/client/mms_client_write.c,586,"rval = der_encode(&asn_DEF_MmsPdu, mmsPdu, (asn_app_consume_bytes_f*) mmsClient_write_out, (void*) writeBuffer)"
der_encode,declaration,asn_enc_rval_t rval =,,"&asn_DEF_MmsPdu, mmsPdu, mmsServer_write_out, (void*) response",mms/iso_mms/server/mms_get_var_access_service.c,249,"asn_enc_rval_t rval = der_encode(&asn_DEF_MmsPdu, mmsPdu, mmsServer_write_out, (void*) response)"
der_encode,declaration,asn_enc_rval_t res =,,"&asn_DEF_MmsPdu, mmsPdu, mmsServer_write_out, (void*) response",mms/iso_mms/server/mms_named_variable_list_service.c,748,"asn_enc_rval_t res = der_encode(&asn_DEF_MmsPdu, mmsPdu, mmsServer_write_out, (void*) response)"
directChildStrLen,declaration,size_t childLen =,,childId,mms/iso_mms/common/mms_type_spec.c,59,size_t childLen = directChildStrLen(childId)
directChildStrLen,definition,size_t,static,const char* childId,mms/iso_mms/common/mms_type_spec.c,34,static size_t directChildStrLen(const char* childId)
encodeAcceptBer,declaration,bufPos =,,"buffer, bufPos",mms/iso_presentation/iso_presentation.c,941,"bufPos = encodeAcceptBer(buffer, bufPos)"
encodeAcceptBer,declaration,bufPos =,,"buffer, bufPos",mms/iso_presentation/iso_presentation.c,942,"bufPos = encodeAcceptBer(buffer, bufPos)"
encodeAcceptBer,definition,int,static,"uint8_t* buffer, int bufPos",mms/iso_presentation/iso_presentation.c,23,"static int encodeAcceptBer(uint8_t* buffer, int bufPos)"
encodeArrayAccessResult,declaration,else size =,,"self, buffer, bufPos, false",mms/iso_mms/server/mms_access_result.c,519,"else size = encodeArrayAccessResult(self, buffer, bufPos, false)"
encodeCalledSessionSelector,declaration,offset =,,"self, buf, offset",mms/iso_session/iso_session.c,333,"offset = encodeCalledSessionSelector(self, buf, offset)"
encodeCalledSessionSelector,declaration,offset =,,"self, buf, offset",mms/iso_session/iso_session.c,422,"offset = encodeCalledSessionSelector(self, buf, offset)"
encodeCalledSessionSelector,definition,int,static,"IsoSession* self, uint8_t* buf, int offset",mms/iso_session/iso_session.c,290,"static int encodeCalledSessionSelector(IsoSession* self, uint8_t* buf, int offset)"
encodeCallingSessionSelector,declaration,offset =,,"self, buf, offset",mms/iso_session/iso_session.c,331,"offset = encodeCallingSessionSelector(self, buf, offset)"
encodeCallingSessionSelector,definition,int,static,"IsoSession* self, uint8_t* buf, int offset",mms/iso_session/iso_session.c,277,"static int encodeCallingSessionSelector(IsoSession* self, uint8_t* buf, int offset)"
encodeConnectAcceptItem,declaration,offset =,,"buf, offset, 0",mms/iso_session/iso_session.c,327,"offset = encodeConnectAcceptItem(buf, offset, 0)"
encodeConnectAcceptItem,declaration,offset =,,"buf, offset, self->protocolOptions",mms/iso_session/iso_session.c,418,"offset = encodeConnectAcceptItem(buf, offset, self->protocolOptions)"
encodeConnectAcceptItem,definition,int,static,"uint8_t* buf, int offset, uint8_t options",mms/iso_session/iso_session.c,236,"static int encodeConnectAcceptItem(uint8_t* buf, int offset, uint8_t options)"
encodeConnectionIdentifier,declaration,offset =,,"buf, offset, reasonCode",mms/iso_session/iso_session.c,447,"offset = encodeConnectionIdentifier(buf, offset, reasonCode)"
encodeConnectionIdentifier,definition,int,static,"uint8_t* buf, int offset, uint8_t reasonCode",mms/iso_session/iso_session.c,251,"static int encodeConnectionIdentifier(uint8_t* buf, int offset, uint8_t reasonCode)"
encodeFileAttributes,declaration,uint32_t fileAttributesSize =,,"0xa1, frsm->fileSize, gtString, NULL, 0",mms/iso_mms/server/mms_file_service.c,186,"uint32_t fileAttributesSize = encodeFileAttributes(0xa1, frsm->fileSize, gtString, NULL, 0) + 2"
encodeFileAttributes,declaration,bufPos =,,"0xa1, frsm->fileSize, gtString, buffer, bufPos",mms/iso_mms/server/mms_file_service.c,211,"bufPos = encodeFileAttributes(0xa1, frsm->fileSize, gtString, buffer, bufPos)"
encodeFileAttributes,declaration,int fileAttributesSize =,,"0xa1, fileSize, gtString, NULL, 0",mms/iso_mms/server/mms_file_service.c,979,"int fileAttributesSize = encodeFileAttributes(0xa1, fileSize, gtString, NULL, 0)"
encodeFileAttributes,declaration,bufPos =,,"0xa1, fileSize, gtString, buffer, bufPos",mms/iso_mms/server/mms_file_service.c,997,"bufPos = encodeFileAttributes(0xa1, fileSize, gtString, buffer, bufPos)"
encodeFileAttributes,definition,int,static,"uint8_t tag, uint32_t fileSize, char* gtString, uint8_t* buffer, int bufPos",mms/iso_mms/server/mms_file_service.c,79,"static int encodeFileAttributes(uint8_t tag, uint32_t fileSize, char* gtString, uint8_t* buffer, int bufPos)"
encodeFileSpecification,declaration,parameterSize +=,,"0xa0, currentFileName, NULL, 0",mms/iso_mms/client/mms_client_files.c,387,"parameterSize += encodeFileSpecification(0xa0, currentFileName, NULL, 0)"
encodeFileSpecification,declaration,parameterSize +=,,"0xa1, newFileName, NULL, 0",mms/iso_mms/client/mms_client_files.c,389,"parameterSize += encodeFileSpecification(0xa1, newFileName, NULL, 0)"
encodeFileSpecification,declaration,bufPos =,,"0xa0, currentFileName, buffer, bufPos",mms/iso_mms/client/mms_client_files.c,405,"bufPos = encodeFileSpecification(0xa0, currentFileName, buffer, bufPos)"
encodeFileSpecification,declaration,bufPos =,,"0xa1, newFileName, buffer, bufPos",mms/iso_mms/client/mms_client_files.c,407,"bufPos = encodeFileSpecification(0xa1, newFileName, buffer, bufPos)"
encodeFileSpecification,declaration,parameterSize +=,,"0xa0, sourceFile, NULL, 0",mms/iso_mms/client/mms_client_files.c,419,"parameterSize += encodeFileSpecification(0xa0, sourceFile, NULL, 0)"
encodeFileSpecification,declaration,parameterSize +=,,"0xa1, destinationFile, NULL, 0",mms/iso_mms/client/mms_client_files.c,421,"parameterSize += encodeFileSpecification(0xa1, destinationFile, NULL, 0)"
encodeFileSpecification,declaration,bufPos =,,"0xa1, sourceFile, buffer, bufPos",mms/iso_mms/client/mms_client_files.c,437,"bufPos = encodeFileSpecification(0xa1, sourceFile, buffer, bufPos)"
encodeFileSpecification,declaration,bufPos =,,"0xa2, destinationFile, buffer, bufPos",mms/iso_mms/client/mms_client_files.c,439,"bufPos = encodeFileSpecification(0xa2, destinationFile, buffer, bufPos)"
encodeFileSpecification,declaration,int filenameSize =,,"0xa0, directoryName, NULL, 0",mms/iso_mms/server/mms_file_service.c,981,"int filenameSize = encodeFileSpecification(0xa0, directoryName, NULL, 0)"
encodeFileSpecification,declaration,bufPos =,,"0xa0, directoryName, buffer, bufPos",mms/iso_mms/server/mms_file_service.c,996,"bufPos = encodeFileSpecification(0xa0, directoryName, buffer, bufPos)"
encodeFileSpecification,definition,int,static,"uint8_t tag, const char* fileSpecification, uint8_t* buffer, int bufPos",mms/iso_mms/client/mms_client_files.c,324,"static int encodeFileSpecification(uint8_t tag, const char* fileSpecification, uint8_t* buffer, int bufPos)"
encodeFileSpecification,definition,int,static,"uint8_t tag, char* fileSpecification, uint8_t* buffer, int bufPos",mms/iso_mms/server/mms_file_service.c,910,"static int encodeFileSpecification(uint8_t tag, char* fileSpecification, uint8_t* buffer, int bufPos)"
encodeInitResponseDetail,declaration,initiateResponseLength +=,,"self, NULL, 0, false",mms/iso_mms/server/mms_association_service.c,214,"initiateResponseLength += encodeInitResponseDetail(self, NULL, 0, false)"
encodeInitResponseDetail,declaration,bufPos =,,"self, buffer, bufPos, true",mms/iso_mms/server/mms_association_service.c,227,"bufPos = encodeInitResponseDetail(self, buffer, bufPos, true)"
encodeInitResponseDetail,definition,int,static,"MmsServerConnection self, uint8_t* buffer, int bufPos, bool encode",mms/iso_mms/server/mms_association_service.c,47,"static int encodeInitResponseDetail(MmsServerConnection self, uint8_t* buffer, int bufPos, bool encode)"
encodeReadResponse,declaration,else,,"connection, invokeId, response, values, NULL",mms/iso_mms/server/mms_read_service.c,732,"else encodeReadResponse(connection, invokeId, response, values, NULL)"
encodeReadResponse,declaration,(unknown),,"self, invokeId, response, values, NULL",mms/iso_mms/server/mms_read_service.c,954,"encodeReadResponse(self, invokeId, response, values, NULL)"
encodeReadResponse,definition,void,static,"MmsServerConnection connection, uint32_t invokeId, ByteBuffer* response, LinkedList values, VarAccessSpec* accessSpec",mms/iso_mms/server/mms_read_service.c,409,"static void encodeReadResponse(MmsServerConnection connection, uint32_t invokeId, ByteBuffer* response, LinkedList values, VarAccessSpec* accessSpec)"
encodeSessionRequirement,declaration,offset =,,"self, buf, offset",mms/iso_session/iso_session.c,329,"offset = encodeSessionRequirement(self, buf, offset)"
encodeSessionRequirement,declaration,offset =,,"self, buf, offset",mms/iso_session/iso_session.c,420,"offset = encodeSessionRequirement(self, buf, offset)"
encodeSessionRequirement,definition,int,static,"IsoSession* self, uint8_t* buf, int offset",mms/iso_session/iso_session.c,266,"static int encodeSessionRequirement(IsoSession* self, uint8_t* buf, int offset)"
encodeSessionUserData,declaration,offset =,,"buf, offset, payload->length",mms/iso_session/iso_session.c,335,"offset = encodeSessionUserData(buf, offset, payload->length)"
encodeSessionUserData,declaration,offset =,,"buf, offset, payloadLength",mms/iso_session/iso_session.c,424,"offset = encodeSessionUserData(buf, offset, payloadLength)"
encodeSessionUserData,definition,int,static,"uint8_t* buf, int offset, uint8_t payloadLength",mms/iso_session/iso_session.c,303,"static int encodeSessionUserData(uint8_t* buf, int offset, uint8_t payloadLength)"
encodeStructuredAccessResult,declaration,else size =,,"self, buffer, bufPos, false",mms/iso_mms/server/mms_access_result.c,511,"else size = encodeStructuredAccessResult(self, buffer, bufPos, false)"
encodeStructuredAccessResult,definition,int,static,"MmsValue* value, uint8_t* buffer, int bufPos, bool encode",mms/iso_mms/server/mms_access_result.c,42,"static int encodeStructuredAccessResult(MmsValue* value, uint8_t* buffer, int bufPos, bool encode)"
encodeUserData,declaration,normalModeLength +=,,"NULL, 0, payload, false, self->acseContextId",mms/iso_presentation/iso_presentation.c,96,"normalModeLength += encodeUserData(NULL, 0, payload, false, self->acseContextId)"
encodeUserData,declaration,bufPos =,,"buffer, bufPos, payload, true, self->acseContextId",mms/iso_presentation/iso_presentation.c,160,"bufPos = encodeUserData(buffer, bufPos, payload, true, self->acseContextId)"
encodeUserData,declaration,contentLength +=,,"NULL, 0, payload, false, self->acseContextId",mms/iso_presentation/iso_presentation.c,885,"contentLength += encodeUserData(NULL, 0, payload, false, self->acseContextId)"
encodeUserData,declaration,bufPos =,,"buffer, bufPos, payload, true, self->acseContextId",mms/iso_presentation/iso_presentation.c,892,"bufPos = encodeUserData(buffer, bufPos, payload, true, self->acseContextId)"
encodeUserData,declaration,normalModeLength +=,,"NULL, 0, payload, false, self->acseContextId",mms/iso_presentation/iso_presentation.c,914,"normalModeLength += encodeUserData(NULL, 0, payload, false, self->acseContextId)"
encodeUserData,declaration,bufPos =,,"buffer, bufPos, payload, true, self->acseContextId",mms/iso_presentation/iso_presentation.c,943,"bufPos = encodeUserData(buffer, bufPos, payload, true, self->acseContextId)"
encodeUserData,definition,int,static,"uint8_t* buffer, int bufPos, BufferChain payload, bool encode, uint8_t contextId",mms/iso_presentation/iso_presentation.c,36,"static int encodeUserData(uint8_t* buffer, int bufPos, BufferChain payload, bool encode, uint8_t contextId)"
encodeVariableAccessSpecification,definition,int,static,"VarAccessSpec* accessSpec, uint8_t* buffer, int bufPos, bool encode",mms/iso_mms/server/mms_read_service.c,347,"static int encodeVariableAccessSpecification(VarAccessSpec* accessSpec, uint8_t* buffer, int bufPos, bool encode)"
entryCallback,definition,bool,static,"void* parameter, uint64_t timestamp, uint64_t entryID, bool moreFollow",mms/iso_mms/server/mms_journal_service.c,32,"static bool entryCallback(void* parameter, uint64_t timestamp, uint64_t entryID, bool moreFollow)"
entryDataCallback,definition,bool,static,"void* parameter, const char* dataRef, uint8_t* data, int dataSize, uint8_t reasonCode, bool moreFollow",mms/iso_mms/server/mms_journal_service.c,55,"static bool entryDataCallback (void* parameter, const char* dataRef, uint8_t* data, int dataSize, uint8_t reasonCode, bool moreFollow)"
fileOpenHandler,definition,void,static,"uint32_t invokeId, void* parameter, MmsError mmsError, int32_t frsmId, uint32_t fileSize, uint64_t lastModified",mms/iso_mms/client/mms_client_connection.c,3777,"static void fileOpenHandler(uint32_t invokeId, void* parameter, MmsError mmsError, int32_t frsmId, uint32_t fileSize, uint64_t lastModified)"
fileOperationHandler,definition,void,static,"uint32_t invokeId, void* parameter, MmsError mmsError, bool success",mms/iso_mms/client/mms_client_connection.c,3890,"static void fileOperationHandler(uint32_t invokeId, void* parameter, MmsError mmsError, bool success)"
fileReadHandler,definition,void,static,"uint32_t invokeId, void* parameter, MmsError mmsError, int frsmId, uint8_t* buffer, uint32_t byteReceived, bool moreFollows",mms/iso_mms/client/mms_client_connection.c,4068,"static void fileReadHandler(uint32_t invokeId, void* parameter, MmsError mmsError, int frsmId, uint8_t* buffer, uint32_t byteReceived, bool moreFollows)"
finalizeIsoConnection,declaration,(unknown),,self,mms/iso_server/iso_connection.c,461,finalizeIsoConnection(self)
finalizeIsoConnection,declaration,(unknown),,self,mms/iso_server/iso_connection.c,696,finalizeIsoConnection(self)
finalizeIsoConnection,definition,void,static,IsoConnection self,mms/iso_server/iso_connection.c,72,static void finalizeIsoConnection(IsoConnection self)
flushBuffer,definition,bool,static,CotpConnection* self,mms/iso_cotp/cotp.c,152,static bool flushBuffer(CotpConnection* self)
freeNamedVariables,declaration,(unknown),,"self->namedVariables, self->namedVariablesCount",mms/iso_mms/server/mms_domain.c,35,"freeNamedVariables(self->namedVariables, self->namedVariablesCount)"
freeTypeSpecRecursive,declaration,(unknown),,typeSpec->choice.structure.components.list.array[i]->componentType,mms/iso_mms/server/mms_get_var_access_service.c,133,freeTypeSpecRecursive(typeSpec->choice.structure.components.list.array[i]->componentType)
freeTypeSpecRecursive,declaration,(unknown),,typeSpec->choice.array.elementType,mms/iso_mms/server/mms_get_var_access_service.c,142,freeTypeSpecRecursive(typeSpec->choice.array.elementType)
freeTypeSpecRecursive,declaration,(unknown),,typeSpec,mms/iso_mms/server/mms_get_var_access_service.c,160,freeTypeSpecRecursive(typeSpec)
freeTypeSpecRecursive,declaration,(unknown),,getVarAccessAttr->typeSpecification.choice.array.elementType,mms/iso_mms/server/mms_get_var_access_service.c,175,freeTypeSpecRecursive(getVarAccessAttr->typeSpecification.choice.array.elementType)
freeTypeSpecRecursive,definition,void,static,TypeSpecification_t* typeSpec,mms/iso_mms/server/mms_get_var_access_service.c,121,static void freeTypeSpecRecursive(TypeSpecification_t* typeSpec)
getAccessAttrHandler,definition,void,static,"uint32_t invokeId, void* parameter, MmsError mmsError, MmsVariableSpecification* typeSpec",mms/iso_mms/client/mms_client_connection.c,3280,"static void getAccessAttrHandler(uint32_t invokeId, void* parameter, MmsError mmsError, MmsVariableSpecification* typeSpec)"
getBitStringByteSize,declaration,int byteSize =,,self,mms/iso_mms/common/mms_value.c,371,int byteSize = getBitStringByteSize(self)
getBitStringByteSize,declaration,int byteSize =,,self,mms/iso_mms/common/mms_value.c,382,int byteSize = getBitStringByteSize(self)
getBitStringByteSize,declaration,int byteSize =,,self,mms/iso_mms/common/mms_value.c,412,int byteSize = getBitStringByteSize(self)
getBitStringByteSize,definition,int,static,const MmsValue* self,mms/iso_mms/common/mms_value.c,354,static int getBitStringByteSize(const MmsValue* self)
getChildSubString,declaration,char* childId =,const,"itemId, parentId",mms/iso_mms/server/mms_value_cache.c,93,"const char* childId = getChildSubString(itemId, parentId)"
getChildSubString,declaration,char* childId =,const,"itemId, parentId",mms/iso_mms/server/mms_value_cache.c,155,"const char* childId = getChildSubString(itemId, parentId)"
getChildSubString,definition,char*,static const,"const char* itemId, char* parentId",mms/iso_mms/server/mms_value_cache.c,69,"static const char* getChildSubString (const char* itemId, char* parentId)"
getComponent,declaration,retValue =,,"connection, domain, alternateAccess->list.array[0]->choice.unnamed->choice.selectAlternateAccess.alternateAccess, namedVariable->typeSpec.structure.elements[i], variableName",mms/iso_mms/server/mms_read_service.c,152,"retValue = getComponent(connection, domain, alternateAccess->list.array[0]->choice.unnamed->choice.selectAlternateAccess.alternateAccess, namedVariable->typeSpec.structure.elements[i], variableName)"
getComponent,declaration,MmsValue* value =,,"connection, domain, alternateAccess, namedVariable, variableName",mms/iso_mms/server/mms_read_service.c,271,"MmsValue* value = getComponent(connection, domain, alternateAccess, namedVariable, variableName)"
getComponent,declaration,retValue =,,"connection, domain, alternateAccess->list.array[0]->choice.unnamed->choice.selectAlternateAccess.alternateAccess, namedVariable->typeSpec.structure.elements[i], variableName",mms/iso_mms/server/mms_write_service.c,544,"retValue = getComponent(connection, domain, alternateAccess->list.array[0]->choice.unnamed->choice.selectAlternateAccess.alternateAccess, namedVariable->typeSpec.structure.elements[i], variableName)"
getComponent,declaration,variable =,,"connection, domain, alternateAccess, variable, nameIdStr",mms/iso_mms/server/mms_write_service.c,815,"variable = getComponent(connection, domain, alternateAccess, variable, nameIdStr)"
getComponent,definition,MmsValue*,static,"MmsServerConnection connection, MmsDomain* domain, AlternateAccess_t* alternateAccess, MmsVariableSpecification* namedVariable, char* variableName",mms/iso_mms/server/mms_read_service.c,117,"static MmsValue* getComponent(MmsServerConnection connection, MmsDomain* domain, AlternateAccess_t* alternateAccess, MmsVariableSpecification* namedVariable, char* variableName)"
getComponent,definition,MmsVariableSpecification*,static,"MmsServerConnection connection, MmsDomain* domain, AlternateAccess_t* alternateAccess, MmsVariableSpecification* namedVariable, char* variableName",mms/iso_mms/server/mms_write_service.c,508,"static MmsVariableSpecification* getComponent(MmsServerConnection connection, MmsDomain* domain, AlternateAccess_t* alternateAccess, MmsVariableSpecification* namedVariable, char* variableName)"
getConnectionState,definition,MmsConnectionState,static,MmsConnection self,mms/iso_mms/client/mms_client_connection.c,29,static MmsConnectionState getConnectionState(MmsConnection self)
getDomainNames,declaration,LinkedList nameList =,,connection,mms/iso_mms/server/mms_get_namelist_service.c,689,LinkedList nameList = getDomainNames(connection)
getFileDirHandler,definition,void,static,"uint32_t invokeId, void* parameter, MmsError mmsError, char* filename, uint32_t size, uint64_t lastModified, bool moreFollows",mms/iso_mms/client/mms_client_connection.c,4178,"static void getFileDirHandler(uint32_t invokeId, void* parameter, MmsError mmsError, char* filename, uint32_t size, uint64_t lastModified, bool moreFollows)"
getFileInfo,declaration,(unknown),,"basepath, filename, &(frsm->fileSize), &msTime",mms/iso_mms/server/mms_file_service.c,180,"getFileInfo(basepath, filename, &(frsm->fileSize), &msTime)"
getFileInfo,definition,bool,static,"const char* basepath, char* filename, uint32_t* fileSize, uint64_t* lastModificationTimestamp",mms/iso_mms/server/mms_file_service.c,101,"static bool getFileInfo(const char* basepath, char* filename, uint32_t* fileSize, uint64_t* lastModificationTimestamp)"
getFreeFrsm,declaration,MmsFileReadStateMachine* frsm =,,connection,mms/iso_mms/client/mms_client_files.c,114,MmsFileReadStateMachine* frsm = getFreeFrsm(connection)
getFreeFrsm,declaration,MmsFileReadStateMachine* frsm =,,connection,mms/iso_mms/server/mms_file_service.c,353,MmsFileReadStateMachine* frsm = getFreeFrsm(connection)
getFreeFrsm,definition,MmsFileReadStateMachine*,static,MmsServerConnection connection,mms/iso_mms/server/mms_file_service.c,34,static MmsFileReadStateMachine* getFreeFrsm(MmsServerConnection connection)
getFrsm,declaration,MmsFileReadStateMachine* frsm =,,"connection, frsmId",mms/iso_mms/client/mms_client_files.c,172,"MmsFileReadStateMachine* frsm = getFrsm(connection, frsmId)"
getFrsm,declaration,MmsFileReadStateMachine* frsm =,,"connection, frsmId",mms/iso_mms/client/mms_client_files.c,193,"MmsFileReadStateMachine* frsm = getFrsm(connection, frsmId)"
getFrsm,declaration,MmsFileReadStateMachine* frsm =,,"connection, frsmId",mms/iso_mms/server/mms_file_service.c,870,"MmsFileReadStateMachine* frsm = getFrsm(connection, frsmId)"
getFrsm,declaration,MmsFileReadStateMachine* frsm =,,"connection, frsmId",mms/iso_mms/server/mms_file_service.c,893,"MmsFileReadStateMachine* frsm = getFrsm(connection, frsmId)"
getFrsm,definition,MmsFileReadStateMachine*,static,"MmsConnection connection, int32_t frsmId",mms/iso_mms/client/mms_client_files.c,32,"static MmsFileReadStateMachine* getFrsm(MmsConnection connection, int32_t frsmId)"
getFrsm,definition,MmsFileReadStateMachine*,static,"MmsServerConnection connection, int32_t frsmId",mms/iso_mms/server/mms_file_service.c,51,"static MmsFileReadStateMachine* getFrsm(MmsServerConnection connection, int32_t frsmId)"
getIndefiniteLength,declaration,*length =,,"buffer, bufPos, maxBufPos, depth, maxDepth",mms/asn1/ber_decode.c,65,"*length = getIndefiniteLength(buffer, bufPos, maxBufPos, depth, maxDepth)"
getIndefiniteLength,definition,int,static,"uint8_t* buffer, int bufPos, int maxBufPos, int depth, int maxDepth",mms/asn1/ber_decode.c,7,"static int getIndefiniteLength(uint8_t* buffer, int bufPos, int maxBufPos, int depth, int maxDepth)"
getIntState,declaration,eIsoClientInternalState currentState =,,self,mms/iso_client/iso_client_connection.c,306,eIsoClientInternalState currentState = getIntState(self)
getIntState,declaration,eIsoClientInternalState intState =,,self,mms/iso_client/iso_client_connection.c,750,eIsoClientInternalState intState = getIntState(self)
getIntState,definition,eIsoClientInternalState,static,IsoClientConnection self,mms/iso_client/iso_client_connection.c,113,static eIsoClientInternalState getIntState(IsoClientConnection self)
getJournalListDomainSpecific,declaration,LinkedList nameList =,,"connection, domainSpecificName",mms/iso_mms/server/mms_get_namelist_service.c,634,"LinkedList nameList = getJournalListDomainSpecific(connection, domainSpecificName)"
getMaxStructSize,declaration,case MMS_STRUCTURE: size =,,self,mms/iso_mms/server/mms_access_result.c,440,case MMS_STRUCTURE: size = getMaxStructSize(self)
getMaxStructSize,definition,int,static,MmsVariableSpecification* variable,mms/iso_mms/server/mms_access_result.c,412,static int getMaxStructSize(MmsVariableSpecification* variable)
getNameListDomainSpecific,declaration,LinkedList nameList =,,"connection, domainSpecificName",mms/iso_mms/server/mms_get_namelist_service.c,621,"LinkedList nameList = getNameListDomainSpecific(connection, domainSpecificName)"
getNameListDomainSpecific,definition,LinkedList,static,"MmsServerConnection connection, char* domainName",mms/iso_mms/server/mms_get_namelist_service.c,220,"static LinkedList getNameListDomainSpecific(MmsServerConnection connection, char* domainName)"
getNameListHandler,definition,void,static,"uint32_t invokeId, void* parameter, MmsError mmsError, LinkedList nameList, bool moreFollows",mms/iso_mms/client/mms_client_connection.c,2156,"static void getNameListHandler(uint32_t invokeId, void* parameter, MmsError mmsError, LinkedList nameList, bool moreFollows)"
getNameListVMDSpecific,declaration,LinkedList nameList =,,connection,mms/iso_mms/server/mms_get_namelist_service.c,717,LinkedList nameList = getNameListVMDSpecific(connection)
getNamedVariableListAssociationSpecific,declaration,LinkedList nameList =,,connection,mms/iso_mms/server/mms_get_namelist_service.c,792,LinkedList nameList = getNamedVariableListAssociationSpecific(connection)
getNamedVariableListsDomainSpecific,declaration,LinkedList nameList =,,"connection, domainSpecificName",mms/iso_mms/server/mms_get_namelist_service.c,651,"LinkedList nameList = getNamedVariableListsDomainSpecific(connection, domainSpecificName)"
getNamedVariableListsDomainSpecific,definition,LinkedList,static,"MmsServerConnection connection, char* domainName",mms/iso_mms/server/mms_get_namelist_service.c,318,"static LinkedList getNamedVariableListsDomainSpecific(MmsServerConnection connection, char* domainName)"
getNamedVariableListsVMDSpecific,declaration,LinkedList nameList =,,connection,mms/iso_mms/server/mms_get_namelist_service.c,746,LinkedList nameList = getNamedVariableListsVMDSpecific(connection)
getNamedVariableListsVMDSpecific,definition,LinkedList,static,MmsServerConnection connection,mms/iso_mms/server/mms_get_namelist_service.c,347,static LinkedList getNamedVariableListsVMDSpecific(MmsServerConnection connection)
getNextFrsmId,declaration,frsm->frsmId =,,connection,mms/iso_mms/client/mms_client_files.c,134,frsm->frsmId = getNextFrsmId(connection)
getNextFrsmId,declaration,frsm->frsmId =,,connection,mms/iso_mms/server/mms_file_service.c,362,frsm->frsmId = getNextFrsmId(connection)
getNextFrsmId,definition,int32_t,static,MmsConnection connection,mms/iso_mms/client/mms_client_files.c,51,static int32_t getNextFrsmId(MmsConnection connection)
getNextFrsmId,definition,int32_t,static,MmsServerConnection connection,mms/iso_mms/server/mms_file_service.c,70,static int32_t getNextFrsmId(MmsServerConnection connection)
getNextInvokeId,declaration,uint32_t invokeId =,,self,mms/iso_mms/client/mms_client_connection.c,2118,uint32_t invokeId = getNextInvokeId(self)
getNextInvokeId,declaration,uint32_t invokeId =,,self,mms/iso_mms/client/mms_client_connection.c,2367,uint32_t invokeId = getNextInvokeId(self)
getNextInvokeId,declaration,uint32_t invokeId =,,self,mms/iso_mms/client/mms_client_connection.c,2434,uint32_t invokeId = getNextInvokeId(self)
getNextInvokeId,declaration,uint32_t invokeId =,,self,mms/iso_mms/client/mms_client_connection.c,2535,uint32_t invokeId = getNextInvokeId(self)
getNextInvokeId,declaration,uint32_t invokeId =,,self,mms/iso_mms/client/mms_client_connection.c,2605,uint32_t invokeId = getNextInvokeId(self)
getNextInvokeId,declaration,uint32_t invokeId =,,self,mms/iso_mms/client/mms_client_connection.c,2673,uint32_t invokeId = getNextInvokeId(self)
getNextInvokeId,declaration,uint32_t invokeId =,,self,mms/iso_mms/client/mms_client_connection.c,2747,uint32_t invokeId = getNextInvokeId(self)
getNextInvokeId,declaration,uint32_t invokeId =,,self,mms/iso_mms/client/mms_client_connection.c,2817,uint32_t invokeId = getNextInvokeId(self)
getNextInvokeId,declaration,uint32_t invokeId =,,self,mms/iso_mms/client/mms_client_connection.c,2911,uint32_t invokeId = getNextInvokeId(self)
getNextInvokeId,declaration,uint32_t invokeId =,,self,mms/iso_mms/client/mms_client_connection.c,2982,uint32_t invokeId = getNextInvokeId(self)
getNextInvokeId,declaration,uint32_t invokeId =,,self,mms/iso_mms/client/mms_client_connection.c,3065,uint32_t invokeId = getNextInvokeId(self)
getNextInvokeId,declaration,uint32_t invokeId =,,self,mms/iso_mms/client/mms_client_connection.c,3126,uint32_t invokeId = getNextInvokeId(self)
getNextInvokeId,declaration,uint32_t invokeId =,,self,mms/iso_mms/client/mms_client_connection.c,3190,uint32_t invokeId = getNextInvokeId(self)
getNextInvokeId,declaration,uint32_t invokeId =,,self,mms/iso_mms/client/mms_client_connection.c,3253,uint32_t invokeId = getNextInvokeId(self)
getNextInvokeId,declaration,uint32_t invokeId =,,self,mms/iso_mms/client/mms_client_connection.c,3339,uint32_t invokeId = getNextInvokeId(self)
getNextInvokeId,declaration,uint32_t invokeId =,,self,mms/iso_mms/client/mms_client_connection.c,3429,uint32_t invokeId = getNextInvokeId(self)
getNextInvokeId,declaration,uint32_t invokeId =,,self,mms/iso_mms/client/mms_client_connection.c,3520,uint32_t invokeId = getNextInvokeId(self)
getNextInvokeId,declaration,uint32_t invokeId =,,self,mms/iso_mms/client/mms_client_connection.c,3674,uint32_t invokeId = getNextInvokeId(self)
getNextInvokeId,declaration,uint32_t invokeId =,,self,mms/iso_mms/client/mms_client_connection.c,3749,uint32_t invokeId = getNextInvokeId(self)
getNextInvokeId,declaration,uint32_t invokeId =,,self,mms/iso_mms/client/mms_client_connection.c,3857,uint32_t invokeId = getNextInvokeId(self)
getNextInvokeId,declaration,uint32_t invokeId =,,self,mms/iso_mms/client/mms_client_connection.c,3955,uint32_t invokeId = getNextInvokeId(self)
getNextInvokeId,declaration,uint32_t invokeId =,,self,mms/iso_mms/client/mms_client_connection.c,4033,uint32_t invokeId = getNextInvokeId(self)
getNextInvokeId,declaration,uint32_t invokeId =,,self,mms/iso_mms/client/mms_client_connection.c,4143,uint32_t invokeId = getNextInvokeId(self)
getNextInvokeId,declaration,uint32_t invokeId =,,self,mms/iso_mms/client/mms_client_connection.c,4257,uint32_t invokeId = getNextInvokeId(self)
getNextInvokeId,declaration,uint32_t invokeId =,,self,mms/iso_mms/client/mms_client_connection.c,4334,uint32_t invokeId = getNextInvokeId(self)
getNextInvokeId,declaration,uint32_t invokeId =,,self,mms/iso_mms/client/mms_client_connection.c,4419,uint32_t invokeId = getNextInvokeId(self)
getNextInvokeId,declaration,uint32_t invokeId =,,self,mms/iso_mms/client/mms_client_connection.c,4509,uint32_t invokeId = getNextInvokeId(self)
getNextInvokeId,declaration,uint32_t invokeId =,,self,mms/iso_mms/client/mms_client_connection.c,4575,uint32_t invokeId = getNextInvokeId(self)
getNextInvokeId,declaration,uint32_t invokeId =,,self,mms/iso_mms/client/mms_client_connection.c,4641,uint32_t invokeId = getNextInvokeId(self)
getNextInvokeId,declaration,uint32_t invokeId =,,self,mms/iso_mms/client/mms_client_connection.c,4735,uint32_t invokeId = getNextInvokeId(self)
getNextInvokeId,declaration,uint32_t invokeId =,,self,mms/iso_mms/client/mms_client_connection.c,4807,uint32_t invokeId = getNextInvokeId(self)
getNextInvokeId,declaration,uint32_t invokeId =,,self,mms/iso_mms/client/mms_client_connection.c,4880,uint32_t invokeId = getNextInvokeId(self)
getNextInvokeId,definition,uint32_t,static,MmsConnection self,mms/iso_mms/client/mms_client_connection.c,222,static uint32_t getNextInvokeId(MmsConnection self)
getNumberOfElements,declaration,int elementCount =,,"buffer, bufPos, dataLength",mms/iso_mms/server/mms_access_result.c,166,"int elementCount = getNumberOfElements(buffer, bufPos, dataLength)"
getNumberOfElements,definition,int,static,"uint8_t* buffer, int bufPos, int elementLength",mms/iso_mms/server/mms_access_result.c,71,"static int getNumberOfElements(uint8_t* buffer, int bufPos, int elementLength)"
getOptionsLength,declaration,int cotpRequestSize =,,self,mms/iso_cotp/cotp.c,372,int cotpRequestSize = getOptionsLength(self) + 6
getOptionsLength,declaration,int optionsLength =,,self,mms/iso_cotp/cotp.c,415,int optionsLength = getOptionsLength(self)
getOptionsLength,definition,int,static,CotpConnection* self,mms/iso_cotp/cotp.c,76,static int getOptionsLength(CotpConnection* self)
getParentSubString,declaration,char* parentItemId =,,parentId,mms/iso_mms/server/mms_value_cache.c,86,char* parentItemId = getParentSubString(parentId)
getParentSubString,declaration,char* parentItemId =,,itemIdCopy,mms/iso_mms/server/mms_value_cache.c,126,char* parentItemId = getParentSubString(itemIdCopy)
getParentSubString,declaration,char* parentItemId =,,parentId,mms/iso_mms/server/mms_value_cache.c,146,char* parentItemId = getParentSubString(parentId)
getParentSubString,declaration,char* parentItemId =,,itemIdCopy,mms/iso_mms/server/mms_value_cache.c,232,char* parentItemId = getParentSubString(itemIdCopy)
getParentSubString,definition,char*,static,char* itemId,mms/iso_mms/server/mms_value_cache.c,50,static char* getParentSubString(char* itemId)
getServerStatusHandler,definition,void,static,"uint32_t invokeId, void* parameter, MmsError mmsError, int vmdLogicalStatus, int vmdPhysicalStatus",mms/iso_mms/client/mms_client_connection.c,3456,"static void getServerStatusHandler(uint32_t invokeId, void* parameter, MmsError mmsError, int vmdLogicalStatus, int vmdPhysicalStatus)"
getState,declaration,int state =,,self,mms/iso_client/iso_client_connection.c,772,int state = getState(self)
getState,declaration,return,,self,mms/iso_server/iso_server.c,644,return getState(self)
getState,definition,int,static,IsoClientConnection self,mms/iso_client/iso_client_connection.c,95,static int getState(IsoClientConnection self)
getState,definition,IsoServerState,static,IsoServer self,mms/iso_server/iso_server.c,84,static IsoServerState getState(IsoServer self)
getUint16,declaration,self->remoteRef =,,buffer + 2,mms/iso_cotp/cotp.c,607,self->remoteRef = getUint16(buffer + 2)
getUint16,declaration,self->remoteRef =,,buffer,mms/iso_cotp/cotp.c,619,self->remoteRef = getUint16(buffer)
getUint16,definition,uint16_t,static,uint8_t* buffer,mms/iso_cotp/cotp.c,24,static uint16_t getUint16(uint8_t* buffer)
getUint8,declaration,self->protocolClass =,,buffer + 4,mms/iso_cotp/cotp.c,609,self->protocolClass = getUint8(buffer + 4)
getUint8,declaration,self->protocolClass =,,buffer + 4,mms/iso_cotp/cotp.c,621,self->protocolClass = getUint8(buffer + 4)
getUint8,declaration,uint8_t flowControl =,,buffer,mms/iso_cotp/cotp.c,631,uint8_t flowControl = getUint8(buffer)
getUint8,definition,uint8_t,static,uint8_t* buffer,mms/iso_cotp/cotp.c,30,static uint8_t getUint8(uint8_t* buffer)
getUploadTaskByInvokeId,declaration,MmsObtainFileTask fileTask =,,"self->server, invokeId",mms/iso_mms/server/mms_server_connection.c,530,"MmsObtainFileTask fileTask = getUploadTaskByInvokeId(self->server, invokeId)"
getUploadTaskByInvokeId,declaration,MmsObtainFileTask fileTask =,,"self->server, invokeId",mms/iso_mms/server/mms_server_connection.c,562,"MmsObtainFileTask fileTask = getUploadTaskByInvokeId(self->server, invokeId)"
getUploadTaskByInvokeId,declaration,MmsObtainFileTask fileTask =,,"self->server, invokeId",mms/iso_mms/server/mms_server_connection.c,610,"MmsObtainFileTask fileTask = getUploadTaskByInvokeId(self->server, invokeId)"
getUploadTaskByInvokeId,definition,MmsObtainFileTask,static,"MmsServer mmsServer, uint32_t invokeId",mms/iso_mms/server/mms_server_connection.c,442,"static MmsObtainFileTask getUploadTaskByInvokeId(MmsServer mmsServer, uint32_t invokeId)"
handleAsyncResponse,declaration,(unknown),,"self, NULL, 0, call, err",mms/iso_mms/client/mms_client_connection.c,1282,"handleAsyncResponse(self, NULL, 0, call, err)"
handleAsyncResponse,declaration,(unknown),,"self, NULL, 0, call, err",mms/iso_mms/client/mms_client_connection.c,1335,"handleAsyncResponse(self, NULL, 0, call, err)"
handleAsyncResponse,declaration,(unknown),,"self, payload, bufPos, call, MMS_ERROR_NONE",mms/iso_mms/client/mms_client_connection.c,1388,"handleAsyncResponse(self, payload, bufPos, call, MMS_ERROR_NONE)"
handleAsyncResponse,definition,void,static,"MmsConnection self, ByteBuffer* response, uint32_t bufPos, MmsOutstandingCall outstandingCall, MmsError err",mms/iso_mms/client/mms_client_connection.c,691,"static void handleAsyncResponse(MmsConnection self, ByteBuffer* response, uint32_t bufPos, MmsOutstandingCall outstandingCall, MmsError err)"
handleClientConnections,definition,void,static,IsoServer self,mms/iso_server/iso_server.c,375,static void handleClientConnections(IsoServer self)
handleConfirmedErrorPdu,declaration,case 0xa2:,,"self, buffer, 0, bufPos + pduLength, response",mms/iso_mms/server/mms_server_connection.c,700,"case 0xa2: handleConfirmedErrorPdu(self, buffer, 0, bufPos + pduLength, response)"
handleConfirmedRequestPdu,declaration,case 0xa0:,,"self, buffer, bufPos, bufPos + pduLength, response",mms/iso_mms/server/mms_server_connection.c,691,"case 0xa0: handleConfirmedRequestPdu(self, buffer, bufPos, bufPos + pduLength, response)"
handleConfirmedRequestPdu,definition,void,static,"MmsServerConnection self, uint8_t* buffer, int bufPos, int maxBufPos, ByteBuffer* response",mms/iso_mms/server/mms_server_connection.c,106,"static void handleConfirmedRequestPdu( MmsServerConnection self, uint8_t* buffer, int bufPos, int maxBufPos, ByteBuffer* response)"
handleConfirmedResponsePdu,definition,void,static,"MmsServerConnection self, uint8_t* buffer, int bufPos, int maxBufPos, ByteBuffer* response",mms/iso_mms/server/mms_server_connection.c,486,"static void handleConfirmedResponsePdu( MmsServerConnection self, uint8_t* buffer, int bufPos, int maxBufPos, ByteBuffer* response)"
handleIsoConnections,declaration,(unknown),,"self, false",mms/iso_server/iso_server.c,563,"handleIsoConnections(self, false)"
handleIsoConnections,definition,void,static,"IsoServer self, bool isSingleThread",mms/iso_server/iso_server.c,474,"static void handleIsoConnections(IsoServer self, bool isSingleThread)"
handleReadListOfVariablesRequest,declaration,(unknown),,"connection, request, invokeId, response",mms/iso_mms/server/mms_read_service.c,915,"handleReadListOfVariablesRequest(connection, request, invokeId, response)"
handleReadListOfVariablesRequest,definition,void,static,"MmsServerConnection connection, ReadRequest_t* read, uint32_t invokeId, ByteBuffer* response",mms/iso_mms/server/mms_read_service.c,510,"static void handleReadListOfVariablesRequest( MmsServerConnection connection, ReadRequest_t* read, uint32_t invokeId, ByteBuffer* response)"
handleReadNamedVariableListRequest,declaration,(unknown),,"connection, request, invokeId, response",mms/iso_mms/server/mms_read_service.c,924,"handleReadNamedVariableListRequest(connection, request, invokeId, response)"
handleReadNamedVariableListRequest,definition,void,static,"MmsServerConnection connection, ReadRequest_t* read, int invokeId, ByteBuffer* response",mms/iso_mms/server/mms_read_service.c,737,"static void handleReadNamedVariableListRequest( MmsServerConnection connection, ReadRequest_t* read, int invokeId, ByteBuffer* response)"
handleUnconfirmedMmsPdu,declaration,(unknown),,"self, payload",mms/iso_mms/client/mms_client_connection.c,1214,"handleUnconfirmedMmsPdu(self, payload)"
handleUnconfirmedMmsPdu,definition,void,static,"MmsConnection self, ByteBuffer* message",mms/iso_mms/client/mms_client_connection.c,41,"static void handleUnconfirmedMmsPdu(MmsConnection self, ByteBuffer* message)"
handleWriteNamedVariableListRequest,declaration,(unknown),,"connection, writeRequest, invokeId, response",mms/iso_mms/server/mms_write_service.c,601,"handleWriteNamedVariableListRequest(connection, writeRequest, invokeId, response)"
handleWriteNamedVariableListRequest,definition,void,static,"MmsServerConnection connection, WriteRequest_t* writeRequest, uint32_t invokeId, ByteBuffer* response",mms/iso_mms/server/mms_write_service.c,386,"static void handleWriteNamedVariableListRequest( MmsServerConnection connection, WriteRequest_t* writeRequest, uint32_t invokeId, ByteBuffer* response)"
handler,declaration,(unknown),,"self->rawMmsMessageHandlerParameter, message->buffer, message->size, false",mms/iso_mms/client/mms_client_connection.c,353,"handler(self->rawMmsMessageHandlerParameter, message->buffer, message->size, false)"
handler,declaration,(unknown),,"outstandingCall->invokeId, outstandingCall->userParameter, err, NULL",mms/iso_mms/client/mms_client_connection.c,702,"handler(outstandingCall->invokeId, outstandingCall->userParameter, err, NULL)"
handler,declaration,(unknown),,"outstandingCall->invokeId, outstandingCall->userParameter, err, value",mms/iso_mms/client/mms_client_connection.c,712,"handler(outstandingCall->invokeId, outstandingCall->userParameter, err, value)"
handler,declaration,(unknown),,"outstandingCall->invokeId, outstandingCall->userParameter, err, NULL",mms/iso_mms/client/mms_client_connection.c,725,"handler(outstandingCall->invokeId, outstandingCall->userParameter, err, NULL)"
handler,declaration,(unknown),,"outstandingCall->invokeId, outstandingCall->userParameter, err, value",mms/iso_mms/client/mms_client_connection.c,735,"handler(outstandingCall->invokeId, outstandingCall->userParameter, err, value)"
handler,declaration,(unknown),,"outstandingCall->invokeId, outstandingCall->userParameter, err, DATA_ACCESS_ERROR_NO_RESPONSE",mms/iso_mms/client/mms_client_connection.c,747,"handler(outstandingCall->invokeId, outstandingCall->userParameter, err, DATA_ACCESS_ERROR_NO_RESPONSE)"
handler,declaration,(unknown),,"outstandingCall->invokeId, outstandingCall->userParameter, err, daError",mms/iso_mms/client/mms_client_connection.c,754,"handler(outstandingCall->invokeId, outstandingCall->userParameter, err, daError)"
handler,declaration,(unknown),,"outstandingCall->invokeId, outstandingCall->userParameter, err, NULL",mms/iso_mms/client/mms_client_connection.c,767,"handler(outstandingCall->invokeId, outstandingCall->userParameter, err, NULL)"
handler,declaration,(unknown),,"outstandingCall->invokeId, outstandingCall->userParameter, err, accessResults",mms/iso_mms/client/mms_client_connection.c,776,"handler(outstandingCall->invokeId, outstandingCall->userParameter, err, accessResults)"
handler,declaration,(unknown),,"outstandingCall->invokeId, outstandingCall->userParameter, err, NULL, false",mms/iso_mms/client/mms_client_connection.c,788,"handler(outstandingCall->invokeId, outstandingCall->userParameter, err, NULL, false)"
handler,declaration,(unknown),,"outstandingCall->invokeId, outstandingCall->userParameter, err, accessSpec, deletable",mms/iso_mms/client/mms_client_connection.c,800,"handler(outstandingCall->invokeId, outstandingCall->userParameter, err, accessSpec, deletable)"
handler,declaration,(unknown),,"outstandingCall->invokeId, outstandingCall->userParameter, err, false",mms/iso_mms/client/mms_client_connection.c,812,"handler(outstandingCall->invokeId, outstandingCall->userParameter, err, false)"
handler,declaration,(unknown),,"outstandingCall->invokeId, outstandingCall->userParameter, err, success",mms/iso_mms/client/mms_client_connection.c,822,"handler(outstandingCall->invokeId, outstandingCall->userParameter, err, success)"
handler,declaration,(unknown),,"outstandingCall->invokeId, outstandingCall->userParameter, err, false",mms/iso_mms/client/mms_client_connection.c,833,"handler(outstandingCall->invokeId, outstandingCall->userParameter, err, false)"
handler,declaration,(unknown),,"outstandingCall->invokeId, outstandingCall->userParameter, err, success",mms/iso_mms/client/mms_client_connection.c,854,"handler(outstandingCall->invokeId, outstandingCall->userParameter, err, success)"
handler,declaration,(unknown),,"outstandingCall->invokeId, outstandingCall->userParameter, err, NULL",mms/iso_mms/client/mms_client_connection.c,865,"handler(outstandingCall->invokeId, outstandingCall->userParameter, err, NULL)"
handler,declaration,(unknown),,"outstandingCall->invokeId, outstandingCall->userParameter, err, typeSpec",mms/iso_mms/client/mms_client_connection.c,873,"handler(outstandingCall->invokeId, outstandingCall->userParameter, err, typeSpec)"
handler,declaration,(unknown),,"outstandingCall->invokeId, outstandingCall->userParameter, err, 0, 0",mms/iso_mms/client/mms_client_connection.c,884,"handler(outstandingCall->invokeId, outstandingCall->userParameter, err, 0, 0)"
handler,declaration,(unknown),,"outstandingCall->invokeId, outstandingCall->userParameter, err, vmdLogicalStatus, vmdPhysicalStatus",mms/iso_mms/client/mms_client_connection.c,893,"handler(outstandingCall->invokeId, outstandingCall->userParameter, err, vmdLogicalStatus, vmdPhysicalStatus)"
handler,declaration,(unknown),,"outstandingCall->invokeId, outstandingCall->userParameter, err, NULL, NULL, NULL",mms/iso_mms/client/mms_client_connection.c,904,"handler(outstandingCall->invokeId, outstandingCall->userParameter, err, NULL, NULL, NULL)"
handler,declaration,(unknown),,"outstandingCall->invokeId, outstandingCall->userParameter, MMS_ERROR_PARSING_RESPONSE, NULL, NULL, NULL",mms/iso_mms/client/mms_client_connection.c,911,"handler(outstandingCall->invokeId, outstandingCall->userParameter, MMS_ERROR_PARSING_RESPONSE, NULL, NULL, NULL)"
handler,declaration,(unknown),,"outstandingCall->invokeId, outstandingCall->userParameter, err, NULL, false",mms/iso_mms/client/mms_client_connection.c,924,"handler(outstandingCall->invokeId, outstandingCall->userParameter, err, NULL, false)"
handler,declaration,(unknown),,"outstandingCall->invokeId, outstandingCall->userParameter, MMS_ERROR_PARSING_RESPONSE, NULL, false",mms/iso_mms/client/mms_client_connection.c,932,"handler(outstandingCall->invokeId, outstandingCall->userParameter, MMS_ERROR_PARSING_RESPONSE, NULL, false)"
handler,declaration,(unknown),,"outstandingCall->invokeId, outstandingCall->userParameter, err, entries, moreFollows",mms/iso_mms/client/mms_client_connection.c,935,"handler(outstandingCall->invokeId, outstandingCall->userParameter, err, entries, moreFollows)"
handler,declaration,(unknown),,"outstandingCall->invokeId, outstandingCall->userParameter, err, NULL, false",mms/iso_mms/client/mms_client_connection.c,946,"handler(outstandingCall->invokeId, outstandingCall->userParameter, err, NULL, false)"
handler,declaration,(unknown),,"outstandingCall->invokeId, outstandingCall->userParameter, MMS_ERROR_PARSING_RESPONSE, NULL, false",mms/iso_mms/client/mms_client_connection.c,955,"handler(outstandingCall->invokeId, outstandingCall->userParameter, MMS_ERROR_PARSING_RESPONSE, NULL, false)"
handler,declaration,(unknown),,"outstandingCall->invokeId, outstandingCall->userParameter, err, nameList, moreFollows",mms/iso_mms/client/mms_client_connection.c,958,"handler(outstandingCall->invokeId, outstandingCall->userParameter, err, nameList, moreFollows)"
handler,declaration,(unknown),,"outstandingCall->invokeId, outstandingCall->userParameter, err, 0, 0, 0",mms/iso_mms/client/mms_client_connection.c,969,"handler(outstandingCall->invokeId, outstandingCall->userParameter, err, 0, 0, 0)"
handler,declaration,(unknown),,"outstandingCall->invokeId, outstandingCall->userParameter, MMS_ERROR_PARSING_RESPONSE, 0, 0, 0",mms/iso_mms/client/mms_client_connection.c,980,"handler(outstandingCall->invokeId, outstandingCall->userParameter, MMS_ERROR_PARSING_RESPONSE, 0, 0, 0)"
handler,declaration,(unknown),,"outstandingCall->invokeId, outstandingCall->userParameter, err, frsmId, fileSize, lastModified",mms/iso_mms/client/mms_client_connection.c,984,"handler(outstandingCall->invokeId, outstandingCall->userParameter, err, frsmId, fileSize, lastModified)"
handler,declaration,(unknown),,"outstandingCall->invokeId, outstandingCall->userParameter, err, frsmId, NULL, 0, false",mms/iso_mms/client/mms_client_connection.c,997,"handler(outstandingCall->invokeId, outstandingCall->userParameter, err, frsmId, NULL, 0, false)"
handler,declaration,(unknown),,"outstandingCall->invokeId, outstandingCall->userParameter, MMS_ERROR_PARSING_RESPONSE, frsmId, NULL, 0, false",mms/iso_mms/client/mms_client_connection.c,1006,"handler(outstandingCall->invokeId, outstandingCall->userParameter, MMS_ERROR_PARSING_RESPONSE, frsmId, NULL, 0, false)"
handler,declaration,(unknown),,"outstandingCall->invokeId, outstandingCall->userParameter, err, false",mms/iso_mms/client/mms_client_connection.c,1025,"handler(outstandingCall->invokeId, outstandingCall->userParameter, err, false)"
handler,declaration,(unknown),,"outstandingCall->invokeId, outstandingCall->userParameter, err, true",mms/iso_mms/client/mms_client_connection.c,1028,"handler(outstandingCall->invokeId, outstandingCall->userParameter, err, true)"
handler,declaration,(unknown),,"outstandingCall->invokeId, outstandingCall->userParameter, err, NULL, 0, 0, false",mms/iso_mms/client/mms_client_connection.c,1038,"handler(outstandingCall->invokeId, outstandingCall->userParameter, err, NULL, 0, 0, false)"
handler,declaration,(unknown),,"self->rawMmsMessageHandlerParameter, buf, payload->size, true",mms/iso_mms/client/mms_client_connection.c,1165,"handler(self->rawMmsMessageHandlerParameter, buf, payload->size, true)"
handler,declaration,(unknown),,"self->rawMmsMessageHandlerParameter, payload->buffer, payload->size, false",mms/iso_mms/client/mms_client_connection.c,1937,"handler(self->rawMmsMessageHandlerParameter, payload->buffer, payload->size, false)"
handler,declaration,(unknown),,"invokeId, parameter, MMS_ERROR_NONE, NULL, 0, 0, moreFollows",mms/iso_mms/client/mms_client_files.c,658,"handler(invokeId, parameter, MMS_ERROR_NONE, NULL, 0, 0, moreFollows)"
handler,declaration,(unknown),,"invokeId, handlerParameter, MMS_ERROR_NONE, frsmId, data, dataLen, *moreFollows",mms/iso_mms/client/mms_client_files.c,784,"handler(invokeId, handlerParameter, MMS_ERROR_NONE, frsmId, data, dataLen, *moreFollows)"
handler,declaration,(unknown),,"invokeId, parameter, MMS_ERROR_NONE, vendorName, modelName, revision",mms/iso_mms/client/mms_client_identify.c,94,"handler(invokeId, parameter, MMS_ERROR_NONE, vendorName, modelName, revision)"
identifyHandler,definition,void,static,"uint32_t invokeId, void* parameter, MmsError mmsError, char* vendorName, char* modelName, char* revision",mms/iso_mms/client/mms_client_connection.c,3365,"static void identifyHandler(uint32_t invokeId, void* parameter, MmsError mmsError, char* vendorName, char* modelName, char* revision)"
internalConnectionStateChangedHandler,definition,void,static,"MmsConnection connection, void* parameter, MmsConnectionState newState",mms/iso_mms/client/mms_client_connection.c,1827,"static void internalConnectionStateChangedHandler (MmsConnection connection, void* parameter, MmsConnectionState newState)"
isSpecWithResult,definition,bool,static,ReadRequest_t* read,mms/iso_mms/server/mms_read_service.c,337,static bool isSpecWithResult(ReadRequest_t* read)
isoConnectionIndicationHandler,definition,void,static,"IsoConnectionIndication indication, void* parameter, IsoConnection connection",mms/iso_mms/server/mms_server.c,635,"static void isoConnectionIndicationHandler(IsoConnectionIndication indication, void* parameter, IsoConnection connection)"
mapDataAccessErrorToMmsError,declaration,*mmsError =,,dataAccessErrorCode,mms/iso_mms/client/mms_client_write.c,166,*mmsError = mapDataAccessErrorToMmsError(dataAccessErrorCode)
mapErrorTypeToErrorClass,declaration,(unknown),,"errorType, &errorCodeTag, &errorCodeValue",mms/iso_mms/server/mms_server_common.c,178,"mapErrorTypeToErrorClass(errorType, &errorCodeTag, &errorCodeValue)"
mapErrorTypeToErrorClass,definition,void,static,"MmsError errorType, uint8_t* tag, uint8_t* value",mms/iso_mms/server/mms_server_common.c,36,"static void mapErrorTypeToErrorClass(MmsError errorType, uint8_t* tag, uint8_t* value)"
memcpy,declaration,(unknown),,"clone->octets, self->octets, clone->maxSize",mms/asn1/asn1_ber_primitive_value.c,42,"memcpy(clone->octets, self->octets, clone->maxSize)"
memcpy,declaration,(unknown),,"string, buffer + bufPos, strlen",mms/asn1/ber_decode.c,115,"memcpy(string, buffer + bufPos, strlen)"
memcpy,declaration,(unknown),,"self->octets, valueBuffer, size",mms/asn1/ber_integer.c,18,"memcpy(self->octets, valueBuffer, size)"
memcpy,declaration,(unknown),,"self->octets, buf, size",mms/asn1/ber_integer.c,46,"memcpy(self->octets, buf, size)"
memcpy,declaration,(unknown),,"self->octets, value->octets, value->size",mms/asn1/ber_integer.c,60,"memcpy(self->octets, value->octets, value->size)"
memcpy,declaration,(unknown),,"buffer + bufPos, appContextNameMms, 5",mms/iso_acse/acse.c,572,"memcpy(buffer + bufPos, appContextNameMms, 5)"
memcpy,declaration,(unknown),,"buffer + bufPos, appContextNameMms, 5",mms/iso_acse/acse.c,718,"memcpy(buffer + bufPos, appContextNameMms, 5)"
memcpy,declaration,(unknown),,"buffer + bufPos, isoParameters->remoteApTitle, isoParameters->remoteApTitleLen",mms/iso_acse/acse.c,728,"memcpy(buffer + bufPos, isoParameters->remoteApTitle, isoParameters->remoteApTitleLen)"
memcpy,declaration,(unknown),,"buffer + bufPos, isoParameters->localApTitle, isoParameters->localApTitleLen",mms/iso_acse/acse.c,749,"memcpy(buffer + bufPos, isoParameters->localApTitle, isoParameters->localApTitleLen)"
memcpy,declaration,(unknown),,"buffer + bufPos, auth_mech_password_oid, 3",mms/iso_acse/acse.c,773,"memcpy(buffer + bufPos, auth_mech_password_oid, 3)"
memcpy,declaration,(unknown),,"buffer + bufPos, authParameter->value.password.octetString, passwordLength",mms/iso_acse/acse.c,780,"memcpy(buffer + bufPos, authParameter->value.password.octetString, passwordLength)"
memcpy,declaration,(unknown),,"self->payload->buffer + self->payload->size, buffer, payloadLength",mms/iso_cotp/cotp.c,658,"memcpy(self->payload->buffer + self->payload->size, buffer, payloadLength)"
memcpy,declaration,(unknown),,"variableListName, buffer, nameSize",mms/iso_mms/client/mms_client_connection.c,133,"memcpy(variableListName, buffer, nameSize)"
memcpy,declaration,(unknown),,"domainNameStr, domainNameBuffer, domainNameSize",mms/iso_mms/client/mms_client_connection.c,174,"memcpy(domainNameStr, domainNameBuffer, domainNameSize)"
memcpy,declaration,(unknown),,"itemNameStr, itemNamebuffer, itemNameSize",mms/iso_mms/client/mms_client_connection.c,177,"memcpy(itemNameStr, itemNamebuffer, itemNameSize)"
memcpy,declaration,(unknown),,"gtString, buffer + bufPos, length",mms/iso_mms/client/mms_client_files.c,471,"memcpy(gtString, buffer + bufPos, length)"
memcpy,declaration,(unknown),,"filename, buffer + bufPos, length",mms/iso_mms/client/mms_client_files.c,532,"memcpy(filename, buffer + bufPos, length)"
memcpy,declaration,(unknown),,"journalVariable->tag, buffer + bufPos, length",mms/iso_mms/client/mms_client_journals.c,44,"memcpy(journalVariable->tag, buffer + bufPos, length)"
memcpy,declaration,(unknown),,"journalEntry->occurenceTime->value.binaryTime.buf, buffer + bufPos, length",mms/iso_mms/client/mms_client_journals.c,240,"memcpy(journalEntry->occurenceTime->value.binaryTime.buf, buffer + bufPos, length)"
memcpy,declaration,(unknown),,"value->value.bitString.buf, accessResultList[i]->choice.bitstring.buf, size",mms/iso_mms/client/mms_client_read.c,153,"memcpy(value->value.bitString.buf, accessResultList[i]->choice.bitstring.buf, size)"
memcpy,declaration,(unknown),,"value->value.visibleString.buf, accessResultList[i]->choice.visiblestring.buf, strSize",mms/iso_mms/client/mms_client_read.c,267,"memcpy(value->value.visibleString.buf, accessResultList[i]->choice.visiblestring.buf, strSize)"
memcpy,declaration,(unknown),,"value->value.visibleString.buf, accessResultList[i]->choice.mMSString.buf, strSize",mms/iso_mms/client/mms_client_read.c,294,"memcpy(value->value.visibleString.buf, accessResultList[i]->choice.mMSString.buf, strSize)"
memcpy,declaration,(unknown),,"value->value.utcTime, accessResultList[i]->choice.utctime.buf, 8",mms/iso_mms/client/mms_client_read.c,318,"memcpy(value->value.utcTime, accessResultList[i]->choice.utctime.buf, 8)"
memcpy,declaration,(unknown),,"value->value.binaryTime.buf, accessResultList[i]->choice.binarytime.buf, size",mms/iso_mms/client/mms_client_read.c,343,"memcpy(value->value.binaryTime.buf, accessResultList[i]->choice.binarytime.buf, size)"
memcpy,declaration,(unknown),,"value->value.octetString.buf, accessResultList[i]->choice.octetstring.buf, size",mms/iso_mms/client/mms_client_read.c,366,"memcpy(value->value.octetString.buf, accessResultList[i]->choice.octetstring.buf, size)"
memcpy,declaration,(unknown),,"dataElement->choice.utctime.buf, value->value.utcTime, 8",mms/iso_mms/common/mms_common_msg.c,98,"memcpy(dataElement->choice.utctime.buf, value->value.utcTime, 8)"
memcpy,declaration,(unknown),,"value->value.bitString.buf, dataElement->choice.bitstring.buf, size",mms/iso_mms/common/mms_common_msg.c,311,"memcpy(value->value.bitString.buf, dataElement->choice.bitstring.buf, size)"
memcpy,declaration,(unknown),,"value->value.utcTime, dataElement->choice.utctime.buf, 8",mms/iso_mms/common/mms_common_msg.c,401,"memcpy(value->value.utcTime, dataElement->choice.utctime.buf, 8)"
memcpy,declaration,(unknown),,"value->value.octetString.buf, dataElement->choice.octetstring.buf, size",mms/iso_mms/common/mms_common_msg.c,432,"memcpy(value->value.octetString.buf, dataElement->choice.octetstring.buf, size)"
memcpy,declaration,(unknown),,"value->value.binaryTime.buf, dataElement->choice.binarytime.buf, size",mms/iso_mms/common/mms_common_msg.c,454,"memcpy(value->value.binaryTime.buf, dataElement->choice.binarytime.buf, size)"
memcpy,declaration,(unknown),,"buffer, identifier.buf, identifier.size",mms/iso_mms/common/mms_common_msg.c,495,"memcpy(buffer, identifier.buf, identifier.size)"
memcpy,declaration,(unknown),,"componentNameBuf + nameBufPos, componentIdentifier.buf, componentIdentifier.size",mms/iso_mms/common/mms_common_msg.c,529,"memcpy(componentNameBuf + nameBufPos, componentIdentifier.buf, componentIdentifier.size)"
memcpy,declaration,(unknown),,"componentNameBuf + nameBufPos, componentIdentifier.buf, componentIdentifier.size",mms/iso_mms/common/mms_common_msg.c,559,"memcpy(componentNameBuf + nameBufPos, componentIdentifier.buf, componentIdentifier.size)"
memcpy,declaration,(unknown),,"filename, buffer + *bufPos, length",mms/iso_mms/common/mms_common_msg.c,653,"memcpy(filename, buffer + *bufPos, length)"
memcpy,declaration,(unknown),,"self->value.floatingPoint.buf, update->value.floatingPoint.buf, self->value.floatingPoint.formatWidth / 8",mms/iso_mms/common/mms_value.c,229,"memcpy(self->value.floatingPoint.buf, update->value.floatingPoint.buf, self->value.floatingPoint.formatWidth / 8)"
memcpy,declaration,case MMS_UTC_TIME:,,"self->value.utcTime, update->value.utcTime, 8",mms/iso_mms/common/mms_value.c,243,"case MMS_UTC_TIME: memcpy(self->value.utcTime, update->value.utcTime, 8)"
memcpy,declaration,(unknown),,"self->value.octetString.buf, update->value.octetString.buf, size",mms/iso_mms/common/mms_value.c,283,"memcpy(self->value.octetString.buf, update->value.octetString.buf, size)"
memcpy,declaration,(unknown),,"self->value.binaryTime.buf, update->value.binaryTime.buf, update->value.binaryTime.size",mms/iso_mms/common/mms_value.c,303,"memcpy(self->value.binaryTime.buf, update->value.binaryTime.buf, update->value.binaryTime.size)"
memcpy,declaration,(unknown),,"self->value.floatingPoint.buf, &value, sizeof(float)",mms/iso_mms/common/mms_value.c,557,"memcpy(self->value.floatingPoint.buf, &value, sizeof(float))"
memcpy,declaration,(unknown),,"self->value.floatingPoint.buf, &newFloatValue, sizeof(float)",mms/iso_mms/common/mms_value.c,569,"memcpy(self->value.floatingPoint.buf, &newFloatValue, sizeof(float))"
memcpy,declaration,(unknown),,"self->value.floatingPoint.buf, &newDoubleValue, sizeof(double)",mms/iso_mms/common/mms_value.c,573,"memcpy(self->value.floatingPoint.buf, &newDoubleValue, sizeof(double))"
memcpy,declaration,(unknown),,"self->value.floatingPoint.buf, &newFloatValue, sizeof(float)",mms/iso_mms/common/mms_value.c,585,"memcpy(self->value.floatingPoint.buf, &newFloatValue, sizeof(float))"
memcpy,declaration,(unknown),,"self->value.floatingPoint.buf, &newDoubleValue, sizeof(double)",mms/iso_mms/common/mms_value.c,589,"memcpy(self->value.floatingPoint.buf, &newDoubleValue, sizeof(double))"
memcpy,declaration,(unknown),,"self->value.floatingPoint.buf, &value, sizeof(double)",mms/iso_mms/common/mms_value.c,603,"memcpy(self->value.floatingPoint.buf, &value, sizeof(double))"
memcpy,declaration,(unknown),,"&val, self->value.floatingPoint.buf, sizeof(float)",mms/iso_mms/common/mms_value.c,965,"memcpy(&val, self->value.floatingPoint.buf, sizeof(float))"
memcpy,declaration,(unknown),,"&val, self->value.floatingPoint.buf, sizeof(double)",mms/iso_mms/common/mms_value.c,972,"memcpy(&val, self->value.floatingPoint.buf, sizeof(double))"
memcpy,declaration,(unknown),,"&val, self->value.floatingPoint.buf, sizeof(float)",mms/iso_mms/common/mms_value.c,989,"memcpy(&val, self->value.floatingPoint.buf, sizeof(float))"
memcpy,declaration,(unknown),,"&val, self->value.floatingPoint.buf, sizeof(double)",mms/iso_mms/common/mms_value.c,996,"memcpy(&val, self->value.floatingPoint.buf, sizeof(double))"
memcpy,declaration,(unknown),,"destinationAddress, self, sizeof(MmsValue)",mms/iso_mms/common/mms_value.c,1075,"memcpy(destinationAddress, self, sizeof(MmsValue))"
memcpy,declaration,(unknown),,"&(newValue->value.structure.components[i]), &(destinationAddress), sizeof(MmsValue*)",mms/iso_mms/common/mms_value.c,1089,"memcpy(&(newValue->value.structure.components[i]), &(destinationAddress), sizeof(MmsValue*))"
memcpy,declaration,case MMS_BIT_STRING:,,"destinationAddress, self->value.bitString.buf, bitStringByteSize(self)",mms/iso_mms/common/mms_value.c,1094,"case MMS_BIT_STRING: memcpy(destinationAddress, self->value.bitString.buf, bitStringByteSize(self))"
memcpy,declaration,(unknown),,"destinationAddress, self->value.integer, sizeof(Asn1PrimitiveValue)",mms/iso_mms/common/mms_value.c,1106,"memcpy(destinationAddress, self->value.integer, sizeof(Asn1PrimitiveValue))"
memcpy,declaration,(unknown),,"destinationAddress, self->value.integer->octets, self->value.integer->maxSize",mms/iso_mms/common/mms_value.c,1109,"memcpy(destinationAddress, self->value.integer->octets, self->value.integer->maxSize)"
memcpy,declaration,(unknown),,"destinationAddress, self->value.octetString.buf, abs(self->value.octetString.maxSize)",mms/iso_mms/common/mms_value.c,1116,"memcpy(destinationAddress, self->value.octetString.buf, abs(self->value.octetString.maxSize))"
memcpy,declaration,(unknown),,"newValue->value.floatingPoint.buf, self->value.floatingPoint.buf, size",mms/iso_mms/common/mms_value.c,1204,"memcpy(newValue->value.floatingPoint.buf, self->value.floatingPoint.buf, size)"
memcpy,declaration,(unknown),,"newValue->value.bitString.buf, self->value.bitString.buf, size",mms/iso_mms/common/mms_value.c,1213,"memcpy(newValue->value.bitString.buf, self->value.bitString.buf, size)"
memcpy,declaration,(unknown),,"newValue->value.octetString.buf, self->value.octetString.buf, size",mms/iso_mms/common/mms_value.c,1233,"memcpy(newValue->value.octetString.buf, self->value.octetString.buf, size)"
memcpy,declaration,case MMS_UTC_TIME:,,"newValue->value.utcTime, self->value.utcTime, 8",mms/iso_mms/common/mms_value.c,1241,"case MMS_UTC_TIME: memcpy(newValue->value.utcTime, self->value.utcTime, 8)"
memcpy,declaration,(unknown),,"newValue->value.binaryTime.buf, self->value.binaryTime.buf, 6",mms/iso_mms/common/mms_value.c,1248,"memcpy(newValue->value.binaryTime.buf, self->value.binaryTime.buf, 6)"
memcpy,declaration,(unknown),,"self->value.octetString.buf, buf, size",mms/iso_mms/common/mms_value.c,1461,"memcpy(self->value.octetString.buf, buf, size)"
memcpy,declaration,(unknown),,"value->value.bitString.buf, buffer + bufPos + 1, dataLength - 1",mms/iso_mms/server/mms_access_result.c,224,"memcpy(value->value.bitString.buf, buffer + bufPos + 1, dataLength - 1)"
memcpy,declaration,(unknown),,"value->value.integer->octets, buffer + bufPos, dataLength",mms/iso_mms/server/mms_access_result.c,234,"memcpy(value->value.integer->octets, buffer + bufPos, dataLength)"
memcpy,declaration,(unknown),,"value->value.integer->octets, buffer + bufPos, dataLength",mms/iso_mms/server/mms_access_result.c,244,"memcpy(value->value.integer->octets, buffer + bufPos, dataLength)"
memcpy,declaration,(unknown),,"value->value.octetString.buf, buffer + bufPos, dataLength",mms/iso_mms/server/mms_access_result.c,260,"memcpy(value->value.octetString.buf, buffer + bufPos, dataLength)"
memcpy,declaration,(unknown),,"filename, buffer + bufPos, length",mms/iso_mms/server/mms_file_service.c,238,"memcpy(filename, buffer + bufPos, length)"
memcpy,declaration,(unknown),,"continueAfterId, continueAfter, continueAfterLength",mms/iso_mms/server/mms_get_namelist_service.c,585,"memcpy(continueAfterId, continueAfter, continueAfterLength)"
memcpy,declaration,(unknown),,"domainSpecificName, domainId, domainIdLength",mms/iso_mms/server/mms_get_namelist_service.c,613,"memcpy(domainSpecificName, domainId, domainIdLength)"
memcpy,declaration,(unknown),,"filename, buffer + *bufPos, length",mms/iso_mms/server/mms_journal_service.c,194,"memcpy(filename, buffer + *bufPos, length)"
memcpy,declaration,(unknown),,"rangeStart.value.binaryTime.buf, requestBuffer + bufPos, length",mms/iso_mms/server/mms_journal_service.c,303,"memcpy(rangeStart.value.binaryTime.buf, requestBuffer + bufPos, length)"
memcpy,declaration,(unknown),,"rangeStop.value.binaryTime.buf, requestBuffer + bufPos, length",mms/iso_mms/server/mms_journal_service.c,341,"memcpy(rangeStop.value.binaryTime.buf, requestBuffer + bufPos, length)"
memcpy,declaration,(unknown),,"rangeStart.value.binaryTime.buf, requestBuffer + bufPos, length",mms/iso_mms/server/mms_journal_service.c,381,"memcpy(rangeStart.value.binaryTime.buf, requestBuffer + bufPos, length)"
memcpy,declaration,(unknown),,"entrySpec.value.octetString.buf, requestBuffer + bufPos, length",mms/iso_mms/server/mms_journal_service.c,398,"memcpy(entrySpec.value.octetString.buf, requestBuffer + bufPos, length)"
memcpy,declaration,(unknown),,"buffer + bufPos, asn_id_as_acse, 4",mms/iso_presentation/iso_presentation.c,138,"memcpy(buffer + bufPos, asn_id_as_acse, 4)"
memcpy,declaration,(unknown),,"buffer + bufPos, ber_id, 2",mms/iso_presentation/iso_presentation.c,143,"memcpy(buffer + bufPos, ber_id, 2)"
memcpy,declaration,(unknown),,"buffer + bufPos, asn_id_mms, 5",mms/iso_presentation/iso_presentation.c,153,"memcpy(buffer + bufPos, asn_id_mms, 5)"
memcpy,declaration,(unknown),,"buffer + bufPos, ber_id, 2",mms/iso_presentation/iso_presentation.c,158,"memcpy(buffer + bufPos, ber_id, 2)"
memcpy,declaration,(unknown),,"buffer + bufPos, calledPresentationSelector, 4",mms/iso_presentation/iso_presentation.c,936,"memcpy(buffer + bufPos, calledPresentationSelector, 4)"
memmove,declaration,(unknown),,"buffer + bufPos, buffer + tempStartPos, tempEncoded",mms/iso_mms/server/mms_file_service.c,1081,"memmove(buffer + bufPos, buffer + tempStartPos, tempEncoded)"
memmove,declaration,(unknown),,"buffer + (encoder->currentEntryBufPos + entryHeaderLength), buffer + (encoder->currentEntryBufPos + 48), dataContentLen",mms/iso_mms/server/mms_journal_service.c,157,"memmove(buffer + (encoder->currentEntryBufPos + entryHeaderLength), buffer + (encoder->currentEntryBufPos + 48), dataContentLen)"
memmove,declaration,(unknown),,"buffer + bufPos, buffer + RESERVED_SPACE_FOR_HEADER, dataSize",mms/iso_mms/server/mms_journal_service.c,555,"memmove(buffer + bufPos, buffer + RESERVED_SPACE_FOR_HEADER, dataSize)"
memset,declaration,(unknown),,"self->value.floatingPoint.buf, 0, 8",mms/iso_mms/common/mms_value.c,1565,"memset(self->value.floatingPoint.buf, 0, 8)"
memset,declaration,(unknown),,"buffer, 0, bufferSize",mms/iso_mms/common/mms_value.c,2229,"memset(buffer, 0, bufferSize)"
memset,declaration,(unknown),,"session, 0, sizeof(IsoSession)",mms/iso_session/iso_session.c,454,"memset(session, 0, sizeof(IsoSession))"
messageReceived,definition,void,static,"void* parameter, ByteBuffer* message, ByteBuffer* response",mms/iso_mms/server/mms_server_connection.c,731,"static void messageReceived(void* parameter, ByteBuffer* message, ByteBuffer* response)"
mmsClient_closeOutstandingOpenFiles,declaration,LIB61850_INTERNAL void,,MmsConnection connection,mms/inc_private/mms_client_internal.h,360,LIB61850_INTERNAL void mmsClient_closeOutstandingOpenFiles(MmsConnection connection)
mmsClient_closeOutstandingOpenFiles,definition,void,,MmsConnection connection,mms/iso_mms/client/mms_client_files.c,212,void mmsClient_closeOutstandingOpenFiles(MmsConnection connection)
mmsClient_createAlternateAccess,declaration,LIB61850_INTERNAL AlternateAccess_t*,,"uint32_t index, uint32_t elementCount",mms/inc_private/mms_client_internal.h,151,"LIB61850_INTERNAL AlternateAccess_t* mmsClient_createAlternateAccess(uint32_t index, uint32_t elementCount)"
mmsClient_createAlternateAccess,declaration,request->listOfVariable.list.array[i]->alternateAccess =,,"variableSpec->arrayIndex, 0",mms/iso_mms/client/mms_client_named_variable_list.c,384,"request->listOfVariable.list.array[i]->alternateAccess = mmsClient_createAlternateAccess(variableSpec->arrayIndex, 0)"
mmsClient_createAlternateAccess,declaration,variableIdentifier->alternateAccess =,,"index, elementCount",mms/iso_mms/client/mms_client_read.c,723,"variableIdentifier->alternateAccess = mmsClient_createAlternateAccess(index, elementCount)"
mmsClient_createAlternateAccess,declaration,variableIdentifier->alternateAccess =,,"startIndex, elementCount",mms/iso_mms/client/mms_client_write.c,456,"variableIdentifier->alternateAccess = mmsClient_createAlternateAccess(startIndex, elementCount)"
mmsClient_createAlternateAccess,definition,AlternateAccess_t*,,"uint32_t index, uint32_t elementCount",mms/iso_mms/client/mms_client_common.c,47,"AlternateAccess_t* mmsClient_createAlternateAccess(uint32_t index, uint32_t elementCount)"
mmsClient_createAlternateAccessComponent,declaration,LIB61850_INTERNAL AlternateAccess_t*,,const char* componentName,mms/inc_private/mms_client_internal.h,157,LIB61850_INTERNAL AlternateAccess_t* mmsClient_createAlternateAccessComponent(const char* componentName)
mmsClient_createAlternateAccessComponent,declaration,alternateAccess->list.array[0]->choice.unnamed->choice.selectAlternateAccess.alternateAccess =,,separator + 1,mms/iso_mms/client/mms_client_common.c,141,alternateAccess->list.array[0]->choice.unnamed->choice.selectAlternateAccess.alternateAccess = mmsClient_createAlternateAccessComponent(separator + 1)
mmsClient_createAlternateAccessComponent,declaration,alternateAccess->list.array[0]->choice.unnamed->choice.selectAlternateAccess.alternateAccess =,,componentName,mms/iso_mms/client/mms_client_common.c,181,alternateAccess->list.array[0]->choice.unnamed->choice.selectAlternateAccess.alternateAccess = mmsClient_createAlternateAccessComponent(componentName)
mmsClient_createAlternateAccessComponent,declaration,variableIdentifier->alternateAccess =,,component,mms/iso_mms/client/mms_client_write.c,515,variableIdentifier->alternateAccess = mmsClient_createAlternateAccessComponent(component)
mmsClient_createAlternateAccessComponent,declaration,varListResponse->listOfVariable.list.array[i]->alternateAccess =,,variableEntry->componentName,mms/iso_mms/server/mms_named_variable_list_service.c,742,varListResponse->listOfVariable.list.array[i]->alternateAccess = mmsClient_createAlternateAccessComponent(variableEntry->componentName)
mmsClient_createAlternateAccessComponent,definition,AlternateAccess_t*,,const char* componentName,mms/iso_mms/client/mms_client_common.c,117,AlternateAccess_t* mmsClient_createAlternateAccessComponent(const char* componentName)
mmsClient_createAlternateAccessIndexComponent,declaration,LIB61850_INTERNAL AlternateAccess_t*,,"uint32_t index, const char* componentName",mms/inc_private/mms_client_internal.h,163,"LIB61850_INTERNAL AlternateAccess_t* mmsClient_createAlternateAccessIndexComponent(uint32_t index, const char* componentName)"
mmsClient_createAlternateAccessIndexComponent,declaration,request->listOfVariable.list.array[i]->alternateAccess =,,"variableSpec->arrayIndex, variableSpec->componentName",mms/iso_mms/client/mms_client_named_variable_list.c,381,"request->listOfVariable.list.array[i]->alternateAccess = mmsClient_createAlternateAccessIndexComponent(variableSpec->arrayIndex, variableSpec->componentName)"
mmsClient_createAlternateAccessIndexComponent,declaration,variableIdentifier->alternateAccess =,,"arrayIndex, component",mms/iso_mms/client/mms_client_read.c,758,"variableIdentifier->alternateAccess = mmsClient_createAlternateAccessIndexComponent(arrayIndex, component)"
mmsClient_createAlternateAccessIndexComponent,declaration,variableIdentifier->alternateAccess =,,"arrayIndex, component",mms/iso_mms/client/mms_client_write.c,573,"variableIdentifier->alternateAccess = mmsClient_createAlternateAccessIndexComponent(arrayIndex, component)"
mmsClient_createAlternateAccessIndexComponent,declaration,varListResponse->listOfVariable.list.array[i]->alternateAccess =,,"variableEntry->arrayIndex, variableEntry->componentName",mms/iso_mms/server/mms_named_variable_list_service.c,737,"varListResponse->listOfVariable.list.array[i]->alternateAccess = mmsClient_createAlternateAccessIndexComponent(variableEntry->arrayIndex, variableEntry->componentName)"
mmsClient_createAlternateAccessIndexComponent,definition,AlternateAccess_t*,,"uint32_t index, const char* componentName",mms/iso_mms/client/mms_client_common.c,159,"AlternateAccess_t* mmsClient_createAlternateAccessIndexComponent(uint32_t index, const char* componentName)"
mmsClient_createConcludeRequest,declaration,LIB61850_INTERNAL int,,"MmsConnection self, ByteBuffer* message",mms/inc_private/mms_client_internal.h,323,"LIB61850_INTERNAL int mmsClient_createConcludeRequest(MmsConnection self, ByteBuffer* message)"
mmsClient_createConcludeRequest,declaration,(unknown),,"self, concludeMessage",mms/iso_mms/client/mms_client_connection.c,2076,"mmsClient_createConcludeRequest(self, concludeMessage)"
mmsClient_createConcludeRequest,definition,int,,"MmsConnection self, ByteBuffer* message",mms/iso_mms/client/mms_client_initiate.c,85,"int mmsClient_createConcludeRequest(MmsConnection self, ByteBuffer* message)"
mmsClient_createConfirmedRequestPdu,declaration,LIB61850_INTERNAL MmsPdu_t*,,uint32_t invokeId,mms/inc_private/mms_client_internal.h,148,LIB61850_INTERNAL MmsPdu_t* mmsClient_createConfirmedRequestPdu(uint32_t invokeId)
mmsClient_createConfirmedRequestPdu,declaration,MmsPdu_t* mmsPdu =,,invokeId,mms/iso_mms/client/mms_client_get_namelist.c,16,MmsPdu_t* mmsPdu = mmsClient_createConfirmedRequestPdu(invokeId)
mmsClient_createConfirmedRequestPdu,declaration,MmsPdu_t* mmsPdu =,,invokeId,mms/iso_mms/client/mms_client_get_namelist.c,53,MmsPdu_t* mmsPdu = mmsClient_createConfirmedRequestPdu(invokeId)
mmsClient_createConfirmedRequestPdu,declaration,MmsPdu_t* mmsPdu =,,invokeId,mms/iso_mms/client/mms_client_get_namelist.c,185,MmsPdu_t* mmsPdu = mmsClient_createConfirmedRequestPdu(invokeId)
mmsClient_createConfirmedRequestPdu,declaration,MmsPdu_t* mmsPdu =,,invokeId,mms/iso_mms/client/mms_client_get_var_access.c,151,MmsPdu_t* mmsPdu = mmsClient_createConfirmedRequestPdu(invokeId)
mmsClient_createConfirmedRequestPdu,declaration,MmsPdu_t* mmsPdu =,,invokeId,mms/iso_mms/client/mms_client_named_variable_list.c,16,MmsPdu_t* mmsPdu = mmsClient_createConfirmedRequestPdu(invokeId)
mmsClient_createConfirmedRequestPdu,declaration,MmsPdu_t* mmsPdu =,,invokeId,mms/iso_mms/client/mms_client_named_variable_list.c,64,MmsPdu_t* mmsPdu = mmsClient_createConfirmedRequestPdu(invokeId)
mmsClient_createConfirmedRequestPdu,declaration,MmsPdu_t* mmsPdu =,,invokeId,mms/iso_mms/client/mms_client_named_variable_list.c,135,MmsPdu_t* mmsPdu = mmsClient_createConfirmedRequestPdu(invokeId)
mmsClient_createConfirmedRequestPdu,declaration,MmsPdu_t* mmsPdu =,,invokeId,mms/iso_mms/client/mms_client_named_variable_list.c,169,MmsPdu_t* mmsPdu = mmsClient_createConfirmedRequestPdu(invokeId)
mmsClient_createConfirmedRequestPdu,declaration,MmsPdu_t* mmsPdu =,,invokeId,mms/iso_mms/client/mms_client_named_variable_list.c,312,MmsPdu_t* mmsPdu = mmsClient_createConfirmedRequestPdu(invokeId)
mmsClient_createConfirmedRequestPdu,declaration,MmsPdu_t* mmsPdu =,,invokeId,mms/iso_mms/client/mms_client_read.c,438,MmsPdu_t* mmsPdu = mmsClient_createConfirmedRequestPdu(invokeId)
mmsClient_createConfirmedRequestPdu,declaration,MmsPdu_t* mmsPdu =,,invokeId,mms/iso_mms/client/mms_client_read.c,486,MmsPdu_t* mmsPdu = mmsClient_createConfirmedRequestPdu(invokeId)
mmsClient_createConfirmedRequestPdu,declaration,MmsPdu_t* mmsPdu =,,invokeId,mms/iso_mms/client/mms_client_read.c,520,MmsPdu_t* mmsPdu = mmsClient_createConfirmedRequestPdu(invokeId)
mmsClient_createConfirmedRequestPdu,declaration,MmsPdu_t* mmsPdu =,,invokeId,mms/iso_mms/client/mms_client_read.c,661,MmsPdu_t* mmsPdu = mmsClient_createConfirmedRequestPdu(invokeId)
mmsClient_createConfirmedRequestPdu,declaration,MmsPdu_t* mmsPdu =,,invokeId,mms/iso_mms/client/mms_client_read.c,710,MmsPdu_t* mmsPdu = mmsClient_createConfirmedRequestPdu(invokeId)
mmsClient_createConfirmedRequestPdu,declaration,MmsPdu_t* mmsPdu =,,invokeId,mms/iso_mms/client/mms_client_read.c,745,MmsPdu_t* mmsPdu = mmsClient_createConfirmedRequestPdu(invokeId)
mmsClient_createConfirmedRequestPdu,declaration,MmsPdu_t* mmsPdu =,,invokeId,mms/iso_mms/client/mms_client_read.c,794,MmsPdu_t* mmsPdu = mmsClient_createConfirmedRequestPdu(invokeId)
mmsClient_createConfirmedRequestPdu,declaration,MmsPdu_t* mmsPdu =,,invokeId,mms/iso_mms/client/mms_client_write.c,239,MmsPdu_t* mmsPdu = mmsClient_createConfirmedRequestPdu(invokeId)
mmsClient_createConfirmedRequestPdu,declaration,MmsPdu_t* mmsPdu =,,invokeId,mms/iso_mms/client/mms_client_write.c,310,MmsPdu_t* mmsPdu = mmsClient_createConfirmedRequestPdu(invokeId)
mmsClient_createConfirmedRequestPdu,declaration,MmsPdu_t* mmsPdu =,,invokeId,mms/iso_mms/client/mms_client_write.c,361,MmsPdu_t* mmsPdu = mmsClient_createConfirmedRequestPdu(invokeId)
mmsClient_createConfirmedRequestPdu,declaration,MmsPdu_t* mmsPdu =,,invokeId,mms/iso_mms/client/mms_client_write.c,441,MmsPdu_t* mmsPdu = mmsClient_createConfirmedRequestPdu(invokeId)
mmsClient_createConfirmedRequestPdu,declaration,MmsPdu_t* mmsPdu =,,invokeId,mms/iso_mms/client/mms_client_write.c,499,MmsPdu_t* mmsPdu = mmsClient_createConfirmedRequestPdu(invokeId)
mmsClient_createConfirmedRequestPdu,declaration,MmsPdu_t* mmsPdu =,,invokeId,mms/iso_mms/client/mms_client_write.c,557,MmsPdu_t* mmsPdu = mmsClient_createConfirmedRequestPdu(invokeId)
mmsClient_createConfirmedRequestPdu,definition,MmsPdu_t*,,uint32_t invokeId,mms/iso_mms/client/mms_client_common.c,35,MmsPdu_t* mmsClient_createConfirmedRequestPdu(uint32_t invokeId)
mmsClient_createDefineNamedVariableListRequest,declaration,LIB61850_INTERNAL void,,"uint32_t invokeId, ByteBuffer* writeBuffer, const char* domainId, const char* listNameId, LinkedList listOfVariables, bool associationSpecific",mms/inc_private/mms_client_internal.h,263,"LIB61850_INTERNAL void mmsClient_createDefineNamedVariableListRequest(uint32_t invokeId, ByteBuffer* writeBuffer, const char* domainId, const char* listNameId, LinkedList listOfVariables, bool associationSpecific)"
mmsClient_createDefineNamedVariableListRequest,declaration,(unknown),,"invokeId, payload, domainId, listName, variableSpecs, false",mms/iso_mms/client/mms_client_connection.c,3070,"mmsClient_createDefineNamedVariableListRequest(invokeId, payload, domainId, listName, variableSpecs, false)"
mmsClient_createDefineNamedVariableListRequest,declaration,(unknown),,"invokeId, payload, NULL, listName, variableSpecs, true",mms/iso_mms/client/mms_client_connection.c,3131,"mmsClient_createDefineNamedVariableListRequest(invokeId, payload, NULL, listName, variableSpecs, true)"
mmsClient_createDefineNamedVariableListRequest,definition,void,,"uint32_t invokeId, ByteBuffer* writeBuffer, const char* domainId, const char* listNameId, LinkedList listOfVariables, bool associationSpecific",mms/iso_mms/client/mms_client_named_variable_list.c,302,"void mmsClient_createDefineNamedVariableListRequest( uint32_t invokeId, ByteBuffer* writeBuffer, const char* domainId, const char* listNameId, LinkedList listOfVariables, bool associationSpecific)"
mmsClient_createDeleteAssociationSpecificNamedVariableListRequest,declaration,LIB61850_INTERNAL void,,"long invokeId, ByteBuffer* writeBuffer, const char* listNameId",mms/inc_private/mms_client_internal.h,278,"LIB61850_INTERNAL void mmsClient_createDeleteAssociationSpecificNamedVariableListRequest( long invokeId, ByteBuffer* writeBuffer, const char* listNameId)"
mmsClient_createDeleteAssociationSpecificNamedVariableListRequest,declaration,(unknown),,"invokeId, payload, listName",mms/iso_mms/client/mms_client_connection.c,3258,"mmsClient_createDeleteAssociationSpecificNamedVariableListRequest( invokeId, payload, listName)"
mmsClient_createDeleteAssociationSpecificNamedVariableListRequest,definition,void,,"long invokeId, ByteBuffer* writeBuffer, const char* listNameId",mms/iso_mms/client/mms_client_named_variable_list.c,57,"void mmsClient_createDeleteAssociationSpecificNamedVariableListRequest( long invokeId, ByteBuffer* writeBuffer, const char* listNameId)"
mmsClient_createDeleteNamedVariableListRequest,declaration,LIB61850_INTERNAL void,,"long invokeId, ByteBuffer* writeBuffer, const char* domainId, const char* listNameId",mms/inc_private/mms_client_internal.h,271,"LIB61850_INTERNAL void mmsClient_createDeleteNamedVariableListRequest(long invokeId, ByteBuffer* writeBuffer, const char* domainId, const char* listNameId)"
mmsClient_createDeleteNamedVariableListRequest,declaration,(unknown),,"invokeId, payload, domainId, listName",mms/iso_mms/client/mms_client_connection.c,3195,"mmsClient_createDeleteNamedVariableListRequest(invokeId, payload, domainId, listName)"
mmsClient_createFileCloseRequest,declaration,LIB61850_INTERNAL void,,"uint32_t invokeId, ByteBuffer* request, int32_t frsmId",mms/inc_private/mms_client_internal.h,302,"LIB61850_INTERNAL void mmsClient_createFileCloseRequest(uint32_t invokeId, ByteBuffer* request, int32_t frsmId)"
mmsClient_createFileCloseRequest,declaration,(unknown),,"invokeId, payload, frsmId",mms/iso_mms/client/mms_client_connection.c,3960,"mmsClient_createFileCloseRequest(invokeId, payload, frsmId)"
mmsClient_createFileCloseRequest,declaration,(unknown),,"task->lastRequestInvokeId, message, task->frmsId",mms/iso_mms/server/mms_file_service.c,489,"mmsClient_createFileCloseRequest(task->lastRequestInvokeId, message, task->frmsId)"
mmsClient_createFileCloseRequest,definition,void,,"uint32_t invokeId, ByteBuffer* request, int32_t frsmId",mms/iso_mms/client/mms_client_files.c,789,"void mmsClient_createFileCloseRequest(uint32_t invokeId, ByteBuffer* request, int32_t frsmId)"
mmsClient_createFileDeleteRequest,declaration,LIB61850_INTERNAL void,,"uint32_t invokeId, ByteBuffer* request, const char* fileName",mms/inc_private/mms_client_internal.h,311,"LIB61850_INTERNAL void mmsClient_createFileDeleteRequest(uint32_t invokeId, ByteBuffer* request, const char* fileName)"
mmsClient_createFileDeleteRequest,declaration,(unknown),,"invokeId, payload, fileName",mms/iso_mms/client/mms_client_connection.c,4038,"mmsClient_createFileDeleteRequest(invokeId, payload, fileName)"
mmsClient_createFileDeleteRequest,definition,void,,"uint32_t invokeId, ByteBuffer* request, const char* fileName",mms/iso_mms/client/mms_client_files.c,264,"void mmsClient_createFileDeleteRequest(uint32_t invokeId, ByteBuffer* request, const char* fileName)"
mmsClient_createFileDirectoryRequest,declaration,LIB61850_INTERNAL void,,"uint32_t invokeId, ByteBuffer* request, const char* fileSpecification, const char* continueAfter",mms/inc_private/mms_client_internal.h,314,"LIB61850_INTERNAL void mmsClient_createFileDirectoryRequest(uint32_t invokeId, ByteBuffer* request, const char* fileSpecification, const char* continueAfter)"
mmsClient_createFileDirectoryRequest,declaration,(unknown),,"invokeId, payload, fileSpecification, continueAfter",mms/iso_mms/client/mms_client_connection.c,4262,"mmsClient_createFileDirectoryRequest(invokeId, payload, fileSpecification, continueAfter)"
mmsClient_createFileDirectoryRequest,definition,void,,"uint32_t invokeId, ByteBuffer* request, const char* fileSpecification, const char* continueAfter",mms/iso_mms/client/mms_client_files.c,342,"void mmsClient_createFileDirectoryRequest(uint32_t invokeId, ByteBuffer* request, const char* fileSpecification, const char* continueAfter)"
mmsClient_createFileOpenRequest,declaration,LIB61850_INTERNAL void,,"uint32_t invokeId, ByteBuffer* request, const char* fileName, uint32_t initialPosition",mms/inc_private/mms_client_internal.h,296,"LIB61850_INTERNAL void mmsClient_createFileOpenRequest(uint32_t invokeId, ByteBuffer* request, const char* fileName, uint32_t initialPosition)"
mmsClient_createFileOpenRequest,declaration,(unknown),,"invokeId, payload, filename, initialPosition",mms/iso_mms/client/mms_client_connection.c,3862,"mmsClient_createFileOpenRequest(invokeId, payload, filename, initialPosition)"
mmsClient_createFileOpenRequest,declaration,(unknown),,"task->lastRequestInvokeId, request, sourceFilename, 0",mms/iso_mms/server/mms_file_service.c,757,"mmsClient_createFileOpenRequest(task->lastRequestInvokeId, request, sourceFilename, 0)"
mmsClient_createFileReadRequest,declaration,LIB61850_INTERNAL void,,"uint32_t invokeId, ByteBuffer* request, int32_t frsmId",mms/inc_private/mms_client_internal.h,299,"LIB61850_INTERNAL void mmsClient_createFileReadRequest(uint32_t invokeId, ByteBuffer* request, int32_t frsmId)"
mmsClient_createFileReadRequest,declaration,(unknown),,"invokeId, payload, frsmId",mms/iso_mms/client/mms_client_connection.c,4148,"mmsClient_createFileReadRequest(invokeId, payload, frsmId)"
mmsClient_createFileReadRequest,declaration,(unknown),,"task->lastRequestInvokeId, message, task->frmsId",mms/iso_mms/server/mms_file_service.c,457,"mmsClient_createFileReadRequest(task->lastRequestInvokeId, message, task->frmsId)"
mmsClient_createFileReadRequest,definition,void,,"uint32_t invokeId, ByteBuffer* request, int32_t frsmId",mms/iso_mms/client/mms_client_files.c,293,"void mmsClient_createFileReadRequest(uint32_t invokeId, ByteBuffer* request, int32_t frsmId)"
mmsClient_createFileRenameRequest,declaration,LIB61850_INTERNAL void,,"uint32_t invokeId, ByteBuffer* request, const char* currentFileName, const char* newFileName",mms/inc_private/mms_client_internal.h,305,"LIB61850_INTERNAL void mmsClient_createFileRenameRequest(uint32_t invokeId, ByteBuffer* request, const char* currentFileName, const char* newFileName)"
mmsClient_createFileRenameRequest,declaration,(unknown),,"invokeId, payload, currentFileName, newFileName",mms/iso_mms/client/mms_client_connection.c,4339,"mmsClient_createFileRenameRequest(invokeId, payload, currentFileName, newFileName)"
mmsClient_createFileRenameRequest,definition,void,,"uint32_t invokeId, ByteBuffer* request, const char* currentFileName, const char* newFileName",mms/iso_mms/client/mms_client_files.c,380,"void mmsClient_createFileRenameRequest(uint32_t invokeId, ByteBuffer* request, const char* currentFileName, const char* newFileName)"
mmsClient_createGetNameListRequestDomainOrVMDSpecific,declaration,LIB61850_INTERNAL int,,"long invokeId, const char* domainName, ByteBuffer* writeBuffer, MmsObjectClass objectClass, const char* continueAfter",mms/inc_private/mms_client_internal.h,172,"LIB61850_INTERNAL int mmsClient_createGetNameListRequestDomainOrVMDSpecific(long invokeId, const char* domainName, ByteBuffer* writeBuffer, MmsObjectClass objectClass, const char* continueAfter)"
mmsClient_createGetNameListRequestDomainOrVMDSpecific,declaration,else,,"invokeId, domainId, payload, objectClass, continueAfter",mms/iso_mms/client/mms_client_connection.c,2132,"else mmsClient_createGetNameListRequestDomainOrVMDSpecific(invokeId, domainId, payload, objectClass, continueAfter)"
mmsClient_createGetNameListRequestDomainOrVMDSpecific,definition,int,,"long invokeId, const char* domainName, ByteBuffer* writeBuffer, MmsObjectClass objectClass, const char* continueAfter",mms/iso_mms/client/mms_client_get_namelist.c,180,"int mmsClient_createGetNameListRequestDomainOrVMDSpecific(long invokeId, const char* domainName, ByteBuffer* writeBuffer, MmsObjectClass objectClass, const char* continueAfter)"
mmsClient_createGetNamedVariableListAttributesRequest,declaration,LIB61850_INTERNAL void,,"uint32_t invokeId, ByteBuffer* writeBuffer, const char* domainId, const char* listNameId",mms/inc_private/mms_client_internal.h,208,"LIB61850_INTERNAL void mmsClient_createGetNamedVariableListAttributesRequest(uint32_t invokeId, ByteBuffer* writeBuffer, const char* domainId, const char* listNameId)"
mmsClient_createGetNamedVariableListAttributesRequest,declaration,(unknown),,"invokeId, payload, domainId, listName",mms/iso_mms/client/mms_client_connection.c,2916,"mmsClient_createGetNamedVariableListAttributesRequest(invokeId, payload, domainId, listName)"
mmsClient_createGetNamedVariableListAttributesRequest,definition,void,,"uint32_t invokeId, ByteBuffer* writeBuffer, const char* domainId, const char* listNameId",mms/iso_mms/client/mms_client_named_variable_list.c,130,"void mmsClient_createGetNamedVariableListAttributesRequest(uint32_t invokeId, ByteBuffer* writeBuffer, const char* domainId, const char* listNameId)"
mmsClient_createGetNamedVariableListAttributesRequestAssociationSpecific,declaration,LIB61850_INTERNAL void,,"uint32_t invokeId, ByteBuffer* writeBuffer, const char* listNameId",mms/inc_private/mms_client_internal.h,212,"LIB61850_INTERNAL void mmsClient_createGetNamedVariableListAttributesRequestAssociationSpecific(uint32_t invokeId, ByteBuffer* writeBuffer, const char* listNameId)"
mmsClient_createGetNamedVariableListAttributesRequestAssociationSpecific,declaration,(unknown),,"invokeId, payload, listName",mms/iso_mms/client/mms_client_connection.c,2987,"mmsClient_createGetNamedVariableListAttributesRequestAssociationSpecific(invokeId, payload, listName)"
mmsClient_createGetNamedVariableListAttributesRequestAssociationSpecific,definition,void,,"uint32_t invokeId, ByteBuffer* writeBuffer, const char* listNameId",mms/iso_mms/client/mms_client_named_variable_list.c,164,"void mmsClient_createGetNamedVariableListAttributesRequestAssociationSpecific(uint32_t invokeId, ByteBuffer* writeBuffer, const char* listNameId)"
mmsClient_createGetVariableAccessAttributesRequest,declaration,LIB61850_INTERNAL int,,"uint32_t invokeId, const char* domainId, const char* itemId, ByteBuffer* writeBuffer",mms/inc_private/mms_client_internal.h,219,"LIB61850_INTERNAL int mmsClient_createGetVariableAccessAttributesRequest( uint32_t invokeId, const char* domainId, const char* itemId, ByteBuffer* writeBuffer)"
mmsClient_createGetVariableAccessAttributesRequest,declaration,(unknown),,"invokeId, domainId, itemId, payload",mms/iso_mms/client/mms_client_connection.c,3344,"mmsClient_createGetVariableAccessAttributesRequest(invokeId, domainId, itemId, payload)"
mmsClient_createGetVariableAccessAttributesRequest,definition,int,,"uint32_t invokeId, const char* domainId, const char* itemId, ByteBuffer* writeBuffer",mms/iso_mms/client/mms_client_get_var_access.c,144,"int mmsClient_createGetVariableAccessAttributesRequest( uint32_t invokeId, const char* domainId, const char* itemId, ByteBuffer* writeBuffer)"
mmsClient_createIdentifyRequest,declaration,LIB61850_INTERNAL void,,"uint32_t invokeId, ByteBuffer* request",mms/inc_private/mms_client_internal.h,284,"LIB61850_INTERNAL void mmsClient_createIdentifyRequest(uint32_t invokeId, ByteBuffer* request)"
mmsClient_createIdentifyRequest,declaration,(unknown),,"invokeId, payload",mms/iso_mms/client/mms_client_connection.c,3434,"mmsClient_createIdentifyRequest(invokeId, payload)"
mmsClient_createInitiateRequest,declaration,LIB61850_INTERNAL void,,"MmsConnection self, ByteBuffer* writeBuffer",mms/inc_private/mms_client_internal.h,145,"LIB61850_INTERNAL void mmsClient_createInitiateRequest(MmsConnection self, ByteBuffer* writeBuffer)"
mmsClient_createInitiateRequest,declaration,(unknown),,"self, payload",mms/iso_mms/client/mms_client_connection.c,1930,"mmsClient_createInitiateRequest(self, payload)"
mmsClient_createInitiateRequest,definition,void,,"MmsConnection self, ByteBuffer* message",mms/iso_mms/client/mms_client_initiate.c,16,"void mmsClient_createInitiateRequest(MmsConnection self, ByteBuffer* message)"
mmsClient_createMmsGetNameListRequestAssociationSpecific,declaration,LIB61850_INTERNAL int,,"long invokeId, ByteBuffer* writeBuffer, const char* continueAfter",mms/inc_private/mms_client_internal.h,326,"LIB61850_INTERNAL int mmsClient_createMmsGetNameListRequestAssociationSpecific(long invokeId, ByteBuffer* writeBuffer, const char* continueAfter)"
mmsClient_createMmsGetNameListRequestAssociationSpecific,definition,int,,"long invokeId, ByteBuffer* writeBuffer, const char* continueAfter",mms/iso_mms/client/mms_client_get_namelist.c,48,"int mmsClient_createMmsGetNameListRequestAssociationSpecific(long invokeId, ByteBuffer* writeBuffer, const char* continueAfter)"
mmsClient_createMmsGetNameListRequestVMDspecific,declaration,LIB61850_INTERNAL int,,"long invokeId, ByteBuffer* writeBuffer, const char* continueAfter",mms/inc_private/mms_client_internal.h,166,"LIB61850_INTERNAL int mmsClient_createMmsGetNameListRequestVMDspecific(long invokeId, ByteBuffer* writeBuffer, const char* continueAfter)"
mmsClient_createObtainFileRequest,declaration,LIB61850_INTERNAL void,,"uint32_t invokeId, ByteBuffer* request, const char* sourceFile, const char* destinationFile",mms/inc_private/mms_client_internal.h,308,"LIB61850_INTERNAL void mmsClient_createObtainFileRequest(uint32_t invokeId, ByteBuffer* request, const char* sourceFile, const char* destinationFile)"
mmsClient_createObtainFileRequest,declaration,(unknown),,"invokeId, payload, sourceFile, destinationFile",mms/iso_mms/client/mms_client_connection.c,4424,"mmsClient_createObtainFileRequest(invokeId, payload, sourceFile, destinationFile)"
mmsClient_createObtainFileRequest,definition,void,,"uint32_t invokeId, ByteBuffer* request, const char* sourceFile, const char* destinationFile",mms/iso_mms/client/mms_client_files.c,412,"void mmsClient_createObtainFileRequest(uint32_t invokeId, ByteBuffer* request, const char* sourceFile, const char* destinationFile)"
mmsClient_createReadAssociationSpecificNamedVariableListRequest,declaration,LIB61850_INTERNAL int,,"uint32_t invokeId, const char* itemId, ByteBuffer* writeBuffer, bool specWithResult",mms/inc_private/mms_client_internal.h,201,"LIB61850_INTERNAL int mmsClient_createReadAssociationSpecificNamedVariableListRequest( uint32_t invokeId, const char* itemId, ByteBuffer* writeBuffer, bool specWithResult)"
mmsClient_createReadAssociationSpecificNamedVariableListRequest,declaration,(unknown),,"invokeId, listName, payload, specWithResult",mms/iso_mms/client/mms_client_connection.c,2822,"mmsClient_createReadAssociationSpecificNamedVariableListRequest(invokeId, listName, payload, specWithResult)"
mmsClient_createReadAssociationSpecificNamedVariableListRequest,definition,int,,"uint32_t invokeId, const char* itemId, ByteBuffer* writeBuffer, bool specWithResult",mms/iso_mms/client/mms_client_read.c,478,"int mmsClient_createReadAssociationSpecificNamedVariableListRequest( uint32_t invokeId, const char* itemId, ByteBuffer* writeBuffer, bool specWithResult)"
mmsClient_createReadJournalRequestStartAfter,declaration,LIB61850_INTERNAL void,,"uint32_t invokeId, ByteBuffer* request, const char* domainId, const char* itemId, MmsValue* timeSpecification, MmsValue* entrySpecification",mms/inc_private/mms_client_internal.h,334,"LIB61850_INTERNAL void mmsClient_createReadJournalRequestStartAfter(uint32_t invokeId, ByteBuffer* request, const char* domainId, const char* itemId, MmsValue* timeSpecification, MmsValue* entrySpecification)"
mmsClient_createReadJournalRequestStartAfter,declaration,(unknown),,"invokeId, payload, domainId, itemId, timeSpecification, entrySpecification",mms/iso_mms/client/mms_client_connection.c,3754,"mmsClient_createReadJournalRequestStartAfter(invokeId, payload, domainId, itemId, timeSpecification, entrySpecification)"
mmsClient_createReadJournalRequestStartAfter,definition,void,,"uint32_t invokeId, ByteBuffer* request, const char* domainId, const char* itemId, MmsValue* timeSpecification, MmsValue* entrySpecification",mms/iso_mms/client/mms_client_journals.c,555,"void mmsClient_createReadJournalRequestStartAfter(uint32_t invokeId, ByteBuffer* request, const char* domainId, const char* itemId, MmsValue* timeSpecification, MmsValue* entrySpecification)"
mmsClient_createReadJournalRequestWithTimeRange,declaration,LIB61850_INTERNAL void,,"uint32_t invokeId, ByteBuffer* request, const char* domainId, const char* itemId, MmsValue* startingTime, MmsValue* endingTime",mms/inc_private/mms_client_internal.h,330,"LIB61850_INTERNAL void mmsClient_createReadJournalRequestWithTimeRange(uint32_t invokeId, ByteBuffer* request, const char* domainId, const char* itemId, MmsValue* startingTime, MmsValue* endingTime)"
mmsClient_createReadJournalRequestWithTimeRange,declaration,(unknown),,"invokeId, payload, domainId, itemId, startTime, endTime",mms/iso_mms/client/mms_client_connection.c,3679,"mmsClient_createReadJournalRequestWithTimeRange(invokeId, payload, domainId, itemId, startTime, endTime)"
mmsClient_createReadJournalRequestWithTimeRange,definition,void,,"uint32_t invokeId, ByteBuffer* request, const char* domainId, const char* itemId, MmsValue* startingTime, MmsValue* endingTime",mms/iso_mms/client/mms_client_journals.c,489,"void mmsClient_createReadJournalRequestWithTimeRange(uint32_t invokeId, ByteBuffer* request, const char* domainId, const char* itemId, MmsValue* startingTime, MmsValue* endingTime)"
mmsClient_createReadNamedVariableListRequest,declaration,LIB61850_INTERNAL int,,"uint32_t invokeId, const char* domainId, const char* itemId, ByteBuffer* writeBuffer, bool specWithResult",mms/inc_private/mms_client_internal.h,197,"LIB61850_INTERNAL int mmsClient_createReadNamedVariableListRequest(uint32_t invokeId, const char* domainId, const char* itemId, ByteBuffer* writeBuffer, bool specWithResult)"
mmsClient_createReadNamedVariableListRequest,declaration,(unknown),,"invokeId, domainId, listName, payload, specWithResult",mms/iso_mms/client/mms_client_connection.c,2752,"mmsClient_createReadNamedVariableListRequest(invokeId, domainId, listName, payload, specWithResult)"
mmsClient_createReadNamedVariableListRequest,definition,int,,"uint32_t invokeId, const char* domainId, const char* itemId, ByteBuffer* writeBuffer, bool specWithResult",mms/iso_mms/client/mms_client_read.c,433,"int mmsClient_createReadNamedVariableListRequest(uint32_t invokeId, const char* domainId, const char* itemId, ByteBuffer* writeBuffer, bool specWithResult)"
mmsClient_createReadRequest,declaration,LIB61850_INTERNAL int,,"uint32_t invokeId, const char* domainId, const char* itemId, ByteBuffer* writeBuffer",mms/inc_private/mms_client_internal.h,179,"LIB61850_INTERNAL int mmsClient_createReadRequest(uint32_t invokeId, const char* domainId, const char* itemId, ByteBuffer* writeBuffer)"
mmsClient_createReadRequest,declaration,(unknown),,"invokeId, domainId, itemId, payload",mms/iso_mms/client/mms_client_connection.c,2372,"mmsClient_createReadRequest(invokeId, domainId, itemId, payload)"
mmsClient_createReadRequest,definition,int,,"uint32_t invokeId, const char* domainId, const char* itemId, ByteBuffer* writeBuffer",mms/iso_mms/client/mms_client_read.c,515,"int mmsClient_createReadRequest(uint32_t invokeId, const char* domainId, const char* itemId, ByteBuffer* writeBuffer)"
mmsClient_createReadRequestAlternateAccessIndex,declaration,LIB61850_INTERNAL int,,"uint32_t invokeId, const char* domainId, const char* itemId, uint32_t index, uint32_t elementCount, ByteBuffer* writeBuffer",mms/inc_private/mms_client_internal.h,185,"LIB61850_INTERNAL int mmsClient_createReadRequestAlternateAccessIndex(uint32_t invokeId, const char* domainId, const char* itemId, uint32_t index, uint32_t elementCount, ByteBuffer* writeBuffer)"
mmsClient_createReadRequestAlternateAccessIndex,declaration,(unknown),,"invokeId, domainId, itemId, startIndex, numberOfElements, payload",mms/iso_mms/client/mms_client_connection.c,2540,"mmsClient_createReadRequestAlternateAccessIndex(invokeId, domainId, itemId, startIndex, numberOfElements, payload)"
mmsClient_createReadRequestAlternateAccessIndex,definition,int,,"uint32_t invokeId, const char* domainId, const char* itemId, uint32_t index, uint32_t elementCount, ByteBuffer* writeBuffer",mms/iso_mms/client/mms_client_read.c,705,"int mmsClient_createReadRequestAlternateAccessIndex(uint32_t invokeId, const char* domainId, const char* itemId, uint32_t index, uint32_t elementCount, ByteBuffer* writeBuffer)"
mmsClient_createReadRequestAlternateAccessSingleIndexComponent,declaration,LIB61850_INTERNAL int,,"uint32_t invokeId, const char* domainId, const char* itemId, uint32_t index, const char* component, ByteBuffer* writeBuffer",mms/inc_private/mms_client_internal.h,189,"LIB61850_INTERNAL int mmsClient_createReadRequestAlternateAccessSingleIndexComponent(uint32_t invokeId, const char* domainId, const char* itemId, uint32_t index, const char* component, ByteBuffer* writeBuffer)"
mmsClient_createReadRequestAlternateAccessSingleIndexComponent,declaration,(unknown),,"invokeId, domainId, itemId, index, componentId, payload",mms/iso_mms/client/mms_client_connection.c,2610,"mmsClient_createReadRequestAlternateAccessSingleIndexComponent(invokeId, domainId, itemId, index, componentId, payload)"
mmsClient_createReadRequestAlternateAccessSingleIndexComponent,definition,int,,"uint32_t invokeId, const char* domainId, const char* itemId, uint32_t arrayIndex, const char* component, ByteBuffer* writeBuffer",mms/iso_mms/client/mms_client_read.c,740,"int mmsClient_createReadRequestAlternateAccessSingleIndexComponent(uint32_t invokeId, const char* domainId, const char* itemId, uint32_t arrayIndex, const char* component, ByteBuffer* writeBuffer)"
mmsClient_createReadRequestComponent,declaration,LIB61850_INTERNAL int,,"uint32_t invokeId, const char* domainId, const char* itemId, const char* component, ByteBuffer* writeBuffer",mms/inc_private/mms_client_internal.h,182,"LIB61850_INTERNAL int mmsClient_createReadRequestComponent(uint32_t invokeId, const char* domainId, const char* itemId, const char* component, ByteBuffer* writeBuffer)"
mmsClient_createReadRequestComponent,declaration,(unknown),,"invokeId, domainId, itemId, componentId, payload",mms/iso_mms/client/mms_client_connection.c,2439,"mmsClient_createReadRequestComponent(invokeId, domainId, itemId, componentId, payload)"
mmsClient_createReadRequestComponent,definition,int,,"uint32_t invokeId, const char* domainId, const char* itemId, const char* component, ByteBuffer* writeBuffer",mms/iso_mms/client/mms_client_read.c,656,"int mmsClient_createReadRequestComponent(uint32_t invokeId, const char* domainId, const char* itemId, const char* component, ByteBuffer* writeBuffer)"
mmsClient_createReadRequestMultipleValues,declaration,LIB61850_INTERNAL int,,"uint32_t invokeId, const char* domainId, LinkedList items, ByteBuffer* writeBuffer",mms/inc_private/mms_client_internal.h,193,"LIB61850_INTERNAL int mmsClient_createReadRequestMultipleValues(uint32_t invokeId, const char* domainId, LinkedList items, ByteBuffer* writeBuffer)"
mmsClient_createReadRequestMultipleValues,definition,int,,"uint32_t invokeId, const char* domainId, LinkedList items, ByteBuffer* writeBuffer",mms/iso_mms/client/mms_client_read.c,788,"int mmsClient_createReadRequestMultipleValues(uint32_t invokeId, const char* domainId, LinkedList items, ByteBuffer* writeBuffer)"
mmsClient_createStatusRequest,declaration,LIB61850_INTERNAL void,,"uint32_t invokeId, ByteBuffer* request, bool extendedDerivation",mms/inc_private/mms_client_internal.h,290,"LIB61850_INTERNAL void mmsClient_createStatusRequest(uint32_t invokeId, ByteBuffer* request, bool extendedDerivation)"
mmsClient_createStatusRequest,declaration,(unknown),,"invokeId, payload, extendedDerivation",mms/iso_mms/client/mms_client_connection.c,3525,"mmsClient_createStatusRequest(invokeId, payload, extendedDerivation)"
mmsClient_createWriteMultipleItemsRequest,declaration,LIB61850_INTERNAL int,,"uint32_t invokeId, const char* domainId, LinkedList itemIds, LinkedList values, ByteBuffer* writeBuffer",mms/inc_private/mms_client_internal.h,239,"LIB61850_INTERNAL int mmsClient_createWriteMultipleItemsRequest(uint32_t invokeId, const char* domainId, LinkedList itemIds, LinkedList values, ByteBuffer* writeBuffer)"
mmsClient_createWriteMultipleItemsRequest,definition,int,,"uint32_t invokeId, const char* domainId, LinkedList itemIds, LinkedList values, ByteBuffer* writeBuffer",mms/iso_mms/client/mms_client_write.c,234,"int mmsClient_createWriteMultipleItemsRequest(uint32_t invokeId, const char* domainId, LinkedList itemIds, LinkedList values, ByteBuffer* writeBuffer)"
mmsClient_createWriteRequest,declaration,LIB61850_INTERNAL int,,"uint32_t invokeId, const char* domainId, const char* itemId, MmsValue* value, ByteBuffer* writeBuffer",mms/inc_private/mms_client_internal.h,235,"LIB61850_INTERNAL int mmsClient_createWriteRequest(uint32_t invokeId, const char* domainId, const char* itemId, MmsValue* value, ByteBuffer* writeBuffer)"
mmsClient_createWriteRequest,declaration,(unknown),,"invokeId, domainId, itemId, value, payload",mms/iso_mms/client/mms_client_connection.c,4514,"mmsClient_createWriteRequest(invokeId, domainId, itemId, value, payload)"
mmsClient_createWriteRequest,definition,int,,"uint32_t invokeId, const char* domainId, const char* itemId, MmsValue* value, ByteBuffer* writeBuffer",mms/iso_mms/client/mms_client_write.c,305,"int mmsClient_createWriteRequest(uint32_t invokeId, const char* domainId, const char* itemId, MmsValue* value, ByteBuffer* writeBuffer)"
mmsClient_createWriteRequestAlternateAccessSingleIndexComponent,declaration,LIB61850_INTERNAL int,,"uint32_t invokeId, const char* domainId, const char* itemId, uint32_t arrayIndex, const char* component, MmsValue* value, ByteBuffer* writeBuffer",mms/inc_private/mms_client_internal.h,257,"LIB61850_INTERNAL int mmsClient_createWriteRequestAlternateAccessSingleIndexComponent(uint32_t invokeId, const char* domainId, const char* itemId, uint32_t arrayIndex, const char* component, MmsValue* value, ByteBuffer* writeBuffer)"
mmsClient_createWriteRequestAlternateAccessSingleIndexComponent,declaration,(unknown),,"invokeId, domainId, itemId, arrayIndex, componentId, value, payload",mms/iso_mms/client/mms_client_connection.c,4580,"mmsClient_createWriteRequestAlternateAccessSingleIndexComponent(invokeId, domainId, itemId, arrayIndex, componentId, value, payload)"
mmsClient_createWriteRequestAlternateAccessSingleIndexComponent,definition,int,,"uint32_t invokeId, const char* domainId, const char* itemId, uint32_t arrayIndex, const char* component, MmsValue* value, ByteBuffer* writeBuffer",mms/iso_mms/client/mms_client_write.c,550,"int mmsClient_createWriteRequestAlternateAccessSingleIndexComponent(uint32_t invokeId, const char* domainId, const char* itemId, uint32_t arrayIndex, const char* component, MmsValue* value, ByteBuffer* writeBuffer)"
mmsClient_createWriteRequestArray,declaration,LIB61850_INTERNAL int,,"uint32_t invokeId, const char* domainId, const char* itemId, int startIndex, int elementCount, MmsValue* value, ByteBuffer* writeBuffer",mms/inc_private/mms_client_internal.h,247,"LIB61850_INTERNAL int mmsClient_createWriteRequestArray(uint32_t invokeId, const char* domainId, const char* itemId, int startIndex, int elementCount, MmsValue* value, ByteBuffer* writeBuffer)"
mmsClient_createWriteRequestArray,declaration,(unknown),,"invokeId, domainId, itemId, index, numberOfElements, value, payload",mms/iso_mms/client/mms_client_connection.c,4812,"mmsClient_createWriteRequestArray(invokeId, domainId, itemId, index, numberOfElements, value, payload)"
mmsClient_createWriteRequestArray,definition,int,,"uint32_t invokeId, const char* domainId, const char* itemId, int startIndex, int elementCount, MmsValue* value, ByteBuffer* writeBuffer",mms/iso_mms/client/mms_client_write.c,434,"int mmsClient_createWriteRequestArray(uint32_t invokeId, const char* domainId, const char* itemId, int startIndex, int elementCount, MmsValue* value, ByteBuffer* writeBuffer)"
mmsClient_createWriteRequestComponent,declaration,LIB61850_INTERNAL int,,"uint32_t invokeId, const char* domainId, const char* itemId, const char* component, MmsValue* value, ByteBuffer* writeBuffer",mms/inc_private/mms_client_internal.h,252,"LIB61850_INTERNAL int mmsClient_createWriteRequestComponent(uint32_t invokeId, const char* domainId, const char* itemId, const char* component, MmsValue* value, ByteBuffer* writeBuffer)"
mmsClient_createWriteRequestComponent,declaration,(unknown),,"invokeId, domainId, itemId, componentId, value, payload",mms/iso_mms/client/mms_client_connection.c,4646,"mmsClient_createWriteRequestComponent(invokeId, domainId, itemId, componentId, value, payload)"
mmsClient_createWriteRequestComponent,definition,int,,"uint32_t invokeId, const char* domainId, const char* itemId, const char* component, MmsValue* value, ByteBuffer* writeBuffer",mms/iso_mms/client/mms_client_write.c,493,"int mmsClient_createWriteRequestComponent(uint32_t invokeId, const char* domainId, const char* itemId, const char* component, MmsValue* value, ByteBuffer* writeBuffer)"
mmsClient_createWriteRequestNamedVariableList,declaration,LIB61850_INTERNAL int,,"uint32_t invokeId, bool isAssociationSpecific, const char* domainId, const char* itemId, LinkedList values, ByteBuffer* writeBuffer",mms/inc_private/mms_client_internal.h,243,"LIB61850_INTERNAL int mmsClient_createWriteRequestNamedVariableList(uint32_t invokeId, bool isAssociationSpecific, const char* domainId, const char* itemId, LinkedList values, ByteBuffer* writeBuffer)"
mmsClient_createWriteRequestNamedVariableList,declaration,(unknown),,"invokeId, isAssociationSpecific, domainId, itemId, values, payload",mms/iso_mms/client/mms_client_connection.c,4885,"mmsClient_createWriteRequestNamedVariableList(invokeId, isAssociationSpecific, domainId, itemId, values, payload)"
mmsClient_createWriteRequestNamedVariableList,definition,int,,"uint32_t invokeId, bool isAssociationSpecific, const char* domainId, const char* itemId, LinkedList values, ByteBuffer* writeBuffer",mms/iso_mms/client/mms_client_write.c,355,"int mmsClient_createWriteRequestNamedVariableList(uint32_t invokeId, bool isAssociationSpecific, const char* domainId, const char* itemId, LinkedList values, ByteBuffer* writeBuffer)"
mmsClient_deleteAlternateAccess,declaration,LIB61850_INTERNAL void,,AlternateAccess_t* alternateAccess,mms/inc_private/mms_client_internal.h,154,LIB61850_INTERNAL void mmsClient_deleteAlternateAccess(AlternateAccess_t* alternateAccess)
mmsClient_deleteAlternateAccess,declaration,(unknown),,alternateAccess->list.array[0]->choice.unnamed->choice.selectAlternateAccess.alternateAccess,mms/iso_mms/client/mms_client_common.c,108,mmsClient_deleteAlternateAccess(alternateAccess->list.array[0]->choice.unnamed->choice.selectAlternateAccess.alternateAccess)
mmsClient_deleteAlternateAccess,declaration,(unknown),,variableIdentifier->alternateAccess,mms/iso_mms/client/mms_client_write.c,471,mmsClient_deleteAlternateAccess(variableIdentifier->alternateAccess)
mmsClient_deleteAlternateAccess,declaration,(unknown),,variableIdentifier->alternateAccess,mms/iso_mms/client/mms_client_write.c,530,mmsClient_deleteAlternateAccess(variableIdentifier->alternateAccess)
mmsClient_deleteAlternateAccess,declaration,(unknown),,variableIdentifier->alternateAccess,mms/iso_mms/client/mms_client_write.c,589,mmsClient_deleteAlternateAccess(variableIdentifier->alternateAccess)
mmsClient_deleteAlternateAccess,definition,void,,AlternateAccess_t* alternateAccess,mms/iso_mms/client/mms_client_common.c,87,void mmsClient_deleteAlternateAccess(AlternateAccess_t* alternateAccess)
mmsClient_deleteAlternateAccessIndexComponent,declaration,LIB61850_INTERNAL void,,AlternateAccess_t* alternateAccess,mms/inc_private/mms_client_internal.h,160,LIB61850_INTERNAL void mmsClient_deleteAlternateAccessIndexComponent(AlternateAccess_t* alternateAccess)
mmsClient_getInvokeId,declaration,LIB61850_INTERNAL uint32_t,,ConfirmedResponsePdu_t* confirmedResponse,mms/inc_private/mms_client_internal.h,139,LIB61850_INTERNAL uint32_t mmsClient_getInvokeId(ConfirmedResponsePdu_t* confirmedResponse)
mmsClient_getInvokeId,definition,uint32_t,,ConfirmedResponsePdu_t* confirmedResponse,mms/iso_mms/client/mms_client_common.c,24,uint32_t mmsClient_getInvokeId(ConfirmedResponsePdu_t* confirmedResponse)
mmsClient_getMatchingObtainFileRequest,declaration,LIB61850_INTERNAL MmsOutstandingCall,,"MmsConnection self, const char* filename",mms/inc_private/mms_client_internal.h,363,"LIB61850_INTERNAL MmsOutstandingCall mmsClient_getMatchingObtainFileRequest(MmsConnection self, const char* filename)"
mmsClient_getMatchingObtainFileRequest,declaration,MmsOutstandingCall obtainFileCall =,,"connection, filename",mms/iso_mms/client/mms_client_files.c,117,"MmsOutstandingCall obtainFileCall = mmsClient_getMatchingObtainFileRequest(connection, filename)"
mmsClient_getMatchingObtainFileRequest,definition,MmsOutstandingCall,,"MmsConnection self, const char* filename",mms/iso_mms/client/mms_client_connection.c,313,"MmsOutstandingCall mmsClient_getMatchingObtainFileRequest(MmsConnection self, const char* filename)"
mmsClient_getNameList,declaration,return,,"self, mmsError, NULL, MMS_OBJECT_CLASS_NAMED_VARIABLE, false",mms/iso_mms/client/mms_client_connection.c,2252,"return mmsClient_getNameList(self, mmsError, NULL, MMS_OBJECT_CLASS_NAMED_VARIABLE, false)"
mmsClient_getNameList,declaration,return,,"self, mmsError, NULL, MMS_OBJECT_CLASS_DOMAIN, false",mms/iso_mms/client/mms_client_connection.c,2266,"return mmsClient_getNameList(self, mmsError, NULL, MMS_OBJECT_CLASS_DOMAIN, false)"
mmsClient_getNameList,declaration,return,,"self, mmsError, domainId, MMS_OBJECT_CLASS_NAMED_VARIABLE, false",mms/iso_mms/client/mms_client_connection.c,2280,"return mmsClient_getNameList(self, mmsError, domainId, MMS_OBJECT_CLASS_NAMED_VARIABLE, false)"
mmsClient_getNameList,declaration,return,,"self, mmsError, domainId, MMS_OBJECT_CLASS_NAMED_VARIABLE_LIST, false",mms/iso_mms/client/mms_client_connection.c,2294,"return mmsClient_getNameList(self, mmsError, domainId, MMS_OBJECT_CLASS_NAMED_VARIABLE_LIST, false)"
mmsClient_getNameList,declaration,return,,"self, mmsError, domainId, MMS_OBJECT_CLASS_JOURNAL, false",mms/iso_mms/client/mms_client_connection.c,2308,"return mmsClient_getNameList(self, mmsError, domainId, MMS_OBJECT_CLASS_JOURNAL, false)"
mmsClient_getNameList,declaration,return,,"self, mmsError, NULL, MMS_OBJECT_CLASS_NAMED_VARIABLE_LIST, true",mms/iso_mms/client/mms_client_connection.c,2322,"return mmsClient_getNameList(self, mmsError, NULL, MMS_OBJECT_CLASS_NAMED_VARIABLE_LIST, true)"
mmsClient_getNameList,definition,LinkedList,static,"MmsConnection self, MmsError *mmsError, const char* domainId, MmsObjectClass objectClass, bool associationSpecific",mms/iso_mms/client/mms_client_connection.c,2171,"static LinkedList mmsClient_getNameList(MmsConnection self, MmsError *mmsError, const char* domainId, MmsObjectClass objectClass, bool associationSpecific)"
mmsClient_getNameListSingleRequestAsync,declaration,(unknown),,"self, NULL, &err, domainId, objectClass, associationSpecific, NULL, getNameListHandler, &parameter, NULL",mms/iso_mms/client/mms_client_connection.c,2190,"mmsClient_getNameListSingleRequestAsync(self, NULL, &err, domainId, objectClass, associationSpecific, NULL, getNameListHandler, &parameter, NULL)"
mmsClient_getNameListSingleRequestAsync,declaration,(unknown),,"self, NULL, &err, domainId, objectClass, associationSpecific, continueAfter, getNameListHandler, &parameter, list",mms/iso_mms/client/mms_client_connection.c,2214,"mmsClient_getNameListSingleRequestAsync(self, NULL, &err, domainId, objectClass, associationSpecific, continueAfter, getNameListHandler, &parameter, list)"
mmsClient_getNameListSingleRequestAsync,declaration,(unknown),,"self, usedInvokeId, mmsError, NULL, MMS_OBJECT_CLASS_NAMED_VARIABLE, false, continueAfter, handler, parameter, NULL",mms/iso_mms/client/mms_client_connection.c,2259,"mmsClient_getNameListSingleRequestAsync(self, usedInvokeId, mmsError, NULL, MMS_OBJECT_CLASS_NAMED_VARIABLE, false, continueAfter, handler, parameter, NULL)"
mmsClient_getNameListSingleRequestAsync,declaration,(unknown),,"self, usedInvokeId, mmsError, NULL, MMS_OBJECT_CLASS_DOMAIN, false, continueAfter, handler, parameter, result",mms/iso_mms/client/mms_client_connection.c,2273,"mmsClient_getNameListSingleRequestAsync(self, usedInvokeId, mmsError, NULL, MMS_OBJECT_CLASS_DOMAIN, false, continueAfter, handler, parameter, result)"
mmsClient_getNameListSingleRequestAsync,declaration,(unknown),,"self, usedInvokeId, mmsError, domainId, MMS_OBJECT_CLASS_NAMED_VARIABLE, false, continueAfter, handler, parameter, result",mms/iso_mms/client/mms_client_connection.c,2287,"mmsClient_getNameListSingleRequestAsync(self, usedInvokeId, mmsError, domainId, MMS_OBJECT_CLASS_NAMED_VARIABLE, false, continueAfter, handler, parameter, result)"
mmsClient_getNameListSingleRequestAsync,declaration,(unknown),,"self, usedInvokeId, mmsError, domainId, MMS_OBJECT_CLASS_NAMED_VARIABLE_LIST, false, continueAfter, handler, parameter, result",mms/iso_mms/client/mms_client_connection.c,2301,"mmsClient_getNameListSingleRequestAsync(self, usedInvokeId, mmsError, domainId, MMS_OBJECT_CLASS_NAMED_VARIABLE_LIST, false, continueAfter, handler, parameter, result)"
mmsClient_getNameListSingleRequestAsync,declaration,(unknown),,"self, usedInvokeId, mmsError, domainId, MMS_OBJECT_CLASS_JOURNAL, false, continueAfter, handler, parameter, NULL",mms/iso_mms/client/mms_client_connection.c,2315,"mmsClient_getNameListSingleRequestAsync(self, usedInvokeId, mmsError, domainId, MMS_OBJECT_CLASS_JOURNAL, false, continueAfter, handler, parameter, NULL)"
mmsClient_getNameListSingleRequestAsync,declaration,(unknown),,"self, usedInvokeId, mmsError, NULL, MMS_OBJECT_CLASS_NAMED_VARIABLE_LIST, true, continueAfter, handler, parameter, NULL",mms/iso_mms/client/mms_client_connection.c,2329,"mmsClient_getNameListSingleRequestAsync(self, usedInvokeId, mmsError, NULL, MMS_OBJECT_CLASS_NAMED_VARIABLE_LIST, true, continueAfter, handler, parameter, NULL)"
mmsClient_getNameListSingleRequestAsync,definition,void,static,"MmsConnection self, uint32_t* usedInvokeId, MmsError* mmsError, const char* domainId, MmsObjectClass objectClass, bool associationSpecific, const char* continueAfter, MmsConnection_GetNameListHandler handler, void* parameter, LinkedList nameList",mms/iso_mms/client/mms_client_connection.c,2096,"static void mmsClient_getNameListSingleRequestAsync( MmsConnection self, uint32_t* usedInvokeId, MmsError* mmsError, const char* domainId, MmsObjectClass objectClass, bool associationSpecific, const char* continueAfter, MmsConnection_GetNameListHandler handler, void* parameter, LinkedList nameList)"
mmsClient_handleFileCloseRequest,declaration,LIB61850_INTERNAL void,,"MmsConnection connection, uint8_t* buffer, int bufPos, int maxBufPos, uint32_t invokeId, ByteBuffer* response",mms/inc_private/mms_client_internal.h,353,"LIB61850_INTERNAL void mmsClient_handleFileCloseRequest( MmsConnection connection, uint8_t* buffer, int bufPos, int maxBufPos, uint32_t invokeId, ByteBuffer* response)"
mmsClient_handleFileCloseRequest,declaration,(unknown),,"self, buf, bufPos, bufPos + length, invokeId, response",mms/iso_mms/client/mms_client_connection.c,1487,"mmsClient_handleFileCloseRequest(self, buf, bufPos, bufPos + length, invokeId, response)"
mmsClient_handleFileCloseRequest,definition,void,,"MmsConnection connection, uint8_t* buffer, int bufPos, int maxBufPos, uint32_t invokeId, ByteBuffer* response",mms/iso_mms/client/mms_client_files.c,184,"void mmsClient_handleFileCloseRequest( MmsConnection connection, uint8_t* buffer, int bufPos, int maxBufPos, uint32_t invokeId, ByteBuffer* response)"
mmsClient_handleFileOpenRequest,declaration,LIB61850_INTERNAL void,,"MmsConnection connection, uint8_t* buffer, int bufPos, int maxBufPos, uint32_t invokeId, ByteBuffer* response",mms/inc_private/mms_client_internal.h,341,"LIB61850_INTERNAL void mmsClient_handleFileOpenRequest(MmsConnection connection, uint8_t* buffer, int bufPos, int maxBufPos, uint32_t invokeId, ByteBuffer* response)"
mmsClient_handleFileOpenRequest,declaration,(unknown),,"self, buf, bufPos, bufPos + length, invokeId, response",mms/iso_mms/client/mms_client_connection.c,1461,"mmsClient_handleFileOpenRequest(self, buf, bufPos, bufPos + length, invokeId, response)"
mmsClient_handleFileOpenRequest,definition,void,,"MmsConnection connection, uint8_t* buffer, int bufPos, int maxBufPos, uint32_t invokeId, ByteBuffer* response",mms/iso_mms/client/mms_client_files.c,60,"void mmsClient_handleFileOpenRequest( MmsConnection connection, uint8_t* buffer, int bufPos, int maxBufPos, uint32_t invokeId, ByteBuffer* response)"
mmsClient_handleFileReadRequest,declaration,LIB61850_INTERNAL void,,"MmsConnection connection, uint8_t* buffer, int bufPos, int maxBufPos, uint32_t invokeId, ByteBuffer* response",mms/inc_private/mms_client_internal.h,346,"LIB61850_INTERNAL void mmsClient_handleFileReadRequest( MmsConnection connection, uint8_t* buffer, int bufPos, int maxBufPos, uint32_t invokeId, ByteBuffer* response)"
mmsClient_handleFileReadRequest,declaration,(unknown),,"self, buf, bufPos, bufPos + length, invokeId, response",mms/iso_mms/client/mms_client_connection.c,1474,"mmsClient_handleFileReadRequest(self, buf, bufPos, bufPos + length, invokeId, response)"
mmsClient_handleFileReadRequest,definition,void,,"MmsConnection connection, uint8_t* buffer, int bufPos, int maxBufPos, uint32_t invokeId, ByteBuffer* response",mms/iso_mms/client/mms_client_files.c,160,"void mmsClient_handleFileReadRequest( MmsConnection connection, uint8_t* buffer, int bufPos, int maxBufPos, uint32_t invokeId, ByteBuffer* response)"
mmsClient_parseDefineNamedVariableResponse,declaration,LIB61850_INTERNAL bool,,"ByteBuffer* message, uint32_t* invokeId",mms/inc_private/mms_client_internal.h,268,"LIB61850_INTERNAL bool mmsClient_parseDefineNamedVariableResponse(ByteBuffer* message, uint32_t* invokeId)"
mmsClient_parseDefineNamedVariableResponse,definition,bool,,"ByteBuffer* message, uint32_t* invokeId",mms/iso_mms/client/mms_client_named_variable_list.c,405,"bool mmsClient_parseDefineNamedVariableResponse(ByteBuffer* message, uint32_t* invokeId)"
mmsClient_parseDeleteNamedVariableListResponse,declaration,LIB61850_INTERNAL bool,,"ByteBuffer* message, uint32_t* invokeId, long* numberDeleted, long* numberMatched",mms/inc_private/mms_client_internal.h,275,"LIB61850_INTERNAL bool mmsClient_parseDeleteNamedVariableListResponse(ByteBuffer* message, uint32_t* invokeId, long* numberDeleted, long* numberMatched)"
mmsClient_parseDeleteNamedVariableListResponse,definition,bool,,"ByteBuffer* message, uint32_t* invokeId, long* numberDeleted, long* numberMatched",mms/iso_mms/client/mms_client_named_variable_list.c,94,"bool mmsClient_parseDeleteNamedVariableListResponse(ByteBuffer* message, uint32_t* invokeId, long* numberDeleted, long* numberMatched)"
mmsClient_parseFileDirectoryResponse,declaration,LIB61850_INTERNAL bool,,"ByteBuffer* response, int bufPos, uint32_t invokeId, MmsConnection_FileDirectoryHandler handler, void* parameter",mms/inc_private/mms_client_internal.h,317,"LIB61850_INTERNAL bool mmsClient_parseFileDirectoryResponse(ByteBuffer* response, int bufPos, uint32_t invokeId, MmsConnection_FileDirectoryHandler handler, void* parameter)"
mmsClient_parseFileDirectoryResponse,definition,bool,,"ByteBuffer* response, int bufPos, uint32_t invokeId, MmsConnection_FileDirectoryHandler handler, void* parameter",mms/iso_mms/client/mms_client_files.c,602,"bool mmsClient_parseFileDirectoryResponse(ByteBuffer* response, int bufPos, uint32_t invokeId, MmsConnection_FileDirectoryHandler handler, void* parameter)"
mmsClient_parseGetNameListResponse,declaration,LIB61850_INTERNAL bool,,"LinkedList* nameList, ByteBuffer* message",mms/inc_private/mms_client_internal.h,169,"LIB61850_INTERNAL bool mmsClient_parseGetNameListResponse(LinkedList* nameList, ByteBuffer* message)"
mmsClient_parseGetNameListResponse,declaration,bool moreFollows =,,"&nameList, response",mms/iso_mms/client/mms_client_connection.c,951,"bool moreFollows = mmsClient_parseGetNameListResponse(&nameList, response)"
mmsClient_parseGetNameListResponse,definition,bool,,"LinkedList* nameList, ByteBuffer* message",mms/iso_mms/client/mms_client_get_namelist.c,87,"bool mmsClient_parseGetNameListResponse(LinkedList* nameList, ByteBuffer* message)"
mmsClient_parseGetNamedVariableListAttributesResponse,declaration,LIB61850_INTERNAL LinkedList,,"ByteBuffer* message, bool* deletable",mms/inc_private/mms_client_internal.h,216,"LIB61850_INTERNAL LinkedList mmsClient_parseGetNamedVariableListAttributesResponse(ByteBuffer* message, bool* deletable)"
mmsClient_parseGetNamedVariableListAttributesResponse,declaration,LinkedList accessSpec =,,"response, &deletable",mms/iso_mms/client/mms_client_connection.c,795,"LinkedList accessSpec = mmsClient_parseGetNamedVariableListAttributesResponse(response, &deletable)"
mmsClient_parseGetNamedVariableListAttributesResponse,definition,LinkedList,,"ByteBuffer* message, bool* deletable",mms/iso_mms/client/mms_client_named_variable_list.c,274,"LinkedList mmsClient_parseGetNamedVariableListAttributesResponse(ByteBuffer* message, bool* deletable)"
mmsClient_parseGetVariableAccessAttributesResponse,declaration,LIB61850_INTERNAL MmsVariableSpecification*,,"ByteBuffer* message, uint32_t* invokeId",mms/inc_private/mms_client_internal.h,225,"LIB61850_INTERNAL MmsVariableSpecification* mmsClient_parseGetVariableAccessAttributesResponse(ByteBuffer* message, uint32_t* invokeId)"
mmsClient_parseGetVariableAccessAttributesResponse,declaration,MmsVariableSpecification* typeSpec =,,"response, NULL",mms/iso_mms/client/mms_client_connection.c,869,"MmsVariableSpecification* typeSpec = mmsClient_parseGetVariableAccessAttributesResponse(response, NULL)"
mmsClient_parseGetVariableAccessAttributesResponse,definition,MmsVariableSpecification*,,"ByteBuffer* message, uint32_t* invokeId",mms/iso_mms/client/mms_client_get_var_access.c,109,"MmsVariableSpecification* mmsClient_parseGetVariableAccessAttributesResponse(ByteBuffer* message, uint32_t* invokeId)"
mmsClient_parseIdentifyResponse,declaration,LIB61850_INTERNAL bool,,"MmsConnection self, ByteBuffer* response, uint32_t bufPos, uint32_t invokeId, MmsConnection_IdentifyHandler handler, void* parameter",mms/inc_private/mms_client_internal.h,287,"LIB61850_INTERNAL bool mmsClient_parseIdentifyResponse(MmsConnection self, ByteBuffer* response, uint32_t bufPos, uint32_t invokeId, MmsConnection_IdentifyHandler handler, void* parameter)"
mmsClient_parseIdentifyResponse,definition,bool,,"MmsConnection self, ByteBuffer* response, uint32_t respBufPos, uint32_t invokeId, MmsConnection_IdentifyHandler handler, void* parameter",mms/iso_mms/client/mms_client_identify.c,29,"bool mmsClient_parseIdentifyResponse(MmsConnection self, ByteBuffer* response, uint32_t respBufPos, uint32_t invokeId, MmsConnection_IdentifyHandler handler, void* parameter)"
mmsClient_parseInitiateResponse,declaration,LIB61850_INTERNAL bool,,"MmsConnection self, ByteBuffer* response",mms/inc_private/mms_client_internal.h,320,"LIB61850_INTERNAL bool mmsClient_parseInitiateResponse(MmsConnection self, ByteBuffer* response)"
mmsClient_parseInitiateResponse,definition,bool,,"MmsConnection self, ByteBuffer* response",mms/iso_mms/client/mms_client_initiate.c,142,"bool mmsClient_parseInitiateResponse(MmsConnection self, ByteBuffer* response)"
mmsClient_parseListOfAccessResults,declaration,LIB61850_INTERNAL MmsValue*,,"AccessResult_t** accessResultList, int listSize, bool createArray",mms/inc_private/mms_client_internal.h,136,"LIB61850_INTERNAL MmsValue* mmsClient_parseListOfAccessResults(AccessResult_t** accessResultList, int listSize, bool createArray)"
mmsClient_parseListOfAccessResults,declaration,MmsValue* values =,,"report->listOfAccessResult.list.array, listSize, true",mms/iso_mms/client/mms_client_connection.c,85,"MmsValue* values = mmsClient_parseListOfAccessResults( report->listOfAccessResult.list.array, listSize, true)"
mmsClient_parseListOfAccessResults,declaration,MmsValue* values =,,"report->listOfAccessResult.list.array, listSize, false",mms/iso_mms/client/mms_client_connection.c,109,"MmsValue* values = mmsClient_parseListOfAccessResults( report->listOfAccessResult.list.array, listSize, false)"
mmsClient_parseListOfAccessResults,declaration,valueList =,,"response->listOfAccessResult.list.array, elementCount, createArray",mms/iso_mms/client/mms_client_read.c,413,"valueList = mmsClient_parseListOfAccessResults(response->listOfAccessResult.list.array, elementCount, createArray)"
mmsClient_parseReadJournalResponse,declaration,LIB61850_INTERNAL bool,,"ByteBuffer* response, int respBufPos, bool* moreFollows, LinkedList* result",mms/inc_private/mms_client_internal.h,338,"LIB61850_INTERNAL bool mmsClient_parseReadJournalResponse(ByteBuffer* response, int respBufPos, bool* moreFollows, LinkedList* result)"
mmsClient_parseReadJournalResponse,definition,bool,,"ByteBuffer* response, int respBufPos, bool* moreFollows, LinkedList* result",mms/iso_mms/client/mms_client_journals.c,389,"bool mmsClient_parseReadJournalResponse(ByteBuffer* response, int respBufPos, bool* moreFollows, LinkedList* result)"
mmsClient_parseReadResponse,declaration,LIB61850_INTERNAL MmsValue*,,"ByteBuffer* message, uint32_t* invokeId, bool createArray",mms/inc_private/mms_client_internal.h,176,"LIB61850_INTERNAL MmsValue* mmsClient_parseReadResponse(ByteBuffer* message, uint32_t* invokeId, bool createArray)"
mmsClient_parseReadResponse,declaration,MmsValue* value =,,"response, NULL, false",mms/iso_mms/client/mms_client_connection.c,708,"MmsValue* value = mmsClient_parseReadResponse(response, NULL, false)"
mmsClient_parseReadResponse,declaration,MmsValue* value =,,"response, NULL, true",mms/iso_mms/client/mms_client_connection.c,731,"MmsValue* value = mmsClient_parseReadResponse(response, NULL, true)"
mmsClient_parseReadResponse,definition,MmsValue*,,"ByteBuffer* message, uint32_t* invokeId, bool createArray",mms/iso_mms/client/mms_client_read.c,391,"MmsValue* mmsClient_parseReadResponse(ByteBuffer* message, uint32_t* invokeId, bool createArray)"
mmsClient_parseStatusResponse,declaration,LIB61850_INTERNAL bool,,"MmsConnection self, ByteBuffer* response, int bufPos, int* vmdLogicalStatus, int* vmdPhysicalStatus",mms/inc_private/mms_client_internal.h,293,"LIB61850_INTERNAL bool mmsClient_parseStatusResponse(MmsConnection self, ByteBuffer* response, int bufPos, int* vmdLogicalStatus, int* vmdPhysicalStatus)"
mmsClient_parseStatusResponse,definition,bool,,"MmsConnection self, ByteBuffer* response, int bufPos, int* vmdLogicalStatus, int* vmdPhysicalStatus",mms/iso_mms/client/mms_client_status.c,29,"bool mmsClient_parseStatusResponse(MmsConnection self, ByteBuffer* response, int bufPos, int* vmdLogicalStatus, int* vmdPhysicalStatus)"
mmsClient_parseWriteMultipleItemsResponse,declaration,LIB61850_INTERNAL void,,"ByteBuffer* message, int32_t bufPos, MmsError* mmsError, int itemCount, LinkedList* accessResults",mms/inc_private/mms_client_internal.h,231,"LIB61850_INTERNAL void mmsClient_parseWriteMultipleItemsResponse(ByteBuffer* message, int32_t bufPos, MmsError* mmsError, int itemCount, LinkedList* accessResults)"
mmsClient_parseWriteMultipleItemsResponse,declaration,(unknown),,"response, bufPos, &err, -1, &accessResults",mms/iso_mms/client/mms_client_connection.c,774,"mmsClient_parseWriteMultipleItemsResponse(response, bufPos, &err, -1, &accessResults)"
mmsClient_parseWriteMultipleItemsResponse,definition,void,,"ByteBuffer* message, int32_t bufPos, MmsError* mmsError, int itemCount, LinkedList* accessResults",mms/iso_mms/client/mms_client_write.c,45,"void mmsClient_parseWriteMultipleItemsResponse(ByteBuffer* message, int32_t bufPos, MmsError* mmsError, int itemCount, LinkedList* accessResults)"
mmsClient_parseWriteResponse,declaration,LIB61850_INTERNAL MmsDataAccessError,,"ByteBuffer* message, int32_t bufPos, MmsError* mmsError",mms/inc_private/mms_client_internal.h,228,"LIB61850_INTERNAL MmsDataAccessError mmsClient_parseWriteResponse(ByteBuffer* message, int32_t bufPos, MmsError* mmsError)"
mmsClient_parseWriteResponse,declaration,MmsDataAccessError daError =,,"response, bufPos, &err",mms/iso_mms/client/mms_client_connection.c,753,"MmsDataAccessError daError = mmsClient_parseWriteResponse(response, bufPos, &err)"
mmsClient_parseWriteResponse,definition,MmsDataAccessError,,"ByteBuffer* message, int32_t bufPos, MmsError* mmsError",mms/iso_mms/client/mms_client_write.c,120,"MmsDataAccessError mmsClient_parseWriteResponse(ByteBuffer* message, int32_t bufPos, MmsError* mmsError)"
mmsClient_write_out,declaration,LIB61850_INTERNAL int,,"void *buffer, size_t size, void *app_key",mms/inc_private/mms_client_internal.h,142,"LIB61850_INTERNAL int mmsClient_write_out(void *buffer, size_t size, void *app_key)"
mmsFileReadHandler,definition,void,static,"uint32_t invokeId, void* parameter, MmsError mmsError, int32_t frsmId, uint8_t* buffer, uint32_t bytesReceived, bool moreFollows",mms/iso_mms/server/mms_server_connection.c,455,"static void mmsFileReadHandler(uint32_t invokeId, void* parameter, MmsError mmsError, int32_t frsmId, uint8_t* buffer, uint32_t bytesReceived, bool moreFollows)"
mmsIsoCallback,definition,bool,static,"IsoIndication indication, void* parameter, ByteBuffer* payload",mms/iso_mms/client/mms_client_connection.c,1050,"static bool mmsIsoCallback(IsoIndication indication, void* parameter, ByteBuffer* payload)"
mmsMsg_copyAsn1IdentifierToStringBuffer,declaration,LIB61850_INTERNAL void,,"Identifier_t identifier, char* buffer, int bufSize",mms/inc_private/mms_common_internal.h,96,"LIB61850_INTERNAL void mmsMsg_copyAsn1IdentifierToStringBuffer(Identifier_t identifier, char* buffer, int bufSize)"
mmsMsg_copyAsn1IdentifierToStringBuffer,declaration,(unknown),,"request->listOfVariableListName->list.array[i]->choice.domainspecific.domainId, domainName, 65",mms/iso_mms/server/mms_named_variable_list_service.c,155,"mmsMsg_copyAsn1IdentifierToStringBuffer(request->listOfVariableListName->list.array[i]->choice.domainspecific.domainId, domainName, 65)"
mmsMsg_copyAsn1IdentifierToStringBuffer,declaration,(unknown),,"request->listOfVariableListName->list.array[i]->choice.domainspecific.itemId, listName, 65",mms/iso_mms/server/mms_named_variable_list_service.c,158,"mmsMsg_copyAsn1IdentifierToStringBuffer(request->listOfVariableListName->list.array[i]->choice.domainspecific.itemId, listName, 65)"
mmsMsg_copyAsn1IdentifierToStringBuffer,declaration,(unknown),,"request->listOfVariableListName->list.array[i]->choice.aaspecific, listName, 65",mms/iso_mms/server/mms_named_variable_list_service.c,190,"mmsMsg_copyAsn1IdentifierToStringBuffer(request->listOfVariableListName->list.array[i]->choice.aaspecific, listName, 65)"
mmsMsg_copyAsn1IdentifierToStringBuffer,declaration,(unknown),,"request->listOfVariableListName->list.array[i]->choice.vmdspecific, listName, 65",mms/iso_mms/server/mms_named_variable_list_service.c,214,"mmsMsg_copyAsn1IdentifierToStringBuffer(request->listOfVariableListName->list.array[i]->choice.vmdspecific, listName, 65)"
mmsMsg_copyAsn1IdentifierToStringBuffer,declaration,(unknown),,"varSpec.choice.name.choice.domainspecific.domainId, domainIdStr, 65",mms/iso_mms/server/mms_read_service.c,543,"mmsMsg_copyAsn1IdentifierToStringBuffer(varSpec.choice.name.choice.domainspecific.domainId, domainIdStr, 65)"
mmsMsg_copyAsn1IdentifierToStringBuffer,declaration,(unknown),,"varSpec.choice.name.choice.domainspecific.itemId, nameIdStr, 65",mms/iso_mms/server/mms_read_service.c,546,"mmsMsg_copyAsn1IdentifierToStringBuffer(varSpec.choice.name.choice.domainspecific.itemId, nameIdStr, 65)"
mmsMsg_copyAsn1IdentifierToStringBuffer,declaration,(unknown),,"varSpec.choice.name.choice.vmdspecific, nameIdStr, 65",mms/iso_mms/server/mms_read_service.c,578,"mmsMsg_copyAsn1IdentifierToStringBuffer(varSpec.choice.name.choice.vmdspecific, nameIdStr, 65)"
mmsMsg_copyAsn1IdentifierToStringBuffer,declaration,(unknown),,"read->variableAccessSpecification.choice.variableListName.choice.domainspecific.domainId, domainIdStr, 65",mms/iso_mms/server/mms_read_service.c,751,"mmsMsg_copyAsn1IdentifierToStringBuffer(read->variableAccessSpecification.choice.variableListName.choice.domainspecific.domainId, domainIdStr, 65)"
mmsMsg_copyAsn1IdentifierToStringBuffer,declaration,(unknown),,"read->variableAccessSpecification.choice.variableListName.choice.domainspecific.itemId, nameIdStr, 65",mms/iso_mms/server/mms_read_service.c,754,"mmsMsg_copyAsn1IdentifierToStringBuffer(read->variableAccessSpecification.choice.variableListName.choice.domainspecific.itemId, nameIdStr, 65)"
mmsMsg_copyAsn1IdentifierToStringBuffer,declaration,(unknown),,"read->variableAccessSpecification.choice.variableListName.choice.vmdspecific, listName, 65",mms/iso_mms/server/mms_read_service.c,802,"mmsMsg_copyAsn1IdentifierToStringBuffer(read->variableAccessSpecification.choice.variableListName.choice.vmdspecific, listName, 65)"
mmsMsg_copyAsn1IdentifierToStringBuffer,declaration,(unknown),,"read->variableAccessSpecification.choice.variableListName.choice.aaspecific, listName, 65",mms/iso_mms/server/mms_read_service.c,840,"mmsMsg_copyAsn1IdentifierToStringBuffer(read->variableAccessSpecification.choice.variableListName.choice.aaspecific, listName, 65)"
mmsMsg_copyAsn1IdentifierToStringBuffer,declaration,(unknown),,"writeRequest->variableAccessSpecification.choice.variableListName.choice.domainspecific.domainId, domainIdStr, 65",mms/iso_mms/server/mms_write_service.c,398,"mmsMsg_copyAsn1IdentifierToStringBuffer(writeRequest->variableAccessSpecification.choice.variableListName.choice.domainspecific.domainId, domainIdStr, 65)"
mmsMsg_copyAsn1IdentifierToStringBuffer,declaration,(unknown),,"writeRequest->variableAccessSpecification.choice.variableListName.choice.domainspecific.itemId, nameIdStr, 65",mms/iso_mms/server/mms_write_service.c,401,"mmsMsg_copyAsn1IdentifierToStringBuffer(writeRequest->variableAccessSpecification.choice.variableListName.choice.domainspecific.itemId, nameIdStr, 65)"
mmsMsg_copyAsn1IdentifierToStringBuffer,declaration,(unknown),,"writeRequest->variableAccessSpecification.choice.variableListName.choice.vmdspecific, listName, 65",mms/iso_mms/server/mms_write_service.c,444,"mmsMsg_copyAsn1IdentifierToStringBuffer(writeRequest->variableAccessSpecification.choice.variableListName.choice.vmdspecific, listName, 65)"
mmsMsg_copyAsn1IdentifierToStringBuffer,declaration,(unknown),,"writeRequest->variableAccessSpecification.choice.variableListName.choice.aaspecific, listName, 65",mms/iso_mms/server/mms_write_service.c,476,"mmsMsg_copyAsn1IdentifierToStringBuffer(writeRequest->variableAccessSpecification.choice.variableListName.choice.aaspecific, listName, 65)"
mmsMsg_copyAsn1IdentifierToStringBuffer,declaration,(unknown),,"domainId, domainIdStr, 65",mms/iso_mms/server/mms_write_service.c,656,"mmsMsg_copyAsn1IdentifierToStringBuffer(domainId, domainIdStr, 65)"
mmsMsg_copyAsn1IdentifierToStringBuffer,declaration,(unknown),,"nameId, nameIdStr, 65",mms/iso_mms/server/mms_write_service.c,668,"mmsMsg_copyAsn1IdentifierToStringBuffer(nameId, nameIdStr, 65)"
mmsMsg_copyAsn1IdentifierToStringBuffer,declaration,(unknown),,"nameId, nameIdStr, 65",mms/iso_mms/server/mms_write_service.c,678,"mmsMsg_copyAsn1IdentifierToStringBuffer(nameId, nameIdStr, 65)"
mmsMsg_copyAsn1IdentifierToStringBuffer,definition,void,,"Identifier_t identifier, char* buffer, int bufSize",mms/iso_mms/common/mms_common_msg.c,489,"void mmsMsg_copyAsn1IdentifierToStringBuffer(Identifier_t identifier, char* buffer, int bufSize)"
mmsMsg_createAccessResultsList,declaration,LIB61850_INTERNAL AccessResult_t**,,"MmsPdu_t* mmsPdu, int resultsCount",mms/inc_private/mms_common_internal.h,90,"LIB61850_INTERNAL AccessResult_t** mmsMsg_createAccessResultsList(MmsPdu_t* mmsPdu, int resultsCount)"
mmsMsg_createBasicDataElement,declaration,LIB61850_INTERNAL Data_t*,,MmsValue* value,mms/inc_private/mms_common_internal.h,87,LIB61850_INTERNAL Data_t* mmsMsg_createBasicDataElement(MmsValue* value)
mmsMsg_createBasicDataElement,declaration,request->listOfData.list.array[i] =,,value,mms/iso_mms/client/mms_client_write.c,274,request->listOfData.list.array[i] = mmsMsg_createBasicDataElement(value)
mmsMsg_createBasicDataElement,declaration,request->listOfData.list.array[0] =,,value,mms/iso_mms/client/mms_client_write.c,330,request->listOfData.list.array[0] = mmsMsg_createBasicDataElement(value)
mmsMsg_createBasicDataElement,declaration,request->listOfData.list.array[i] =,,value,mms/iso_mms/client/mms_client_write.c,408,request->listOfData.list.array[i] = mmsMsg_createBasicDataElement(value)
mmsMsg_createBasicDataElement,declaration,request->listOfData.list.array[0] =,,value,mms/iso_mms/client/mms_client_write.c,463,request->listOfData.list.array[0] = mmsMsg_createBasicDataElement(value)
mmsMsg_createBasicDataElement,declaration,request->listOfData.list.array[0] =,,value,mms/iso_mms/client/mms_client_write.c,522,request->listOfData.list.array[0] = mmsMsg_createBasicDataElement(value)
mmsMsg_createBasicDataElement,declaration,request->listOfData.list.array[0] =,,value,mms/iso_mms/client/mms_client_write.c,581,request->listOfData.list.array[0] = mmsMsg_createBasicDataElement(value)
mmsMsg_createBasicDataElement,declaration,dataElement->choice.array->list.array[i] =,,"MmsValue_getElement(value, i)",mms/iso_mms/common/mms_common_msg.c,48,"dataElement->choice.array->list.array[i] = mmsMsg_createBasicDataElement(MmsValue_getElement(value, i))"
mmsMsg_createBasicDataElement,declaration,dataElement->choice.structure->list.array[i] =,,value->value.structure.components[i],mms/iso_mms/common/mms_common_msg.c,65,dataElement->choice.structure->list.array[i] = mmsMsg_createBasicDataElement( value->value.structure.components[i])
mmsMsg_createBasicDataElement,definition,Data_t*,,MmsValue* value,mms/iso_mms/common/mms_common_msg.c,31,Data_t* mmsMsg_createBasicDataElement(MmsValue* value)
mmsMsg_createExtendedFilename,declaration,LIB61850_INTERNAL void,,"const char* basepath, int bufSize, char* extendedFileName, char* fileName",mms/inc_private/mms_common_internal.h,54,"LIB61850_INTERNAL void mmsMsg_createExtendedFilename(const char* basepath, int bufSize, char* extendedFileName, char* fileName)"
mmsMsg_createExtendedFilename,declaration,(unknown),,"basepath, 512, extendedFileName, filename",mms/iso_mms/server/mms_file_service.c,107,"mmsMsg_createExtendedFilename(basepath, 512, extendedFileName, filename)"
mmsMsg_createExtendedFilename,declaration,(unknown),,"basepath, sizeof(CONFIG_VIRTUAL_FILESTORE_BASEPATH) + 256, extendedFileName, filename",mms/iso_mms/server/mms_file_service.c,110,"mmsMsg_createExtendedFilename(basepath, sizeof(CONFIG_VIRTUAL_FILESTORE_BASEPATH) + 256, extendedFileName, filename)"
mmsMsg_createExtendedFilename,declaration,(unknown),,"basepath, 512, extendedFileName, fileName",mms/iso_mms/server/mms_file_service.c,121,"mmsMsg_createExtendedFilename(basepath, 512, extendedFileName, fileName)"
mmsMsg_createExtendedFilename,declaration,(unknown),,"basepath, sizeof(CONFIG_VIRTUAL_FILESTORE_BASEPATH) + 256, extendedFileName, fileName",mms/iso_mms/server/mms_file_service.c,124,"mmsMsg_createExtendedFilename(basepath, sizeof(CONFIG_VIRTUAL_FILESTORE_BASEPATH) + 256, extendedFileName, fileName)"
mmsMsg_createExtendedFilename,declaration,(unknown),,"basepath, 512, extendedFileName, directoryName",mms/iso_mms/server/mms_file_service.c,135,"mmsMsg_createExtendedFilename(basepath, 512, extendedFileName, directoryName)"
mmsMsg_createExtendedFilename,declaration,(unknown),,"basepath, sizeof(CONFIG_VIRTUAL_FILESTORE_BASEPATH) + 256, extendedFileName, directoryName",mms/iso_mms/server/mms_file_service.c,138,"mmsMsg_createExtendedFilename(basepath, sizeof(CONFIG_VIRTUAL_FILESTORE_BASEPATH) + 256, extendedFileName, directoryName)"
mmsMsg_createExtendedFilename,declaration,(unknown),,"basepath, 512, extendedOldFileName, oldFilename",mms/iso_mms/server/mms_file_service.c,150,"mmsMsg_createExtendedFilename(basepath, 512, extendedOldFileName, oldFilename)"
mmsMsg_createExtendedFilename,declaration,(unknown),,"basepath, 512, extendedNewFileName, newFilename",mms/iso_mms/server/mms_file_service.c,151,"mmsMsg_createExtendedFilename(basepath, 512, extendedNewFileName, newFilename)"
mmsMsg_createExtendedFilename,declaration,(unknown),,"basepath, sizeof(CONFIG_VIRTUAL_FILESTORE_BASEPATH) + 256, extendedOldFileName, oldFilename",mms/iso_mms/server/mms_file_service.c,155,"mmsMsg_createExtendedFilename(basepath, sizeof(CONFIG_VIRTUAL_FILESTORE_BASEPATH) + 256, extendedOldFileName, oldFilename)"
mmsMsg_createExtendedFilename,declaration,(unknown),,"basepath, sizeof(CONFIG_VIRTUAL_FILESTORE_BASEPATH) + 256, extendedNewFileName, newFilename",mms/iso_mms/server/mms_file_service.c,156,"mmsMsg_createExtendedFilename(basepath, sizeof(CONFIG_VIRTUAL_FILESTORE_BASEPATH) + 256, extendedNewFileName, newFilename)"
mmsMsg_createExtendedFilename,declaration,(unknown),,"basepath, 512, extendedFileName, fileName",mms/iso_mms/server/mms_file_service.c,166,"mmsMsg_createExtendedFilename(basepath, 512, extendedFileName, fileName)"
mmsMsg_createExtendedFilename,declaration,(unknown),,"basepath, sizeof(CONFIG_VIRTUAL_FILESTORE_BASEPATH) + 256, extendedFileName, fileName",mms/iso_mms/server/mms_file_service.c,169,"mmsMsg_createExtendedFilename(basepath, sizeof(CONFIG_VIRTUAL_FILESTORE_BASEPATH) + 256, extendedFileName, fileName)"
mmsMsg_createExtendedFilename,declaration,(unknown),,"MmsServerConnection_getFilesystemBasepath(connection), 512, extendedFileName, destinationFilename",mms/iso_mms/server/mms_file_service.c,716,"mmsMsg_createExtendedFilename(MmsServerConnection_getFilesystemBasepath(connection), 512, extendedFileName, destinationFilename)"
mmsMsg_createExtendedFilename,declaration,(unknown),,"MmsServerConnection_getFilesystemBasepath(connection), sizeof(CONFIG_VIRTUAL_FILESTORE_BASEPATH) + 256, extendedFileName, destinationFilename",mms/iso_mms/server/mms_file_service.c,721,"mmsMsg_createExtendedFilename(MmsServerConnection_getFilesystemBasepath(connection), sizeof(CONFIG_VIRTUAL_FILESTORE_BASEPATH) + 256, extendedFileName, destinationFilename)"
mmsMsg_createFileCloseResponse,declaration,LIB61850_INTERNAL void,,"uint32_t invokeId, ByteBuffer* response",mms/inc_private/mms_common_internal.h,45,"LIB61850_INTERNAL void mmsMsg_createFileCloseResponse(uint32_t invokeId, ByteBuffer* response)"
mmsMsg_createFileCloseResponse,declaration,(unknown),,"invokeId, response",mms/iso_mms/client/mms_client_files.c,206,"mmsMsg_createFileCloseResponse(invokeId, response)"
mmsMsg_createFileCloseResponse,declaration,(unknown),,"invokeId, response",mms/iso_mms/server/mms_file_service.c,900,"mmsMsg_createFileCloseResponse(invokeId, response)"
mmsMsg_createFileCloseResponse,definition,void,,"uint32_t invokeId, ByteBuffer* response",mms/iso_mms/server/mms_file_service.c,878,"void mmsMsg_createFileCloseResponse(uint32_t invokeId, ByteBuffer* response)"
mmsMsg_createFileOpenResponse,declaration,LIB61850_INTERNAL void,,"const char* basepath, uint32_t invokeId, ByteBuffer* response, char* fullPath, MmsFileReadStateMachine* frsm",mms/inc_private/mms_common_internal.h,48,"LIB61850_INTERNAL void mmsMsg_createFileOpenResponse(const char* basepath, uint32_t invokeId, ByteBuffer* response, char* fullPath, MmsFileReadStateMachine* frsm)"
mmsMsg_createFileOpenResponse,declaration,(unknown),,"MmsConnection_getFilestoreBasepath(connection), invokeId, response, filename, frsm",mms/iso_mms/client/mms_client_files.c,136,"mmsMsg_createFileOpenResponse(MmsConnection_getFilestoreBasepath(connection), invokeId, response, filename, frsm)"
mmsMsg_createFileOpenResponse,declaration,(unknown),,"MmsServerConnection_getFilesystemBasepath(connection), invokeId, response, filename, frsm",mms/iso_mms/server/mms_file_service.c,363,"mmsMsg_createFileOpenResponse(MmsServerConnection_getFilesystemBasepath(connection), invokeId, response, filename, frsm)"
mmsMsg_createFileOpenResponse,definition,void,,"const char* basepath, uint32_t invokeId, ByteBuffer* response, char* filename, MmsFileReadStateMachine* frsm",mms/iso_mms/server/mms_file_service.c,174,"void mmsMsg_createFileOpenResponse(const char* basepath, uint32_t invokeId, ByteBuffer* response, char* filename, MmsFileReadStateMachine* frsm)"
mmsMsg_createFileReadResponse,declaration,LIB61850_INTERNAL void,,"int maxPduSize, uint32_t invokeId, ByteBuffer* response, MmsFileReadStateMachine* frsm",mms/inc_private/mms_common_internal.h,42,"LIB61850_INTERNAL void mmsMsg_createFileReadResponse(int maxPduSize, uint32_t invokeId, ByteBuffer* response, MmsFileReadStateMachine* frsm)"
mmsMsg_createFileReadResponse,declaration,(unknown),,"connection->parameters.maxPduSize, invokeId, response, frsm",mms/iso_mms/client/mms_client_files.c,178,"mmsMsg_createFileReadResponse(connection->parameters.maxPduSize, invokeId, response, frsm)"
mmsMsg_createFloatData,declaration,(unknown),,"value, &dataElement->choice.floatingpoint.size, &dataElement->choice.floatingpoint.buf",mms/iso_mms/common/mms_common_msg.c,89,"mmsMsg_createFloatData(value, &dataElement->choice.floatingpoint.size, &dataElement->choice.floatingpoint.buf)"
mmsMsg_createInitiateErrorPdu,declaration,LIB61850_INTERNAL void,,"ByteBuffer* response, uint8_t initiateErrorCode",mms/inc_private/mms_server_internal.h,250,"LIB61850_INTERNAL void mmsMsg_createInitiateErrorPdu(ByteBuffer* response, uint8_t initiateErrorCode)"
mmsMsg_createInitiateErrorPdu,declaration,(unknown),,"response, 0",mms/iso_mms/server/mms_association_service.c,391,"mmsMsg_createInitiateErrorPdu(response, 0)"
mmsMsg_createInitiateErrorPdu,definition,void,,"ByteBuffer* response, uint8_t initiateErrorCode",mms/iso_mms/server/mms_server_common.c,197,"void mmsMsg_createInitiateErrorPdu(ByteBuffer* response, uint8_t initiateErrorCode)"
mmsMsg_createMmsRejectPdu,declaration,LIB61850_INTERNAL void,,"uint32_t* invokeId, int reason, ByteBuffer* response",mms/inc_private/mms_common_internal.h,75,"LIB61850_INTERNAL void mmsMsg_createMmsRejectPdu(uint32_t* invokeId, int reason, ByteBuffer* response)"
mmsMsg_createMmsRejectPdu,declaration,exit_invalid_parameter:,,"&invokeId, MMS_ERROR_REJECT_REQUEST_INVALID_ARGUMENT, response",mms/iso_mms/client/mms_client_files.c,152,"exit_invalid_parameter: mmsMsg_createMmsRejectPdu(&invokeId, MMS_ERROR_REJECT_REQUEST_INVALID_ARGUMENT, response)"
mmsMsg_createMmsRejectPdu,declaration,exit_reject_invalid_pdu:,,"&invokeId, MMS_ERROR_REJECT_INVALID_PDU, response",mms/iso_mms/client/mms_client_files.c,156,"exit_reject_invalid_pdu: mmsMsg_createMmsRejectPdu(&invokeId, MMS_ERROR_REJECT_INVALID_PDU, response)"
mmsMsg_createMmsRejectPdu,declaration,(unknown),,"&invokeId, MMS_ERROR_REJECT_INVALID_PDU, response",mms/iso_mms/common/mms_common_msg.c,634,"mmsMsg_createMmsRejectPdu(&invokeId, MMS_ERROR_REJECT_INVALID_PDU, response)"
mmsMsg_createMmsRejectPdu,declaration,(unknown),,"&invokeId, MMS_ERROR_REJECT_INVALID_PDU, response",mms/iso_mms/common/mms_common_msg.c,644,"mmsMsg_createMmsRejectPdu(&invokeId, MMS_ERROR_REJECT_INVALID_PDU, response)"
mmsMsg_createMmsRejectPdu,declaration,(unknown),,"&invokeId, MMS_ERROR_REJECT_REQUEST_INVALID_ARGUMENT, response",mms/iso_mms/common/mms_common_msg.c,650,"mmsMsg_createMmsRejectPdu(&invokeId, MMS_ERROR_REJECT_REQUEST_INVALID_ARGUMENT, response)"
mmsMsg_createMmsRejectPdu,declaration,(unknown),,"&invokeId, MMS_ERROR_REJECT_REQUEST_INVALID_ARGUMENT, response",mms/iso_mms/server/mms_file_service.c,233,"mmsMsg_createMmsRejectPdu(&invokeId, MMS_ERROR_REJECT_REQUEST_INVALID_ARGUMENT, response)"
mmsMsg_createMmsRejectPdu,declaration,exit_reject_invalid_pdu:,,"&invokeId, MMS_ERROR_REJECT_INVALID_PDU, response",mms/iso_mms/server/mms_file_service.c,283,"exit_reject_invalid_pdu: mmsMsg_createMmsRejectPdu(&invokeId, MMS_ERROR_REJECT_INVALID_PDU, response)"
mmsMsg_createMmsRejectPdu,declaration,exit_invalid_parameter:,,"&invokeId, MMS_ERROR_REJECT_REQUEST_INVALID_ARGUMENT, response",mms/iso_mms/server/mms_file_service.c,378,"exit_invalid_parameter: mmsMsg_createMmsRejectPdu(&invokeId, MMS_ERROR_REJECT_REQUEST_INVALID_ARGUMENT, response)"
mmsMsg_createMmsRejectPdu,declaration,exit_reject_invalid_pdu:,,"&invokeId, MMS_ERROR_REJECT_INVALID_PDU, response",mms/iso_mms/server/mms_file_service.c,382,"exit_reject_invalid_pdu: mmsMsg_createMmsRejectPdu(&invokeId, MMS_ERROR_REJECT_INVALID_PDU, response)"
mmsMsg_createMmsRejectPdu,declaration,exit_invalid_parameter:,,"&invokeId, MMS_ERROR_REJECT_REQUEST_INVALID_ARGUMENT, response",mms/iso_mms/server/mms_file_service.c,780,"exit_invalid_parameter: mmsMsg_createMmsRejectPdu(&invokeId, MMS_ERROR_REJECT_REQUEST_INVALID_ARGUMENT, response)"
mmsMsg_createMmsRejectPdu,declaration,exit_reject_invalid_pdu:,,"&invokeId, MMS_ERROR_REJECT_INVALID_PDU, response",mms/iso_mms/server/mms_file_service.c,796,"exit_reject_invalid_pdu: mmsMsg_createMmsRejectPdu(&invokeId, MMS_ERROR_REJECT_INVALID_PDU, response)"
mmsMsg_createMmsRejectPdu,declaration,(unknown),,"&invokeId, MMS_ERROR_REJECT_INVALID_PDU, response",mms/iso_mms/server/mms_file_service.c,1110,"mmsMsg_createMmsRejectPdu(&invokeId, MMS_ERROR_REJECT_INVALID_PDU, response)"
mmsMsg_createMmsRejectPdu,declaration,else,,"&invokeId, MMS_ERROR_REJECT_INVALID_PDU, response",mms/iso_mms/server/mms_file_service.c,1178,"else mmsMsg_createMmsRejectPdu(&invokeId, MMS_ERROR_REJECT_INVALID_PDU, response)"
mmsMsg_createMmsRejectPdu,declaration,(unknown),,"&invokeId, MMS_ERROR_REJECT_INVALID_PDU, response",mms/iso_mms/server/mms_file_service.c,1207,"mmsMsg_createMmsRejectPdu(&invokeId, MMS_ERROR_REJECT_INVALID_PDU, response)"
mmsMsg_createMmsRejectPdu,declaration,(unknown),,"&invokeId, MMS_ERROR_REJECT_INVALID_PDU, response",mms/iso_mms/server/mms_file_service.c,1236,"mmsMsg_createMmsRejectPdu(&invokeId, MMS_ERROR_REJECT_INVALID_PDU, response)"
mmsMsg_createMmsRejectPdu,declaration,(unknown),,"&invokeId, MMS_ERROR_REJECT_INVALID_PDU, response",mms/iso_mms/server/mms_get_namelist_service.c,515,"mmsMsg_createMmsRejectPdu(&invokeId, MMS_ERROR_REJECT_INVALID_PDU, response)"
mmsMsg_createMmsRejectPdu,declaration,(unknown),,"&invokeId, MMS_ERROR_REJECT_INVALID_PDU, response",mms/iso_mms/server/mms_get_namelist_service.c,535,"mmsMsg_createMmsRejectPdu(&invokeId, MMS_ERROR_REJECT_INVALID_PDU, response)"
mmsMsg_createMmsRejectPdu,declaration,default:,,"&invokeId, MMS_ERROR_REJECT_UNRECOGNIZED_MODIFIER, response",mms/iso_mms/server/mms_get_namelist_service.c,554,"default: mmsMsg_createMmsRejectPdu(&invokeId, MMS_ERROR_REJECT_UNRECOGNIZED_MODIFIER, response)"
mmsMsg_createMmsRejectPdu,declaration,(unknown),,"&invokeId, MMS_ERROR_REJECT_INVALID_PDU, response",mms/iso_mms/server/mms_get_namelist_service.c,595,"mmsMsg_createMmsRejectPdu(&invokeId, MMS_ERROR_REJECT_INVALID_PDU, response)"
mmsMsg_createMmsRejectPdu,declaration,(unknown),,"&invokeId, MMS_ERROR_REJECT_INVALID_PDU, response",mms/iso_mms/server/mms_get_namelist_service.c,609,"mmsMsg_createMmsRejectPdu(&invokeId, MMS_ERROR_REJECT_INVALID_PDU, response)"
mmsMsg_createMmsRejectPdu,declaration,(unknown),,"&invokeId, MMS_ERROR_REJECT_INVALID_PDU, response",mms/iso_mms/server/mms_journal_service.c,177,"mmsMsg_createMmsRejectPdu(&invokeId, MMS_ERROR_REJECT_INVALID_PDU, response)"
mmsMsg_createMmsRejectPdu,declaration,(unknown),,"&invokeId, MMS_ERROR_REJECT_INVALID_PDU, response",mms/iso_mms/server/mms_journal_service.c,185,"mmsMsg_createMmsRejectPdu(&invokeId, MMS_ERROR_REJECT_INVALID_PDU, response)"
mmsMsg_createMmsRejectPdu,declaration,(unknown),,"&invokeId, MMS_ERROR_REJECT_REQUEST_INVALID_ARGUMENT, response",mms/iso_mms/server/mms_journal_service.c,191,"mmsMsg_createMmsRejectPdu(&invokeId, MMS_ERROR_REJECT_REQUEST_INVALID_ARGUMENT, response)"
mmsMsg_createMmsRejectPdu,declaration,(unknown),,"&invokeId, MMS_ERROR_REJECT_INVALID_PDU, response",mms/iso_mms/server/mms_journal_service.c,239,"mmsMsg_createMmsRejectPdu(&invokeId, MMS_ERROR_REJECT_INVALID_PDU, response)"
mmsMsg_createMmsRejectPdu,declaration,(unknown),,"&invokeId, MMS_ERROR_REJECT_INVALID_PDU, response",mms/iso_mms/server/mms_journal_service.c,252,"mmsMsg_createMmsRejectPdu(&invokeId, MMS_ERROR_REJECT_INVALID_PDU, response)"
mmsMsg_createMmsRejectPdu,declaration,default:,,"&invokeId, MMS_ERROR_REJECT_UNRECOGNIZED_MODIFIER, response",mms/iso_mms/server/mms_journal_service.c,271,"default: mmsMsg_createMmsRejectPdu(&invokeId, MMS_ERROR_REJECT_UNRECOGNIZED_MODIFIER, response)"
mmsMsg_createMmsRejectPdu,declaration,(unknown),,"&invokeId, MMS_ERROR_REJECT_UNRECOGNIZED_MODIFIER, response",mms/iso_mms/server/mms_journal_service.c,287,"mmsMsg_createMmsRejectPdu(&invokeId, MMS_ERROR_REJECT_UNRECOGNIZED_MODIFIER, response)"
mmsMsg_createMmsRejectPdu,declaration,(unknown),,"&invokeId, MMS_ERROR_REJECT_INVALID_PDU, response",mms/iso_mms/server/mms_journal_service.c,295,"mmsMsg_createMmsRejectPdu(&invokeId, MMS_ERROR_REJECT_INVALID_PDU, response)"
mmsMsg_createMmsRejectPdu,declaration,(unknown),,"&invokeId, MMS_ERROR_REJECT_REQUEST_INVALID_ARGUMENT, response",mms/iso_mms/server/mms_journal_service.c,310,"mmsMsg_createMmsRejectPdu(&invokeId, MMS_ERROR_REJECT_REQUEST_INVALID_ARGUMENT, response)"
mmsMsg_createMmsRejectPdu,declaration,(unknown),,"&invokeId, MMS_ERROR_REJECT_UNRECOGNIZED_MODIFIER, response",mms/iso_mms/server/mms_journal_service.c,325,"mmsMsg_createMmsRejectPdu(&invokeId, MMS_ERROR_REJECT_UNRECOGNIZED_MODIFIER, response)"
mmsMsg_createMmsRejectPdu,declaration,(unknown),,"&invokeId, MMS_ERROR_REJECT_INVALID_PDU, response",mms/iso_mms/server/mms_journal_service.c,333,"mmsMsg_createMmsRejectPdu(&invokeId, MMS_ERROR_REJECT_INVALID_PDU, response)"
mmsMsg_createMmsRejectPdu,declaration,(unknown),,"&invokeId, MMS_ERROR_REJECT_REQUEST_INVALID_ARGUMENT, response",mms/iso_mms/server/mms_journal_service.c,348,"mmsMsg_createMmsRejectPdu(&invokeId, MMS_ERROR_REJECT_REQUEST_INVALID_ARGUMENT, response)"
mmsMsg_createMmsRejectPdu,declaration,(unknown),,"&invokeId, MMS_ERROR_REJECT_INVALID_PDU, response",mms/iso_mms/server/mms_journal_service.c,369,"mmsMsg_createMmsRejectPdu(&invokeId, MMS_ERROR_REJECT_INVALID_PDU, response)"
mmsMsg_createMmsRejectPdu,declaration,(unknown),,"&invokeId, MMS_ERROR_REJECT_REQUEST_INVALID_ARGUMENT, response",mms/iso_mms/server/mms_journal_service.c,388,"mmsMsg_createMmsRejectPdu(&invokeId, MMS_ERROR_REJECT_REQUEST_INVALID_ARGUMENT, response)"
mmsMsg_createMmsRejectPdu,declaration,(unknown),,"&invokeId, MMS_ERROR_REJECT_REQUEST_INVALID_ARGUMENT, response",mms/iso_mms/server/mms_journal_service.c,405,"mmsMsg_createMmsRejectPdu(&invokeId, MMS_ERROR_REJECT_REQUEST_INVALID_ARGUMENT, response)"
mmsMsg_createMmsRejectPdu,declaration,default:,,"&invokeId, MMS_ERROR_REJECT_UNRECOGNIZED_MODIFIER, response",mms/iso_mms/server/mms_journal_service.c,410,"default: mmsMsg_createMmsRejectPdu(&invokeId, MMS_ERROR_REJECT_UNRECOGNIZED_MODIFIER, response)"
mmsMsg_createMmsRejectPdu,declaration,default:,,"&invokeId, MMS_ERROR_REJECT_INVALID_PDU, response",mms/iso_mms/server/mms_journal_service.c,421,"default: mmsMsg_createMmsRejectPdu(&invokeId, MMS_ERROR_REJECT_INVALID_PDU, response)"
mmsMsg_createMmsRejectPdu,declaration,(unknown),,"&invokeId, MMS_ERROR_REJECT_REQUEST_INVALID_ARGUMENT, response",mms/iso_mms/server/mms_journal_service.c,433,"mmsMsg_createMmsRejectPdu(&invokeId, MMS_ERROR_REJECT_REQUEST_INVALID_ARGUMENT, response)"
mmsMsg_createMmsRejectPdu,declaration,(unknown),,"&invokeId, MMS_ERROR_REJECT_REQUEST_INVALID_ARGUMENT, response",mms/iso_mms/server/mms_journal_service.c,509,"mmsMsg_createMmsRejectPdu(&invokeId, MMS_ERROR_REJECT_REQUEST_INVALID_ARGUMENT, response)"
mmsMsg_createMmsRejectPdu,declaration,(unknown),,"&invokeId, MMS_ERROR_REJECT_INVALID_PDU, response",mms/iso_mms/server/mms_named_variable_list_service.c,109,"mmsMsg_createMmsRejectPdu(&invokeId, MMS_ERROR_REJECT_INVALID_PDU, response)"
mmsMsg_createMmsRejectPdu,declaration,(unknown),,"&invokeId, MMS_ERROR_REJECT_INVALID_PDU, response",mms/iso_mms/server/mms_named_variable_list_service.c,121,"mmsMsg_createMmsRejectPdu(&invokeId, MMS_ERROR_REJECT_INVALID_PDU, response)"
mmsMsg_createMmsRejectPdu,declaration,(unknown),,"&invokeId, MMS_ERROR_REJECT_INVALID_PDU, response",mms/iso_mms/server/mms_named_variable_list_service.c,127,"mmsMsg_createMmsRejectPdu(&invokeId, MMS_ERROR_REJECT_INVALID_PDU, response)"
mmsMsg_createMmsRejectPdu,declaration,(unknown),,"&invokeId, MMS_ERROR_REJECT_INVALID_PDU, response",mms/iso_mms/server/mms_named_variable_list_service.c,475,"mmsMsg_createMmsRejectPdu(&invokeId, MMS_ERROR_REJECT_INVALID_PDU, response)"
mmsMsg_createMmsRejectPdu,declaration,(unknown),,"&invokeId, MMS_ERROR_REJECT_INVALID_PDU, response",mms/iso_mms/server/mms_named_variable_list_service.c,487,"mmsMsg_createMmsRejectPdu(&invokeId, MMS_ERROR_REJECT_INVALID_PDU, response)"
mmsMsg_createMmsRejectPdu,declaration,(unknown),,"&invokeId, MMS_ERROR_REJECT_REQUEST_INVALID_ARGUMENT, response",mms/iso_mms/server/mms_named_variable_list_service.c,581,"mmsMsg_createMmsRejectPdu(&invokeId, MMS_ERROR_REJECT_REQUEST_INVALID_ARGUMENT, response)"
mmsMsg_createMmsRejectPdu,declaration,(unknown),,"&invokeId, MMS_ERROR_REJECT_REQUEST_INVALID_ARGUMENT, response",mms/iso_mms/server/mms_named_variable_list_service.c,630,"mmsMsg_createMmsRejectPdu(&invokeId, MMS_ERROR_REJECT_REQUEST_INVALID_ARGUMENT, response)"
mmsMsg_createMmsRejectPdu,declaration,(unknown),,"&invokeId, MMS_ERROR_REJECT_INVALID_PDU, response",mms/iso_mms/server/mms_named_variable_list_service.c,773,"mmsMsg_createMmsRejectPdu(&invokeId, MMS_ERROR_REJECT_INVALID_PDU, response)"
mmsMsg_createMmsRejectPdu,declaration,(unknown),,"&invokeId, MMS_ERROR_REJECT_REQUEST_INVALID_ARGUMENT, response",mms/iso_mms/server/mms_read_service.c,605,"mmsMsg_createMmsRejectPdu(&invokeId, MMS_ERROR_REJECT_REQUEST_INVALID_ARGUMENT, response)"
mmsMsg_createMmsRejectPdu,declaration,(unknown),,"&invokeId, MMS_ERROR_REJECT_INVALID_PDU, response",mms/iso_mms/server/mms_read_service.c,896,"mmsMsg_createMmsRejectPdu(&invokeId, MMS_ERROR_REJECT_INVALID_PDU, response)"
mmsMsg_createMmsRejectPdu,declaration,(unknown),,"&invokeId, MMS_ERROR_REJECT_INVALID_PDU, response",mms/iso_mms/server/mms_read_service.c,908,"mmsMsg_createMmsRejectPdu(&invokeId, MMS_ERROR_REJECT_INVALID_PDU, response)"
mmsMsg_createMmsRejectPdu,declaration,(unknown),,"&invokeId, MMS_ERROR_REJECT_INVALID_PDU, response",mms/iso_mms/server/mms_server_connection.c,134,"mmsMsg_createMmsRejectPdu(&invokeId, MMS_ERROR_REJECT_INVALID_PDU, response)"
mmsMsg_createMmsRejectPdu,declaration,else,,"&invokeId, MMS_ERROR_REJECT_UNRECOGNIZED_SERVICE, response",mms/iso_mms/server/mms_server_connection.c,149,"else mmsMsg_createMmsRejectPdu(&invokeId, MMS_ERROR_REJECT_UNRECOGNIZED_SERVICE, response)"
mmsMsg_createMmsRejectPdu,declaration,else,,"&invokeId, MMS_ERROR_REJECT_UNRECOGNIZED_SERVICE, response",mms/iso_mms/server/mms_server_connection.c,167,"else mmsMsg_createMmsRejectPdu(&invokeId, MMS_ERROR_REJECT_UNRECOGNIZED_SERVICE, response)"
mmsMsg_createMmsRejectPdu,declaration,else,,"&invokeId, MMS_ERROR_REJECT_UNRECOGNIZED_SERVICE, response",mms/iso_mms/server/mms_server_connection.c,185,"else mmsMsg_createMmsRejectPdu(&invokeId, MMS_ERROR_REJECT_UNRECOGNIZED_SERVICE, response)"
mmsMsg_createMmsRejectPdu,declaration,else,,"&invokeId, MMS_ERROR_REJECT_UNRECOGNIZED_SERVICE, response",mms/iso_mms/server/mms_server_connection.c,199,"else mmsMsg_createMmsRejectPdu(&invokeId, MMS_ERROR_REJECT_UNRECOGNIZED_SERVICE, response)"
mmsMsg_createMmsRejectPdu,declaration,else,,"&invokeId, MMS_ERROR_REJECT_UNRECOGNIZED_SERVICE, response",mms/iso_mms/server/mms_server_connection.c,212,"else mmsMsg_createMmsRejectPdu(&invokeId, MMS_ERROR_REJECT_UNRECOGNIZED_SERVICE, response)"
mmsMsg_createMmsRejectPdu,declaration,else,,"&invokeId, MMS_ERROR_REJECT_UNRECOGNIZED_SERVICE, response",mms/iso_mms/server/mms_server_connection.c,227,"else mmsMsg_createMmsRejectPdu(&invokeId, MMS_ERROR_REJECT_UNRECOGNIZED_SERVICE, response)"
mmsMsg_createMmsRejectPdu,declaration,else,,"&invokeId, MMS_ERROR_REJECT_UNRECOGNIZED_SERVICE, response",mms/iso_mms/server/mms_server_connection.c,245,"else mmsMsg_createMmsRejectPdu(&invokeId, MMS_ERROR_REJECT_UNRECOGNIZED_SERVICE, response)"
mmsMsg_createMmsRejectPdu,declaration,else,,"&invokeId, MMS_ERROR_REJECT_UNRECOGNIZED_SERVICE, response",mms/iso_mms/server/mms_server_connection.c,260,"else mmsMsg_createMmsRejectPdu(&invokeId, MMS_ERROR_REJECT_UNRECOGNIZED_SERVICE, response)"
mmsMsg_createMmsRejectPdu,declaration,else,,"&invokeId, MMS_ERROR_REJECT_UNRECOGNIZED_SERVICE, response",mms/iso_mms/server/mms_server_connection.c,336,"else mmsMsg_createMmsRejectPdu(&invokeId, MMS_ERROR_REJECT_UNRECOGNIZED_SERVICE, response)"
mmsMsg_createMmsRejectPdu,declaration,else,,"&invokeId, MMS_ERROR_REJECT_UNRECOGNIZED_SERVICE, response",mms/iso_mms/server/mms_server_connection.c,345,"else mmsMsg_createMmsRejectPdu(&invokeId, MMS_ERROR_REJECT_UNRECOGNIZED_SERVICE, response)"
mmsMsg_createMmsRejectPdu,declaration,default:,,"&invokeId, MMS_ERROR_REJECT_UNRECOGNIZED_SERVICE, response",mms/iso_mms/server/mms_server_connection.c,376,"default: mmsMsg_createMmsRejectPdu(&invokeId, MMS_ERROR_REJECT_UNRECOGNIZED_SERVICE, response)"
mmsMsg_createMmsRejectPdu,declaration,(unknown),,"&invokeId, MMS_ERROR_REJECT_UNRECOGNIZED_SERVICE, response",mms/iso_mms/server/mms_server_connection.c,514,"mmsMsg_createMmsRejectPdu(&invokeId, MMS_ERROR_REJECT_UNRECOGNIZED_SERVICE, response)"
mmsMsg_createMmsRejectPdu,declaration,default:,,"&invokeId, MMS_ERROR_REJECT_UNRECOGNIZED_SERVICE, response",mms/iso_mms/server/mms_server_connection.c,649,"default: mmsMsg_createMmsRejectPdu(&invokeId, MMS_ERROR_REJECT_UNRECOGNIZED_SERVICE, response)"
mmsMsg_createMmsRejectPdu,declaration,default:,,"NULL, MMS_ERROR_REJECT_UNKNOWN_PDU_TYPE, response",mms/iso_mms/server/mms_server_connection.c,717,"default: mmsMsg_createMmsRejectPdu(NULL, MMS_ERROR_REJECT_UNKNOWN_PDU_TYPE, response)"
mmsMsg_createMmsRejectPdu,declaration,(unknown),,"&invokeId, MMS_ERROR_REJECT_INVALID_PDU, response",mms/iso_mms/server/mms_write_service.c,255,"mmsMsg_createMmsRejectPdu(&invokeId, MMS_ERROR_REJECT_INVALID_PDU, response)"
mmsMsg_createMmsRejectPdu,declaration,(unknown),,"&invokeId, MMS_ERROR_REJECT_INVALID_PDU, response",mms/iso_mms/server/mms_write_service.c,277,"mmsMsg_createMmsRejectPdu(&invokeId, MMS_ERROR_REJECT_INVALID_PDU, response)"
mmsMsg_createMmsRejectPdu,declaration,(unknown),,"&invokeId, MMS_ERROR_REJECT_INVALID_PDU, response",mms/iso_mms/server/mms_write_service.c,305,"mmsMsg_createMmsRejectPdu(&invokeId, MMS_ERROR_REJECT_INVALID_PDU, response)"
mmsMsg_createMmsRejectPdu,declaration,(unknown),,"&invokeId, MMS_ERROR_REJECT_OTHER, response",mms/iso_mms/server/mms_write_service.c,333,"mmsMsg_createMmsRejectPdu(&invokeId, MMS_ERROR_REJECT_OTHER, response)"
mmsMsg_createMmsRejectPdu,declaration,(unknown),,"&invokeId, MMS_ERROR_REJECT_INVALID_PDU, response",mms/iso_mms/server/mms_write_service.c,582,"mmsMsg_createMmsRejectPdu(&invokeId, MMS_ERROR_REJECT_INVALID_PDU, response)"
mmsMsg_createMmsRejectPdu,declaration,(unknown),,"&invokeId, MMS_ERROR_REJECT_INVALID_PDU, response",mms/iso_mms/server/mms_write_service.c,593,"mmsMsg_createMmsRejectPdu(&invokeId, MMS_ERROR_REJECT_INVALID_PDU, response)"
mmsMsg_createMmsRejectPdu,declaration,(unknown),,"&invokeId, MMS_ERROR_REJECT_REQUEST_INVALID_ARGUMENT, response",mms/iso_mms/server/mms_write_service.c,610,"mmsMsg_createMmsRejectPdu(&invokeId, MMS_ERROR_REJECT_REQUEST_INVALID_ARGUMENT, response)"
mmsMsg_createMmsRejectPdu,declaration,(unknown),,"&invokeId, MMS_ERROR_REJECT_OTHER, response",mms/iso_mms/server/mms_write_service.c,616,"mmsMsg_createMmsRejectPdu(&invokeId, MMS_ERROR_REJECT_OTHER, response)"
mmsMsg_createMmsRejectPdu,declaration,(unknown),,"&invokeId, MMS_ERROR_REJECT_REQUEST_INVALID_ARGUMENT, response",mms/iso_mms/server/mms_write_service.c,622,"mmsMsg_createMmsRejectPdu(&invokeId, MMS_ERROR_REJECT_REQUEST_INVALID_ARGUMENT, response)"
mmsMsg_createMmsRejectPdu,declaration,(unknown),,"&invokeId, MMS_ERROR_REJECT_REQUEST_INVALID_ARGUMENT, response",mms/iso_mms/server/mms_write_service.c,852,"mmsMsg_createMmsRejectPdu(&invokeId, MMS_ERROR_REJECT_REQUEST_INVALID_ARGUMENT, response)"
mmsMsg_createMmsRejectPdu,definition,void,,"uint32_t* invokeId, int reason, ByteBuffer* response",mms/iso_mms/server/mms_server_connection.c,69,"void mmsMsg_createMmsRejectPdu(uint32_t* invokeId, int reason, ByteBuffer* response)"
mmsMsg_createServiceErrorPdu,declaration,LIB61850_INTERNAL void,,"uint32_t invokeId, ByteBuffer* response, MmsError errorType",mms/inc_private/mms_common_internal.h,71,"LIB61850_INTERNAL void mmsMsg_createServiceErrorPdu(uint32_t invokeId, ByteBuffer* response, MmsError errorType)"
mmsMsg_createServiceErrorPdu,declaration,(unknown),,"invokeId, response, MMS_ERROR_FILE_FILE_NON_EXISTENT",mms/iso_mms/client/mms_client_files.c,110,"mmsMsg_createServiceErrorPdu(invokeId, response, MMS_ERROR_FILE_FILE_NON_EXISTENT)"
mmsMsg_createServiceErrorPdu,declaration,else,,"invokeId, response, MMS_ERROR_FILE_FILE_NON_EXISTENT",mms/iso_mms/client/mms_client_files.c,140,"else mmsMsg_createServiceErrorPdu(invokeId, response, MMS_ERROR_FILE_FILE_NON_EXISTENT)"
mmsMsg_createServiceErrorPdu,declaration,else,,"invokeId, response, MMS_ERROR_RESOURCE_OTHER",mms/iso_mms/client/mms_client_files.c,144,"else mmsMsg_createServiceErrorPdu(invokeId, response, MMS_ERROR_RESOURCE_OTHER)"
mmsMsg_createServiceErrorPdu,declaration,else,,"invokeId, response, MMS_ERROR_FILE_OTHER",mms/iso_mms/client/mms_client_files.c,181,"else mmsMsg_createServiceErrorPdu(invokeId, response, MMS_ERROR_FILE_OTHER)"
mmsMsg_createServiceErrorPdu,declaration,else,,"invokeId, response, MMS_ERROR_FILE_OTHER",mms/iso_mms/client/mms_client_files.c,209,"else mmsMsg_createServiceErrorPdu(invokeId, response, MMS_ERROR_FILE_OTHER)"
mmsMsg_createServiceErrorPdu,declaration,(unknown),,"invokeId, response, MMS_ERROR_FILE_FILE_NON_EXISTENT",mms/iso_mms/common/mms_common_msg.c,661,"mmsMsg_createServiceErrorPdu(invokeId, response, MMS_ERROR_FILE_FILE_NON_EXISTENT)"
mmsMsg_createServiceErrorPdu,declaration,(unknown),,"invokeId, response, MMS_ERROR_FILE_FILE_NON_EXISTENT",mms/iso_mms/server/mms_file_service.c,249,"mmsMsg_createServiceErrorPdu(invokeId, response, MMS_ERROR_FILE_FILE_NON_EXISTENT)"
mmsMsg_createServiceErrorPdu,declaration,(unknown),,"invokeId, response, access",mms/iso_mms/server/mms_file_service.c,260,"mmsMsg_createServiceErrorPdu(invokeId, response, access)"
mmsMsg_createServiceErrorPdu,declaration,(unknown),,"invokeId, response, MMS_ERROR_FILE_FILE_NON_EXISTENT",mms/iso_mms/server/mms_file_service.c,268,"mmsMsg_createServiceErrorPdu(invokeId, response, MMS_ERROR_FILE_FILE_NON_EXISTENT)"
mmsMsg_createServiceErrorPdu,declaration,(unknown),,"invokeId, response, MMS_ERROR_FILE_FILE_ACCESS_DENIED",mms/iso_mms/server/mms_file_service.c,276,"mmsMsg_createServiceErrorPdu(invokeId, response, MMS_ERROR_FILE_FILE_ACCESS_DENIED)"
mmsMsg_createServiceErrorPdu,declaration,(unknown),,"invokeId, response, MMS_ERROR_FILE_FILE_NON_EXISTENT",mms/iso_mms/server/mms_file_service.c,338,"mmsMsg_createServiceErrorPdu(invokeId, response, MMS_ERROR_FILE_FILE_NON_EXISTENT)"
mmsMsg_createServiceErrorPdu,declaration,(unknown),,"invokeId, response, access",mms/iso_mms/server/mms_file_service.c,349,"mmsMsg_createServiceErrorPdu(invokeId, response, access)"
mmsMsg_createServiceErrorPdu,declaration,else,,"invokeId, response, MMS_ERROR_FILE_FILE_NON_EXISTENT",mms/iso_mms/server/mms_file_service.c,367,"else mmsMsg_createServiceErrorPdu(invokeId, response, MMS_ERROR_FILE_FILE_NON_EXISTENT)"
mmsMsg_createServiceErrorPdu,declaration,else,,"invokeId, response, MMS_ERROR_RESOURCE_OTHER",mms/iso_mms/server/mms_file_service.c,371,"else mmsMsg_createServiceErrorPdu(invokeId, response, MMS_ERROR_RESOURCE_OTHER)"
mmsMsg_createServiceErrorPdu,declaration,(unknown),,"invokeId, response, access",mms/iso_mms/server/mms_file_service.c,702,"mmsMsg_createServiceErrorPdu(invokeId, response, access)"
mmsMsg_createServiceErrorPdu,declaration,exit_unavailable:,,"invokeId, response, MMS_ERROR_ACCESS_TEMPORARILY_UNAVAILABLE",mms/iso_mms/server/mms_file_service.c,792,"exit_unavailable: mmsMsg_createServiceErrorPdu(invokeId, response, MMS_ERROR_ACCESS_TEMPORARILY_UNAVAILABLE)"
mmsMsg_createServiceErrorPdu,declaration,else,,"invokeId, response, MMS_ERROR_FILE_OTHER",mms/iso_mms/server/mms_file_service.c,875,"else mmsMsg_createServiceErrorPdu(invokeId, response, MMS_ERROR_FILE_OTHER)"
mmsMsg_createServiceErrorPdu,declaration,(unknown),,"invokeId, response, MMS_ERROR_FILE_OTHER",mms/iso_mms/server/mms_file_service.c,906,"mmsMsg_createServiceErrorPdu(invokeId, response, MMS_ERROR_FILE_OTHER)"
mmsMsg_createServiceErrorPdu,declaration,(unknown),,"invokeId, response, MMS_ERROR_FILE_FILE_NON_EXISTENT",mms/iso_mms/server/mms_file_service.c,1034,"mmsMsg_createServiceErrorPdu(invokeId, response, MMS_ERROR_FILE_FILE_NON_EXISTENT)"
mmsMsg_createServiceErrorPdu,declaration,(unknown),,"invokeId, response, MMS_ERROR_FILE_FILE_NON_EXISTENT",mms/iso_mms/server/mms_file_service.c,1046,"mmsMsg_createServiceErrorPdu(invokeId, response, MMS_ERROR_FILE_FILE_NON_EXISTENT)"
mmsMsg_createServiceErrorPdu,declaration,(unknown),,"invokeId, response, MMS_ERROR_FILE_FILE_NON_EXISTENT",mms/iso_mms/server/mms_file_service.c,1149,"mmsMsg_createServiceErrorPdu(invokeId, response, MMS_ERROR_FILE_FILE_NON_EXISTENT)"
mmsMsg_createServiceErrorPdu,declaration,(unknown),,"invokeId, response, access",mms/iso_mms/server/mms_file_service.c,1161,"mmsMsg_createServiceErrorPdu(invokeId, response, access)"
mmsMsg_createServiceErrorPdu,declaration,(unknown),,"invokeId, response, MMS_ERROR_FILE_OTHER",mms/iso_mms/server/mms_file_service.c,1174,"mmsMsg_createServiceErrorPdu(invokeId, response, MMS_ERROR_FILE_OTHER)"
mmsMsg_createServiceErrorPdu,declaration,(unknown),,"invokeId, response, access",mms/iso_mms/server/mms_file_service.c,1249,"mmsMsg_createServiceErrorPdu(invokeId, response, access)"
mmsMsg_createServiceErrorPdu,declaration,(unknown),,"invokeId, response, MMS_ERROR_ACCESS_OBJECT_NON_EXISTENT",mms/iso_mms/server/mms_get_namelist_service.c,403,"mmsMsg_createServiceErrorPdu(invokeId, response, MMS_ERROR_ACCESS_OBJECT_NON_EXISTENT)"
mmsMsg_createServiceErrorPdu,declaration,(unknown),,"invokeId, response, MMS_ERROR_ACCESS_OBJECT_ACCESS_UNSUPPORTED",mms/iso_mms/server/mms_get_namelist_service.c,670,"mmsMsg_createServiceErrorPdu(invokeId, response, MMS_ERROR_ACCESS_OBJECT_ACCESS_UNSUPPORTED)"
mmsMsg_createServiceErrorPdu,declaration,(unknown),,"invokeId, response, MMS_ERROR_ACCESS_OBJECT_ACCESS_DENIED",mms/iso_mms/server/mms_get_namelist_service.c,701,"mmsMsg_createServiceErrorPdu(invokeId, response, MMS_ERROR_ACCESS_OBJECT_ACCESS_DENIED)"
mmsMsg_createServiceErrorPdu,declaration,(unknown),,"invokeId, response, MMS_ERROR_ACCESS_OBJECT_ACCESS_DENIED",mms/iso_mms/server/mms_get_namelist_service.c,729,"mmsMsg_createServiceErrorPdu(invokeId, response, MMS_ERROR_ACCESS_OBJECT_ACCESS_DENIED)"
mmsMsg_createServiceErrorPdu,declaration,(unknown),,"invokeId, response, MMS_ERROR_ACCESS_OBJECT_ACCESS_DENIED",mms/iso_mms/server/mms_get_namelist_service.c,759,"mmsMsg_createServiceErrorPdu(invokeId, response, MMS_ERROR_ACCESS_OBJECT_ACCESS_DENIED)"
mmsMsg_createServiceErrorPdu,declaration,(unknown),,"invokeId, response, MMS_ERROR_ACCESS_OBJECT_ACCESS_UNSUPPORTED",mms/iso_mms/server/mms_get_namelist_service.c,779,"mmsMsg_createServiceErrorPdu(invokeId, response, MMS_ERROR_ACCESS_OBJECT_ACCESS_UNSUPPORTED)"
mmsMsg_createServiceErrorPdu,declaration,else,,"invokeId, response, MMS_ERROR_ACCESS_OBJECT_ACCESS_UNSUPPORTED",mms/iso_mms/server/mms_get_namelist_service.c,802,"else mmsMsg_createServiceErrorPdu(invokeId, response, MMS_ERROR_ACCESS_OBJECT_ACCESS_UNSUPPORTED)"
mmsMsg_createServiceErrorPdu,declaration,(unknown),,"invokeId, response, MMS_ERROR_ACCESS_OBJECT_ACCESS_UNSUPPORTED",mms/iso_mms/server/mms_get_namelist_service.c,811,"mmsMsg_createServiceErrorPdu(invokeId, response, MMS_ERROR_ACCESS_OBJECT_ACCESS_UNSUPPORTED)"
mmsMsg_createServiceErrorPdu,declaration,(unknown),,"invokeId, response, MMS_ERROR_ACCESS_OBJECT_NON_EXISTENT",mms/iso_mms/server/mms_get_var_access_service.c,202,"mmsMsg_createServiceErrorPdu(invokeId, response, MMS_ERROR_ACCESS_OBJECT_NON_EXISTENT)"
mmsMsg_createServiceErrorPdu,declaration,(unknown),,"invokeId, response, MMS_ERROR_ACCESS_OBJECT_NON_EXISTENT",mms/iso_mms/server/mms_get_var_access_service.c,217,"mmsMsg_createServiceErrorPdu(invokeId, response, MMS_ERROR_ACCESS_OBJECT_NON_EXISTENT)"
mmsMsg_createServiceErrorPdu,declaration,(unknown),,"invokeId, response, MMS_ERROR_ACCESS_OBJECT_NON_EXISTENT",mms/iso_mms/server/mms_get_var_access_service.c,229,"mmsMsg_createServiceErrorPdu(invokeId, response, MMS_ERROR_ACCESS_OBJECT_NON_EXISTENT)"
mmsMsg_createServiceErrorPdu,declaration,(unknown),,"invokeId, response, MMS_ERROR_SERVICE_OTHER",mms/iso_mms/server/mms_get_var_access_service.c,258,"mmsMsg_createServiceErrorPdu(invokeId, response, MMS_ERROR_SERVICE_OTHER)"
mmsMsg_createServiceErrorPdu,declaration,(unknown),,"invokeId, response, MMS_ERROR_RESOURCE_OTHER",mms/iso_mms/server/mms_get_var_access_service.c,343,"mmsMsg_createServiceErrorPdu(invokeId, response, MMS_ERROR_RESOURCE_OTHER)"
mmsMsg_createServiceErrorPdu,declaration,(unknown),,"invokeId, response, MMS_ERROR_ACCESS_OBJECT_NON_EXISTENT",mms/iso_mms/server/mms_journal_service.c,449,"mmsMsg_createServiceErrorPdu(invokeId, response, MMS_ERROR_ACCESS_OBJECT_NON_EXISTENT)"
mmsMsg_createServiceErrorPdu,declaration,(unknown),,"invokeId, response, MMS_ERROR_ACCESS_OBJECT_NON_EXISTENT",mms/iso_mms/server/mms_journal_service.c,461,"mmsMsg_createServiceErrorPdu(invokeId, response, MMS_ERROR_ACCESS_OBJECT_NON_EXISTENT)"
mmsMsg_createServiceErrorPdu,declaration,(unknown),,"invokeId, response, MMS_ERROR_ACCESS_OBJECT_ACCESS_DENIED",mms/iso_mms/server/mms_journal_service.c,476,"mmsMsg_createServiceErrorPdu(invokeId, response, MMS_ERROR_ACCESS_OBJECT_ACCESS_DENIED)"
mmsMsg_createServiceErrorPdu,declaration,(unknown),,"invokeId, response, MMS_ERROR_ACCESS_OBJECT_ACCESS_UNSUPPORTED",mms/iso_mms/server/mms_named_variable_list_service.c,244,"mmsMsg_createServiceErrorPdu(invokeId, response, MMS_ERROR_ACCESS_OBJECT_ACCESS_UNSUPPORTED)"
mmsMsg_createServiceErrorPdu,declaration,(unknown),,"invokeId, response, MMS_ERROR_ACCESS_OBJECT_NON_EXISTENT",mms/iso_mms/server/mms_named_variable_list_service.c,499,"mmsMsg_createServiceErrorPdu(invokeId, response, MMS_ERROR_ACCESS_OBJECT_NON_EXISTENT)"
mmsMsg_createServiceErrorPdu,declaration,(unknown),,"invokeId, response, MMS_ERROR_ACCESS_OBJECT_NON_EXISTENT",mms/iso_mms/server/mms_named_variable_list_service.c,511,"mmsMsg_createServiceErrorPdu(invokeId, response, MMS_ERROR_ACCESS_OBJECT_NON_EXISTENT)"
mmsMsg_createServiceErrorPdu,declaration,(unknown),,"invokeId, response, MMS_ERROR_ACCESS_OBJECT_NON_EXISTENT",mms/iso_mms/server/mms_named_variable_list_service.c,526,"mmsMsg_createServiceErrorPdu(invokeId, response, MMS_ERROR_ACCESS_OBJECT_NON_EXISTENT)"
mmsMsg_createServiceErrorPdu,declaration,(unknown),,"invokeId, response, MMS_ERROR_DEFINITION_OBJECT_EXISTS",mms/iso_mms/server/mms_named_variable_list_service.c,536,"mmsMsg_createServiceErrorPdu(invokeId, response, MMS_ERROR_DEFINITION_OBJECT_EXISTS)"
mmsMsg_createServiceErrorPdu,declaration,(unknown),,"invokeId, response, mmsError",mms/iso_mms/server/mms_named_variable_list_service.c,557,"mmsMsg_createServiceErrorPdu(invokeId, response, mmsError)"
mmsMsg_createServiceErrorPdu,declaration,else,,"invokeId, response, mmsError",mms/iso_mms/server/mms_named_variable_list_service.c,560,"else mmsMsg_createServiceErrorPdu(invokeId, response, mmsError)"
mmsMsg_createServiceErrorPdu,declaration,else,,"invokeId, response, MMS_ERROR_RESOURCE_CAPABILITY_UNAVAILABLE",mms/iso_mms/server/mms_named_variable_list_service.c,564,"else mmsMsg_createServiceErrorPdu(invokeId, response, MMS_ERROR_RESOURCE_CAPABILITY_UNAVAILABLE)"
mmsMsg_createServiceErrorPdu,declaration,(unknown),,"invokeId, response, MMS_ERROR_DEFINITION_OBJECT_EXISTS",mms/iso_mms/server/mms_named_variable_list_service.c,591,"mmsMsg_createServiceErrorPdu(invokeId, response, MMS_ERROR_DEFINITION_OBJECT_EXISTS)"
mmsMsg_createServiceErrorPdu,declaration,(unknown),,"invokeId, response, MMS_ERROR_ACCESS_OBJECT_ACCESS_DENIED",mms/iso_mms/server/mms_named_variable_list_service.c,610,"mmsMsg_createServiceErrorPdu(invokeId, response, MMS_ERROR_ACCESS_OBJECT_ACCESS_DENIED)"
mmsMsg_createServiceErrorPdu,declaration,else,,"invokeId, response, mmsError",mms/iso_mms/server/mms_named_variable_list_service.c,613,"else mmsMsg_createServiceErrorPdu(invokeId, response, mmsError)"
mmsMsg_createServiceErrorPdu,declaration,else,,"invokeId, response, MMS_ERROR_RESOURCE_CAPABILITY_UNAVAILABLE",mms/iso_mms/server/mms_named_variable_list_service.c,617,"else mmsMsg_createServiceErrorPdu(invokeId, response, MMS_ERROR_RESOURCE_CAPABILITY_UNAVAILABLE)"
mmsMsg_createServiceErrorPdu,declaration,(unknown),,"invokeId, response, MMS_ERROR_DEFINITION_OBJECT_EXISTS",mms/iso_mms/server/mms_named_variable_list_service.c,640,"mmsMsg_createServiceErrorPdu(invokeId, response, MMS_ERROR_DEFINITION_OBJECT_EXISTS)"
mmsMsg_createServiceErrorPdu,declaration,(unknown),,"invokeId, response, MMS_ERROR_ACCESS_OBJECT_ACCESS_DENIED",mms/iso_mms/server/mms_named_variable_list_service.c,661,"mmsMsg_createServiceErrorPdu(invokeId, response, MMS_ERROR_ACCESS_OBJECT_ACCESS_DENIED)"
mmsMsg_createServiceErrorPdu,declaration,else,,"invokeId, response, MMS_ERROR_DEFINITION_TYPE_UNSUPPORTED",mms/iso_mms/server/mms_named_variable_list_service.c,667,"else mmsMsg_createServiceErrorPdu(invokeId, response, MMS_ERROR_DEFINITION_TYPE_UNSUPPORTED)"
mmsMsg_createServiceErrorPdu,declaration,(unknown),,"invokeId, response, MMS_ERROR_ACCESS_OTHER",mms/iso_mms/server/mms_named_variable_list_service.c,785,"mmsMsg_createServiceErrorPdu(invokeId, response, MMS_ERROR_ACCESS_OTHER)"
mmsMsg_createServiceErrorPdu,declaration,(unknown),,"invokeId, response, MMS_ERROR_RESOURCE_OTHER",mms/iso_mms/server/mms_named_variable_list_service.c,813,"mmsMsg_createServiceErrorPdu(invokeId, response, MMS_ERROR_RESOURCE_OTHER)"
mmsMsg_createServiceErrorPdu,declaration,(unknown),,"invokeId, response, accessError",mms/iso_mms/server/mms_named_variable_list_service.c,820,"mmsMsg_createServiceErrorPdu(invokeId, response, accessError)"
mmsMsg_createServiceErrorPdu,declaration,else,,"invokeId, response, MMS_ERROR_ACCESS_OBJECT_NON_EXISTENT",mms/iso_mms/server/mms_named_variable_list_service.c,824,"else mmsMsg_createServiceErrorPdu(invokeId, response, MMS_ERROR_ACCESS_OBJECT_NON_EXISTENT)"
mmsMsg_createServiceErrorPdu,declaration,else,,"invokeId, response, MMS_ERROR_ACCESS_OBJECT_NON_EXISTENT",mms/iso_mms/server/mms_named_variable_list_service.c,827,"else mmsMsg_createServiceErrorPdu(invokeId, response, MMS_ERROR_ACCESS_OBJECT_NON_EXISTENT)"
mmsMsg_createServiceErrorPdu,declaration,(unknown),,"invokeId, response, MMS_ERROR_ACCESS_OTHER",mms/iso_mms/server/mms_named_variable_list_service.c,837,"mmsMsg_createServiceErrorPdu(invokeId, response, MMS_ERROR_ACCESS_OTHER)"
mmsMsg_createServiceErrorPdu,declaration,(unknown),,"invokeId, response, MMS_ERROR_RESOURCE_OTHER",mms/iso_mms/server/mms_named_variable_list_service.c,856,"mmsMsg_createServiceErrorPdu(invokeId, response, MMS_ERROR_RESOURCE_OTHER)"
mmsMsg_createServiceErrorPdu,declaration,(unknown),,"invokeId, response, accessError",mms/iso_mms/server/mms_named_variable_list_service.c,863,"mmsMsg_createServiceErrorPdu(invokeId, response, accessError)"
mmsMsg_createServiceErrorPdu,declaration,else,,"invokeId, response, MMS_ERROR_ACCESS_OBJECT_NON_EXISTENT",mms/iso_mms/server/mms_named_variable_list_service.c,867,"else mmsMsg_createServiceErrorPdu(invokeId, response, MMS_ERROR_ACCESS_OBJECT_NON_EXISTENT)"
mmsMsg_createServiceErrorPdu,declaration,(unknown),,"invokeId, response, MMS_ERROR_ACCESS_OTHER",mms/iso_mms/server/mms_named_variable_list_service.c,877,"mmsMsg_createServiceErrorPdu(invokeId, response, MMS_ERROR_ACCESS_OTHER)"
mmsMsg_createServiceErrorPdu,declaration,(unknown),,"invokeId, response, MMS_ERROR_RESOURCE_OTHER",mms/iso_mms/server/mms_named_variable_list_service.c,898,"mmsMsg_createServiceErrorPdu(invokeId, response, MMS_ERROR_RESOURCE_OTHER)"
mmsMsg_createServiceErrorPdu,declaration,(unknown),,"invokeId, response, accessError",mms/iso_mms/server/mms_named_variable_list_service.c,905,"mmsMsg_createServiceErrorPdu(invokeId, response, accessError)"
mmsMsg_createServiceErrorPdu,declaration,else,,"invokeId, response, MMS_ERROR_ACCESS_OBJECT_NON_EXISTENT",mms/iso_mms/server/mms_named_variable_list_service.c,909,"else mmsMsg_createServiceErrorPdu(invokeId, response, MMS_ERROR_ACCESS_OBJECT_NON_EXISTENT)"
mmsMsg_createServiceErrorPdu,declaration,(unknown),,"invokeId, response, MMS_ERROR_ACCESS_OBJECT_ACCESS_UNSUPPORTED",mms/iso_mms/server/mms_named_variable_list_service.c,914,"mmsMsg_createServiceErrorPdu(invokeId, response, MMS_ERROR_ACCESS_OBJECT_ACCESS_UNSUPPORTED)"
mmsMsg_createServiceErrorPdu,declaration,(unknown),,"invokeId, response, MMS_ERROR_RESOURCE_OTHER",mms/iso_mms/server/mms_named_variable_list_service.c,920,"mmsMsg_createServiceErrorPdu(invokeId, response, MMS_ERROR_RESOURCE_OTHER)"
mmsMsg_createServiceErrorPdu,declaration,(unknown),,"invokeId, response, MMS_ERROR_RESOURCE_OTHER",mms/iso_mms/server/mms_read_service.c,461,"mmsMsg_createServiceErrorPdu(invokeId, response, MMS_ERROR_RESOURCE_OTHER)"
mmsMsg_createServiceErrorPdu,declaration,(unknown),,"invokeId, response, MMS_ERROR_ACCESS_OBJECT_NON_EXISTENT",mms/iso_mms/server/mms_read_service.c,770,"mmsMsg_createServiceErrorPdu(invokeId, response, MMS_ERROR_ACCESS_OBJECT_NON_EXISTENT)"
mmsMsg_createServiceErrorPdu,declaration,(unknown),,"invokeId, response, accessError",mms/iso_mms/server/mms_read_service.c,788,"mmsMsg_createServiceErrorPdu(invokeId, response, accessError)"
mmsMsg_createServiceErrorPdu,declaration,(unknown),,"invokeId, response, MMS_ERROR_ACCESS_OBJECT_NON_EXISTENT",mms/iso_mms/server/mms_read_service.c,795,"mmsMsg_createServiceErrorPdu(invokeId, response, MMS_ERROR_ACCESS_OBJECT_NON_EXISTENT)"
mmsMsg_createServiceErrorPdu,declaration,(unknown),,"invokeId, response, MMS_ERROR_ACCESS_OBJECT_NON_EXISTENT",mms/iso_mms/server/mms_read_service.c,810,"mmsMsg_createServiceErrorPdu(invokeId, response, MMS_ERROR_ACCESS_OBJECT_NON_EXISTENT)"
mmsMsg_createServiceErrorPdu,declaration,(unknown),,"invokeId, response, accessError",mms/iso_mms/server/mms_read_service.c,830,"mmsMsg_createServiceErrorPdu(invokeId, response, accessError)"
mmsMsg_createServiceErrorPdu,declaration,(unknown),,"invokeId, response, MMS_ERROR_ACCESS_OBJECT_NON_EXISTENT",mms/iso_mms/server/mms_read_service.c,848,"mmsMsg_createServiceErrorPdu(invokeId, response, MMS_ERROR_ACCESS_OBJECT_NON_EXISTENT)"
mmsMsg_createServiceErrorPdu,declaration,(unknown),,"invokeId, response, accessError",mms/iso_mms/server/mms_read_service.c,868,"mmsMsg_createServiceErrorPdu(invokeId, response, accessError)"
mmsMsg_createServiceErrorPdu,declaration,(unknown),,"invokeId, response, MMS_ERROR_ACCESS_OBJECT_ACCESS_UNSUPPORTED",mms/iso_mms/server/mms_read_service.c,932,"mmsMsg_createServiceErrorPdu(invokeId, response, MMS_ERROR_ACCESS_OBJECT_ACCESS_UNSUPPORTED)"
mmsMsg_createServiceErrorPdu,declaration,(unknown),,"invokeId, response, MMS_ERROR_RESOURCE_OTHER",mms/iso_mms/server/mms_read_service.c,938,"mmsMsg_createServiceErrorPdu(invokeId, response, MMS_ERROR_RESOURCE_OTHER)"
mmsMsg_createServiceErrorPdu,declaration,(unknown),,"invokeId, response, MMS_ERROR_ACCESS_OBJECT_NON_EXISTENT",mms/iso_mms/server/mms_write_service.c,411,"mmsMsg_createServiceErrorPdu(invokeId, response, MMS_ERROR_ACCESS_OBJECT_NON_EXISTENT)"
mmsMsg_createServiceErrorPdu,declaration,(unknown),,"invokeId, response, accessError",mms/iso_mms/server/mms_write_service.c,430,"mmsMsg_createServiceErrorPdu(invokeId, response, accessError)"
mmsMsg_createServiceErrorPdu,declaration,(unknown),,"invokeId, response, MMS_ERROR_ACCESS_OBJECT_NON_EXISTENT",mms/iso_mms/server/mms_write_service.c,437,"mmsMsg_createServiceErrorPdu(invokeId, response, MMS_ERROR_ACCESS_OBJECT_NON_EXISTENT)"
mmsMsg_createServiceErrorPdu,declaration,(unknown),,"invokeId, response, accessError",mms/iso_mms/server/mms_write_service.c,461,"mmsMsg_createServiceErrorPdu(invokeId, response, accessError)"
mmsMsg_createServiceErrorPdu,declaration,(unknown),,"invokeId, response, MMS_ERROR_ACCESS_OBJECT_NON_EXISTENT",mms/iso_mms/server/mms_write_service.c,469,"mmsMsg_createServiceErrorPdu(invokeId, response, MMS_ERROR_ACCESS_OBJECT_NON_EXISTENT)"
mmsMsg_createServiceErrorPdu,declaration,(unknown),,"invokeId, response, accessError",mms/iso_mms/server/mms_write_service.c,493,"mmsMsg_createServiceErrorPdu(invokeId, response, accessError)"
mmsMsg_createServiceErrorPdu,declaration,(unknown),,"invokeId, response, MMS_ERROR_ACCESS_OBJECT_NON_EXISTENT",mms/iso_mms/server/mms_write_service.c,500,"mmsMsg_createServiceErrorPdu(invokeId, response, MMS_ERROR_ACCESS_OBJECT_NON_EXISTENT)"
mmsMsg_createServiceErrorPdu,definition,void,,"uint32_t invokeId, ByteBuffer* response, MmsError errorType",mms/iso_mms/server/mms_server_common.c,191,"void mmsMsg_createServiceErrorPdu(uint32_t invokeId, ByteBuffer* response, MmsError errorType)"
mmsMsg_createStringFromAsnIdentifier,declaration,LIB61850_INTERNAL char*,,Identifier_t identifier,mms/inc_private/mms_common_internal.h,93,LIB61850_INTERNAL char* mmsMsg_createStringFromAsnIdentifier(Identifier_t identifier)
mmsMsg_createStringFromAsnIdentifier,declaration,itemId =,,response->listOfVariable.list.array[i]-> variableSpecification.choice.name.choice.vmdspecific,mms/iso_mms/client/mms_client_named_variable_list.c,210,itemId = mmsMsg_createStringFromAsnIdentifier(response->listOfVariable.list.array[i]-> variableSpecification.choice.name.choice.vmdspecific)
mmsMsg_createStringFromAsnIdentifier,declaration,domainId =,,response->listOfVariable.list.array[i]-> variableSpecification.choice.name.choice.domainspecific.domainId,mms/iso_mms/client/mms_client_named_variable_list.c,215,domainId = mmsMsg_createStringFromAsnIdentifier(response->listOfVariable.list.array[i]-> variableSpecification.choice.name.choice.domainspecific.domainId)
mmsMsg_createStringFromAsnIdentifier,declaration,itemId =,,response->listOfVariable.list.array[i]-> variableSpecification.choice.name.choice.domainspecific.itemId,mms/iso_mms/client/mms_client_named_variable_list.c,217,itemId = mmsMsg_createStringFromAsnIdentifier(response->listOfVariable.list.array[i]-> variableSpecification.choice.name.choice.domainspecific.itemId)
mmsMsg_createStringFromAsnIdentifier,definition,char*,,Identifier_t identifier,mms/iso_mms/common/mms_common_msg.c,481,char* mmsMsg_createStringFromAsnIdentifier(Identifier_t identifier)
mmsMsg_deleteAccessResultList,declaration,LIB61850_INTERNAL void,,"AccessResult_t** accessResult, int variableCount",mms/inc_private/mms_common_internal.h,102,"LIB61850_INTERNAL void mmsMsg_deleteAccessResultList(AccessResult_t** accessResult, int variableCount)"
mmsMsg_encodeMmsRejectPdu,declaration,(unknown),,"invokeId, rejectType, rejectReason, response",mms/iso_mms/server/mms_server_connection.c,103,"mmsMsg_encodeMmsRejectPdu(invokeId, rejectType, rejectReason, response)"
mmsMsg_getComponentNameFromAlternateAccess,declaration,LIB61850_INTERNAL char*,,"AlternateAccess_t* alternateAccess, char* componentNameBuf, int nameBufPos",mms/inc_private/mms_common_internal.h,99,"LIB61850_INTERNAL char* mmsMsg_getComponentNameFromAlternateAccess(AlternateAccess_t* alternateAccess, char* componentNameBuf, int nameBufPos)"
mmsMsg_getComponentNameFromAlternateAccess,declaration,componentName =,,"nestedAltAccess, componentNameBuffer, 0",mms/iso_mms/client/mms_client_named_variable_list.c,245,"componentName = mmsMsg_getComponentNameFromAlternateAccess(nestedAltAccess, componentNameBuffer, 0)"
mmsMsg_getComponentNameFromAlternateAccess,declaration,return,,"nextAlternateAccess, componentNameBuf, nameBufPos",mms/iso_mms/common/mms_common_msg.c,532,"return mmsMsg_getComponentNameFromAlternateAccess(nextAlternateAccess, componentNameBuf, nameBufPos)"
mmsMsg_getComponentNameFromAlternateAccess,declaration,componentName =,,"alternateAccess->choice.unnamed->choice.selectAlternateAccess.alternateAccess, componentNameBuf, 0",mms/iso_mms/server/mms_named_variable_list_service.c,372,"componentName = mmsMsg_getComponentNameFromAlternateAccess( alternateAccess->choice.unnamed->choice.selectAlternateAccess.alternateAccess, componentNameBuf, 0)"
mmsMsg_getComponentNameFromAlternateAccess,definition,char*,,"AlternateAccess_t* alternateAccess, char* componentNameBuf, int nameBufPos",mms/iso_mms/common/mms_common_msg.c,506,"char* mmsMsg_getComponentNameFromAlternateAccess(AlternateAccess_t* alternateAccess, char* componentNameBuf, int nameBufPos)"
mmsMsg_isFilenameSave,declaration,LIB61850_INTERNAL bool,,const char* filename,mms/inc_private/mms_common_internal.h,60,LIB61850_INTERNAL bool mmsMsg_isFilenameSave(const char* filename)
mmsMsg_isFilenameSave,definition,bool,,const char* filename,mms/iso_mms/common/mms_common_msg.c,591,bool mmsMsg_isFilenameSave(const char* filename)
mmsMsg_openFile,declaration,LIB61850_INTERNAL FileHandle,,"const char* basepath, char* fileName, bool readWrite",mms/inc_private/mms_common_internal.h,57,"LIB61850_INTERNAL FileHandle mmsMsg_openFile(const char* basepath, char* fileName, bool readWrite)"
mmsMsg_openFile,declaration,FileHandle fileHandle =,,"MmsConnection_getFilestoreBasepath(connection), filename, false",mms/iso_mms/client/mms_client_files.c,127,"FileHandle fileHandle = mmsMsg_openFile(MmsConnection_getFilestoreBasepath(connection), filename, false)"
mmsMsg_openFile,definition,FileHandle,,"const char* basepath, char* fileName, bool readWrite",mms/iso_mms/common/mms_common_msg.c,609,"FileHandle mmsMsg_openFile(const char* basepath, char* fileName, bool readWrite)"
mmsMsg_parseConfirmedErrorPDU,declaration,LIB61850_INTERNAL int,,"uint8_t* buffer, int bufPos, int maxBufPos, uint32_t* invokeId, bool* hasInvokeId, MmsServiceError* serviceError",mms/inc_private/mms_common_internal.h,78,"LIB61850_INTERNAL int mmsMsg_parseConfirmedErrorPDU(uint8_t* buffer, int bufPos, int maxBufPos, uint32_t* invokeId, bool* hasInvokeId, MmsServiceError* serviceError)"
mmsMsg_parseConfirmedErrorPDU,definition,int,,"uint8_t* buffer, int bufPos, int maxBufPos, uint32_t* invokeId, bool* hasInvokeId, MmsServiceError* serviceError",mms/iso_mms/client/mms_client_connection.c,573,"int mmsMsg_parseConfirmedErrorPDU(uint8_t* buffer, int bufPos, int maxBufPos, uint32_t* invokeId, bool* hasInvokeId, MmsServiceError* serviceError)"
mmsMsg_parseDataElement,declaration,LIB61850_INTERNAL MmsValue*,,Data_t* dataElement,mms/inc_private/mms_common_internal.h,84,LIB61850_INTERNAL MmsValue* mmsMsg_parseDataElement(Data_t* dataElement)
mmsMsg_parseDataElement,declaration,value->value.structure.components[j] =,,accessResultList[i]->choice.array.list.array[j],mms/iso_mms/client/mms_client_read.c,69,value->value.structure.components[j] = mmsMsg_parseDataElement( accessResultList[i]->choice.array.list.array[j])
mmsMsg_parseDataElement,declaration,value->value.structure.components[j] =,,accessResultList[i]->choice.structure.list.array[j],mms/iso_mms/client/mms_client_read.c,110,value->value.structure.components[j] = mmsMsg_parseDataElement( accessResultList[i]->choice.structure.list.array[j])
mmsMsg_parseDataElement,declaration,value->value.structure.components[i] =,,dataElement->choice.array->list.array[i],mms/iso_mms/common/mms_common_msg.c,184,value->value.structure.components[i] = mmsMsg_parseDataElement(dataElement->choice.array->list.array[i])
mmsMsg_parseDataElement,declaration,value->value.structure.components[i] =,,dataElement->choice.structure->list.array[i],mms/iso_mms/common/mms_common_msg.c,220,value->value.structure.components[i] = mmsMsg_parseDataElement(dataElement->choice.structure->list.array[i])
mmsMsg_parseDataElement,declaration,MmsValue* newValue =,,dataElement,mms/iso_mms/server/mms_write_service.c,355,MmsValue* newValue = mmsMsg_parseDataElement(dataElement)
mmsMsg_parseDataElement,declaration,MmsValue* value =,,dataElement,mms/iso_mms/server/mms_write_service.c,718,MmsValue* value = mmsMsg_parseDataElement(dataElement)
mmsMsg_parseDataElement,definition,MmsValue*,,Data_t* dataElement,mms/iso_mms/common/mms_common_msg.c,160,MmsValue* mmsMsg_parseDataElement(Data_t* dataElement)
mmsMsg_parseFileName,declaration,LIB61850_INTERNAL bool,,"char* filename, uint8_t* buffer, int* bufPos, int maxBufPos , uint32_t invokeId, ByteBuffer* response",mms/inc_private/mms_common_internal.h,51,"LIB61850_INTERNAL bool mmsMsg_parseFileName(char* filename, uint8_t* buffer, int* bufPos, int maxBufPos , uint32_t invokeId, ByteBuffer* response)"
mmsMsg_parseFileName,definition,bool,,"char* filename, uint8_t* buffer, int* bufPos, int maxBufPos , uint32_t invokeId, ByteBuffer* response",mms/iso_mms/common/mms_common_msg.c,623,"bool mmsMsg_parseFileName(char* filename, uint8_t* buffer, int* bufPos, int maxBufPos , uint32_t invokeId, ByteBuffer* response)"
mmsMsg_parseFileOpenResponse,definition,bool,,"uint8_t* buffer, int bufPos, int maxBufPos, int32_t* frsmId, uint32_t* fileSize, uint64_t* lastModified",mms/iso_mms/client/mms_client_files.c,663,"bool mmsMsg_parseFileOpenResponse(uint8_t* buffer, int bufPos, int maxBufPos, int32_t* frsmId, uint32_t* fileSize, uint64_t* lastModified)"
mmsMsg_parseFileReadResponse,declaration,LIB61850_INTERNAL bool,,"uint8_t* buffer, int bufPos, int maxBufPos, uint32_t invokeId, int32_t frsmId, bool* moreFollows, MmsConnection_FileReadHandler handler, void* handlerParameter",mms/inc_private/mms_common_internal.h,39,"LIB61850_INTERNAL bool mmsMsg_parseFileReadResponse(uint8_t* buffer, int bufPos, int maxBufPos, uint32_t invokeId, int32_t frsmId, bool* moreFollows, MmsConnection_FileReadHandler handler, void* handlerParameter)"
mmsMsg_parseFileReadResponse,definition,bool,,"uint8_t* buffer, int bufPos, int maxBufPos, uint32_t invokeId, int32_t frsmId, bool* moreFollows, MmsConnection_FileReadHandler handler, void* handlerParameter",mms/iso_mms/client/mms_client_files.c,721,"bool mmsMsg_parseFileReadResponse(uint8_t* buffer, int bufPos, int maxBufPos, uint32_t invokeId, int32_t frsmId, bool* moreFollows, MmsConnection_FileReadHandler handler, void* handlerParameter)"
mmsMsg_parseRejectPDU,declaration,LIB61850_INTERNAL int,,"uint8_t* buffer, int bufPos, int maxBufPos, uint32_t* invokeId, bool* hasInvokeId, int* rejectType, int* rejectReason",mms/inc_private/mms_common_internal.h,81,"LIB61850_INTERNAL int mmsMsg_parseRejectPDU(uint8_t* buffer, int bufPos, int maxBufPos, uint32_t* invokeId, bool* hasInvokeId, int* rejectType, int* rejectReason)"
mmsMsg_parseRejectPDU,definition,int,,"uint8_t* buffer, int bufPos, int maxBufPos, uint32_t* invokeId, bool* hasInvokeId, int* rejectType, int* rejectReason",mms/iso_mms/client/mms_client_connection.c,634,"int mmsMsg_parseRejectPDU(uint8_t* buffer, int bufPos, int maxBufPos, uint32_t* invokeId, bool* hasInvokeId, int* rejectType, int* rejectReason)"
mmsServerConnection_stopFileUploadTasks,declaration,LIB61850_INTERNAL void,,MmsServerConnection self,mms/inc_private/mms_server_internal.h,365,LIB61850_INTERNAL void mmsServerConnection_stopFileUploadTasks(MmsServerConnection self)
mmsServerConnection_stopFileUploadTasks,declaration,(unknown),,self,mms/iso_mms/server/mms_server_connection.c,794,mmsServerConnection_stopFileUploadTasks(self)
mmsServer_callVariableListChangedHandler,declaration,LIB61850_INTERNAL MmsError,,"MmsVariableListAccessType accessType, MmsVariableListType listType, MmsDomain* domain, char* listName, MmsServerConnection connection",mms/inc_private/mms_server_internal.h,412,"LIB61850_INTERNAL MmsError mmsServer_callVariableListChangedHandler(MmsVariableListAccessType accessType, MmsVariableListType listType, MmsDomain* domain, char* listName, MmsServerConnection connection)"
mmsServer_callVariableListChangedHandler,declaration,MmsError deleteError =,,"MMS_VARLIST_DELETE, MMS_DOMAIN_SPECIFIC, domain, listName, connection",mms/iso_mms/server/mms_named_variable_list_service.c,174,"MmsError deleteError = mmsServer_callVariableListChangedHandler(MMS_VARLIST_DELETE, MMS_DOMAIN_SPECIFIC, domain, listName, connection)"
mmsServer_callVariableListChangedHandler,declaration,MmsError deleteError =,,"MMS_VARLIST_DELETE, MMS_ASSOCIATION_SPECIFIC, NULL, listName, connection",mms/iso_mms/server/mms_named_variable_list_service.c,199,"MmsError deleteError = mmsServer_callVariableListChangedHandler(MMS_VARLIST_DELETE, MMS_ASSOCIATION_SPECIFIC, NULL, listName, connection)"
mmsServer_callVariableListChangedHandler,declaration,MmsError deleteError =,,"MMS_VARLIST_DELETE, MMS_VMD_SPECIFIC, NULL, listName, connection",mms/iso_mms/server/mms_named_variable_list_service.c,223,"MmsError deleteError = mmsServer_callVariableListChangedHandler(MMS_VARLIST_DELETE, MMS_VMD_SPECIFIC, NULL, listName, connection)"
mmsServer_callVariableListChangedHandler,declaration,mmsError =,,"MMS_VARLIST_CREATE, MMS_DOMAIN_SPECIFIC, domain, variableListName, connection",mms/iso_mms/server/mms_named_variable_list_service.c,547,"mmsError = mmsServer_callVariableListChangedHandler(MMS_VARLIST_CREATE, MMS_DOMAIN_SPECIFIC, domain, variableListName, connection)"
mmsServer_callVariableListChangedHandler,declaration,MmsError accessError =,,"MMS_VARLIST_GET_DIRECTORY, MMS_DOMAIN_SPECIFIC, domain, varList->name, connection",mms/iso_mms/server/mms_named_variable_list_service.c,805,"MmsError accessError = mmsServer_callVariableListChangedHandler(MMS_VARLIST_GET_DIRECTORY, MMS_DOMAIN_SPECIFIC, domain, varList->name, connection)"
mmsServer_callVariableListChangedHandler,declaration,MmsError accessError =,,"MMS_VARLIST_GET_DIRECTORY, MMS_ASSOCIATION_SPECIFIC, NULL, varList->name, connection",mms/iso_mms/server/mms_named_variable_list_service.c,848,"MmsError accessError = mmsServer_callVariableListChangedHandler(MMS_VARLIST_GET_DIRECTORY, MMS_ASSOCIATION_SPECIFIC, NULL, varList->name, connection)"
mmsServer_callVariableListChangedHandler,declaration,MmsError accessError =,,"MMS_VARLIST_GET_DIRECTORY, MMS_VMD_SPECIFIC, NULL, varList->name, connection",mms/iso_mms/server/mms_named_variable_list_service.c,890,"MmsError accessError = mmsServer_callVariableListChangedHandler(MMS_VARLIST_GET_DIRECTORY, MMS_VMD_SPECIFIC, NULL, varList->name, connection)"
mmsServer_callVariableListChangedHandler,declaration,MmsError accessError =,,"MMS_VARLIST_READ, MMS_DOMAIN_SPECIFIC, domain, namedList->name, connection",mms/iso_mms/server/mms_read_service.c,778,"MmsError accessError = mmsServer_callVariableListChangedHandler(MMS_VARLIST_READ, MMS_DOMAIN_SPECIFIC, domain, namedList->name, connection)"
mmsServer_callVariableListChangedHandler,declaration,MmsError accessError =,,"MMS_VARLIST_READ, MMS_VMD_SPECIFIC, NULL, namedList->name, connection",mms/iso_mms/server/mms_read_service.c,814,"MmsError accessError = mmsServer_callVariableListChangedHandler(MMS_VARLIST_READ, MMS_VMD_SPECIFIC, NULL, namedList->name, connection)"
mmsServer_callVariableListChangedHandler,declaration,MmsError accessError =,,"MMS_VARLIST_READ, MMS_ASSOCIATION_SPECIFIC, NULL, namedList->name, connection",mms/iso_mms/server/mms_read_service.c,852,"MmsError accessError = mmsServer_callVariableListChangedHandler(MMS_VARLIST_READ, MMS_ASSOCIATION_SPECIFIC, NULL, namedList->name, connection)"
mmsServer_callVariableListChangedHandler,declaration,MmsError accessError =,,"MMS_VARLIST_WRITE, MMS_DOMAIN_SPECIFIC, domain, namedList->name, connection",mms/iso_mms/server/mms_write_service.c,421,"MmsError accessError = mmsServer_callVariableListChangedHandler(MMS_VARLIST_WRITE, MMS_DOMAIN_SPECIFIC, domain, namedList->name, connection)"
mmsServer_callVariableListChangedHandler,declaration,MmsError accessError =,,"MMS_VARLIST_WRITE, MMS_VMD_SPECIFIC, NULL, namedList->name, connection",mms/iso_mms/server/mms_write_service.c,452,"MmsError accessError = mmsServer_callVariableListChangedHandler(MMS_VARLIST_WRITE, MMS_VMD_SPECIFIC, NULL, namedList->name, connection)"
mmsServer_callVariableListChangedHandler,declaration,MmsError accessError =,,"MMS_VARLIST_WRITE, MMS_ASSOCIATION_SPECIFIC, NULL, namedList->name, connection",mms/iso_mms/server/mms_write_service.c,484,"MmsError accessError = mmsServer_callVariableListChangedHandler(MMS_VARLIST_WRITE, MMS_ASSOCIATION_SPECIFIC, NULL, namedList->name, connection)"
mmsServer_checkListAccess,declaration,LIB61850_INTERNAL bool,,"MmsServer self, MmsGetNameListType listType, MmsDomain* domain, char* itemId, MmsServerConnection connection",mms/inc_private/mms_server_internal.h,405,"LIB61850_INTERNAL bool mmsServer_checkListAccess(MmsServer self, MmsGetNameListType listType, MmsDomain* domain, char* itemId, MmsServerConnection connection)"
mmsServer_checkListAccess,declaration,bool accessAllowed =,,"connection->server, MMS_GETNAMELIST_DATA, domain, variableName, connection",mms/iso_mms/server/mms_get_namelist_service.c,145,"bool accessAllowed = mmsServer_checkListAccess(connection->server, MMS_GETNAMELIST_DATA, domain, variableName, connection)"
mmsServer_checkListAccess,declaration,allowAccess =,,"connection->server, MMS_GETNAMELIST_JOURNALS, domain, journal->name, connection",mms/iso_mms/server/mms_get_namelist_service.c,206,"allowAccess = mmsServer_checkListAccess(connection->server, MMS_GETNAMELIST_JOURNALS, domain, journal->name, connection)"
mmsServer_checkListAccess,declaration,bool accessAllowed =,,"connection->server, MMS_GETNAMELIST_DATA, domain, variables[index[i]]->name, connection",mms/iso_mms/server/mms_get_namelist_service.c,259,"bool accessAllowed = mmsServer_checkListAccess(connection->server, MMS_GETNAMELIST_DATA, domain, variables[index[i]]->name, connection)"
mmsServer_checkListAccess,declaration,bool accessAllowed =,,"connection->server, MMS_GETNAMELIST_DATASETS, domain, variableList->name, connection",mms/iso_mms/server/mms_get_namelist_service.c,304,"bool accessAllowed = mmsServer_checkListAccess(connection->server, MMS_GETNAMELIST_DATASETS, domain, variableList->name, connection)"
mmsServer_checkListAccess,declaration,bool accessAllowed =,,"connection->server, MMS_GETNAMELIST_DATA, domain, nameId, connection",mms/iso_mms/server/mms_get_var_access_service.c,223,"bool accessAllowed = mmsServer_checkListAccess(connection->server, MMS_GETNAMELIST_DATA, domain, nameId, connection)"
mmsServer_checkListAccess,definition,bool,,"MmsServer self, MmsGetNameListType listType, MmsDomain* domain, char* itemId, MmsServerConnection connection",mms/iso_mms/server/mms_server.c,616,"bool mmsServer_checkListAccess(MmsServer self, MmsGetNameListType listType, MmsDomain* domain, char* itemId, MmsServerConnection connection)"
mmsServer_createConfirmedResponse,declaration,LIB61850_INTERNAL MmsPdu_t*,,uint32_t invokeId,mms/inc_private/mms_server_internal.h,247,LIB61850_INTERNAL MmsPdu_t* mmsServer_createConfirmedResponse(uint32_t invokeId)
mmsServer_createConfirmedResponse,declaration,MmsPdu_t* mmsPdu =,,invokeId,mms/iso_mms/server/mms_get_var_access_service.c,235,MmsPdu_t* mmsPdu = mmsServer_createConfirmedResponse(invokeId)
mmsServer_createConfirmedResponse,declaration,MmsPdu_t* mmsPdu =,,invokeId,mms/iso_mms/server/mms_named_variable_list_service.c,684,MmsPdu_t* mmsPdu = mmsServer_createConfirmedResponse(invokeId)
mmsServer_createConfirmedResponse,definition,MmsPdu_t*,,uint32_t invokeId,mms/iso_mms/server/mms_server_common.c,21,MmsPdu_t* mmsServer_createConfirmedResponse(uint32_t invokeId)
mmsServer_createMmsWriteResponse,declaration,LIB61850_INTERNAL void,,"MmsServerConnection connection, uint32_t invokeId, ByteBuffer* response, int numberOfItems, MmsDataAccessError* accessResults",mms/inc_private/mms_server_internal.h,408,"LIB61850_INTERNAL void mmsServer_createMmsWriteResponse(MmsServerConnection connection, uint32_t invokeId, ByteBuffer* response, int numberOfItems, MmsDataAccessError* accessResults)"
mmsServer_createMmsWriteResponse,declaration,(unknown),,"self, invokeId, response, 1, &indication",mms/iso_mms/server/mms_write_service.c,84,"mmsServer_createMmsWriteResponse(self, invokeId, response, 1, &indication)"
mmsServer_createServiceErrorPduWithServiceSpecificInfo,declaration,LIB61850_INTERNAL void,,"uint32_t invokeId, ByteBuffer* response, MmsError errorType, uint8_t* serviceSpecificInfo, int serviceSpecficInfoLength",mms/inc_private/mms_server_internal.h,253,"LIB61850_INTERNAL void mmsServer_createServiceErrorPduWithServiceSpecificInfo(uint32_t invokeId, ByteBuffer* response, MmsError errorType, uint8_t* serviceSpecificInfo, int serviceSpecficInfoLength)"
mmsServer_createServiceErrorPduWithServiceSpecificInfo,declaration,(unknown),,"invokeId, response, errorType, buffer, size",mms/iso_mms/server/mms_file_service.c,396,"mmsServer_createServiceErrorPduWithServiceSpecificInfo(invokeId, response, errorType, buffer, size)"
mmsServer_createServiceErrorPduWithServiceSpecificInfo,declaration,(unknown),,"invokeId, response, errorType, buffer, size",mms/iso_mms/server/mms_named_variable_list_service.c,89,"mmsServer_createServiceErrorPduWithServiceSpecificInfo(invokeId, response, errorType, buffer, size)"
mmsServer_createServiceErrorPduWithServiceSpecificInfo,declaration,(unknown),,"invokeId, response, errorType, NULL, 0",mms/iso_mms/server/mms_server_common.c,195,"mmsServer_createServiceErrorPduWithServiceSpecificInfo(invokeId, response, errorType, NULL, 0)"
mmsServer_createServiceErrorPduWithServiceSpecificInfo,definition,void,,"uint32_t invokeId, ByteBuffer* response, MmsError errorType, uint8_t* serviceSpecificInfo, int serviceSpecficInfoLength",mms/iso_mms/server/mms_server_common.c,142,"void mmsServer_createServiceErrorPduWithServiceSpecificInfo(uint32_t invokeId, ByteBuffer* response, MmsError errorType, uint8_t* serviceSpecificInfo, int serviceSpecficInfoLength)"
mmsServer_deleteVariableList,declaration,LIB61850_INTERNAL void,,"LinkedList namedVariableLists, char* variableListName",mms/inc_private/mms_server_internal.h,390,"LIB61850_INTERNAL void mmsServer_deleteVariableList(LinkedList namedVariableLists, char* variableListName)"
mmsServer_deleteVariableList,declaration,(unknown),,"self->namedVariableLists, variableListName",mms/iso_mms/server/mms_domain.c,113,"mmsServer_deleteVariableList(self->namedVariableLists, variableListName)"
mmsServer_deleteVariableList,declaration,(unknown),,"device->namedVariableLists, listName",mms/iso_mms/server/mms_named_variable_list_service.c,229,"mmsServer_deleteVariableList(device->namedVariableLists, listName)"
mmsServer_deleteVariableList,declaration,(unknown),,"self->namedVariableLists, listName",mms/iso_mms/server/mms_server_connection.c,831,"mmsServer_deleteVariableList(self->namedVariableLists, listName)"
mmsServer_deleteVariableList,definition,void,,"LinkedList namedVariableLists, char* variableListName",mms/iso_mms/server/mms_server_common.c,406,"void mmsServer_deleteVariableList(LinkedList namedVariableLists, char* variableListName)"
mmsServer_fileUploadTask,declaration,LIB61850_INTERNAL void,,"MmsServer self, MmsObtainFileTask task, int taskState",mms/inc_private/mms_server_internal.h,208,"LIB61850_INTERNAL void mmsServer_fileUploadTask(MmsServer self, MmsObtainFileTask task, int taskState)"
mmsServer_fileUploadTask,declaration,(unknown),,"self, &(self->fileUploadTasks[i]), taskState",mms/iso_mms/server/mms_server.c,833,"mmsServer_fileUploadTask(self, &(self->fileUploadTasks[i]), taskState)"
mmsServer_fileUploadTask,definition,void,,"MmsServer self, MmsObtainFileTask task, int taskState",mms/iso_mms/server/mms_file_service.c,406,"void mmsServer_fileUploadTask(MmsServer self, MmsObtainFileTask task, int taskState)"
mmsServer_getComponentOfArrayElement,declaration,LIB61850_INTERNAL MmsValue*,,"AlternateAccess_t* alternateAccess, MmsVariableSpecification* namedVariable, MmsValue* structuredValue, char* componentId",mms/inc_private/mms_server_internal.h,377,"LIB61850_INTERNAL MmsValue* mmsServer_getComponentOfArrayElement(AlternateAccess_t* alternateAccess, MmsVariableSpecification* namedVariable, MmsValue* structuredValue, char* componentId)"
mmsServer_getComponentOfArrayElement,declaration,retValue =,,"alternateAccess->list.array[0]->choice.unnamed->choice.selectAlternateAccess.alternateAccess, structSpec->typeSpec.structure.elements[i], value, componentId",mms/iso_mms/server/mms_server_common.c,313,"retValue = mmsServer_getComponentOfArrayElement( alternateAccess->list.array[0]->choice.unnamed->choice.selectAlternateAccess.alternateAccess, structSpec->typeSpec.structure.elements[i], value, componentId)"
mmsServer_getComponentOfArrayElement,declaration,elementValue =,,"alternateAccess, namedVariable, elementValue, componentId",mms/iso_mms/server/mms_write_service.c,762,"elementValue = mmsServer_getComponentOfArrayElement(alternateAccess, namedVariable, elementValue, componentId)"
mmsServer_getComponentOfArrayElement,definition,MmsValue*,,"AlternateAccess_t* alternateAccess, MmsVariableSpecification* namedVariable, MmsValue* structuredValue, char* componentId",mms/iso_mms/server/mms_server_common.c,268,"MmsValue* mmsServer_getComponentOfArrayElement(AlternateAccess_t* alternateAccess, MmsVariableSpecification* namedVariable, MmsValue* structuredValue, char* componentId)"
mmsServer_getLowIndex,declaration,LIB61850_INTERNAL int,,AlternateAccess_t* alternateAccess,mms/inc_private/mms_server_internal.h,381,LIB61850_INTERNAL int mmsServer_getLowIndex(AlternateAccess_t* alternateAccess)
mmsServer_getLowIndex,declaration,int lowIndex =,,alternateAccess,mms/iso_mms/server/mms_read_service.c,181,int lowIndex = mmsServer_getLowIndex(alternateAccess)
mmsServer_getLowIndex,declaration,int index =,,alternateAccess,mms/iso_mms/server/mms_write_service.c,741,int index = mmsServer_getLowIndex(alternateAccess)
mmsServer_getLowIndex,definition,int,,AlternateAccess_t* alternateAccess,mms/iso_mms/server/mms_server_common.c,340,int mmsServer_getLowIndex(AlternateAccess_t* alternateAccess)
mmsServer_getNamedVariableListWithName,declaration,LIB61850_INTERNAL MmsNamedVariableList,,"LinkedList namedVariableLists, const char* variableListName",mms/inc_private/mms_server_internal.h,387,"LIB61850_INTERNAL MmsNamedVariableList mmsServer_getNamedVariableListWithName(LinkedList namedVariableLists, const char* variableListName)"
mmsServer_getNamedVariableListWithName,declaration,return,,"self->namedVariableLists, variableListName",mms/iso_mms/server/mms_device.c,112,"return mmsServer_getNamedVariableListWithName(self->namedVariableLists, variableListName)"
mmsServer_getNamedVariableListWithName,declaration,variableList =,,"self->namedVariableLists, variableListName",mms/iso_mms/server/mms_domain.c,103,"variableList = mmsServer_getNamedVariableListWithName(self->namedVariableLists, variableListName)"
mmsServer_getNamedVariableListWithName,declaration,MmsNamedVariableList variableList =,,"device->namedVariableLists, listName",mms/iso_mms/server/mms_named_variable_list_service.c,217,"MmsNamedVariableList variableList = mmsServer_getNamedVariableListWithName(device->namedVariableLists, listName)"
mmsServer_getNamedVariableListWithName,declaration,MmsNamedVariableList varList =,,"mmsDevice->namedVariableLists, listName",mms/iso_mms/server/mms_named_variable_list_service.c,885,"MmsNamedVariableList varList = mmsServer_getNamedVariableListWithName(mmsDevice->namedVariableLists, listName)"
mmsServer_getNamedVariableListWithName,declaration,MmsNamedVariableList namedList =,,"connection->server->device->namedVariableLists, listName",mms/iso_mms/server/mms_read_service.c,805,"MmsNamedVariableList namedList = mmsServer_getNamedVariableListWithName(connection->server->device->namedVariableLists, listName)"
mmsServer_getNamedVariableListWithName,declaration,return,,"self->namedVariableLists, variableListName",mms/iso_mms/server/mms_server_connection.c,837,"return mmsServer_getNamedVariableListWithName(self->namedVariableLists, variableListName)"
mmsServer_getNamedVariableListWithName,declaration,MmsNamedVariableList namedList =,,"connection->server->device->namedVariableLists, listName",mms/iso_mms/server/mms_write_service.c,447,"MmsNamedVariableList namedList = mmsServer_getNamedVariableListWithName(connection->server->device->namedVariableLists, listName)"
mmsServer_getNamedVariableListWithName,definition,MmsNamedVariableList,,"LinkedList namedVariableLists, const char* variableListName",mms/iso_mms/server/mms_server_common.c,383,"MmsNamedVariableList mmsServer_getNamedVariableListWithName(LinkedList namedVariableLists, const char* variableListName)"
mmsServer_getNumberOfElements,declaration,LIB61850_INTERNAL int,,AlternateAccess_t* alternateAccess,mms/inc_private/mms_server_internal.h,384,LIB61850_INTERNAL int mmsServer_getNumberOfElements(AlternateAccess_t* alternateAccess)
mmsServer_getNumberOfElements,declaration,int numberOfElements =,,alternateAccess,mms/iso_mms/server/mms_read_service.c,182,int numberOfElements = mmsServer_getNumberOfElements(alternateAccess)
mmsServer_getNumberOfElements,declaration,int numberOfElements =,,alternateAccess,mms/iso_mms/server/mms_write_service.c,743,int numberOfElements = mmsServer_getNumberOfElements(alternateAccess)
mmsServer_getNumberOfElements,definition,int,,AlternateAccess_t* alternateAccess,mms/iso_mms/server/mms_server_common.c,365,int mmsServer_getNumberOfElements(AlternateAccess_t* alternateAccess)
mmsServer_getValue,declaration,LIB61850_INTERNAL MmsValue*,,"MmsServer self, MmsDomain* domain, char* itemId, MmsServerConnection connection, bool isDirectAccess",mms/inc_private/mms_server_internal.h,401,"LIB61850_INTERNAL MmsValue* mmsServer_getValue(MmsServer self, MmsDomain* domain, char* itemId, MmsServerConnection connection, bool isDirectAccess)"
mmsServer_getValue,declaration,value =,,"connection->server, domain, itemId, connection, false",mms/iso_mms/server/mms_read_service.c,30,"value = mmsServer_getValue(connection->server, domain, itemId, connection, false)"
mmsServer_getValue,declaration,value =,,"connection->server, domain, itemId, connection, false",mms/iso_mms/server/mms_read_service.c,68,"value = mmsServer_getValue(connection->server, domain, itemId, connection, false)"
mmsServer_getValue,declaration,retValue =,,"connection->server, domain, variableName, connection, false",mms/iso_mms/server/mms_read_service.c,160,"retValue = mmsServer_getValue(connection->server, domain, variableName, connection, false)"
mmsServer_getValue,declaration,MmsValue* arrayValue =,,"connection->server, domain, itemId, connection, false",mms/iso_mms/server/mms_read_service.c,185,"MmsValue* arrayValue = mmsServer_getValue(connection->server, domain, itemId, connection, false)"
mmsServer_getValue,declaration,MmsValue* value =,,"connection->server, domain, nameIdStr, connection, isAccessToSingleVariable",mms/iso_mms/server/mms_read_service.c,285,"MmsValue* value = mmsServer_getValue(connection->server, domain, nameIdStr, connection, isAccessToSingleVariable)"
mmsServer_getValue,declaration,MmsValue* value =,,"connection->server, domain, nameIdStr, connection, isAccessToSingleVariable",mms/iso_mms/server/mms_read_service.c,307,"MmsValue* value = mmsServer_getValue(connection->server, domain, nameIdStr, connection, isAccessToSingleVariable)"
mmsServer_getValue,declaration,MmsValue* value =,,"connection->server, domain, nameIdStr, connection, isAccessToSingleVariable",mms/iso_mms/server/mms_read_service.c,320,"MmsValue* value = mmsServer_getValue(connection->server, domain, nameIdStr, connection, isAccessToSingleVariable)"
mmsServer_getValue,declaration,MmsValue* value =,,"connection->server, domain, nameIdStr, connection, false",mms/iso_mms/server/mms_read_service.c,652,"MmsValue* value = mmsServer_getValue(connection->server, domain, nameIdStr, connection, false)"
mmsServer_getValue,declaration,MmsValue* oldValue =,,"connection->server, variableDomain, variableName, connection, false",mms/iso_mms/server/mms_write_service.c,351,"MmsValue* oldValue = mmsServer_getValue(connection->server, variableDomain, variableName, connection, false)"
mmsServer_getValue,definition,MmsValue*,,"MmsServer self, MmsDomain* domain, char* itemId, MmsServerConnection connection, bool isDirectAccess",mms/iso_mms/server/mms_server.c,586,"MmsValue* mmsServer_getValue(MmsServer self, MmsDomain* domain, char* itemId, MmsServerConnection connection, bool isDirectAccess)"
mmsServer_handleDefineNamedVariableListRequest,declaration,LIB61850_INTERNAL void,,"MmsServerConnection connection, uint8_t* buffer, int bufPos, int maxBufPos, uint32_t invokeId, ByteBuffer* response",mms/inc_private/mms_server_internal.h,273,"LIB61850_INTERNAL void mmsServer_handleDefineNamedVariableListRequest( MmsServerConnection connection, uint8_t* buffer, int bufPos, int maxBufPos, uint32_t invokeId, ByteBuffer* response)"
mmsServer_handleDefineNamedVariableListRequest,definition,void,,"MmsServerConnection connection, uint8_t* buffer, int bufPos, int maxBufPos, uint32_t invokeId, ByteBuffer* response",mms/iso_mms/server/mms_named_variable_list_service.c,457,"void mmsServer_handleDefineNamedVariableListRequest( MmsServerConnection connection, uint8_t* buffer, int bufPos, int maxBufPos, uint32_t invokeId, ByteBuffer* response)"
mmsServer_handleDeleteNamedVariableListRequest,declaration,LIB61850_INTERNAL void,,"MmsServerConnection connection, uint8_t* buffer, int bufPos, int maxBufPos, uint32_t invokeId, ByteBuffer* response",mms/inc_private/mms_server_internal.h,225,"LIB61850_INTERNAL void mmsServer_handleDeleteNamedVariableListRequest(MmsServerConnection connection, uint8_t* buffer, int bufPos, int maxBufPos, uint32_t invokeId, ByteBuffer* response)"
mmsServer_handleDeleteNamedVariableListRequest,declaration,case 0xad:,,"self, buffer, bufPos, bufPos + length, invokeId, response",mms/iso_mms/server/mms_server_connection.c,355,"case 0xad: mmsServer_handleDeleteNamedVariableListRequest(self, buffer, bufPos, bufPos + length, invokeId, response)"
mmsServer_handleDeleteNamedVariableListRequest,definition,void,,"MmsServerConnection connection, uint8_t* buffer, int bufPos, int maxBufPos, uint32_t invokeId, ByteBuffer* response",mms/iso_mms/server/mms_named_variable_list_service.c,93,"void mmsServer_handleDeleteNamedVariableListRequest(MmsServerConnection connection, uint8_t* buffer, int bufPos, int maxBufPos, uint32_t invokeId, ByteBuffer* response)"
mmsServer_handleFileCloseRequest,declaration,LIB61850_INTERNAL void,,"MmsServerConnection connection, uint8_t* buffer, int bufPos, int maxBufPos, uint32_t invokeId, ByteBuffer* response",mms/inc_private/mms_server_internal.h,351,"LIB61850_INTERNAL void mmsServer_handleFileCloseRequest( MmsServerConnection connection, uint8_t* buffer, int bufPos, int maxBufPos, uint32_t invokeId, ByteBuffer* response)"
mmsServer_handleFileCloseRequest,definition,void,,"MmsServerConnection connection, uint8_t* buffer, int bufPos, int maxBufPos, uint32_t invokeId, ByteBuffer* response",mms/iso_mms/server/mms_file_service.c,884,"void mmsServer_handleFileCloseRequest( MmsServerConnection connection, uint8_t* buffer, int bufPos, int maxBufPos, uint32_t invokeId, ByteBuffer* response)"
mmsServer_handleFileDeleteRequest,declaration,LIB61850_INTERNAL void,,"MmsServerConnection connection, uint8_t* buffer, int bufPos, int maxBufPos, uint32_t invokeId, ByteBuffer* response",mms/inc_private/mms_server_internal.h,330,"LIB61850_INTERNAL void mmsServer_handleFileDeleteRequest( MmsServerConnection connection, uint8_t* buffer, int bufPos, int maxBufPos, uint32_t invokeId, ByteBuffer* response)"
mmsServer_handleFileDeleteRequest,definition,void,,"MmsServerConnection connection, uint8_t* buffer, int bufPos, int maxBufPos, uint32_t invokeId, ByteBuffer* response",mms/iso_mms/server/mms_file_service.c,215,"void mmsServer_handleFileDeleteRequest( MmsServerConnection connection, uint8_t* buffer, int bufPos, int maxBufPos, uint32_t invokeId, ByteBuffer* response)"
mmsServer_handleFileDirectoryRequest,declaration,LIB61850_INTERNAL void,,"MmsServerConnection connection, uint8_t* buffer, int bufPos, int maxBufPos, uint32_t invokeId, ByteBuffer* response",mms/inc_private/mms_server_internal.h,316,"LIB61850_INTERNAL void mmsServer_handleFileDirectoryRequest( MmsServerConnection connection, uint8_t* buffer, int bufPos, int maxBufPos, uint32_t invokeId, ByteBuffer* response)"
mmsServer_handleFileDirectoryRequest,definition,void,,"MmsServerConnection connection, uint8_t* buffer, int bufPos, int maxBufPos, uint32_t invokeId, ByteBuffer* response",mms/iso_mms/server/mms_file_service.c,1182,"void mmsServer_handleFileDirectoryRequest( MmsServerConnection connection, uint8_t* buffer, int bufPos, int maxBufPos, uint32_t invokeId, ByteBuffer* response)"
mmsServer_handleFileOpenRequest,declaration,LIB61850_INTERNAL void,,"MmsServerConnection connection, uint8_t* buffer, int bufPos, int maxBufPos, uint32_t invokeId, ByteBuffer* response",mms/inc_private/mms_server_internal.h,323,"LIB61850_INTERNAL void mmsServer_handleFileOpenRequest( MmsServerConnection connection, uint8_t* buffer, int bufPos, int maxBufPos, uint32_t invokeId, ByteBuffer* response)"
mmsServer_handleFileOpenRequest,definition,void,,"MmsServerConnection connection, uint8_t* buffer, int bufPos, int maxBufPos, uint32_t invokeId, ByteBuffer* response",mms/iso_mms/server/mms_file_service.c,287,"void mmsServer_handleFileOpenRequest( MmsServerConnection connection, uint8_t* buffer, int bufPos, int maxBufPos, uint32_t invokeId, ByteBuffer* response)"
mmsServer_handleFileReadRequest,declaration,LIB61850_INTERNAL void,,"MmsServerConnection connection, uint8_t* buffer, int bufPos, int maxBufPos, uint32_t invokeId, ByteBuffer* response",mms/inc_private/mms_server_internal.h,344,"LIB61850_INTERNAL void mmsServer_handleFileReadRequest( MmsServerConnection connection, uint8_t* buffer, int bufPos, int maxBufPos, uint32_t invokeId, ByteBuffer* response)"
mmsServer_handleFileReadRequest,definition,void,,"MmsServerConnection connection, uint8_t* buffer, int bufPos, int maxBufPos, uint32_t invokeId, ByteBuffer* response",mms/iso_mms/server/mms_file_service.c,858,"void mmsServer_handleFileReadRequest( MmsServerConnection connection, uint8_t* buffer, int bufPos, int maxBufPos, uint32_t invokeId, ByteBuffer* response)"
mmsServer_handleFileRenameRequest,declaration,LIB61850_INTERNAL void,,"MmsServerConnection connection, uint8_t* buffer, int bufPos, int maxBufPos, uint32_t invokeId, ByteBuffer* response",mms/inc_private/mms_server_internal.h,337,"LIB61850_INTERNAL void mmsServer_handleFileRenameRequest( MmsServerConnection connection, uint8_t* buffer, int bufPos, int maxBufPos, uint32_t invokeId, ByteBuffer* response)"
mmsServer_handleFileRenameRequest,definition,void,,"MmsServerConnection connection, uint8_t* buffer, int bufPos, int maxBufPos, uint32_t invokeId, ByteBuffer* response",mms/iso_mms/server/mms_file_service.c,1092,"void mmsServer_handleFileRenameRequest( MmsServerConnection connection, uint8_t* buffer, int bufPos, int maxBufPos, uint32_t invokeId, ByteBuffer* response)"
mmsServer_handleGetNameListRequest,declaration,LIB61850_INTERNAL void,,"MmsServerConnection connection, uint8_t* buffer, int bufPos, int maxBufPos, uint32_t invokeId, ByteBuffer* response",mms/inc_private/mms_server_internal.h,280,"LIB61850_INTERNAL void mmsServer_handleGetNameListRequest( MmsServerConnection connection, uint8_t* buffer, int bufPos, int maxBufPos, uint32_t invokeId, ByteBuffer* response)"
mmsServer_handleGetNameListRequest,definition,void,,"MmsServerConnection connection, uint8_t* buffer, int bufPos, int maxBufPos, uint32_t invokeId, ByteBuffer* response",mms/iso_mms/server/mms_get_namelist_service.c,488,"void mmsServer_handleGetNameListRequest( MmsServerConnection connection, uint8_t* buffer, int bufPos, int maxBufPos, uint32_t invokeId, ByteBuffer* response)"
mmsServer_handleGetNamedVariableListAttributesRequest,declaration,LIB61850_INTERNAL void,,"MmsServerConnection connection, uint8_t* buffer, int bufPos, int maxBufPos, uint32_t invokeId, ByteBuffer* response",mms/inc_private/mms_server_internal.h,233,"LIB61850_INTERNAL void mmsServer_handleGetNamedVariableListAttributesRequest( MmsServerConnection connection, uint8_t* buffer, int bufPos, int maxBufPos, uint32_t invokeId, ByteBuffer* response)"
mmsServer_handleGetNamedVariableListAttributesRequest,definition,void,,"MmsServerConnection connection, uint8_t* buffer, int bufPos, int maxBufPos, uint32_t invokeId, ByteBuffer* response",mms/iso_mms/server/mms_named_variable_list_service.c,758,"void mmsServer_handleGetNamedVariableListAttributesRequest( MmsServerConnection connection, uint8_t* buffer, int bufPos, int maxBufPos, uint32_t invokeId, ByteBuffer* response)"
mmsServer_handleGetVariableAccessAttributesRequest,declaration,LIB61850_INTERNAL int,,"MmsServerConnection connection, uint8_t* buffer, int bufPos, int maxBufPos, uint32_t invokeId, ByteBuffer* response",mms/inc_private/mms_server_internal.h,266,"LIB61850_INTERNAL int mmsServer_handleGetVariableAccessAttributesRequest( MmsServerConnection connection, uint8_t* buffer, int bufPos, int maxBufPos, uint32_t invokeId, ByteBuffer* response)"
mmsServer_handleGetVariableAccessAttributesRequest,definition,int,,"MmsServerConnection connection, uint8_t* buffer, int bufPos, int maxBufPos, uint32_t invokeId, ByteBuffer* response",mms/iso_mms/server/mms_get_var_access_service.c,272,"int mmsServer_handleGetVariableAccessAttributesRequest( MmsServerConnection connection, uint8_t* buffer, int bufPos, int maxBufPos, uint32_t invokeId, ByteBuffer* response)"
mmsServer_handleIdentifyRequest,declaration,LIB61850_INTERNAL void,,"MmsServerConnection connection, uint32_t invokeId, ByteBuffer* response",mms/inc_private/mms_server_internal.h,294,"LIB61850_INTERNAL void mmsServer_handleIdentifyRequest( MmsServerConnection connection, uint32_t invokeId, ByteBuffer* response)"
mmsServer_handleInitiateRequest,declaration,LIB61850_INTERNAL void,,"MmsServerConnection self, uint8_t* buffer, int bufPos, int maxBufPos, ByteBuffer* response",mms/inc_private/mms_server_internal.h,260,"LIB61850_INTERNAL void mmsServer_handleInitiateRequest ( MmsServerConnection self, uint8_t* buffer, int bufPos, int maxBufPos, ByteBuffer* response)"
mmsServer_handleInitiateRequest,declaration,case 0xa8:,,"self, buffer, bufPos, bufPos + pduLength, response",mms/iso_mms/server/mms_server_connection.c,688,"case 0xa8: mmsServer_handleInitiateRequest(self, buffer, bufPos, bufPos + pduLength, response)"
mmsServer_handleInitiateRequest,definition,void,,"MmsServerConnection self, uint8_t* buffer, int bufPos, int maxBufPos, ByteBuffer* response",mms/iso_mms/server/mms_association_service.c,379,"void mmsServer_handleInitiateRequest ( MmsServerConnection self, uint8_t* buffer, int bufPos, int maxBufPos, ByteBuffer* response)"
mmsServer_handleObtainFileRequest,declaration,LIB61850_INTERNAL void,,"MmsServerConnection connection, uint8_t* buffer, int bufPos, int maxBufPos, uint32_t invokeId, ByteBuffer* response",mms/inc_private/mms_server_internal.h,358,"LIB61850_INTERNAL void mmsServer_handleObtainFileRequest( MmsServerConnection connection, uint8_t* buffer, int bufPos, int maxBufPos, uint32_t invokeId, ByteBuffer* response)"
mmsServer_handleReadJournalRequest,declaration,LIB61850_INTERNAL void,,"MmsServerConnection connection, uint8_t* requestBuffer, int bufPos, int maxBufPos, uint32_t invokeId, ByteBuffer* response",mms/inc_private/mms_server_internal.h,308,"LIB61850_INTERNAL void mmsServer_handleReadJournalRequest( MmsServerConnection connection, uint8_t* requestBuffer, int bufPos, int maxBufPos, uint32_t invokeId, ByteBuffer* response)"
mmsServer_handleReadRequest,declaration,LIB61850_INTERNAL void,,"MmsServerConnection connection, uint8_t* buffer, int bufPos, int maxBufPos, uint32_t invokeId, ByteBuffer* response",mms/inc_private/mms_server_internal.h,240,"LIB61850_INTERNAL void mmsServer_handleReadRequest( MmsServerConnection connection, uint8_t* buffer, int bufPos, int maxBufPos, uint32_t invokeId, ByteBuffer* response)"
mmsServer_handleStatusRequest,declaration,LIB61850_INTERNAL void,,"MmsServerConnection connection, uint8_t* requestBuffer, int bufPos, uint32_t invokeId, ByteBuffer* response",mms/inc_private/mms_server_internal.h,300,"LIB61850_INTERNAL void mmsServer_handleStatusRequest( MmsServerConnection connection, uint8_t* requestBuffer, int bufPos, uint32_t invokeId, ByteBuffer* response)"
mmsServer_handleWriteRequest,declaration,LIB61850_INTERNAL void,,"MmsServerConnection connection, uint8_t* buffer, int bufPos, int maxBufPos, uint32_t invokeId, ByteBuffer* response",mms/inc_private/mms_server_internal.h,287,"LIB61850_INTERNAL void mmsServer_handleWriteRequest( MmsServerConnection connection, uint8_t* buffer, int bufPos, int maxBufPos, uint32_t invokeId, ByteBuffer* response)"
mmsServer_handleWriteRequest,definition,void,,"MmsServerConnection connection, uint8_t* buffer, int bufPos, int maxBufPos, uint32_t invokeId, ByteBuffer* response",mms/iso_mms/server/mms_write_service.c,563,"void mmsServer_handleWriteRequest( MmsServerConnection connection, uint8_t* buffer, int bufPos, int maxBufPos, uint32_t invokeId, ByteBuffer* response)"
mmsServer_handleWriteRequest2,definition,void,,"MmsServerConnection connection, uint8_t* buffer, int bufPos, int maxBufPos, uint32_t invokeId, ByteBuffer* response",mms/iso_mms/server/mms_write_service.c,237,"void mmsServer_handleWriteRequest2( MmsServerConnection connection, uint8_t* buffer, int bufPos, int maxBufPos, uint32_t invokeId, ByteBuffer* response)"
mmsServer_isAccessToArrayComponent,declaration,LIB61850_INTERNAL bool,,AlternateAccess_t* alternateAccess,mms/inc_private/mms_server_internal.h,374,LIB61850_INTERNAL bool mmsServer_isAccessToArrayComponent(AlternateAccess_t* alternateAccess)
mmsServer_isAccessToArrayComponent,definition,bool,,AlternateAccess_t* alternateAccess,mms/iso_mms/server/mms_server_common.c,250,bool mmsServer_isAccessToArrayComponent(AlternateAccess_t* alternateAccess)
mmsServer_isComponentAccess,declaration,LIB61850_INTERNAL bool,,AlternateAccess_t* alternateAccess,mms/inc_private/mms_server_internal.h,371,LIB61850_INTERNAL bool mmsServer_isComponentAccess(AlternateAccess_t* alternateAccess)
mmsServer_isComponentAccess,definition,bool,,AlternateAccess_t* alternateAccess,mms/iso_mms/server/mms_server_common.c,235,bool mmsServer_isComponentAccess(AlternateAccess_t* alternateAccess)
mmsServer_isIndexAccess,declaration,LIB61850_INTERNAL bool,,AlternateAccess_t* alternateAccess,mms/inc_private/mms_server_internal.h,368,LIB61850_INTERNAL bool mmsServer_isIndexAccess(AlternateAccess_t* alternateAccess)
mmsServer_isIndexAccess,definition,bool,,AlternateAccess_t* alternateAccess,mms/iso_mms/server/mms_server_common.c,218,bool mmsServer_isIndexAccess(AlternateAccess_t* alternateAccess)
mmsServer_setValue,declaration,LIB61850_INTERNAL MmsDataAccessError,,"MmsServer self, MmsDomain* domain, char* itemId, MmsValue* value, MmsServerConnection connection",mms/inc_private/mms_server_internal.h,393,"LIB61850_INTERNAL MmsDataAccessError mmsServer_setValue(MmsServer self, MmsDomain* domain, char* itemId, MmsValue* value, MmsServerConnection connection)"
mmsServer_setValue,declaration,MmsDataAccessError valueIndication =,,"connection->server, variableDomain, variableName, newValue, connection",mms/iso_mms/server/mms_write_service.c,369,"MmsDataAccessError valueIndication = mmsServer_setValue(connection->server, variableDomain, variableName, newValue, connection)"
mmsServer_setValue,declaration,accessResults[i] =,,"connection->server, domain, nameIdStr, value, connection",mms/iso_mms/server/mms_write_service.c,836,"accessResults[i] = mmsServer_setValue(connection->server, domain, nameIdStr, value, connection)"
mmsServer_setValue,definition,MmsDataAccessError,,"MmsServer self, MmsDomain* domain, char* itemId, MmsValue* value, MmsServerConnection connection",mms/iso_mms/server/mms_server.c,522,"MmsDataAccessError mmsServer_setValue(MmsServer self, MmsDomain* domain, char* itemId, MmsValue* value, MmsServerConnection connection)"
mmsServer_setValueEx,declaration,LIB61850_INTERNAL MmsDataAccessError,,"MmsServer self, MmsDomain* domain, char* itemId, MmsValue* value, MmsServerConnection connection, int arrayIdx, const char* componentId",mms/inc_private/mms_server_internal.h,397,"LIB61850_INTERNAL MmsDataAccessError mmsServer_setValueEx(MmsServer self, MmsDomain* domain, char* itemId, MmsValue* value, MmsServerConnection connection, int arrayIdx, const char* componentId)"
mmsServer_setValueEx,declaration,accessResults[i] =,,"connection->server, domain, nameIdStr, value, connection, index, componentId",mms/iso_mms/server/mms_write_service.c,770,"accessResults[i] = mmsServer_setValueEx(connection->server, domain, nameIdStr, value, connection, index, componentId)"
mmsServer_setValueEx,declaration,accessResults[i] =,,"connection->server, domain, nameIdStr, value, connection, index, NULL",mms/iso_mms/server/mms_write_service.c,777,"accessResults[i] = mmsServer_setValueEx(connection->server, domain, nameIdStr, value, connection, index, NULL)"
mmsServer_setValueEx,definition,MmsDataAccessError,,"MmsServer self, MmsDomain* domain, char* itemId, MmsValue* value, MmsServerConnection connection, int arrayIdx, const char* componentId",mms/iso_mms/server/mms_server.c,554,"MmsDataAccessError mmsServer_setValueEx(MmsServer self, MmsDomain* domain, char* itemId, MmsValue* value, MmsServerConnection connection, int arrayIdx, const char* componentId)"
mmsServer_writeConcludeResponsePdu,declaration,LIB61850_INTERNAL void,,ByteBuffer* response,mms/inc_private/mms_server_internal.h,257,LIB61850_INTERNAL void mmsServer_writeConcludeResponsePdu(ByteBuffer* response)
mmsServer_writeConcludeResponsePdu,definition,void,,ByteBuffer* response,mms/iso_mms/server/mms_association_service.c,396,void mmsServer_writeConcludeResponsePdu(ByteBuffer* response)
mmsServer_write_out,declaration,LIB61850_INTERNAL int,,"const void *buffer, size_t size, void *app_key",mms/inc_private/mms_server_internal.h,221,"LIB61850_INTERNAL int mmsServer_write_out(const void *buffer, size_t size, void *app_key)"
openDirectory,declaration,DirectoryHandle directory =,,"basepath, directoryName",mms/iso_mms/server/mms_file_service.c,935,"DirectoryHandle directory = openDirectory(basepath, directoryName)"
openDirectory,definition,DirectoryHandle,static,"const char* basepath, char* directoryName",mms/iso_mms/server/mms_file_service.c,129,"static DirectoryHandle openDirectory(const char* basepath, char* directoryName)"
openFile,declaration,FileHandle fileHandle =,,"MmsServerConnection_getFilesystemBasepath(connection), filename, false",mms/iso_mms/server/mms_file_service.c,357,"FileHandle fileHandle = openFile(MmsServerConnection_getFilesystemBasepath(connection), filename, false)"
openFile,declaration,FileHandle fileHandle =,,"MmsServerConnection_getFilesystemBasepath(connection), destinationFilename, true",mms/iso_mms/server/mms_file_service.c,739,"FileHandle fileHandle = openFile(MmsServerConnection_getFilesystemBasepath(connection), destinationFilename, true)"
openFile,definition,FileHandle,static,"const char* basepath, char* fileName, bool readWrite",mms/iso_mms/server/mms_file_service.c,115,"static FileHandle openFile(const char* basepath, char* fileName, bool readWrite)"
parseAarePdu,declaration,case 0x61: indication =,,"self, buffer, bufPos, messageSize",mms/iso_acse/acse.c,484,"case 0x61: indication = parseAarePdu(self, buffer, bufPos, messageSize)"
parseAarePdu,definition,AcseIndication,static,"AcseConnection* self, uint8_t* buffer, int bufPos, int maxBufPos",mms/iso_acse/acse.c,160,"static AcseIndication parseAarePdu(AcseConnection* self, uint8_t* buffer, int bufPos, int maxBufPos)"
parseAarqPdu,declaration,case 0x60: indication =,,"self, buffer, bufPos, messageSize",mms/iso_acse/acse.c,481,"case 0x60: indication = parseAarqPdu(self, buffer, bufPos, messageSize)"
parseAarqPdu,definition,AcseIndication,static,"AcseConnection* self, uint8_t* buffer, int bufPos, int maxBufPos",mms/iso_acse/acse.c,258,"static AcseIndication parseAarqPdu(AcseConnection* self, uint8_t* buffer, int bufPos, int maxBufPos)"
parseAcceptParameters,declaration,connectAcceptLen =,,"session, message, offset, parameterLength",mms/iso_session/iso_session.c,128,"connectAcceptLen = parseAcceptParameters(session, message, offset, parameterLength)"
parseConnectConfirmTpdu,definition,bool,static,"CotpConnection* self, uint8_t* buffer, uint8_t len",mms/iso_cotp/cotp.c,613,"static bool parseConnectConfirmTpdu(CotpConnection* self, uint8_t* buffer, uint8_t len)"
parseConnectRequestTpdu,definition,bool,static,"CotpConnection* self, uint8_t* buffer, uint8_t len",mms/iso_cotp/cotp.c,598,"static bool parseConnectRequestTpdu(CotpConnection* self, uint8_t* buffer, uint8_t len)"
parseCotpMessage,declaration,CotpIndication indication =,,self,mms/iso_cotp/cotp.c,720,CotpIndication indication = parseCotpMessage(self)
parseCotpMessage,definition,CotpIndication,static,CotpConnection* self,mms/iso_cotp/cotp.c,665,static CotpIndication parseCotpMessage(CotpConnection* self)
parseData,declaration,case 0xa2:,,"buffer, bufPos, length, journalEntry",mms/iso_mms/client/mms_client_journals.c,245,"case 0xa2: parseData(buffer, bufPos, length, journalEntry)"
parseData,definition,bool,static,"uint8_t* buffer, int bufPos, int maxLength, MmsJournalEntry journalEntry",mms/iso_mms/client/mms_client_journals.c,142,"static bool parseData(uint8_t* buffer, int bufPos, int maxLength, MmsJournalEntry journalEntry)"
parseDataTpdu,definition,bool,static,"CotpConnection* self, uint8_t* buffer, uint8_t len",mms/iso_cotp/cotp.c,625,"static bool parseDataTpdu(CotpConnection* self, uint8_t* buffer, uint8_t len)"
parseDirectoryEntry,declaration,case 0x30:,,"buffer, bufPos, bufPos + length, invokeId, handler, parameter",mms/iso_mms/client/mms_client_files.c,586,"case 0x30: parseDirectoryEntry(buffer, bufPos, bufPos + length, invokeId, handler, parameter)"
parseDirectoryEntry,definition,bool,static,"uint8_t* buffer, int bufPos, int maxBufPos, uint32_t invokeId, MmsConnection_FileDirectoryHandler handler, void* parameter",mms/iso_mms/client/mms_client_files.c,489,"static bool parseDirectoryEntry(uint8_t* buffer, int bufPos, int maxBufPos, uint32_t invokeId, MmsConnection_FileDirectoryHandler handler, void* parameter)"
parseEntryContent,definition,bool,static,"uint8_t* buffer, int bufPos, int maxLength, MmsJournalEntry journalEntry",mms/iso_mms/client/mms_client_journals.c,202,"static bool parseEntryContent(uint8_t* buffer, int bufPos, int maxLength, MmsJournalEntry journalEntry)"
parseFileAttributes,definition,bool,static,"uint8_t* buffer, int bufPos, int maxBufPos, uint32_t* fileSize, uint64_t* lastModified",mms/iso_mms/client/mms_client_files.c,444,"static bool parseFileAttributes(uint8_t* buffer, int bufPos, int maxBufPos, uint32_t* fileSize, uint64_t* lastModified)"
parseFullyEncodedData,declaration,bufPos =,,"self, buffer, len, bufPos",mms/iso_presentation/iso_presentation.c,490,"bufPos = parseFullyEncodedData(self, buffer, len, bufPos)"
parseFullyEncodedData,definition,int,static,"IsoPresentation* self, uint8_t* buffer, int len, int bufPos",mms/iso_presentation/iso_presentation.c,168,"static int parseFullyEncodedData(IsoPresentation* self, uint8_t* buffer, int len, int bufPos)"
parseInitRequestDetail,definition,bool,static,"MmsServerConnection self, uint8_t* buffer, int bufPos, int maxBufPos",mms/iso_mms/server/mms_association_service.c,234,"static bool parseInitRequestDetail(MmsServerConnection self, uint8_t* buffer, int bufPos, int maxBufPos)"
parseInitResponseDetail,definition,bool,static,"MmsConnection self, uint8_t* buffer, int bufPos, int maxBufPos",mms/iso_mms/client/mms_client_initiate.c,100,"static bool parseInitResponseDetail(MmsConnection self, uint8_t* buffer, int bufPos, int maxBufPos)"
parseInitiateRequestPdu,definition,bool,static,"MmsServerConnection self, uint8_t* buffer, int bufPos, int maxBufPos",mms/iso_mms/server/mms_association_service.c,298,"static bool parseInitiateRequestPdu(MmsServerConnection self, uint8_t* buffer, int bufPos, int maxBufPos)"
parseJournalEntry,definition,bool,static,"uint8_t* buffer, int bufPos, int maxLength, LinkedList journalEntries",mms/iso_mms/client/mms_client_journals.c,266,"static bool parseJournalEntry(uint8_t* buffer, int bufPos, int maxLength, LinkedList journalEntries)"
parseJournalVariables,declaration,(unknown),,"buffer, bufPos, length, journalEntry",mms/iso_mms/client/mms_client_journals.c,184,"parseJournalVariables(buffer, bufPos, length, journalEntry)"
parseJournalVariables,definition,bool,static,"uint8_t* buffer, int bufPos, int maxLength, MmsJournalEntry journalEntry",mms/iso_mms/client/mms_client_journals.c,73,"static bool parseJournalVariables(uint8_t* buffer, int bufPos, int maxLength, MmsJournalEntry journalEntry)"
parseListOfDirectoryEntries,declaration,case 0xa0:,,"buffer, bufPos, bufPos + length, invokeId, handler, parameter",mms/iso_mms/client/mms_client_files.c,640,"case 0xa0: parseListOfDirectoryEntries(buffer, bufPos, bufPos + length, invokeId, handler, parameter)"
parseListOfDirectoryEntries,definition,bool,static,"uint8_t* buffer, int bufPos, int maxBufPos, uint32_t invokeId, MmsConnection_FileDirectoryHandler handler, void* parameter",mms/iso_mms/client/mms_client_files.c,561,"static bool parseListOfDirectoryEntries(uint8_t* buffer, int bufPos, int maxBufPos, uint32_t invokeId, MmsConnection_FileDirectoryHandler handler, void* parameter)"
parseListOfJournalEntries,definition,bool,static,"uint8_t* buffer, int bufPos, int maxLength, LinkedList journalEntries",mms/iso_mms/client/mms_client_journals.c,348,"static bool parseListOfJournalEntries(uint8_t* buffer, int bufPos, int maxLength, LinkedList journalEntries)"
parseNamedVariableAttributes,declaration,attributes =,,"&(mmsPdu->choice.confirmedResponsePdu.confirmedServiceResponse.choice.getNamedVariableListAttributes), deletable",mms/iso_mms/client/mms_client_named_variable_list.c,291,"attributes = parseNamedVariableAttributes( &(mmsPdu->choice.confirmedResponsePdu.confirmedServiceResponse.choice.getNamedVariableListAttributes), deletable)"
parseNamedVariableAttributes,definition,LinkedList,static,"GetNamedVariableListAttributesResponse_t* response, bool* deletable",mms/iso_mms/client/mms_client_named_variable_list.c,187,"static LinkedList parseNamedVariableAttributes(GetNamedVariableListAttributesResponse_t* response, bool* deletable)"
parseNormalModeParameters,declaration,case 0xa2: bufPos =,,"self, buffer, len, bufPos",mms/iso_presentation/iso_presentation.c,568,"case 0xa2: bufPos = parseNormalModeParameters(self, buffer, len, bufPos)"
parseNormalModeParameters,declaration,case 0xa2: bufPos =,,"self, buffer, len, bufPos",mms/iso_presentation/iso_presentation.c,834,"case 0xa2: bufPos = parseNormalModeParameters(self, buffer, len, bufPos)"
parseNormalModeParameters,definition,int,static,"IsoPresentation* self, uint8_t* buffer, int totalLength, int bufPos",mms/iso_presentation/iso_presentation.c,391,"static int parseNormalModeParameters(IsoPresentation* self, uint8_t* buffer, int totalLength, int bufPos)"
parseOptions,declaration,return,,"self, buffer + 5, len - 6",mms/iso_cotp/cotp.c,610,"return parseOptions(self, buffer + 5, len - 6)"
parseOptions,declaration,return,,"self, buffer + 5, len - 6",mms/iso_cotp/cotp.c,622,"return parseOptions(self, buffer + 5, len - 6)"
parseOptions,definition,bool,static,"CotpConnection* self, uint8_t* buffer, int bufLen",mms/iso_cotp/cotp.c,430,"static bool parseOptions(CotpConnection* self, uint8_t* buffer, int bufLen)"
parsePCDLEntry,declaration,bufPos =,,"self, buffer, len, bufPos",mms/iso_presentation/iso_presentation.c,375,"bufPos = parsePCDLEntry(self, buffer, len, bufPos)"
parsePCDLEntry,definition,int,static,"IsoPresentation* self, uint8_t* buffer, int totalLength, int bufPos",mms/iso_presentation/iso_presentation.c,258,"static int parsePCDLEntry(IsoPresentation* self, uint8_t* buffer, int totalLength, int bufPos)"
parsePresentationContextDefinitionList,declaration,bufPos =,,"self, buffer, len, bufPos",mms/iso_presentation/iso_presentation.c,475,"bufPos = parsePresentationContextDefinitionList(self, buffer, len, bufPos)"
parsePresentationContextDefinitionList,definition,int,static,"IsoPresentation* self, uint8_t* buffer, int totalLength, int bufPos",mms/iso_presentation/iso_presentation.c,355,"static int parsePresentationContextDefinitionList(IsoPresentation* self, uint8_t* buffer, int totalLength, int bufPos)"
parseServiceError,declaration,case 0xa2: bufPos =,,"buffer, bufPos, length, serviceError",mms/iso_mms/client/mms_client_connection.c,613,"case 0xa2: bufPos = parseServiceError(buffer, bufPos, length, serviceError)"
parseServiceError,definition,int,static,"uint8_t* buffer, int bufPos, int maxLength, MmsServiceError* error",mms/iso_mms/client/mms_client_connection.c,523,"static int parseServiceError(uint8_t* buffer, int bufPos, int maxLength, MmsServiceError* error)"
parseSessionHeaderParameters,definition,IsoSessionIndication,static,"IsoSession* session, ByteBuffer* message, int parametersOctets",mms/iso_session/iso_session.c,101,"static IsoSessionIndication parseSessionHeaderParameters(IsoSession* session, ByteBuffer* message, int parametersOctets)"
parseStringWithMaxLength,definition,bool,static,"char* filename, int maxLength, uint8_t* buffer, int* bufPos, int maxBufPos , uint32_t invokeId, ByteBuffer* response",mms/iso_mms/server/mms_journal_service.c,168,"static bool parseStringWithMaxLength(char* filename, int maxLength, uint8_t* buffer, int* bufPos, int maxBufPos , uint32_t invokeId, ByteBuffer* response)"
parseUserInformation,declaration,bufPos =,,"self, buffer, bufPos, bufPos + len, &userInfoValid",mms/iso_acse/acse.c,231,"bufPos = parseUserInformation(self, buffer, bufPos, bufPos + len, &userInfoValid)"
parseUserInformation,declaration,bufPos =,,"self, buffer, bufPos, bufPos + len, &userInfoValid",mms/iso_acse/acse.c,383,"bufPos = parseUserInformation(self, buffer, bufPos, bufPos + len, &userInfoValid)"
parseUserInformation,definition,int,static,"AcseConnection* self, uint8_t* buffer, int bufPos, int maxBufPos, bool* userInfoValid",mms/iso_acse/acse.c,94,"static int parseUserInformation(AcseConnection* self, uint8_t* buffer, int bufPos, int maxBufPos, bool* userInfoValid)"
printf,declaration,default:,,"""ERROR: unknown type in type specification\n""",mms/iso_mms/client/mms_client_get_var_access.c,102,"default: printf(""ERROR: unknown type in type specification\n"")"
printf,declaration,(unknown),,""" decodeObjectName - bufPos: %i endPos: %i tag: %02x\n"", bufPos, bufPos + dataLength, tag",mms/iso_mms/server/mms_write_service.c,115,"printf("" decodeObjectName - bufPos: %i endPos: %i tag: %02x\n"", bufPos, bufPos + dataLength, tag)"
printf,declaration,(unknown),,""" varSpec - bufPos: %i endPos: %i tag: %02x\n"", bufPos - 1, bufPos + length, tag",mms/iso_mms/server/mms_write_service.c,193,"printf("" varSpec - bufPos: %i endPos: %i tag: %02x\n"", bufPos - 1, bufPos + length, tag)"
printf,declaration,(unknown),,"""dataLength = %i - bufPos: %i\n"", dataLength, bufPos",mms/iso_mms/server/mms_write_service.c,202,"printf(""dataLength = %i - bufPos: %i\n"", dataLength, bufPos)"
printf,declaration,(unknown),,""" varSpec - bufPos: %i endPos: %i tag: %02x\n"", bufPos - 1, bufPos + length, tag",mms/iso_mms/server/mms_write_service.c,209,"printf("" varSpec - bufPos: %i endPos: %i tag: %02x\n"", bufPos - 1, bufPos + length, tag)"
printf,declaration,(unknown),,"""dataLength = %i - bufPos: %i\n"", dataLength, bufPos",mms/iso_mms/server/mms_write_service.c,219,"printf(""dataLength = %i - bufPos: %i\n"", dataLength, bufPos)"
printf,declaration,(unknown),,"""VAR ACCESS SPEC\n""",mms/iso_mms/server/mms_write_service.c,266,"printf(""VAR ACCESS SPEC\n"")"
printf,declaration,(unknown),,"""Failed to decode MMS var access spec\n""",mms/iso_mms/server/mms_write_service.c,276,"printf(""Failed to decode MMS var access spec\n"")"
printf,declaration,(unknown),,"""LIST OF DATA\n""",mms/iso_mms/server/mms_write_service.c,283,"printf(""LIST OF DATA\n"")"
printf,declaration,(unknown),,"""lod - dataBufPos: %i endPos: %i\n"", dataBufPos, bufPos + length",mms/iso_mms/server/mms_write_service.c,289,"printf(""lod - dataBufPos: %i endPos: %i\n"", dataBufPos, bufPos + length)"
printf,declaration,(unknown),,""" Decoded MMS data value:\n""",mms/iso_mms/server/mms_write_service.c,294,"printf("" Decoded MMS data value:\n"")"
printf,declaration,(unknown),,""" %s\n"", printBuf",mms/iso_mms/server/mms_write_service.c,299,"printf("" %s\n"", printBuf)"
printf,declaration,(unknown),,""" Failed to decode MMS data value\n""",mms/iso_mms/server/mms_write_service.c,303,"printf("" Failed to decode MMS data value\n"")"
printf,declaration,(unknown),,"""PRES: unknown transfer-syntax-name\n""",mms/iso_presentation/iso_presentation.c,725,"printf(""PRES: unknown transfer-syntax-name\n"")"
printf,declaration,else,,"""ISO_SERVER: IsoConnection_sendMessage success!\n""",mms/iso_server/iso_connection.c,671,"else printf(""ISO_SERVER: IsoConnection_sendMessage success!\n"")"
printf,declaration,(unknown),,"""ISO_SERVER (%p): Connection (%p) removed\n"", self, con",mms/iso_server/iso_server.c,285,"printf(""ISO_SERVER (%p): Connection (%p) removed\n"", self, con)"
private_IsoServer_decreaseConnectionCounter,declaration,LIB61850_INTERNAL void,,IsoServer self,mms/inc_private/iso_server_private.h,40,LIB61850_INTERNAL void private_IsoServer_decreaseConnectionCounter(IsoServer self)
private_IsoServer_decreaseConnectionCounter,declaration,(unknown),,isoServer,mms/iso_server/iso_connection.c,122,private_IsoServer_decreaseConnectionCounter(isoServer)
private_IsoServer_decreaseConnectionCounter,definition,void,,IsoServer self,mms/iso_server/iso_server.c,873,void private_IsoServer_decreaseConnectionCounter(IsoServer self)
private_IsoServer_getConnectionCounter,declaration,LIB61850_INTERNAL int,,IsoServer self,mms/inc_private/iso_server_private.h,43,LIB61850_INTERNAL int private_IsoServer_getConnectionCounter(IsoServer self)
private_IsoServer_getConnectionCounter,declaration,return,,self,mms/iso_server/iso_server.c,753,return private_IsoServer_getConnectionCounter(self)
private_IsoServer_getConnectionCounter,definition,int,,IsoServer self,mms/iso_server/iso_server.c,890,int private_IsoServer_getConnectionCounter(IsoServer self)
private_IsoServer_increaseConnectionCounter,declaration,LIB61850_INTERNAL void,,IsoServer self,mms/inc_private/iso_server_private.h,37,LIB61850_INTERNAL void private_IsoServer_increaseConnectionCounter(IsoServer self)
readFromSocket,declaration,readBytes =,,"self, buffer + bufPos, 4 - bufPos",mms/iso_cotp/cotp.c,798,"readBytes = readFromSocket(self, buffer + bufPos, 4 - bufPos)"
readFromSocket,declaration,readBytes =,,"self, buffer + bufPos, self->packetSize - bufPos",mms/iso_cotp/cotp.c,838,"readBytes = readFromSocket(self, buffer + bufPos, self->packetSize - bufPos)"
readFromSocket,definition,int,static,"CotpConnection* self, uint8_t* buf, int size",mms/iso_cotp/cotp.c,733,"static int readFromSocket(CotpConnection* self, uint8_t* buf, int size)"
readJournalHandler,definition,void,static,"uint32_t invokeId, void* parameter, MmsError mmsError, LinkedList entries, bool moreFollows",mms/iso_mms/client/mms_client_connection.c,3602,"static void readJournalHandler(uint32_t invokeId, void* parameter, MmsError mmsError, LinkedList entries, bool moreFollows)"
readNVLDirectoryHandler,definition,void,static,"uint32_t invokeId, void* parameter, MmsError mmsError, LinkedList specs, bool deletable",mms/iso_mms/client/mms_client_connection.c,2845,"static void readNVLDirectoryHandler(uint32_t invokeId, void* parameter, MmsError mmsError, LinkedList specs, bool deletable)"
readVariableHandler,definition,void,static,"uint32_t invokeId, void* parameter, MmsError mmsError, MmsValue* value",mms/iso_mms/client/mms_client_connection.c,2339,"static void readVariableHandler(uint32_t invokeId, void* parameter, MmsError mmsError, MmsValue* value)"
releaseSocket,declaration,(unknown),,self,mms/iso_client/iso_client_connection.c,611,releaseSocket(self)
releaseSocket,declaration,(unknown),,self,mms/iso_client/iso_client_connection.c,623,releaseSocket(self)
releaseSocket,declaration,(unknown),,self,mms/iso_client/iso_client_connection.c,782,releaseSocket(self)
releaseSocket,definition,void,static,IsoClientConnection self,mms/iso_client/iso_client_connection.c,280,static void releaseSocket(IsoClientConnection self)
removeClientConnection,declaration,(unknown),,"self, isoConnection",mms/iso_server/iso_server.c,228,"removeClientConnection(self, isoConnection)"
removeClientConnection,declaration,(unknown),,"self, isoConnection",mms/iso_server/iso_server.c,260,"removeClientConnection(self, isoConnection)"
removeClientConnection,definition,bool,static,"IsoServer self, IsoConnection connection",mms/iso_server/iso_server.c,157,"static bool removeClientConnection(IsoServer self, IsoConnection connection)"
removeFromOutstandingCalls,definition,void,static,"MmsConnection self, uint32_t invokeId",mms/iso_mms/client/mms_client_connection.c,291,"static void removeFromOutstandingCalls(MmsConnection self, uint32_t invokeId)"
removeTerminatedConnections,declaration,(unknown),,"self, false",mms/iso_server/iso_server.c,562,"removeTerminatedConnections(self, false)"
removeTerminatedConnections,definition,void,static,"IsoServer self, bool isSingleThread",mms/iso_server/iso_server.c,199,"static void removeTerminatedConnections(IsoServer self, bool isSingleThread)"
renameFile,definition,bool,static,"const char* basepath, char* oldFilename, char* newFilename",mms/iso_mms/server/mms_file_service.c,143,"static bool renameFile(const char* basepath, char* oldFilename, char* newFilename)"
searchCacheForValue,definition,MmsValue*,static,"MmsValueCache self, const char* itemId, char* parentId, MmsVariableSpecification** outSpec",mms/iso_mms/server/mms_value_cache.c,75,"static MmsValue* searchCacheForValue(MmsValueCache self, const char* itemId, char* parentId, MmsVariableSpecification** outSpec)"
searchCacheForValueEx,declaration,value =,,"self, itemId, parentItemId, idx, componentId, outSpec",mms/iso_mms/server/mms_value_cache.c,150,"value = searchCacheForValueEx(self, itemId, parentItemId, idx, componentId, outSpec)"
searchCacheForValueEx,definition,MmsValue*,static,"MmsValueCache self, const char* itemId, char* parentId, int idx, char* componentId, MmsVariableSpecification** outSpec",mms/iso_mms/server/mms_value_cache.c,135,"static MmsValue* searchCacheForValueEx(MmsValueCache self, const char* itemId, char* parentId, int idx, char* componentId, MmsVariableSpecification** outSpec)"
sendAbortMessage,declaration,(unknown),,self,mms/iso_client/iso_client_connection.c,866,sendAbortMessage(self)
sendAbortMessage,definition,void,static,IsoClientConnection self,mms/iso_client/iso_client_connection.c,828,static void sendAbortMessage(IsoClientConnection self)
sendAcseInitiateRequest,declaration,(unknown),,self,mms/iso_client/iso_client_connection.c,399,sendAcseInitiateRequest(self)
sendAcseInitiateRequest,definition,void,static,IsoClientConnection self,mms/iso_client/iso_client_connection.c,234,static void sendAcseInitiateRequest(IsoClientConnection self)
sendAsyncRequest,declaration,MmsError err =,,"self, invokeId, payload, MMS_CALL_TYPE_GET_NAME_LIST, handler, parameter, intParam",mms/iso_mms/client/mms_client_connection.c,2139,"MmsError err = sendAsyncRequest(self, invokeId, payload, MMS_CALL_TYPE_GET_NAME_LIST, handler, parameter, intParam)"
sendAsyncRequest,declaration,MmsError err =,,"self, invokeId, payload, MMS_CALL_TYPE_READ_VARIABLE, handler, parameter, intParam",mms/iso_mms/client/mms_client_connection.c,2377,"MmsError err = sendAsyncRequest(self, invokeId, payload, MMS_CALL_TYPE_READ_VARIABLE, handler, parameter, intParam)"
sendAsyncRequest,declaration,MmsError err =,,"self, invokeId, payload, MMS_CALL_TYPE_READ_VARIABLE, handler, parameter, intParam",mms/iso_mms/client/mms_client_connection.c,2444,"MmsError err = sendAsyncRequest(self, invokeId, payload, MMS_CALL_TYPE_READ_VARIABLE, handler, parameter, intParam)"
sendAsyncRequest,declaration,MmsError err =,,"self, invokeId, payload, MMS_CALL_TYPE_READ_VARIABLE, handler, parameter, intParam",mms/iso_mms/client/mms_client_connection.c,2546,"MmsError err = sendAsyncRequest(self, invokeId, payload, MMS_CALL_TYPE_READ_VARIABLE, handler, parameter, intParam)"
sendAsyncRequest,declaration,MmsError err =,,"self, invokeId, payload, MMS_CALL_TYPE_READ_VARIABLE, handler, parameter, intParam",mms/iso_mms/client/mms_client_connection.c,2616,"MmsError err = sendAsyncRequest(self, invokeId, payload, MMS_CALL_TYPE_READ_VARIABLE, handler, parameter, intParam)"
sendAsyncRequest,declaration,MmsError err =,,"self, invokeId, payload, MMS_CALL_TYPE_READ_MULTIPLE_VARIABLES, handler, parameter, intParam",mms/iso_mms/client/mms_client_connection.c,2683,"MmsError err = sendAsyncRequest(self, invokeId, payload, MMS_CALL_TYPE_READ_MULTIPLE_VARIABLES, handler, parameter, intParam)"
sendAsyncRequest,declaration,MmsError err =,,"self, invokeId, payload, MMS_CALL_TYPE_READ_MULTIPLE_VARIABLES, handler, parameter, intParam",mms/iso_mms/client/mms_client_connection.c,2758,"MmsError err = sendAsyncRequest(self, invokeId, payload, MMS_CALL_TYPE_READ_MULTIPLE_VARIABLES, handler, parameter, intParam)"
sendAsyncRequest,declaration,MmsError err =,,"self, invokeId, payload, MMS_CALL_TYPE_READ_MULTIPLE_VARIABLES, handler, parameter, intParam",mms/iso_mms/client/mms_client_connection.c,2828,"MmsError err = sendAsyncRequest(self, invokeId, payload, MMS_CALL_TYPE_READ_MULTIPLE_VARIABLES, handler, parameter, intParam)"
sendAsyncRequest,declaration,MmsError err =,,"self, invokeId, payload, MMS_CALL_TYPE_READ_NVL_DIRECTORY, handler, parameter, intParam",mms/iso_mms/client/mms_client_connection.c,2922,"MmsError err = sendAsyncRequest(self, invokeId, payload, MMS_CALL_TYPE_READ_NVL_DIRECTORY, handler, parameter, intParam)"
sendAsyncRequest,declaration,MmsError err =,,"self, invokeId, payload, MMS_CALL_TYPE_READ_NVL_DIRECTORY, handler, parameter, intParam",mms/iso_mms/client/mms_client_connection.c,2993,"MmsError err = sendAsyncRequest(self, invokeId, payload, MMS_CALL_TYPE_READ_NVL_DIRECTORY, handler, parameter, intParam)"
sendAsyncRequest,declaration,MmsError err =,,"self, invokeId, payload, MMS_CALL_TYPE_DEFINE_NVL, handler, parameter, intParam",mms/iso_mms/client/mms_client_connection.c,3076,"MmsError err = sendAsyncRequest(self, invokeId, payload, MMS_CALL_TYPE_DEFINE_NVL, handler, parameter, intParam)"
sendAsyncRequest,declaration,MmsError err =,,"self, invokeId, payload, MMS_CALL_TYPE_DEFINE_NVL, handler, parameter, intParam",mms/iso_mms/client/mms_client_connection.c,3137,"MmsError err = sendAsyncRequest(self, invokeId, payload, MMS_CALL_TYPE_DEFINE_NVL, handler, parameter, intParam)"
sendAsyncRequest,declaration,MmsError err =,,"self, invokeId, payload, MMS_CALL_TYPE_DELETE_NVL, handler, parameter, intParam",mms/iso_mms/client/mms_client_connection.c,3200,"MmsError err = sendAsyncRequest(self, invokeId, payload, MMS_CALL_TYPE_DELETE_NVL, handler, parameter, intParam)"
sendAsyncRequest,declaration,MmsError err =,,"self, invokeId, payload, MMS_CALL_TYPE_DELETE_NVL, handler, parameter, intParam",mms/iso_mms/client/mms_client_connection.c,3264,"MmsError err = sendAsyncRequest(self, invokeId, payload, MMS_CALL_TYPE_DELETE_NVL, handler, parameter, intParam)"
sendAsyncRequest,declaration,MmsError err =,,"self, invokeId, payload, MMS_CALL_TYPE_GET_VAR_ACCESS_ATTR, handler, parameter, intParam",mms/iso_mms/client/mms_client_connection.c,3349,"MmsError err = sendAsyncRequest(self, invokeId, payload, MMS_CALL_TYPE_GET_VAR_ACCESS_ATTR, handler, parameter, intParam)"
sendAsyncRequest,declaration,MmsError err =,,"self, invokeId, payload, MMS_CALL_TYPE_IDENTIFY, handler, parameter, intParam",mms/iso_mms/client/mms_client_connection.c,3439,"MmsError err = sendAsyncRequest(self, invokeId, payload, MMS_CALL_TYPE_IDENTIFY, handler, parameter, intParam)"
sendAsyncRequest,declaration,MmsError err =,,"self, invokeId, payload, MMS_CALL_TYPE_GET_SERVER_STATUS, handler, parameter, intParam",mms/iso_mms/client/mms_client_connection.c,3530,"MmsError err = sendAsyncRequest(self, invokeId, payload, MMS_CALL_TYPE_GET_SERVER_STATUS, handler, parameter, intParam)"
sendAsyncRequest,declaration,MmsError err =,,"self, invokeId, payload, MMS_CALL_TYPE_READ_JOURNAL, handler, parameter, intParam",mms/iso_mms/client/mms_client_connection.c,3684,"MmsError err = sendAsyncRequest(self, invokeId, payload, MMS_CALL_TYPE_READ_JOURNAL, handler, parameter, intParam)"
sendAsyncRequest,declaration,MmsError err =,,"self, invokeId, payload, MMS_CALL_TYPE_READ_JOURNAL, handler, parameter, intParam",mms/iso_mms/client/mms_client_connection.c,3759,"MmsError err = sendAsyncRequest(self, invokeId, payload, MMS_CALL_TYPE_READ_JOURNAL, handler, parameter, intParam)"
sendAsyncRequest,declaration,MmsError err =,,"self, invokeId, payload, MMS_CALL_TYPE_FILE_OPEN, handler, parameter, intParam",mms/iso_mms/client/mms_client_connection.c,3867,"MmsError err = sendAsyncRequest(self, invokeId, payload, MMS_CALL_TYPE_FILE_OPEN, handler, parameter, intParam)"
sendAsyncRequest,declaration,MmsError err =,,"self, invokeId, payload, MMS_CALL_TYPE_FILE_CLOSE, handler, parameter, intParam",mms/iso_mms/client/mms_client_connection.c,3965,"MmsError err = sendAsyncRequest(self, invokeId, payload, MMS_CALL_TYPE_FILE_CLOSE, handler, parameter, intParam)"
sendAsyncRequest,declaration,MmsError err =,,"self, invokeId, payload, MMS_CALL_TYPE_FILE_DELETE, handler, parameter, intParam",mms/iso_mms/client/mms_client_connection.c,4043,"MmsError err = sendAsyncRequest(self, invokeId, payload, MMS_CALL_TYPE_FILE_DELETE, handler, parameter, intParam)"
sendAsyncRequest,declaration,MmsError err =,,"self, invokeId, payload, MMS_CALL_TYPE_FILE_READ, handler, parameter, intParam",mms/iso_mms/client/mms_client_connection.c,4153,"MmsError err = sendAsyncRequest(self, invokeId, payload, MMS_CALL_TYPE_FILE_READ, handler, parameter, intParam)"
sendAsyncRequest,declaration,MmsError err =,,"self, invokeId, payload, MMS_CALL_TYPE_GET_FILE_DIR, handler, parameter, intParam",mms/iso_mms/client/mms_client_connection.c,4267,"MmsError err = sendAsyncRequest(self, invokeId, payload, MMS_CALL_TYPE_GET_FILE_DIR, handler, parameter, intParam)"
sendAsyncRequest,declaration,MmsError err =,,"self, invokeId, payload, MMS_CALL_TYPE_FILE_RENAME, handler, parameter, intParam",mms/iso_mms/client/mms_client_connection.c,4344,"MmsError err = sendAsyncRequest(self, invokeId, payload, MMS_CALL_TYPE_FILE_RENAME, handler, parameter, intParam)"
sendAsyncRequest,declaration,MmsError err =,,"self, invokeId, payload, MMS_CALL_TYPE_OBTAIN_FILE, handler, parameter, intParam",mms/iso_mms/client/mms_client_connection.c,4433,"MmsError err = sendAsyncRequest(self, invokeId, payload, MMS_CALL_TYPE_OBTAIN_FILE, handler, parameter, intParam)"
sendAsyncRequest,declaration,MmsError err =,,"self, invokeId, payload, MMS_CALL_TYPE_WRITE_VARIABLE, handler, parameter, intParam",mms/iso_mms/client/mms_client_connection.c,4519,"MmsError err = sendAsyncRequest(self, invokeId, payload, MMS_CALL_TYPE_WRITE_VARIABLE, handler, parameter, intParam)"
sendAsyncRequest,declaration,MmsError err =,,"self, invokeId, payload, MMS_CALL_TYPE_WRITE_VARIABLE, handler, parameter, intParam",mms/iso_mms/client/mms_client_connection.c,4586,"MmsError err = sendAsyncRequest(self, invokeId, payload, MMS_CALL_TYPE_WRITE_VARIABLE, handler, parameter, intParam)"
sendAsyncRequest,declaration,MmsError err =,,"self, invokeId, payload, MMS_CALL_TYPE_WRITE_VARIABLE, handler, parameter, intParam",mms/iso_mms/client/mms_client_connection.c,4651,"MmsError err = sendAsyncRequest(self, invokeId, payload, MMS_CALL_TYPE_WRITE_VARIABLE, handler, parameter, intParam)"
sendAsyncRequest,declaration,MmsError err =,,"self, invokeId, payload, MMS_CALL_TYPE_WRITE_MULTIPLE_VARIABLES, handler, parameter, intParam",mms/iso_mms/client/mms_client_connection.c,4745,"MmsError err = sendAsyncRequest(self, invokeId, payload, MMS_CALL_TYPE_WRITE_MULTIPLE_VARIABLES, handler, parameter, intParam)"
sendAsyncRequest,declaration,MmsError err =,,"self, invokeId, payload, MMS_CALL_TYPE_WRITE_VARIABLE, handler, parameter, intParam",mms/iso_mms/client/mms_client_connection.c,4817,"MmsError err = sendAsyncRequest(self, invokeId, payload, MMS_CALL_TYPE_WRITE_VARIABLE, handler, parameter, intParam)"
sendAsyncRequest,declaration,MmsError err =,,"self, invokeId, payload, MMS_CALL_TYPE_WRITE_MULTIPLE_VARIABLES, handler, parameter, intParam",mms/iso_mms/client/mms_client_connection.c,4890,"MmsError err = sendAsyncRequest(self, invokeId, payload, MMS_CALL_TYPE_WRITE_MULTIPLE_VARIABLES, handler, parameter, intParam)"
sendAsyncRequest,definition,MmsError,static,"MmsConnection self, uint32_t invokeId, ByteBuffer* message, eMmsOutstandingCallType type, void* userCallback, void* userParameter, MmsClientInternalParameter internalParameter",mms/iso_mms/client/mms_client_connection.c,359,"static MmsError sendAsyncRequest(MmsConnection self, uint32_t invokeId, ByteBuffer* message, eMmsOutstandingCallType type, void* userCallback, void* userParameter, MmsClientInternalParameter internalParameter)"
sendBuffer,definition,bool,static,CotpConnection* self,mms/iso_cotp/cotp.c,188,static bool sendBuffer(CotpConnection* self)
sendConnectionRequestMessage,definition,bool,static,IsoClientConnection self,mms/iso_client/iso_client_connection.c,169,static bool sendConnectionRequestMessage(IsoClientConnection self)
sendMessage,declaration,(unknown),,"self, message",mms/iso_mms/client/mms_client_connection.c,371,"sendMessage(self, message)"
sendMessage,declaration,(unknown),,"self, payload",mms/iso_mms/client/mms_client_connection.c,4913,"sendMessage(self, payload)"
sendMessage,definition,void,static,"MmsConnection self, ByteBuffer* message",mms/iso_mms/client/mms_client_connection.c,345,"static void sendMessage(MmsConnection self, ByteBuffer* message)"
setConnectionState,declaration,(unknown),,"self, MMS_CONNECTION_STATE_CLOSED",mms/iso_mms/client/mms_client_connection.c,1109,"setConnectionState(self, MMS_CONNECTION_STATE_CLOSED)"
setConnectionState,declaration,(unknown),,"self, MMS_CONNECTION_STATE_CLOSING",mms/iso_mms/client/mms_client_connection.c,1147,"setConnectionState(self, MMS_CONNECTION_STATE_CLOSING)"
setConnectionState,declaration,(unknown),,"self, MMS_CONNECTION_STATE_CONNECTED",mms/iso_mms/client/mms_client_connection.c,1182,"setConnectionState(self, MMS_CONNECTION_STATE_CONNECTED)"
setConnectionState,declaration,(unknown),,"self, MMS_CONNECTION_STATE_CLOSING",mms/iso_mms/client/mms_client_connection.c,1186,"setConnectionState(self, MMS_CONNECTION_STATE_CLOSING)"
setConnectionState,declaration,(unknown),,"self, MMS_CONNECTION_STATE_CLOSING",mms/iso_mms/client/mms_client_connection.c,1193,"setConnectionState(self, MMS_CONNECTION_STATE_CLOSING)"
setConnectionState,declaration,(unknown),,"self, MMS_CONNECTION_STATE_CLOSING",mms/iso_mms/client/mms_client_connection.c,1207,"setConnectionState(self, MMS_CONNECTION_STATE_CLOSING)"
setConnectionState,declaration,(unknown),,"self, MMS_CONNECTION_STATE_CONNECTING",mms/iso_mms/client/mms_client_connection.c,1943,"setConnectionState(self, MMS_CONNECTION_STATE_CONNECTING)"
setIntState,declaration,(unknown),,"self, nextState",mms/iso_client/iso_client_connection.c,640,"setIntState(self, nextState)"
setIntState,declaration,(unknown),,"self, INT_STATE_TCP_CONNECTING",mms/iso_client/iso_client_connection.c,666,"setIntState(self, INT_STATE_TCP_CONNECTING)"
setIntState,declaration,(unknown),,"self, INT_STATE_ERROR",mms/iso_client/iso_client_connection.c,690,"setIntState(self, INT_STATE_ERROR)"
setIntState,declaration,(unknown),,"self, INT_STATE_CLOSING_CONNECTION",mms/iso_client/iso_client_connection.c,755,"setIntState(self, INT_STATE_CLOSING_CONNECTION)"
setIntState,definition,void,static,"IsoClientConnection self, eIsoClientInternalState newState",mms/iso_client/iso_client_connection.c,107,"static void setIntState(IsoClientConnection self, eIsoClientInternalState newState)"
setIntegerValue,declaration,return,,"self, valueBuffer, sizeof(value)",mms/asn1/ber_integer.c,74,"return setIntegerValue(self, valueBuffer, sizeof(value))"
setIntegerValue,declaration,return,,"self, valueBuffer, sizeof(value)",mms/asn1/ber_integer.c,121,"return setIntegerValue(self, valueBuffer, sizeof(value))"
setIntegerValue,declaration,return,,"self, valueBuffer, sizeof(value)",mms/asn1/ber_integer.c,174,"return setIntegerValue(self, valueBuffer, sizeof(value))"
setState,declaration,(unknown),,"self, STATE_CONNECTED",mms/iso_client/iso_client_connection.c,503,"setState(self, STATE_CONNECTED)"
setState,declaration,(unknown),,"self, STATE_ERROR",mms/iso_client/iso_client_connection.c,608,"setState(self, STATE_ERROR)"
setState,declaration,(unknown),,"self, STATE_IDLE",mms/iso_client/iso_client_connection.c,620,"setState(self, STATE_IDLE)"
setState,declaration,(unknown),,"self, STATE_CONNECTING",mms/iso_client/iso_client_connection.c,664,"setState(self, STATE_CONNECTING)"
setState,declaration,(unknown),,"self, STATE_ERROR",mms/iso_client/iso_client_connection.c,692,"setState(self, STATE_ERROR)"
setState,declaration,(unknown),,"self, STATE_IDLE",mms/iso_client/iso_client_connection.c,760,"setState(self, STATE_IDLE)"
setState,declaration,(unknown),,"self, ISO_SVR_STATE_ERROR",mms/iso_server/iso_server.c,442,"setState(self, ISO_SVR_STATE_ERROR)"
setState,declaration,(unknown),,"self, ISO_SVR_STATE_RUNNING",mms/iso_server/iso_server.c,468,"setState(self, ISO_SVR_STATE_RUNNING)"
setState,declaration,(unknown),,"self, ISO_SVR_STATE_RUNNING",mms/iso_server/iso_server.c,716,"setState(self, ISO_SVR_STATE_RUNNING)"
setState,declaration,(unknown),,"self, ISO_SVR_STATE_STOPPED",mms/iso_server/iso_server.c,759,"setState(self, ISO_SVR_STATE_STOPPED)"
setState,declaration,(unknown),,"self, ISO_SVR_STATE_STOPPED",mms/iso_server/iso_server.c,787,"setState(self, ISO_SVR_STATE_STOPPED)"
setState,definition,void,static,"IsoClientConnection self, int newState",mms/iso_client/iso_client_connection.c,87,"static void setState(IsoClientConnection self, int newState)"
setState,definition,void,static,"IsoServer self, IsoServerState newState",mms/iso_server/iso_server.c,72,"static void setState(IsoServer self, IsoServerState newState)"
setUtcTimeMs,declaration,(unknown),,"self, timeval, 0x0a",mms/iso_mms/common/mms_value.c,773,"setUtcTimeMs(self, timeval, 0x0a)"
setUtcTimeMs,declaration,(unknown),,"self, timeval, timeQuality",mms/iso_mms/common/mms_value.c,781,"setUtcTimeMs(self, timeval, timeQuality)"
setUtcTimeMs,definition,void,static,"MmsValue* self, uint64_t timeval, uint8_t timeQuality",mms/iso_mms/common/mms_value.c,743,"static void setUtcTimeMs(MmsValue* self, uint64_t timeval, uint8_t timeQuality)"
setVisibleStringValue,declaration,(unknown),,"self, string",mms/iso_mms/common/mms_value.c,1710,"setVisibleStringValue(self, string)"
setVisibleStringValue,declaration,(unknown),,"self, string",mms/iso_mms/common/mms_value.c,1869,"setVisibleStringValue(self, string)"
setVisibleStringValue,declaration,(unknown),,"self, string",mms/iso_mms/common/mms_value.c,1913,"setVisibleStringValue(self, string)"
setVisibleStringValue,definition,void,static,"MmsValue* self, const char* value",mms/iso_mms/common/mms_value.c,1654,"static void setVisibleStringValue(MmsValue* self, const char* value)"
setupIsoServer,definition,bool,static,IsoServer self,mms/iso_server/iso_server.c,433,static bool setupIsoServer(IsoServer self)
snprintf,declaration,(unknown),,"buffer, bufferSize, ""%s"", tempBuf",mms/iso_mms/common/mms_value.c,2216,"snprintf(buffer, bufferSize, ""%s"", tempBuf)"
snprintf,declaration,case MMS_DATA_ACCESS_ERROR:,,"buffer, bufferSize, ""error %i"", self->value.dataAccessError",mms/iso_mms/common/mms_value.c,2256,"case MMS_DATA_ACCESS_ERROR: snprintf(buffer, bufferSize, ""error %i"", self->value.dataAccessError)"
snprintf,declaration,case MMS_FLOAT:,,"buffer, bufferSize, ""%f"", MmsValue_toFloat(self)",mms/iso_mms/common/mms_value.c,2260,"case MMS_FLOAT: snprintf(buffer, bufferSize, ""%f"", MmsValue_toFloat(self))"
snprintf,declaration,case MMS_INTEGER:,,"buffer, bufferSize, ""%lld"", (long long) MmsValue_toInt64(self)",mms/iso_mms/common/mms_value.c,2269,"case MMS_INTEGER: snprintf(buffer, bufferSize, ""%lld"", (long long) MmsValue_toInt64(self))"
snprintf,declaration,(unknown),,"buffer + bufPos, bufferSize - bufPos, ""%02x"", self->value.octetString.buf[i]",mms/iso_mms/common/mms_value.c,2281,"snprintf(buffer + bufPos, bufferSize - bufPos, ""%02x"", self->value.octetString.buf[i])"
snprintf,declaration,case MMS_UNSIGNED:,,"buffer, bufferSize, ""%u"", MmsValue_toUint32(self)",mms/iso_mms/common/mms_value.c,2289,"case MMS_UNSIGNED: snprintf(buffer, bufferSize, ""%u"", MmsValue_toUint32(self))"
snprintf,declaration,(unknown),,"buffer, bufferSize, ""%s"", tempBuf",mms/iso_mms/common/mms_value.c,2298,"snprintf(buffer, bufferSize, ""%s"", tempBuf)"
sortIndex,declaration,(unknown),,"index, variable->typeSpec.structure.elementCount, variables",mms/iso_mms/server/mms_get_namelist_service.c,131,"sortIndex(index, variable->typeSpec.structure.elementCount, variables)"
sortIndex,declaration,(unknown),,"index, domain->namedVariablesCount, domain->namedVariables",mms/iso_mms/server/mms_get_namelist_service.c,253,"sortIndex(index, domain->namedVariablesCount, domain->namedVariables)"
stopListening,declaration,(unknown),,self,mms/iso_server/iso_server.c,770,stopListening(self)
stopListening,definition,void,static,IsoServer self,mms/iso_server/iso_server.c,755,static void stopListening(IsoServer self)
strchr,declaration,char* separator =,const,"oidString, '.'",mms/asn1/ber_encoder.c,423,"const char* separator = strchr(oidString, '.')"
strchr,declaration,separator =,,"oidString, ','",mms/asn1/ber_encoder.c,429,"separator = strchr(oidString, ',')"
strchr,declaration,separator =,,"oidString, ' '",mms/asn1/ber_encoder.c,435,"separator = strchr(oidString, ' ')"
strchr,declaration,separator =,,"separator + 1, sepChar",mms/asn1/ber_encoder.c,454,"separator = strchr(separator + 1, sepChar)"
strchr,declaration,char* separator =,const,"componentName, '$'",mms/iso_mms/client/mms_client_common.c,128,"const char* separator = strchr(componentName, '$')"
strchr,declaration,char* separator =,const,"componentName, '$'",mms/iso_mms/client/mms_client_read.c,577,"const char* separator = strchr(componentName, '$')"
strchr,declaration,char* separator =,const,"nameId, '$'",mms/iso_mms/common/mms_type_spec.c,187,"const char* separator = strchr(nameId, '$')"
strchr,declaration,char* separator =,,"variableName, '$'",mms/iso_mms/server/mms_device.c,63,"char* separator = strchr(variableName, '$')"
strchr,declaration,char* separator =,,"nameId, '$'",mms/iso_mms/server/mms_domain.c,126,"char* separator = strchr(nameId, '$')"
strdup,declaration,self->localIpAddress =,,localIpAddress,mms/iso_common/iso_connection_parameters.c,158,self->localIpAddress = strdup(localIpAddress)
strlen,declaration,int length =,,string,mms/asn1/ber_encoder.c,402,int length = strlen(string)
strlen,declaration,self->value.password.passwordLength =,,password,mms/iso_common/iso_connection_parameters.c,33,self->value.password.passwordLength = strlen(password)
strlen,declaration,int size =,,componentName,mms/iso_mms/client/mms_client_common.c,145,int size = strlen(componentName)
strlen,declaration,uint32_t fileNameStringSize =,,fileName,mms/iso_mms/client/mms_client_files.c,235,uint32_t fileNameStringSize = strlen(fileName)
strlen,declaration,uint32_t fileNameStringSize =,,fileName,mms/iso_mms/client/mms_client_files.c,269,uint32_t fileNameStringSize = strlen(fileName)
strlen,declaration,uint32_t fileNameStringSize =,,fileSpecification,mms/iso_mms/client/mms_client_files.c,328,uint32_t fileNameStringSize = strlen(fileSpecification)
strlen,declaration,request->continueAfter->size =,,continueAfter,mms/iso_mms/client/mms_client_get_namelist.c,28,request->continueAfter->size = strlen(continueAfter)
strlen,declaration,request->continueAfter->size =,,continueAfter,mms/iso_mms/client/mms_client_get_namelist.c,66,request->continueAfter->size = strlen(continueAfter)
strlen,declaration,request->continueAfter->size =,,continueAfter,mms/iso_mms/client/mms_client_get_namelist.c,197,request->continueAfter->size = strlen(continueAfter)
strlen,declaration,request->objectScope.choice.domainSpecific.size =,,domainName,mms/iso_mms/client/mms_client_get_namelist.c,206,request->objectScope.choice.domainSpecific.size = strlen(domainName)
strlen,declaration,request->choice.name.choice.domainspecific.domainId.size =,,domainId,mms/iso_mms/client/mms_client_get_var_access.c,167,request->choice.name.choice.domainspecific.domainId.size = strlen(domainId)
strlen,declaration,request->choice.name.choice.domainspecific.itemId.size =,,itemId,mms/iso_mms/client/mms_client_get_var_access.c,169,request->choice.name.choice.domainspecific.itemId.size = strlen(itemId)
strlen,declaration,request->choice.name.choice.vmdspecific.size =,,itemId,mms/iso_mms/client/mms_client_get_var_access.c,174,request->choice.name.choice.vmdspecific.size = strlen(itemId)
strlen,declaration,uint32_t domainIdStringSize =,,domainId,mms/iso_mms/client/mms_client_journals.c,496,uint32_t domainIdStringSize = strlen(domainId)
strlen,declaration,uint32_t itemIdStringSize =,,itemId,mms/iso_mms/client/mms_client_journals.c,499,uint32_t itemIdStringSize = strlen(itemId)
strlen,declaration,uint32_t domainIdStringSize =,,domainId,mms/iso_mms/client/mms_client_journals.c,562,uint32_t domainIdStringSize = strlen(domainId)
strlen,declaration,uint32_t itemIdStringSize =,,itemId,mms/iso_mms/client/mms_client_journals.c,565,uint32_t itemIdStringSize = strlen(itemId)
strlen,declaration,varSpec->variableSpecification.choice.name.choice.domainspecific.domainId.size =,,domainId,mms/iso_mms/client/mms_client_write.c,190,varSpec->variableSpecification.choice.name.choice.domainspecific.domainId.size = strlen(domainId)
strlen,declaration,varSpec->variableSpecification.choice.name.choice.domainspecific.itemId.size =,,itemId,mms/iso_mms/client/mms_client_write.c,192,varSpec->variableSpecification.choice.name.choice.domainspecific.itemId.size = strlen(itemId)
strlen,declaration,request->variableAccessSpecification.choice.variableListName.choice.aaspecific.size =,,itemId,mms/iso_mms/client/mms_client_write.c,374,request->variableAccessSpecification.choice.variableListName.choice.aaspecific.size = strlen(itemId)
strlen,declaration,request->variableAccessSpecification.choice.variableListName.choice.domainspecific.domainId.size =,,domainId,mms/iso_mms/client/mms_client_write.c,380,request->variableAccessSpecification.choice.variableListName.choice.domainspecific.domainId.size = strlen(domainId)
strlen,declaration,request->variableAccessSpecification.choice.variableListName.choice.domainspecific.itemId.size =,,itemId,mms/iso_mms/client/mms_client_write.c,382,request->variableAccessSpecification.choice.variableListName.choice.domainspecific.itemId.size = strlen(itemId)
strlen,declaration,request->variableAccessSpecification.choice.variableListName.choice.vmdspecific.size =,,itemId,mms/iso_mms/client/mms_client_write.c,387,request->variableAccessSpecification.choice.variableListName.choice.vmdspecific.size = strlen(itemId)
strlen,declaration,dataElement->choice.visiblestring.size =,,value->value.visibleString.buf,mms/iso_mms/common/mms_common_msg.c,122,dataElement->choice.visiblestring.size = strlen(value->value.visibleString.buf)
strlen,declaration,dataElement->choice.mMSString.size =,,value->value.visibleString.buf,mms/iso_mms/common/mms_common_msg.c,141,dataElement->choice.mMSString.size = strlen(value->value.visibleString.buf)
strlen,declaration,size_t childIdLen =,,childId,mms/iso_mms/common/mms_type_spec.c,39,size_t childIdLen = strlen(childId)
strlen,declaration,int newStringSize =,,value,mms/iso_mms/common/mms_value.c,1662,int newStringSize = strlen(value)
strlen,declaration,int stringSize =,,string,mms/iso_mms/common/mms_value.c,1700,int stringSize = strlen(string)
strlen,declaration,uint32_t gtStringSize =,,gtString,mms/iso_mms/server/mms_file_service.c,84,uint32_t gtStringSize = strlen(gtString)
strlen,declaration,uint32_t fileNameStringSize =,,fileSpecification,mms/iso_mms/server/mms_file_service.c,916,uint32_t fileNameStringSize = strlen(fileSpecification)
strlen,declaration,int directoryNameLength =,,directoryName,mms/iso_mms/server/mms_file_service.c,934,int directoryNameLength = strlen(directoryName)
strlen,declaration,int nameLen =,,name,mms/iso_mms/server/mms_get_namelist_service.c,87,int nameLen = strlen(name)
strlen,declaration,int childLen =,,child,mms/iso_mms/server/mms_get_namelist_service.c,88,int childLen = strlen(child)
strlen,declaration,typeSpec->choice.structure.components.list.array[i]->componentName->size =,,namedVariable->typeSpec.structure.elements[i]->name,mms/iso_mms/server/mms_get_var_access_service.c,51,typeSpec->choice.structure.components.list.array[i]->componentName->size = strlen(namedVariable->typeSpec.structure.elements[i]->name)
strlen,declaration,uint32_t vendorNameLength =,,MmsServer_getVendorName(mmsServer),mms/iso_mms/server/mms_identify_service.c,19,uint32_t vendorNameLength = strlen(MmsServer_getVendorName(mmsServer))
strlen,declaration,uint32_t modelNameLength =,,MmsServer_getModelName(mmsServer),mms/iso_mms/server/mms_identify_service.c,21,uint32_t modelNameLength = strlen(MmsServer_getModelName(mmsServer))
strlen,declaration,uint32_t revisionLength =,,MmsServer_getRevision(mmsServer),mms/iso_mms/server/mms_identify_service.c,22,uint32_t revisionLength = strlen(MmsServer_getRevision(mmsServer))
strlen,declaration,uint32_t itemIdSize =,,itemId,mms/iso_mms/server/mms_information_report.c,13,uint32_t itemIdSize = strlen(itemId)
strlen,declaration,uint32_t dataRefStrLen =,,dataRef,mms/iso_mms/server/mms_journal_service.c,68,uint32_t dataRefStrLen = strlen(dataRef)
strlen,declaration,varListResponse->listOfVariable.list.array[i]->variableSpecification.choice.name.choice. domainspecific.domainId.size =,,variableDomainName,mms/iso_mms/server/mms_named_variable_list_service.c,725,varListResponse->listOfVariable.list.array[i]->variableSpecification.choice.name.choice. domainspecific.domainId.size = strlen(variableDomainName)
strlen,declaration,varListResponse->listOfVariable.list.array[i]->variableSpecification.choice.name.choice. domainspecific.itemId.size =,,variableEntry->variableName,mms/iso_mms/server/mms_named_variable_list_service.c,731,varListResponse->listOfVariable.list.array[i]->variableSpecification.choice.name.choice. domainspecific.itemId.size = strlen(variableEntry->variableName)
strlen,declaration,uint32_t itemIdLen =,,accessSpec->itemId,mms/iso_mms/server/mms_read_service.c,353,uint32_t itemIdLen = strlen(accessSpec->itemId)
strlen,declaration,uint32_t domainIdLen =,,accessSpec->domainId,mms/iso_mms/server/mms_read_service.c,360,uint32_t domainIdLen = strlen(accessSpec->domainId)
strlen,declaration,int len =,,itemId,mms/iso_mms/server/mms_value_cache.c,54,int len = strlen(itemId)
strlen,declaration,return itemId +,,parentId,mms/iso_mms/server/mms_value_cache.c,73,return itemId + strlen(parentId) + 1
strncat,declaration,(unknown),,"variableName, (const char*)component.buf, (size_t)component.size",mms/iso_mms/server/mms_read_service.c,146,"strncat(variableName, (const char*)component.buf, (size_t)component.size)"
strncat,declaration,(unknown),,"variableName, (const char*)component.buf, (size_t)component.size",mms/iso_mms/server/mms_write_service.c,537,"strncat(variableName, (const char*)component.buf, (size_t)component.size)"
strnlen,declaration,bufPos +=,,"currentStr, bufferSize - bufPos",mms/iso_mms/common/mms_value.c,2191,"bufPos += strnlen(currentStr, bufferSize - bufPos)"
unlockClientConnections,definition,void,static inline,IsoServer self,mms/iso_server/iso_server.c,107,static inline void unlockClientConnections(IsoServer self)
updateStructuredComponent,definition,bool,static,"MmsValue* self, const MmsValue* update",mms/iso_mms/common/mms_value.c,29,"static bool updateStructuredComponent(MmsValue* self, const MmsValue* update)"
void,declaration,(unknown),,*clientConnected)(IsoConnection connection,mms/inc_private/iso_server.h,34,void (*clientConnected)(IsoConnection connection)
writeDataTpduHeader,declaration,(unknown),,"self, lastUnit",mms/iso_cotp/cotp.c,307,"writeDataTpduHeader(self, lastUnit)"
writeDataTpduHeader,definition,void,static,"CotpConnection* self, int isLastUnit",mms/iso_cotp/cotp.c,123,"static void writeDataTpduHeader(CotpConnection* self, int isLastUnit)"
writeMultipleVariablesHandler,definition,void,static,"uint32_t invokeId, void* parameter, MmsError mmsError, LinkedList accessResults",mms/iso_mms/client/mms_client_connection.c,4667,"static void writeMultipleVariablesHandler(uint32_t invokeId, void* parameter, MmsError mmsError, LinkedList accessResults)"
writeOptions,declaration,(unknown),,self,mms/iso_cotp/cotp.c,402,writeOptions(self)
writeOptions,declaration,(unknown),,self,mms/iso_cotp/cotp.c,422,writeOptions(self)
writeOptions,definition,void,static,CotpConnection* self,mms/iso_cotp/cotp.c,36,static void writeOptions(CotpConnection* self)
writeRfc1006Header,declaration,(unknown),,"self, 7 + (currentLimit - currentBufPos)",mms/iso_cotp/cotp.c,305,"writeRfc1006Header(self, 7 + (currentLimit - currentBufPos))"
writeRfc1006Header,declaration,(unknown),,"self, conRequestSize",mms/iso_cotp/cotp.c,381,"writeRfc1006Header(self, conRequestSize)"
writeRfc1006Header,declaration,(unknown),,"self, messageLength",mms/iso_cotp/cotp.c,418,"writeRfc1006Header(self, messageLength)"
writeRfc1006Header,definition,void,static,"CotpConnection* self, int len",mms/iso_cotp/cotp.c,110,"static void writeRfc1006Header(CotpConnection* self, int len)"
writeStaticConnectResponseHeader,declaration,(unknown),,"self, optionsLength",mms/iso_cotp/cotp.c,420,"writeStaticConnectResponseHeader(self, optionsLength)"
writeStaticConnectResponseHeader,definition,void,static,"CotpConnection* self, int optionsLength",mms/iso_cotp/cotp.c,93,"static void writeStaticConnectResponseHeader(CotpConnection* self, int optionsLength)"
writeToSocket,declaration,int sentBytes =,,"self, self->socketExtensionBuffer, self->socketExtensionBufferFill",mms/iso_cotp/cotp.c,158,"int sentBytes = writeToSocket(self, self->socketExtensionBuffer, self->socketExtensionBufferFill)"
writeToSocket,declaration,sentBytes =,,"self, buffer, remainingSize",mms/iso_cotp/cotp.c,206,"sentBytes = writeToSocket(self, buffer, remainingSize)"
writeToSocket,definition,int,static,"CotpConnection* self, uint8_t* buf, int size",mms/iso_cotp/cotp.c,139,"static int writeToSocket(CotpConnection* self, uint8_t* buf, int size)"
writeVariableHandler,definition,void,static,"uint32_t invokeId, void* parameter, MmsError mmsError, MmsDataAccessError accessError",mms/iso_mms/client/mms_client_connection.c,4449,"static void writeVariableHandler(uint32_t invokeId, void* parameter, MmsError mmsError, MmsDataAccessError accessError)"
